time,datetime_kst,open,high,low,close,volume
1473168600,2016-09-06 00:00:00,48.1959,48.8666,48.1132,48.8252,4708600
1473255000,2016-09-07 00:00:00,48.8252,48.9660,48.7424,48.8666,2897400
1473341400,2016-09-08 00:00:00,48.6596,48.6679,48.2622,48.3036,2257400
1473427800,2016-09-09 00:00:00,47.5501,47.5501,46.6559,46.6642,3313400
1473687000,2016-09-12 00:00:00,45.8694,46.9126,45.8362,46.7718,3266400
1473773400,2016-09-13 00:00:00,45.8114,45.8114,45.1904,45.2649,4731500
1473859800,2016-09-14 00:00:00,45.3643,46.0101,45.3643,45.4637,4134200
1473946200,2016-09-15 00:00:00,45.6458,46.0515,45.4140,45.9853,4885900
1474032600,2016-09-16 00:00:00,45.5382,45.7700,45.1656,45.7038,2962800
1474291800,2016-09-19 00:00:00,46.3330,46.4821,46.1343,46.1426,2717000
1474378200,2016-09-20 00:00:00,46.6063,46.6891,46.4572,46.5483,1592700
1474464600,2016-09-21 00:00:00,46.9954,47.9641,46.9374,47.8896,3474500
1474551000,2016-09-22 00:00:00,48.3450,48.5354,48.1049,48.2705,2435600
1474637400,2016-09-23 00:00:00,47.9393,48.0304,47.7157,47.7323,1637300
1474896600,2016-09-26 00:00:00,47.5336,47.5833,47.2107,47.2189,1796200
1474983000,2016-09-27 00:00:00,47.9476,48.2787,47.8482,48.2705,1845700
1475069400,2016-09-28 00:00:00,48.1711,48.5437,47.8813,48.5437,2341700
1475155800,2016-09-29 00:00:00,48.4526,48.5189,47.7240,47.8648,2504700
1475242200,2016-09-30 00:00:00,47.9890,48.2622,47.8068,48.1297,2105700
1475501400,2016-10-03 00:00:00,48.0221,48.1877,47.7737,48.0552,2523000
1475587800,2016-10-04 00:00:00,47.7737,47.8316,47.0699,47.1279,3291100
1475674200,2016-10-05 00:00:00,47.5750,47.7902,47.4922,47.7406,1935200
1475760600,2016-10-06 00:00:00,47.5833,48.0138,47.5005,47.9890,3067800
1475847000,2016-10-07 00:00:00,48.0966,48.0966,47.4673,47.6992,2017600
1476106200,2016-10-10 00:00:00,47.9890,48.3367,47.9890,48.1877,1299500
1476192600,2016-10-11 00:00:00,46.7801,46.7801,46.2585,46.3910,3483800
1476279000,2016-10-12 00:00:00,46.3082,46.6228,46.2419,46.4407,2282200
1476365400,2016-10-13 00:00:00,45.7038,46.1095,45.4719,45.9853,2682000
1476451800,2016-10-14 00:00:00,46.2999,46.4075,45.8362,45.8362,2970200
1476711000,2016-10-17 00:00:00,46.0267,46.1674,45.9936,46.0929,1165400
1476797400,2016-10-18 00:00:00,46.8629,47.0202,46.7967,46.8629,1841700
1476883800,2016-10-19 00:00:00,47.0865,47.3017,46.9871,47.2272,1214900
1476970200,2016-10-20 00:00:00,46.8629,47.0037,46.5980,46.7056,2008200
1477056600,2016-10-21 00:00:00,46.3413,46.6063,46.2585,46.5235,3135900
1477315800,2016-10-24 00:00:00,47.0865,47.0865,46.6890,46.7553,1432900
1477402200,2016-10-25 00:00:00,46.7718,46.8132,46.6063,46.7718,1579600
1477488600,2016-10-26 00:00:00,46.1757,46.2502,45.9770,46.0184,2126700
1477575000,2016-10-27 00:00:00,46.2171,46.2171,45.7038,45.7120,1932500
1477661400,2016-10-28 00:00:00,45.8859,46.0763,45.5630,45.7452,2912300
1477920600,2016-10-31 00:00:00,45.7452,45.9025,45.6541,45.8280,1927100
1478007000,2016-11-01 00:00:00,45.9770,45.9770,45.2649,45.4554,3164300
1478093400,2016-11-02 00:00:00,45.3063,45.3643,44.9669,45.1076,2586400
1478179800,2016-11-03 00:00:00,45.2981,45.4471,45.0994,45.1573,2219800
1478266200,2016-11-04 00:00:00,45.0000,45.3229,44.9752,45.0248,2490800
1478529000,2016-11-07 00:00:00,45.6458,46.2171,45.6458,46.1674,3613900
1478615400,2016-11-08 00:00:00,46.1509,46.8298,46.0681,46.6725,3864200
1478701800,2016-11-09 00:00:00,44.8261,45.1408,44.4618,44.4867,8951500
1478788200,2016-11-10 00:00:00,44.6523,44.7350,43.7166,43.9733,8901400
1478874600,2016-11-11 00:00:00,43.7415,43.9650,43.3275,43.7580,4813700
1479133800,2016-11-14 00:00:00,43.4020,43.5262,43.2447,43.3275,4024400
1479220200,2016-11-15 00:00:00,43.4020,43.8822,43.3523,43.8077,3007100
1479306600,2016-11-16 00:00:00,43.3855,43.5676,43.1950,43.3937,2317900
1479393000,2016-11-17 00:00:00,43.5676,43.6421,43.3523,43.3772,2363300
1479479400,2016-11-18 00:00:00,43.4434,43.4931,43.0046,43.0129,3635900
1479738600,2016-11-21 00:00:00,43.2861,43.3689,43.1288,43.1867,1550300
1479825000,2016-11-22 00:00:00,43.7001,44.2466,43.7001,44.2383,3108400
1479911400,2016-11-23 00:00:00,43.8657,43.8905,43.6007,43.7167,2454100
1480084200,2016-11-25 00:00:00,43.7580,43.9071,43.7580,43.9071,561800
1480343400,2016-11-28 00:00:00,43.9982,44.1224,43.8905,43.9071,1519900
1480429800,2016-11-29 00:00:00,43.9485,44.3128,43.9319,44.2134,2034300
1480516200,2016-11-30 00:00:00,44.3956,44.3956,44.0396,44.0975,2671800
1480602600,2016-12-01 00:00:00,44.2300,44.3293,44.0892,44.2631,2716100
1480689000,2016-12-02 00:00:00,44.0230,44.1969,43.9650,44.1224,1819000
1480948200,2016-12-05 00:00:00,44.1886,44.3625,44.1224,44.3293,2002900
1481034600,2016-12-06 00:00:00,44.6688,44.6688,44.3790,44.5363,2628100
1481121000,2016-12-07 00:00:00,44.9089,45.5796,44.8592,45.4968,4090700
1481207400,2016-12-08 00:00:00,45.6044,45.9687,45.5465,45.8776,2807200
1481293800,2016-12-09 00:00:00,45.6210,45.7286,45.5051,45.5382,1706800
1481553000,2016-12-12 00:00:00,45.5878,45.7286,45.5216,45.5878,2123500
1481639400,2016-12-13 00:00:00,45.7534,46.0267,45.7120,45.9687,1347100
1481725800,2016-12-14 00:00:00,45.6872,45.9190,44.7185,44.7599,3215600
1481812200,2016-12-15 00:00:00,45.0083,45.0331,44.8178,44.8675,3286800
1481898600,2016-12-16 00:00:00,44.9420,44.9586,44.7599,44.9006,1786100
1482157800,2016-12-19 00:00:00,44.9089,45.0745,44.8924,44.9255,1842600
1482244200,2016-12-20 00:00:00,44.8427,44.9752,44.8096,44.9255,1990200
1482330600,2016-12-21 00:00:00,44.8626,44.8962,44.6867,44.7034,1668600
1482417000,2016-12-22 00:00:00,44.2426,44.3096,44.0750,44.2174,2387400
1482503400,2016-12-23 00:00:00,44.2342,44.4939,44.2007,44.4856,1688200
1482849000,2016-12-27 00:00:00,44.4018,44.5275,44.3934,44.4772,1184900
1482935400,2016-12-28 00:00:00,44.4437,44.5107,44.3096,44.4018,1811000
1483021800,2016-12-29 00:00:00,44.5945,44.8794,44.4353,44.8626,2221900
1483108200,2016-12-30 00:00:00,45.0051,45.0051,44.4939,44.5945,1868300
1483453800,2017-01-03 00:00:00,45.2146,45.2816,45.0805,45.2732,3059900
1483540200,2017-01-04 00:00:00,45.4827,45.6754,45.4576,45.5833,2253100
1483626600,2017-01-05 00:00:00,45.8598,46.1447,45.8011,46.0357,2837600
1483713000,2017-01-06 00:00:00,45.7173,45.7173,45.5246,45.5330,1696000
1483972200,2017-01-09 00:00:00,45.2900,45.5497,45.2900,45.4492,1467500
1484058600,2017-01-10 00:00:00,45.6251,45.8346,45.5833,45.6419,1408600
1484145000,2017-01-11 00:00:00,46.4882,46.9575,46.2787,46.9156,3974800
1484231400,2017-01-12 00:00:00,47.1250,47.5524,47.1167,47.5272,3969100
1484317800,2017-01-13 00:00:00,47.1167,47.5272,47.1167,47.5021,1499300
1484663400,2017-01-17 00:00:00,47.7367,47.8289,47.6781,47.8289,2400000
1484749800,2017-01-18 00:00:00,47.4183,47.5189,47.0664,47.1418,2014000
1484836200,2017-01-19 00:00:00,47.1921,47.1921,46.8737,47.0580,2098700
1484922600,2017-01-20 00:00:00,47.0748,47.2256,46.9491,47.0580,2296400
1485181800,2017-01-23 00:00:00,47.2842,47.7619,47.2842,47.7283,1497500
1485268200,2017-01-24 00:00:00,47.7619,47.8457,47.6948,47.7116,1653900
1485354600,2017-01-25 00:00:00,47.8121,48.2981,47.7702,48.2311,2456700
1485441000,2017-01-26 00:00:00,48.2311,48.2898,48.0468,48.0551,2234600
1485527400,2017-01-27 00:00:00,47.9295,48.1222,47.7451,47.9295,1868800
1485786600,2017-01-30 00:00:00,47.7367,47.8624,47.5524,47.8624,1680300
1485873000,2017-01-31 00:00:00,48.3233,48.6166,48.3149,48.4992,2098700
1485959400,2017-02-01 00:00:00,48.5411,48.5998,48.3400,48.5160,2415200
1486045800,2017-02-02 00:00:00,48.9936,49.1277,48.8595,48.9685,2131800
1486132200,2017-02-03 00:00:00,49.2534,49.5131,49.1696,49.3623,1677300
1486391400,2017-02-06 00:00:00,49.2450,49.3204,49.1444,49.2785,1417200
1486477800,2017-02-07 00:00:00,48.7339,48.8260,48.6584,48.7925,1487200
1486564200,2017-02-08 00:00:00,48.5076,48.6836,48.4825,48.6082,1925700
1486650600,2017-02-09 00:00:00,48.6082,48.7590,48.5747,48.6584,2017700
1486737000,2017-02-10 00:00:00,48.4657,48.7171,48.4071,48.7003,2746700
1486996200,2017-02-13 00:00:00,48.5328,48.6920,48.3903,48.6668,1791000
1487082600,2017-02-14 00:00:00,48.7087,48.7506,48.3735,48.7171,2282100
1487169000,2017-02-15 00:00:00,48.7339,49.2953,48.6668,49.2701,1856000
1487255400,2017-02-16 00:00:00,48.9266,48.9601,48.7003,48.7255,2336900
1487341800,2017-02-17 00:00:00,48.3568,48.5914,48.3317,48.5747,1312600
1487687400,2017-02-21 00:00:00,49.2701,49.5215,49.1947,49.4964,1576400
1487773800,2017-02-22 00:00:00,49.3958,49.6304,49.3036,49.6053,1311900
1487860200,2017-02-23 00:00:00,49.8986,50.0829,49.8399,49.8734,2118900
1487946600,2017-02-24 00:00:00,49.3707,49.5131,49.3707,49.4964,1007400
1488205800,2017-02-27 00:00:00,49.2618,49.3372,49.0271,49.1612,1259700
1488292200,2017-02-28 00:00:00,49.4629,49.4796,49.0104,49.0690,2437700
1488378600,2017-03-01 00:00:00,49.0774,49.4461,49.0271,49.3958,2549100
1488465000,2017-03-02 00:00:00,49.1696,49.1947,48.6668,48.7339,2146200
1488551400,2017-03-03 00:00:00,48.3317,48.4154,48.0803,48.3736,2703400
1488810600,2017-03-06 00:00:00,48.2143,48.3903,48.2060,48.3400,1776900
1488897000,2017-03-07 00:00:00,48.5914,48.7506,48.5328,48.6584,2077600
1488983400,2017-03-08 00:00:00,48.7087,48.7758,48.4238,48.4573,1428900
1489069800,2017-03-09 00:00:00,48.3400,48.3400,47.9378,48.1306,1833300
1489156200,2017-03-10 00:00:00,48.6668,48.9685,48.5579,48.9014,1812800
1489411800,2017-03-13 00:00:00,49.3958,49.7142,49.3958,49.6975,3310100
1489498200,2017-03-14 00:00:00,49.8902,49.8902,49.6975,49.7310,1484500
1489584600,2017-03-15 00:00:00,50.0745,51.4487,50.0410,51.3733,5350900
1489671000,2017-03-16 00:00:00,51.3733,51.4571,51.0884,51.2476,3796600
1489757400,2017-03-17 00:00:00,51.3314,51.4571,51.2812,51.3566,2442600
1490016600,2017-03-20 00:00:00,51.9347,52.3118,51.9347,52.1610,2963900
1490103000,2017-03-21 00:00:00,52.4710,52.6051,51.8091,51.8091,3419700
1490189400,2017-03-22 00:00:00,51.8677,52.3118,51.8342,52.2448,2092000
1490275800,2017-03-23 00:00:00,52.1442,52.2783,51.9096,52.0185,2284200
1490362200,2017-03-24 00:00:00,52.0939,52.4124,52.0353,52.3453,1957700
1490621400,2017-03-27 00:00:00,52.1694,52.3537,52.0521,52.3202,1414500
1490707800,2017-03-28 00:00:00,52.0688,52.3537,52.0688,52.2867,3105400
1490794200,2017-03-29 00:00:00,52.3034,52.4040,52.1777,52.3788,2279700
1490880600,2017-03-30 00:00:00,52.0185,52.2113,51.9934,52.0772,1344500
1490967000,2017-03-31 00:00:00,51.9180,52.0521,51.8426,51.8426,1920400
1491226200,2017-04-03 00:00:00,51.8342,52.0437,51.7253,52.0102,1781200
1491312600,2017-04-04 00:00:00,51.3566,51.6247,51.3566,51.5409,1697700
1491399000,2017-04-05 00:00:00,51.3147,51.4571,51.1052,51.1471,2164500
1491485400,2017-04-06 00:00:00,50.9711,51.0214,50.8957,50.9879,1771400
1491571800,2017-04-07 00:00:00,50.7449,50.8203,50.5354,50.5689,2142600
1491831000,2017-04-10 00:00:00,50.1332,50.1332,49.7729,49.8734,3495900
1491917400,2017-04-11 00:00:00,49.6556,49.7142,49.3539,49.5299,3646400
1492003800,2017-04-12 00:00:00,49.7980,50.0662,49.6891,50.0243,3796900
1492090200,2017-04-13 00:00:00,50.3846,50.5270,50.2086,50.2086,2988400
1492435800,2017-04-17 00:00:00,50.3930,50.7114,50.3259,50.7114,1957000
1492522200,2017-04-18 00:00:00,50.0829,50.1081,49.7310,49.9070,2311700
1492608600,2017-04-19 00:00:00,50.0662,50.1164,49.6891,49.7142,2267800
1492695000,2017-04-20 00:00:00,50.3846,50.6862,50.3846,50.6862,2213700
1492781400,2017-04-21 00:00:00,50.9879,51.1220,50.8454,51.0801,2811300
1493040600,2017-04-24 00:00:00,51.6163,51.6917,51.2309,51.4320,2094100
1493127000,2017-04-25 00:00:00,52.1359,52.3537,52.1191,52.2280,2448600
1493213400,2017-04-26 00:00:00,52.1358,52.2951,51.9850,52.1191,1788400
1493299800,2017-04-27 00:00:00,52.1694,52.2280,51.9850,52.0521,3491000
1493386200,2017-04-28 00:00:00,51.9515,52.0772,51.8510,52.0353,2039100
1493645400,2017-05-01 00:00:00,52.0185,52.4459,51.9934,52.3286,2023400
1493731800,2017-05-02 00:00:00,52.8984,53.0659,52.7727,53.0324,1592700
1493818200,2017-05-03 00:00:00,52.7811,52.8229,52.4459,52.6554,1445800
1493904600,2017-05-04 00:00:00,53.0743,53.1078,52.7894,52.7978,3522600
1493991000,2017-05-05 00:00:00,52.7978,53.1497,52.6554,53.1330,2370500
1494250200,2017-05-08 00:00:00,54.6245,54.7837,54.3815,54.4904,4979000
1494336600,2017-05-09 00:00:00,54.6161,55.3200,54.6077,55.0016,6251300
1494423000,2017-05-10 00:00:00,54.0715,54.4234,53.9960,54.4150,3790300
1494509400,2017-05-11 00:00:00,55.1356,55.3954,54.7669,55.2948,3288500
1494595800,2017-05-12 00:00:00,55.1105,55.2446,54.9848,55.2027,2554700
1494855000,2017-05-15 00:00:00,55.6551,55.7892,55.5630,55.7305,1972700
1494941400,2017-05-16 00:00:00,55.6049,55.7976,55.5713,55.7892,1605300
1495027800,2017-05-17 00:00:00,55.3786,55.4205,54.7586,54.8088,4044500
1495114200,2017-05-18 00:00:00,54.5994,55.0183,54.3564,54.8591,2981100
1495200600,2017-05-19 00:00:00,55.4121,55.9819,55.4121,55.9484,2374600
1495459800,2017-05-22 00:00:00,56.0573,56.3422,56.0573,56.1998,2094000
1495546200,2017-05-23 00:00:00,56.0238,56.1244,55.8227,55.9736,2029600
1495632600,2017-05-24 00:00:00,56.1160,56.3506,55.9987,56.3255,1659600
1495719000,2017-05-25 00:00:00,56.7277,56.9539,56.7277,56.9120,3580400
1495805400,2017-05-26 00:00:00,57.1634,57.3896,57.0629,57.3478,2976100
1496151000,2017-05-30 00:00:00,56.4344,56.7444,56.3422,56.5433,2853100
1496237400,2017-05-31 00:00:00,57.1467,57.1718,56.6104,56.7445,1912500
1496323800,2017-06-01 00:00:00,56.6104,56.8701,56.4763,56.7612,2741400
1496410200,2017-06-02 00:00:00,57.4399,57.6327,57.3226,57.5321,3279100
1496669400,2017-06-05 00:00:00,57.4483,57.5070,57.3059,57.3980,2124500
1496755800,2017-06-06 00:00:00,57.1969,57.4902,57.1969,57.3980,1504300
1496842200,2017-06-07 00:00:00,56.9372,57.0126,56.6104,56.8282,2922200
1496928600,2017-06-08 00:00:00,57.1634,57.2556,57.0461,57.2221,1982000
1497015000,2017-06-09 00:00:00,57.4902,57.5991,56.8115,56.9288,5377400
1497274200,2017-06-12 00:00:00,56.3506,56.3925,56.1495,56.3339,4520100
1497360600,2017-06-13 00:00:00,56.7193,57.1299,56.7193,57.0964,2239700
1497447000,2017-06-14 00:00:00,57.6243,57.8254,57.2137,57.4232,3705600
1497533400,2017-06-15 00:00:00,56.4344,56.5350,56.1914,56.4763,3134700
1497619800,2017-06-16 00:00:00,56.3506,56.4428,56.1244,56.3674,2957100
1497879000,2017-06-19 00:00:00,56.7780,56.8366,56.5350,56.7025,2545000
1497965400,2017-06-20 00:00:00,56.4763,56.5182,55.9987,56.0406,1888900
1498051800,2017-06-21 00:00:00,56.0238,56.1747,55.8898,56.0071,2237500
1498138200,2017-06-22 00:00:00,56.3506,56.6439,56.3255,56.5182,1961900
1498224600,2017-06-23 00:00:00,56.6858,57.1131,56.6858,57.0126,2072200
1498483800,2017-06-26 00:00:00,57.4567,57.4818,57.2137,57.2975,1210200
1498570200,2017-06-27 00:00:00,57.1634,57.1718,56.7193,56.7612,1678400
1498656600,2017-06-28 00:00:00,56.7277,57.1215,56.7109,57.1131,1684400
1498743000,2017-06-29 00:00:00,56.8869,56.9455,56.1328,56.4260,2802600
1498829400,2017-06-30 00:00:00,56.9204,56.9874,56.6104,56.8199,1502100
1499088600,2017-07-03 00:00:00,56.7696,56.9791,56.7109,56.8115,836800
1499261400,2017-07-05 00:00:00,56.3422,56.4344,56.0992,56.4009,1929300
1499347800,2017-07-06 00:00:00,55.9819,56.0825,55.7557,55.7641,2756400
1499434200,2017-07-07 00:00:00,56.0322,56.1663,55.8227,56.0992,1999500
1499693400,2017-07-10 00:00:00,56.1579,56.4931,56.1579,56.4679,1148500
1499779800,2017-07-11 00:00:00,56.5769,56.7109,56.4344,56.5685,2263200
1499866200,2017-07-12 00:00:00,57.0461,57.6410,57.0461,57.5656,2062500
1499952600,2017-07-13 00:00:00,57.8338,57.9930,57.7081,57.9092,1362600
1500039000,2017-07-14 00:00:00,58.5795,59.0906,58.4957,59.0152,3434900
1500298200,2017-07-17 00:00:00,58.7303,58.7555,58.5879,58.6717,1385600
1500384600,2017-07-18 00:00:00,58.8393,59.1074,58.7722,59.0404,2635100
1500471000,2017-07-19 00:00:00,59.2917,59.4174,59.1242,59.2498,1540700
1500557400,2017-07-20 00:00:00,59.5012,59.5012,59.2750,59.4510,1678000
1500643800,2017-07-21 00:00:00,59.8029,59.9118,59.6772,59.8783,1722100
1500903000,2017-07-24 00:00:00,60.0543,60.1464,59.9537,60.0375,1014900
1500989400,2017-07-25 00:00:00,59.8364,59.9202,59.6437,59.6437,2531700
1501075800,2017-07-26 00:00:00,59.4928,60.0040,59.4928,59.9705,1587100
1501162200,2017-07-27 00:00:00,59.9118,59.9788,59.2247,59.4845,2585000
1501248600,2017-07-28 00:00:00,58.0935,58.3784,58.0935,58.3533,5463800
1501507800,2017-07-31 00:00:00,58.5544,58.5544,58.2779,58.4035,2022000
1501594200,2017-08-01 00:00:00,58.7890,58.9733,58.7890,58.8644,1649400
1501680600,2017-08-02 00:00:00,58.8225,58.9566,58.5963,58.7555,1844900
1501767000,2017-08-03 00:00:00,57.7081,57.8673,57.3561,57.5489,1962600
1501853400,2017-08-04 00:00:00,57.9092,58.1186,57.7583,57.9678,1429200
1502112600,2017-08-07 00:00:00,57.8840,58.1522,57.8840,58.1522,1183200
1502199000,2017-08-08 00:00:00,58.0600,58.2108,57.5824,57.6578,3174800
1502285400,2017-08-09 00:00:00,56.2249,56.6523,56.1579,56.5350,4273600
1502371800,2017-08-10 00:00:00,55.8898,55.9400,55.1021,55.1440,5281600
1502458200,2017-08-11 00:00:00,55.3032,55.5211,55.1859,55.3200,2776700
1502717400,2017-08-14 00:00:00,56.0573,56.5350,56.0238,56.3925,4247000
1502803800,2017-08-15 00:00:00,56.5769,56.8618,56.4931,56.6607,2069800
1502890200,2017-08-16 00:00:00,56.4763,56.7444,56.4763,56.7109,2757400
1502976600,2017-08-17 00:00:00,56.6188,56.6774,55.9233,55.9484,3630100
1503063000,2017-08-18 00:00:00,56.4679,56.8115,56.2836,56.5182,3219600
1503322200,2017-08-21 00:00:00,56.5517,56.6439,56.4177,56.5098,2247500
1503408600,2017-08-22 00:00:00,56.9958,57.4651,56.9958,57.4064,1814000
1503495000,2017-08-23 00:00:00,57.0712,57.3561,57.0629,57.2891,1875200
1503581400,2017-08-24 00:00:00,57.6913,57.9008,57.5321,57.6913,2634600
1503667800,2017-08-25 00:00:00,57.9092,58.2024,57.8924,58.0684,2214700
1503927000,2017-08-28 00:00:00,57.9594,58.0097,57.8002,57.9008,1095200
1504013400,2017-08-29 00:00:00,57.1634,57.5405,56.9958,57.4232,2013100
1504099800,2017-08-30 00:00:00,57.4818,57.6075,57.4316,57.5070,2432700
1504186200,2017-08-31 00:00:00,57.1467,57.4651,57.1131,57.3729,1630000
1504272600,2017-09-01 00:00:00,57.4316,57.5489,57.2891,57.5321,3288600
1504618200,2017-09-05 00:00:00,56.2333,56.2836,55.6887,55.9149,4686300
1504704600,2017-09-06 00:00:00,56.1160,56.3171,55.9400,56.0992,5450500
1504791000,2017-09-07 00:00:00,56.8366,56.9539,56.7361,56.8282,2145900
1504877400,2017-09-08 00:00:00,56.5936,56.6188,56.2836,56.4344,2435600
1505136600,2017-09-11 00:00:00,57.0042,57.4148,56.9120,57.3645,2038700
1505223000,2017-09-12 00:00:00,57.2388,57.3561,57.1634,57.2388,1676700
1505309400,2017-09-13 00:00:00,57.1215,57.1550,56.8366,56.9204,1302200
1505395800,2017-09-14 00:00:00,57.0461,57.2388,56.9204,57.2388,2709000
1505482200,2017-09-15 00:00:00,57.7164,57.7164,57.4986,57.5908,2272700
1505741400,2017-09-18 00:00:00,58.6382,58.8644,58.5125,58.5208,2177400
1505827800,2017-09-19 00:00:00,58.6884,58.7555,58.5292,58.7136,1477200
1505914200,2017-09-20 00:00:00,58.6717,58.8225,58.0432,58.4035,2574300
1506000600,2017-09-21 00:00:00,58.4706,58.6047,58.3198,58.3952,1923300
1506087000,2017-09-22 00:00:00,58.1186,58.1522,57.9594,58.0935,1484600
1506346200,2017-09-25 00:00:00,58.0684,58.1605,57.4651,57.7164,2807200
1506432600,2017-09-26 00:00:00,57.5572,57.6578,57.3729,57.5656,2023800
1506519000,2017-09-27 00:00:00,57.1886,57.1969,56.8115,57.1048,5131000
1506605400,2017-09-28 00:00:00,56.8199,57.0712,56.8115,57.0293,2342000
1506691800,2017-09-29 00:00:00,57.5740,57.9846,57.4651,57.8673,3404400
1506951000,2017-10-02 00:00:00,57.9343,58.3617,57.9259,58.0013,2452700
1507037400,2017-10-03 00:00:00,58.3868,58.6549,58.2443,58.5544,1781200
1507123800,2017-10-04 00:00:00,58.5376,58.6717,58.3952,58.6298,2770100
1507210200,2017-10-05 00:00:00,58.6968,59.2163,58.6968,59.0739,3388500
1507296600,2017-10-06 00:00:00,58.6633,59.0739,58.4538,58.8476,3405900
1507555800,2017-10-09 00:00:00,58.7303,58.8728,58.6382,58.8057,1859400
1507642200,2017-10-10 00:00:00,59.4426,59.6688,59.4342,59.5515,3903000
1507728600,2017-10-11 00:00:00,59.9705,60.2135,59.8867,60.1464,2306600
1507815000,2017-10-12 00:00:00,60.5235,60.6408,60.4565,60.5067,2580000
1507901400,2017-10-13 00:00:00,60.8503,61.1268,60.8503,61.0346,3200600
1508160600,2017-10-16 00:00:00,60.8000,60.8922,60.5403,60.6324,3458900
1508247000,2017-10-17 00:00:00,60.6576,60.6995,60.4648,60.6240,1974900
1508333400,2017-10-18 00:00:00,60.7665,60.8670,60.6073,60.7665,1743000
1508419800,2017-10-19 00:00:00,60.0794,60.3810,59.9788,60.3559,2228400
1508506200,2017-10-20 00:00:00,60.8000,60.8922,60.6659,60.8168,1893000
1508765400,2017-10-23 00:00:00,61.0011,61.0011,60.6240,60.6324,1552800
1508851800,2017-10-24 00:00:00,61.0346,61.1771,60.9090,60.9341,1234800
1508938200,2017-10-25 00:00:00,61.2106,61.2357,60.5822,60.9090,2212400
1509024600,2017-10-26 00:00:00,60.8838,61.0095,60.5905,60.6240,1690500
1509111000,2017-10-27 00:00:00,61.0430,61.7050,60.9927,61.6044,2535300
1509370200,2017-10-30 00:00:00,61.3949,61.5374,61.2106,61.2776,1515100
1509456600,2017-10-31 00:00:00,62.5429,62.6937,62.4926,62.6434,2095500
1509543000,2017-11-01 00:00:00,63.8417,64.0679,63.7411,63.8752,4141900
1509629400,2017-11-02 00:00:00,63.4730,63.6322,63.3138,63.5736,1986400
1509715800,2017-11-03 00:00:00,63.6573,63.7327,63.1965,63.5065,1660800
1509978600,2017-11-06 00:00:00,63.4060,63.6155,63.3557,63.6155,1183400
1510065000,2017-11-07 00:00:00,63.1462,63.2049,62.7021,62.8278,3060600
1510151400,2017-11-08 00:00:00,63.2551,63.5233,63.2551,63.4981,1344500
1510237800,2017-11-09 00:00:00,62.4340,62.6351,62.0318,62.6016,3052900
1510324200,2017-11-10 00:00:00,62.5261,62.5261,62.1491,62.3502,2204900
1510583400,2017-11-13 00:00:00,61.9899,62.2832,61.9312,62.1994,1986200
1510669800,2017-11-14 00:00:00,62.3334,62.4507,62.1239,62.2999,2175100
1510756200,2017-11-15 00:00:00,62.5094,62.7272,62.3502,62.6770,2513500
1510842600,2017-11-16 00:00:00,63.8166,64.3277,63.8166,64.2439,3244600
1510929000,2017-11-17 00:00:00,63.8501,64.0177,63.7495,63.8668,2139100
1511188200,2017-11-20 00:00:00,63.7328,63.9758,63.6490,63.9590,2524500
1511274600,2017-11-21 00:00:00,64.5120,64.7802,64.4366,64.6042,2390500
1511361000,2017-11-22 00:00:00,64.7215,64.8975,64.5791,64.8640,2758400
1511533800,2017-11-24 00:00:00,64.9310,65.0232,64.8556,64.8556,840200
1511793000,2017-11-27 00:00:00,63.7328,63.8417,63.2551,63.2719,3026000
1511879400,2017-11-28 00:00:00,64.2942,64.3612,63.9674,64.2188,2899600
1511965800,2017-11-29 00:00:00,64.3025,64.3444,63.7244,63.7830,2227100
1512052200,2017-11-30 00:00:00,63.0708,63.1797,62.8362,62.9702,4200700
1512138600,2017-12-01 00:00:00,62.6267,62.9619,62.5429,62.9032,2419800
1512397800,2017-12-04 00:00:00,63.3976,63.4898,63.0792,63.1295,2221600
1512484200,2017-12-05 00:00:00,63.4060,63.6490,63.3222,63.3473,1916100
1512570600,2017-12-06 00:00:00,62.3083,62.3921,62.0401,62.2915,2641200
1512657000,2017-12-07 00:00:00,61.9145,62.2999,61.7971,62.2412,1886500
1512743400,2017-12-08 00:00:00,62.3334,62.4256,62.1239,62.4088,1362600
1513002600,2017-12-11 00:00:00,62.4591,62.5932,62.4088,62.5513,1555600
1513089000,2017-12-12 00:00:00,62.1407,62.3586,62.0737,62.3083,1690600
1513175400,2017-12-13 00:00:00,62.9116,63.5317,62.9116,63.3138,2247100
1513261800,2017-12-14 00:00:00,63.0876,63.2049,62.8948,62.9032,1868300
1513348200,2017-12-15 00:00:00,62.9535,63.0959,62.7943,62.9200,2029900
1513607400,2017-12-18 00:00:00,63.1462,63.4060,63.1378,63.2551,2169000
1513693800,2017-12-19 00:00:00,63.3380,63.3380,62.7426,62.8548,1938500
1513780200,2017-12-20 00:00:00,63.3207,63.3207,63.0274,63.0705,1683000
1513866600,2017-12-21 00:00:00,62.2163,62.3112,61.9834,62.0783,2039200
1513953000,2017-12-22 00:00:00,62.4234,62.6477,62.3716,62.6132,1334300
1514298600,2017-12-26 00:00:00,62.3975,62.5011,62.3112,62.3803,821100
1514385000,2017-12-27 00:00:00,63.3207,63.4243,63.1654,63.3121,1367600
1514471400,2017-12-28 00:00:00,64.4941,64.5977,64.3647,64.5286,1572000
1514557800,2017-12-29 00:00:00,64.9600,65.1585,64.6235,64.6494,1526000
1514903400,2018-01-02 00:00:00,65.2620,65.4777,65.1585,65.4605,2409900
1514989800,2018-01-03 00:00:00,65.6589,66.1162,65.6503,66.0385,2176700
1515076200,2018-01-04 00:00:00,65.3828,65.5899,65.3051,65.5640,2258000
1515162600,2018-01-05 00:00:00,66.0989,66.5044,66.0989,66.4268,2149900
1515421800,2018-01-08 00:00:00,66.5993,66.6166,66.4354,66.4958,2519400
1515508200,2018-01-09 00:00:00,66.4354,66.4872,66.1075,66.2283,2403200
1515594600,2018-01-10 00:00:00,65.7452,66.0213,65.5899,65.9091,1968300
1515681000,2018-01-11 00:00:00,66.0558,66.5476,66.0299,66.5303,2679700
1515767400,2018-01-12 00:00:00,66.5648,67.3068,66.4786,67.2119,2341600
1516113000,2018-01-16 00:00:00,67.3500,67.4794,66.8151,66.8755,3988300
1516199400,2018-01-17 00:00:00,66.6598,67.2206,66.5390,67.1861,3433900
1516285800,2018-01-18 00:00:00,66.6856,66.7633,66.3923,66.6856,3818300
1516372200,2018-01-19 00:00:00,66.8064,67.0221,66.6252,67.0221,2757100
1516631400,2018-01-22 00:00:00,65.8487,66.3146,65.7538,66.2974,3035700
1516717800,2018-01-23 00:00:00,66.4785,66.6856,66.4181,66.5389,2556800
1516804200,2018-01-24 00:00:00,67.2033,67.4621,66.7719,67.2119,3894000
1516890600,2018-01-25 00:00:00,67.9108,68.1783,67.4276,67.5657,2906200
1516977000,2018-01-26 00:00:00,67.9971,68.2214,67.8849,68.1955,1623800
1517236200,2018-01-29 00:00:00,68.0920,68.1092,67.7900,67.8418,2009400
1517322600,2018-01-30 00:00:00,67.1602,67.3414,66.7115,67.0049,1999500
1517409000,2018-01-31 00:00:00,67.8245,67.8935,67.0566,67.5053,3109400
1517495400,2018-02-01 00:00:00,66.8754,67.0739,66.5131,66.5648,2578000
1517581800,2018-02-02 00:00:00,64.6494,64.7271,63.7953,63.8815,3900400
1517841000,2018-02-05 00:00:00,63.9506,64.2008,61.8626,61.9920,6623800
1517927400,2018-02-06 00:00:00,62.5356,64.7184,62.5356,64.4165,6892700
1518013800,2018-02-07 00:00:00,62.1732,62.7254,61.3449,61.4226,7225600
1518100200,2018-02-08 00:00:00,62.0697,62.0697,59.4554,59.4726,5628900
1518186600,2018-02-09 00:00:00,60.7064,61.4312,59.0585,60.8876,6376400
1518445800,2018-02-12 00:00:00,61.5175,62.1128,61.0947,61.6900,3323500
1518532200,2018-02-13 00:00:00,61.6900,62.0869,61.6124,61.9143,3141600
1518618600,2018-02-14 00:00:00,62.0093,64.0196,61.9661,63.7435,4172100
1518705000,2018-02-15 00:00:00,64.9945,65.4346,64.2784,65.1671,3788300
1518791400,2018-02-16 00:00:00,65.1067,65.9868,65.0377,65.3483,4539000
1519137000,2018-02-20 00:00:00,62.9670,63.2172,62.7168,62.9325,5113600
1519223400,2018-02-21 00:00:00,63.4933,63.9247,62.7168,62.7685,3194500
1519309800,2018-02-22 00:00:00,62.8807,63.3380,62.5873,62.7513,2089400
1519396200,2018-02-23 00:00:00,63.7003,64.1490,63.5019,64.0886,1703500
1519655400,2018-02-26 00:00:00,64.3388,64.8392,64.2008,64.8134,1926400
1519741800,2018-02-27 00:00:00,64.2525,64.2957,63.0015,63.0360,6154700
1519828200,2018-02-28 00:00:00,63.1223,63.2086,62.1991,62.1991,2344000
1519914600,2018-03-01 00:00:00,62.3803,62.9497,61.1637,61.8798,4160000
1520001000,2018-03-02 00:00:00,61.4226,62.4838,61.2931,62.3803,3861600
1520260200,2018-03-05 00:00:00,61.4571,62.1387,61.3535,62.0783,2815800
1520346600,2018-03-06 00:00:00,64.4682,64.6235,64.1576,64.2698,5627700
1520433000,2018-03-07 00:00:00,63.5019,64.1317,63.1740,64.0972,3899100
1520519400,2018-03-08 00:00:00,63.9764,64.0627,63.5709,63.8902,2573900
1520605800,2018-03-09 00:00:00,64.9687,65.7624,64.8479,65.7452,3111700
1520861400,2018-03-12 00:00:00,65.5985,65.8401,65.4432,65.7452,2764600
1520947800,2018-03-13 00:00:00,66.2542,66.2542,65.2102,65.3914,3190600
1521034200,2018-03-14 00:00:00,66.1938,66.2629,65.5985,65.9264,3671500
1521120600,2018-03-15 00:00:00,66.1162,66.2370,65.5381,65.7020,2184000
1521207000,2018-03-16 00:00:00,65.7279,65.9523,65.6589,65.8142,3179800
1521466200,2018-03-19 00:00:00,65.0204,65.1757,64.3216,64.5804,2618400
1521552600,2018-03-20 00:00:00,65.4087,65.5899,65.2965,65.4432,2427800
1521639000,2018-03-21 00:00:00,65.5295,66.1679,65.4432,65.9954,2220800
1521725400,2018-03-22 00:00:00,64.7702,64.9428,64.0541,64.0886,4066200
1521811800,2018-03-23 00:00:00,63.6658,63.8211,61.9575,61.9748,4777200
1522071000,2018-03-26 00:00:00,63.7866,64.2180,63.1482,64.2180,3722300
1522157400,2018-03-27 00:00:00,64.0800,64.2267,62.8721,62.9583,4026600
1522243800,2018-03-28 00:00:00,63.6658,64.0368,63.1913,63.7090,3363300
1522330200,2018-03-29 00:00:00,64.6063,65.3828,64.5200,65.0981,3433000
1522675800,2018-04-02 00:00:00,64.9428,65.0549,63.5364,64.0023,3098000
1522762200,2018-04-03 00:00:00,64.7702,65.2102,64.4337,65.1930,3018600
1522848600,2018-04-04 00:00:00,62.7426,64.3906,62.6650,64.3561,3203800
1522935000,2018-04-05 00:00:00,64.4337,64.7098,64.2525,64.4769,2406100
1523021400,2018-04-06 00:00:00,63.7090,64.0972,62.6995,63.1309,3355300
1523280600,2018-04-09 00:00:00,63.8470,64.2094,63.6486,63.7435,2291000
1523367000,2018-04-10 00:00:00,64.2957,64.5200,64.0110,64.4510,2261600
1523453400,2018-04-11 00:00:00,63.7694,64.1317,63.7349,64.0023,1839900
1523539800,2018-04-12 00:00:00,63.8470,64.1749,63.7607,64.0972,2441000
1523626200,2018-04-13 00:00:00,64.5200,64.5631,63.9247,64.1404,2375500
1523885400,2018-04-16 00:00:00,64.1490,64.4596,64.0023,64.3820,1687100
1523971800,2018-04-17 00:00:00,64.3647,64.7961,64.3129,64.6667,1774900
1524058200,2018-04-18 00:00:00,65.2448,65.5726,65.1757,65.4259,1949700
1524144600,2018-04-19 00:00:00,65.4518,65.5812,64.9687,65.0463,2524300
1524231000,2018-04-20 00:00:00,64.7271,64.7271,64.0368,64.2957,2998900
1524490200,2018-04-23 00:00:00,64.3733,64.4251,63.8643,63.9506,2027300
1524576600,2018-04-24 00:00:00,64.1490,64.1663,63.0964,63.2085,5449800
1524663000,2018-04-25 00:00:00,63.0964,63.2517,62.7426,63.2431,3500300
1524749400,2018-04-26 00:00:00,64.4682,64.9255,64.2698,64.8824,3955200
1524835800,2018-04-27 00:00:00,65.6330,65.7452,65.3914,65.6503,1807000
1525095000,2018-04-30 00:00:00,65.8056,65.8919,65.1757,65.2275,2304200
1525181400,2018-05-01 00:00:00,65.1671,65.2016,63.8902,64.8824,3001400
1525267800,2018-05-02 00:00:00,64.7357,64.8565,64.0541,64.1231,2073500
1525354200,2018-05-03 00:00:00,64.2957,64.3906,63.5019,64.2525,2969700
1525440600,2018-05-04 00:00:00,63.4156,64.3474,63.4156,64.1231,2696800
1525699800,2018-05-07 00:00:00,63.2862,63.6917,63.0015,63.3897,3525300
1525786200,2018-05-08 00:00:00,63.0619,63.3207,62.8203,63.2862,1983900
1525872600,2018-05-09 00:00:00,63.3811,63.4846,63.0446,63.3207,1470700
1525959000,2018-05-10 00:00:00,64.2784,64.7961,64.1921,64.7098,3131000
1526045400,2018-05-11 00:00:00,64.7616,64.9255,64.4855,64.6839,2086300
1526304600,2018-05-14 00:00:00,64.3992,64.4596,64.1749,64.2784,1831800
1526391000,2018-05-15 00:00:00,63.2776,63.4156,62.6564,62.9238,4280100
1526477400,2018-05-16 00:00:00,63.4847,63.7866,63.4243,63.5450,2780100
1526563800,2018-05-17 00:00:00,63.0360,63.1309,62.7340,63.0791,2604500
1526650200,2018-05-18 00:00:00,62.9583,63.0532,62.7081,62.9756,3197100
1526909400,2018-05-21 00:00:00,63.3380,63.4933,63.1740,63.3466,2442900
1526995800,2018-05-22 00:00:00,63.7349,64.0023,63.5105,63.5968,1856700
1527082200,2018-05-23 00:00:00,63.4501,64.2784,63.3984,64.2267,3938700
1527168600,2018-05-24 00:00:00,63.9419,64.0282,62.4838,63.3984,4336400
1527255000,2018-05-25 00:00:00,63.8556,64.1835,63.8556,63.9506,3775300
1527600600,2018-05-29 00:00:00,63.2344,63.3121,62.3544,62.6995,3889200
1527687000,2018-05-30 00:00:00,61.8885,62.5701,61.7504,62.5701,3278100
1527773400,2018-05-31 00:00:00,62.2077,62.5269,62.0610,62.2422,3874700
1527859800,2018-06-01 00:00:00,63.0360,63.3984,63.0360,63.3984,3467400
1528119000,2018-06-04 00:00:00,63.6486,63.7435,63.5364,63.6572,2104300
1528205400,2018-06-05 00:00:00,63.6141,63.6745,63.2172,63.2172,4482600
1528291800,2018-06-06 00:00:00,63.7694,64.2784,63.6054,64.2784,3141100
1528378200,2018-06-07 00:00:00,64.3129,64.3302,63.6313,63.8556,3322500
1528464600,2018-06-08 00:00:00,63.2344,63.5105,63.0101,63.3897,2484800
1528723800,2018-06-11 00:00:00,63.7090,63.8039,63.6054,63.6745,1835600
1528810200,2018-06-12 00:00:00,63.3984,63.4070,62.8979,63.0705,2315200
1528896600,2018-06-13 00:00:00,63.1482,63.4329,62.1559,62.6995,4355700
1528983000,2018-06-14 00:00:00,62.2595,62.2854,61.7332,61.8885,3130600
1529069400,2018-06-15 00:00:00,60.4303,60.7496,60.3268,60.5684,3269800
1529328600,2018-06-18 00:00:00,59.6711,59.9386,59.4468,59.8523,3114200
1529415000,2018-06-19 00:00:00,58.2820,58.6357,58.1094,58.5581,3404700
1529501400,2018-06-20 00:00:00,59.2483,59.5589,58.9463,58.9895,3990100
1529587800,2018-06-21 00:00:00,58.3769,58.4459,57.8420,57.8765,3575000
1529674200,2018-06-22 00:00:00,59.0758,59.1362,58.6875,58.7393,2479600
1529933400,2018-06-25 00:00:00,58.6702,58.7134,58.0318,58.5149,3226500
1530019800,2018-06-26 00:00:00,58.4459,58.6098,58.2130,58.2992,2206000
1530106200,2018-06-27 00:00:00,58.4804,58.6185,57.5313,57.6263,3271300
1530192600,2018-06-28 00:00:00,57.3329,57.7298,57.2121,57.7039,2685400
1530279000,2018-06-29 00:00:00,58.3165,58.5149,58.2130,58.4200,2514400
1530538200,2018-07-02 00:00:00,56.8066,57.2035,56.6599,57.1431,2638300
1530624600,2018-07-03 00:00:00,57.1776,57.2898,56.6427,56.7203,1945500
1530797400,2018-07-05 00:00:00,56.7721,56.8066,56.4270,56.5909,2392500
1530883800,2018-07-06 00:00:00,56.9274,57.4019,56.8411,57.0827,2420700
1531143000,2018-07-09 00:00:00,57.6780,57.9110,57.6262,57.9110,1983000
1531229400,2018-07-10 00:00:00,57.6176,57.8592,57.5055,57.8247,2173100
1531315800,2018-07-11 00:00:00,56.9533,57.0999,56.4874,56.6513,2509100
1531402200,2018-07-12 00:00:00,56.9791,57.0827,56.7548,56.8670,2161000
1531488600,2018-07-13 00:00:00,56.9274,57.1776,56.8670,57.1172,2499000
1531747800,2018-07-16 00:00:00,57.1431,57.1948,56.9446,57.0913,1339500
1531834200,2018-07-17 00:00:00,56.9705,57.4364,56.9360,57.3847,2260700
1531920600,2018-07-18 00:00:00,56.7634,57.1172,56.6081,57.1086,1860000
1532007000,2018-07-19 00:00:00,56.2199,56.5650,56.0560,56.3062,2792300
1532093400,2018-07-20 00:00:00,56.9533,57.2294,56.8929,57.2294,2129600
1532352600,2018-07-23 00:00:00,56.1164,56.2285,55.9869,56.0646,3144700
1532439000,2018-07-24 00:00:00,56.7980,57.0137,56.6944,56.9101,4461300
1532525400,2018-07-25 00:00:00,56.9964,57.5659,56.7203,57.5659,3044700
1532611800,2018-07-26 00:00:00,57.3070,57.4192,57.1086,57.1776,2031100
1532698200,2018-07-27 00:00:00,57.6780,57.7815,57.2984,57.4451,2500700
1532957400,2018-07-30 00:00:00,57.6262,57.6780,57.3674,57.4278,2042400
1533043800,2018-07-31 00:00:00,57.5659,58.0922,57.5659,58.0318,3057200
1533130200,2018-08-01 00:00:00,57.7384,57.9110,57.6521,57.6521,2491900
1533216600,2018-08-02 00:00:00,56.0473,56.4960,55.9611,56.3925,2675500
1533303000,2018-08-03 00:00:00,56.7462,56.9274,56.6599,56.9101,1513700
1533562200,2018-08-06 00:00:00,56.6081,56.7462,56.5046,56.6599,1701300
1533648600,2018-08-07 00:00:00,56.6082,57.7039,56.6082,57.6349,1973200
1533735000,2018-08-08 00:00:00,57.3674,57.6262,57.2294,57.5313,1828100
1533821400,2018-08-09 00:00:00,57.4968,57.6435,57.2294,57.2898,1610900
1533907800,2018-08-10 00:00:00,56.0560,56.1250,55.7453,55.8316,3433300
1534167000,2018-08-13 00:00:00,55.3916,55.5296,54.9775,54.9775,2223900
1534253400,2018-08-14 00:00:00,55.6763,55.8748,55.6332,55.8575,1794300
1534339800,2018-08-15 00:00:00,54.7359,55.0292,54.2613,54.6151,5135600
1534426200,2018-08-16 00:00:00,55.0896,55.3743,55.0033,55.1586,3664100
1534512600,2018-08-17 00:00:00,55.2363,55.8489,55.0292,55.7626,2223500
1534771800,2018-08-20 00:00:00,55.6504,55.8316,55.5297,55.7799,1728400
1534858200,2018-08-21 00:00:00,56.4787,56.9964,56.4442,56.8325,2104500
1534944600,2018-08-22 00:00:00,56.7289,57.0913,56.7289,56.9619,1541700
1535031000,2018-08-23 00:00:00,56.6168,56.6599,56.2889,56.2975,1824000
1535117400,2018-08-24 00:00:00,57.3502,57.6521,57.2811,57.6090,2416500
1535376600,2018-08-27 00:00:00,57.8074,58.4028,57.7557,58.2043,3380300
1535463000,2018-08-28 00:00:00,58.3683,58.4114,58.0231,58.1439,2350800
1535549400,2018-08-29 00:00:00,57.8937,58.2647,57.7988,58.1784,1809200
1535635800,2018-08-30 00:00:00,57.8765,57.9282,57.4451,57.6004,2471300
1535722200,2018-08-31 00:00:00,57.7643,58.1353,57.7212,58.0835,2249100
1536067800,2018-09-04 00:00:00,57.6004,57.7212,57.4623,57.6004,3067100
1536154200,2018-09-05 00:00:00,56.8238,56.9705,56.6168,56.8238,2480400
1536240600,2018-09-06 00:00:00,56.8411,57.0050,56.4183,56.5995,2471200
1536327000,2018-09-07 00:00:00,56.2199,56.4874,55.9265,55.9956,2775300
1536586200,2018-09-10 00:00:00,56.4270,56.4270,56.0301,56.0818,4254400
1536672600,2018-09-11 00:00:00,55.7885,56.4442,55.6763,56.4270,2231800
1536759000,2018-09-12 00:00:00,56.0905,56.7548,55.9438,56.6081,3639100
1536845400,2018-09-13 00:00:00,57.0482,57.2207,56.7289,57.1517,4892900
1536931800,2018-09-14 00:00:00,57.5745,57.7039,57.1948,57.4796,3201500
1537191000,2018-09-17 00:00:00,56.8842,56.9274,56.5650,56.6254,2413200
1537277400,2018-09-18 00:00:00,57.1258,57.6349,57.0999,57.4278,2020800
1537363800,2018-09-19 00:00:00,57.4106,57.5055,57.3243,57.4623,2984400
1537450200,2018-09-20 00:00:00,58.2130,58.4459,58.1267,58.3683,3183500
1537536600,2018-09-21 00:00:00,58.3683,58.7997,58.3251,58.5667,2694000
1537795800,2018-09-24 00:00:00,58.0231,58.2992,57.8074,58.2130,2599500
1537882200,2018-09-25 00:00:00,58.4373,58.6357,58.2906,58.5408,2701500
1537968600,2018-09-26 00:00:00,58.6616,59.3260,58.5063,58.6012,6639500
1538055000,2018-09-27 00:00:00,59.1879,59.4122,59.0758,59.1189,2668900
1538141400,2018-09-28 00:00:00,58.7479,58.9722,58.6961,58.9032,2677800
1538400600,2018-10-01 00:00:00,58.9118,58.9377,58.4718,58.6271,1618000
1538487000,2018-10-02 00:00:00,57.6953,57.9110,57.6349,57.7125,2249000
1538573400,2018-10-03 00:00:00,57.8247,57.8851,57.0050,57.0741,2911800
1538659800,2018-10-04 00:00:00,56.2113,56.2285,55.3571,55.5124,4182800
1538746200,2018-10-05 00:00:00,55.7626,55.8144,55.2190,55.5383,2582700
1539005400,2018-10-08 00:00:00,54.9861,55.4693,54.9084,55.4002,3715200
1539091800,2018-10-09 00:00:00,55.0724,55.4434,54.7531,55.1414,3903400
1539178200,2018-10-10 00:00:00,54.6755,54.6755,53.4676,53.5107,5232700
1539264600,2018-10-11 00:00:00,52.7169,53.1138,52.1647,52.3804,7991400
1539351000,2018-10-12 00:00:00,53.6401,53.6919,52.8981,53.5797,4554000
1539610200,2018-10-15 00:00:00,53.3985,53.5366,52.9930,52.9930,2827700
1539696600,2018-10-16 00:00:00,53.6142,54.0888,53.5625,54.0456,2450100
1539783000,2018-10-17 00:00:00,53.9162,53.9249,53.5280,53.7092,2051900
1539869400,2018-10-18 00:00:00,52.9240,53.0275,52.1389,52.2855,3188300
1539955800,2018-10-19 00:00:00,53.2950,53.5538,52.8550,53.0275,2188800
1540215000,2018-10-22 00:00:00,53.3209,53.4676,52.8981,53.0966,2725200
1540301400,2018-10-23 00:00:00,51.5867,52.4581,51.3969,52.1389,4425000
1540387800,2018-10-24 00:00:00,51.9577,51.9836,50.3874,50.3960,3825500
1540474200,2018-10-25 00:00:00,50.7929,51.5522,50.7239,51.1984,3393400
1540560600,2018-10-26 00:00:00,49.6367,50.2148,49.1881,49.7748,5720600
1540819800,2018-10-29 00:00:00,50.0077,50.0854,48.6100,49.0500,5024900
1540906200,2018-10-30 00:00:00,49.6195,50.0854,49.5073,50.0595,4886000
1540992600,2018-10-31 00:00:00,50.2234,50.4909,50.1285,50.2752,3630800
1541079000,2018-11-01 00:00:00,50.7670,51.4055,50.5772,51.3451,4162200
1541165400,2018-11-02 00:00:00,52.7946,52.9844,52.1647,52.4408,5594200
1541428200,2018-11-05 00:00:00,52.0871,52.5012,52.0094,52.2079,3751500
1541514600,2018-11-06 00:00:00,52.3459,52.6738,52.2338,52.6738,4092400
1541601000,2018-11-07 00:00:00,52.7946,53.5193,52.7514,53.4503,4066400
1541687400,2018-11-08 00:00:00,52.6824,52.9413,52.2165,52.3718,4660700
1541773800,2018-11-09 00:00:00,51.7075,51.7075,51.0862,51.2415,4203200
1542033000,2018-11-12 00:00:00,51.1984,51.2674,50.4564,50.4909,3440000
1542119400,2018-11-13 00:00:00,51.1811,51.6212,50.9309,51.2070,4404900
1542205800,2018-11-14 00:00:00,51.3019,51.3968,50.6031,51.0086,5147800
1542292200,2018-11-15 00:00:00,51.5522,52.5444,51.4141,52.3028,6845500
1542378600,2018-11-16 00:00:00,51.8541,52.6652,51.7506,52.4926,4134600
1542637800,2018-11-19 00:00:00,52.1302,52.1647,51.6298,51.7247,4219200
1542724200,2018-11-20 00:00:00,50.9827,51.1898,50.5686,50.8188,5482500
1542810600,2018-11-21 00:00:00,51.3365,51.6298,51.3365,51.4918,2903700
1542983400,2018-11-23 00:00:00,50.6980,50.8101,50.5599,50.5686,1504700
1543242600,2018-11-26 00:00:00,51.8024,52.0181,51.7679,51.9663,4888300
1543329000,2018-11-27 00:00:00,51.9232,52.2510,51.8024,52.2510,3941600
1543415400,2018-11-28 00:00:00,52.3632,53.3985,52.1389,53.3727,4685900
1543501800,2018-11-29 00:00:00,52.8291,53.1483,52.5185,52.8377,3685000
1543588200,2018-11-30 00:00:00,52.2251,52.4236,52.0612,52.3028,3211700
1543847400,2018-12-03 00:00:00,53.7437,53.8472,53.3985,53.7523,4273100
1543933800,2018-12-04 00:00:00,53.5711,53.6142,52.3546,52.4236,7002600
1544106600,2018-12-06 00:00:00,51.3365,52.0526,50.8878,52.0181,7185300
1544193000,2018-12-07 00:00:00,51.7679,52.1906,50.7843,50.8878,6849300
1544452200,2018-12-10 00:00:00,50.8792,51.1035,50.3011,50.9396,6795700
1544538600,2018-12-11 00:00:00,51.0690,51.1208,50.5599,50.8619,4573400
1544625000,2018-12-12 00:00:00,51.8196,52.2079,51.6729,51.7420,5044400
1544711400,2018-12-13 00:00:00,51.9404,52.2251,51.6126,51.6212,6595700
1544797800,2018-12-14 00:00:00,50.6721,51.0000,50.5599,50.6635,5054400
1545057000,2018-12-17 00:00:00,50.8188,51.0345,50.2062,50.3787,5497300
1545143400,2018-12-18 00:00:00,50.9035,51.2446,50.8510,51.0872,4178800
1545229800,2018-12-19 00:00:00,51.4895,52.0143,50.0202,50.5012,8924500
1545316200,2018-12-20 00:00:00,50.9823,51.2621,50.6586,50.9473,8252200
1545402600,2018-12-21 00:00:00,50.9473,51.2709,50.4487,50.6761,6380700
1545661800,2018-12-24 00:00:00,50.8598,50.9473,50.2476,50.2825,2682600
1545834600,2018-12-26 00:00:00,50.3263,51.2184,50.1688,51.2184,4147600
1545921000,2018-12-27 00:00:00,50.7373,51.3496,50.6061,51.3233,5201900
1546007400,2018-12-28 00:00:00,51.5770,51.9356,51.4808,51.7519,3923600
1546266600,2018-12-31 00:00:00,52.0580,52.1368,51.2884,51.4808,2951100
1546439400,2019-01-02 00:00:00,50.5012,51.0260,50.4750,50.7898,4478000
1546525800,2019-01-03 00:00:00,50.0989,50.1076,49.5566,49.6965,3527200
1546612200,2019-01-04 00:00:00,50.5012,51.3671,50.4137,51.2709,4372000
1546871400,2019-01-07 00:00:00,51.2621,51.7257,51.1222,51.4633,3919800
1546957800,2019-01-08 00:00:00,50.8248,50.9910,50.5624,50.8860,3414600
1547044200,2019-01-09 00:00:00,51.9706,52.4429,51.9181,52.1805,4315500
1547130600,2019-01-10 00:00:00,51.9181,52.4516,51.9006,52.3904,2450300
1547217000,2019-01-11 00:00:00,52.2330,52.4341,52.1368,52.3467,2512000
1547476200,2019-01-14 00:00:00,51.5595,51.9006,51.5333,51.7519,1598700
1547562600,2019-01-15 00:00:00,52.4604,52.7577,52.3991,52.4866,2887600
1547649000,2019-01-16 00:00:00,53.0901,53.4924,53.0289,53.3700,4696000
1547735400,2019-01-17 00:00:00,52.9502,53.7023,52.8977,53.4662,4258500
1547821800,2019-01-18 00:00:00,53.7636,53.9472,53.7023,53.7461,2504900
1548167400,2019-01-22 00:00:00,52.7140,52.8190,52.4254,52.5916,3273600
1548253800,2019-01-23 00:00:00,53.2738,53.4225,52.8802,53.3175,1991900
1548340200,2019-01-24 00:00:00,53.6499,54.0347,53.6499,53.9560,2578500
1548426600,2019-01-25 00:00:00,55.2592,55.5915,55.2592,55.5041,5945100
1548685800,2019-01-28 00:00:00,54.7869,55.0493,54.6819,55.0318,4510600
1548772200,2019-01-29 00:00:00,55.4778,55.5216,55.1542,55.3292,2740000
1548858600,2019-01-30 00:00:00,56.2125,57.1921,55.9676,56.9910,6068100
1548945000,2019-01-31 00:00:00,56.3700,56.7023,56.3350,56.6061,3530000
1549031400,2019-02-01 00:00:00,56.0464,56.0813,55.8102,56.0114,2015500
1549290600,2019-02-04 00:00:00,55.9501,56.5187,55.8015,56.1950,2564000
1549377000,2019-02-05 00:00:00,56.4574,57.2096,56.4050,57.0609,3610000
1549463400,2019-02-06 00:00:00,56.8423,57.0085,56.3787,56.5362,4122900
1549549800,2019-02-07 00:00:00,55.5303,55.6703,54.9880,55.5041,3727800
1549636200,2019-02-08 00:00:00,54.7694,54.8656,54.4808,54.8131,2172600
1549895400,2019-02-11 00:00:00,54.9793,55.0318,54.7694,54.8831,3493000
1549981800,2019-02-12 00:00:00,55.3904,55.7227,55.3816,55.5566,3516800
1550068200,2019-02-13 00:00:00,55.4079,55.5216,55.1193,55.2417,3983200
1550154600,2019-02-14 00:00:00,55.4429,55.7665,55.3292,55.5828,2616100
1550241000,2019-02-15 00:00:00,55.3467,55.4779,55.2592,55.4604,1849100
1550586600,2019-02-19 00:00:00,55.1805,55.8452,55.1805,55.6703,2124300
1550673000,2019-02-20 00:00:00,56.0726,56.3612,55.9764,56.1251,4214000
1550759400,2019-02-21 00:00:00,55.8889,55.9239,55.6528,55.8627,1776000
1550845800,2019-02-22 00:00:00,56.1251,56.4137,56.0901,56.3962,2155200
1551105000,2019-02-25 00:00:00,56.5974,56.9297,56.5099,56.5799,3825700
1551191400,2019-02-26 00:00:00,56.2475,56.5974,56.2300,56.4137,2823600
1551277800,2019-02-27 00:00:00,56.3612,56.4137,55.9939,56.2825,2200600
1551364200,2019-02-28 00:00:00,55.2417,55.2767,55.0318,55.0755,4278000
1551450600,2019-03-01 00:00:00,55.3904,55.5041,54.9443,55.1455,4578400
1551709800,2019-03-04 00:00:00,54.8831,54.9356,54.2446,54.7082,3087000
1551796200,2019-03-05 00:00:00,54.4370,54.6994,54.3583,54.5770,2120300
1551882600,2019-03-06 00:00:00,54.5507,54.5507,54.2534,54.3408,7172300
1551969000,2019-03-07 00:00:00,54.0435,54.0522,53.3787,53.4312,3717900
1552055400,2019-03-08 00:00:00,52.8190,53.0988,52.7140,53.0814,4134600
1552311000,2019-03-11 00:00:00,53.0814,53.6149,53.0814,53.6061,1715100
1552397400,2019-03-12 00:00:00,53.8510,54.0435,53.8073,53.9123,3613000
1552483800,2019-03-13 00:00:00,53.5537,53.7024,53.3875,53.5624,5025700
1552570200,2019-03-14 00:00:00,53.3088,53.3438,53.1513,53.2213,1602000
1552656600,2019-03-15 00:00:00,53.8510,54.2709,53.8510,54.2359,2967700
1552915800,2019-03-18 00:00:00,54.1746,54.4108,54.1309,54.3933,2399000
1553002200,2019-03-19 00:00:00,54.3496,54.4808,54.1746,54.2709,2318700
1553088600,2019-03-20 00:00:00,54.3408,54.8831,54.0697,54.5158,4172200
1553175000,2019-03-21 00:00:00,54.5945,55.0405,54.5945,54.9968,3470800
1553261400,2019-03-22 00:00:00,54.2621,54.3758,53.5449,53.5449,5444700
1553520600,2019-03-25 00:00:00,53.5099,53.7461,53.3875,53.5712,4112400
1553607000,2019-03-26 00:00:00,53.5974,53.6936,53.2038,53.3787,2585100
1553693400,2019-03-27 00:00:00,53.1688,53.2126,52.6266,52.7927,4709700
1553779800,2019-03-28 00:00:00,52.9502,53.0814,52.7577,53.0726,3221400
1553866200,2019-03-29 00:00:00,53.3088,53.3875,53.1513,53.3088,2589700
1554125400,2019-04-01 00:00:00,54.0959,54.3671,54.0435,54.3583,2523700
1554211800,2019-04-02 00:00:00,54.3321,54.3408,54.0784,54.2271,1490600
1554298200,2019-04-03 00:00:00,55.2854,55.4691,55.1542,55.2417,5516400
1554384600,2019-04-04 00:00:00,55.1717,55.4429,55.1717,55.3467,2370000
1554471000,2019-04-05 00:00:00,55.3467,55.5303,55.3117,55.4779,2664000
1554730200,2019-04-08 00:00:00,54.8394,55.1630,54.8131,55.1280,2013400
1554816600,2019-04-09 00:00:00,55.2417,55.2417,55.0230,55.1193,2991600
1554903000,2019-04-10 00:00:00,55.4691,55.7227,55.4691,55.5303,8567700
1554989400,2019-04-11 00:00:00,55.2854,55.3467,55.0755,55.1630,3358000
1555075800,2019-04-12 00:00:00,56.0201,56.0726,55.8102,55.9327,4620500
1555335000,2019-04-15 00:00:00,55.9939,56.0639,55.7665,55.8802,2017100
1555421400,2019-04-16 00:00:00,56.2125,56.2650,56.0289,56.1163,2888500
1555507800,2019-04-17 00:00:00,56.3787,56.4399,56.1688,56.2388,5729300
1555594200,2019-04-18 00:00:00,55.2592,55.4341,55.1630,55.3554,4300900
1555939800,2019-04-22 00:00:00,55.0143,55.1280,54.8831,55.0843,2311000
1556026200,2019-04-23 00:00:00,55.0843,55.4166,55.0143,55.2942,2502800
1556112600,2019-04-24 00:00:00,54.0522,54.0697,53.6674,53.8685,3650800
1556199000,2019-04-25 00:00:00,53.4575,53.6061,53.3263,53.5799,3454300
1556285400,2019-04-26 00:00:00,53.3875,53.5449,53.2388,53.4662,2455300
1556544600,2019-04-29 00:00:00,54.2271,54.3583,54.1572,54.2884,3158500
1556631000,2019-04-30 00:00:00,53.6586,53.8773,53.4575,53.7723,3588900
1556717400,2019-05-01 00:00:00,53.9647,54.3408,53.3000,53.3525,6090300
1556803800,2019-05-02 00:00:00,53.8773,53.9298,53.4924,53.7198,5279300
1556890200,2019-05-03 00:00:00,53.4749,53.7461,53.4400,53.7373,2354300
1557149400,2019-05-06 00:00:00,52.2680,52.9764,52.1892,52.8015,6774000
1557235800,2019-05-07 00:00:00,52.4779,52.5391,51.7607,51.8656,7290600
1557322200,2019-05-08 00:00:00,52.2592,52.3554,51.9443,51.9881,5881400
1557408600,2019-05-09 00:00:00,49.8977,50.4924,49.6091,50.3438,6479100
1557495000,2019-05-10 00:00:00,50.2388,50.6761,49.6528,50.5099,6253900
1557754200,2019-05-13 00:00:00,48.8569,48.9531,48.5070,48.6382,7622300
1557840600,2019-05-14 00:00:00,49.3379,49.5216,49.2680,49.3904,4831800
1557927000,2019-05-15 00:00:00,49.2417,49.7228,49.1980,49.6441,4923700
1558013400,2019-05-16 00:00:00,49.0056,49.2942,48.8394,48.9531,3684000
1558099800,2019-05-17 00:00:00,48.2272,48.4983,48.1922,48.3409,4600600
1558359000,2019-05-20 00:00:00,48.1222,48.3584,47.9998,48.1659,4213600
1558445400,2019-05-21 00:00:00,48.6557,48.8481,48.5770,48.7869,3366800
1558531800,2019-05-22 00:00:00,48.8656,48.9444,48.7957,48.8831,2618300
1558618200,2019-05-23 00:00:00,48.4196,48.6295,48.2796,48.4196,3762400
1558704600,2019-05-24 00:00:00,48.6382,48.7169,48.3933,48.4633,2663300
1559050200,2019-05-28 00:00:00,48.7694,48.8919,48.4895,48.5070,2877800
1559136600,2019-05-29 00:00:00,47.6936,48.0610,47.6324,48.0347,6888800
1559223000,2019-05-30 00:00:00,48.5158,48.7782,48.4808,48.6207,2610800
1559309400,2019-05-31 00:00:00,48.2097,48.6207,48.1747,48.6033,3030600
1559568600,2019-06-03 00:00:00,49.5216,49.7053,49.4079,49.5216,4486200
1559655000,2019-06-04 00:00:00,49.4691,49.9065,49.3292,49.8715,3706800
1559741400,2019-06-05 00:00:00,49.7315,49.8102,49.2680,49.3729,3031400
1559827800,2019-06-06 00:00:00,49.4254,49.5741,49.2242,49.3729,3581700
1559914200,2019-06-07 00:00:00,49.4341,49.8802,49.4341,49.8190,5915100
1560173400,2019-06-10 00:00:00,50.0814,50.3787,50.0289,50.2738,9527600
1560259800,2019-06-11 00:00:00,50.7898,50.8248,50.5362,50.6936,3547800
1560346200,2019-06-12 00:00:00,50.3263,50.3700,50.1251,50.1776,1920700
1560432600,2019-06-13 00:00:00,50.0289,50.0639,49.7315,49.9065,2973500
1560519000,2019-06-14 00:00:00,49.6441,49.7053,49.5216,49.5479,2520400
1560778200,2019-06-17 00:00:00,49.6266,49.8452,49.6091,49.7578,1419600
1560864600,2019-06-18 00:00:00,50.2825,51.0697,50.2650,50.9822,4508300
1560951000,2019-06-19 00:00:00,51.0697,51.5508,50.9822,51.3408,4618700
1561037400,2019-06-20 00:00:00,52.3904,52.4691,52.0231,52.1542,4134600
1561123800,2019-06-21 00:00:00,51.8744,52.0493,51.7869,51.9181,4324400
1561383000,2019-06-24 00:00:00,52.0056,52.1193,51.9181,52.0231,2605600
1561469400,2019-06-25 00:00:00,52.1368,52.1630,51.7782,51.7869,3220200
1561555800,2019-06-26 00:00:00,52.2592,52.4954,52.1980,52.2679,2730800
1561642200,2019-06-27 00:00:00,52.6528,52.7315,52.5391,52.5741,2310400
1561728600,2019-06-28 00:00:00,52.4079,52.4866,52.2767,52.3642,3784600
1561987800,2019-07-01 00:00:00,52.2592,52.2767,51.8219,52.1630,2852800
1562074200,2019-07-02 00:00:00,51.8044,51.8831,51.6732,51.7782,3887900
1562160600,2019-07-03 00:00:00,50.9560,50.9822,50.8423,50.8860,3906200
1562333400,2019-07-05 00:00:00,50.8336,50.8336,50.4575,50.5537,8970700
1562592600,2019-07-08 00:00:00,49.6528,49.7228,49.5304,49.5828,5191300
1562679000,2019-07-09 00:00:00,49.2242,49.4954,49.2155,49.3992,3102700
1562765400,2019-07-10 00:00:00,49.9939,50.1776,49.9065,50.0376,3659400
1562851800,2019-07-11 00:00:00,50.4400,50.4575,50.1776,50.2563,4032300
1562938200,2019-07-12 00:00:00,50.2738,50.4050,50.1426,50.3875,2309100
1563197400,2019-07-15 00:00:00,50.2476,50.3438,50.1776,50.2213,2042800
1563283800,2019-07-16 00:00:00,50.3613,50.4837,50.2476,50.2738,1972900
1563370200,2019-07-17 00:00:00,49.9152,49.9764,49.7228,49.8277,1939900
1563456600,2019-07-18 00:00:00,49.9239,50.4925,49.9065,50.4662,3053000
1563543000,2019-07-19 00:00:00,50.8336,50.8423,50.4662,50.4837,3638900
1563802200,2019-07-22 00:00:00,50.8510,50.9035,50.7548,50.7986,2220600
1563888600,2019-07-23 00:00:00,50.8860,50.8860,50.6936,50.7986,2007400
1563975000,2019-07-24 00:00:00,50.5012,50.6324,50.4750,50.5362,2355900
1564061400,2019-07-25 00:00:00,50.1251,50.2038,49.7490,49.8452,3001600
1564147800,2019-07-26 00:00:00,50.0027,50.0464,49.8802,49.9677,1604300
1564407000,2019-07-29 00:00:00,49.2767,49.3817,49.1718,49.3554,2354600
1564493400,2019-07-30 00:00:00,49.3117,49.3292,49.1630,49.2680,3034600
1564579800,2019-07-31 00:00:00,49.0581,49.0756,48.0435,48.4546,6085100
1564666200,2019-08-01 00:00:00,48.5158,48.9094,47.7111,47.8336,7058600
1564752600,2019-08-02 00:00:00,47.2651,47.4050,46.7140,47.0114,8704400
1565011800,2019-08-05 00:00:00,45.4721,45.4808,44.6762,44.9998,6407300
1565098200,2019-08-06 00:00:00,45.4108,45.4808,45.0785,45.3321,4106500
1565184600,2019-08-07 00:00:00,44.5625,45.4108,44.3613,45.4021,5352800
1565271000,2019-08-08 00:00:00,45.4633,45.8744,45.3409,45.7694,5289900
1565357400,2019-08-09 00:00:00,45.7257,45.7345,45.3496,45.6033,3206300
1565616600,2019-08-12 00:00:00,45.2709,45.3409,45.0348,45.0872,3377900
1565703000,2019-08-13 00:00:00,44.7199,45.9706,44.6762,45.8657,4324700
1565789400,2019-08-14 00:00:00,45.1310,45.2709,44.7024,44.7636,5835800
1565875800,2019-08-15 00:00:00,44.9560,45.0697,44.6762,45.0085,3758600
1565962200,2019-08-16 00:00:00,45.5508,45.8569,45.5158,45.6557,3473700
1566221400,2019-08-19 00:00:00,45.9444,45.9881,45.5858,45.5858,2804600
1566307800,2019-08-20 00:00:00,46.2505,46.3205,46.1280,46.1543,2351600
1566394200,2019-08-21 00:00:00,46.6353,46.8715,46.6091,46.7315,3672800
1566480600,2019-08-22 00:00:00,45.8657,45.9269,45.6033,45.7869,2359900
1566567000,2019-08-23 00:00:00,45.6470,46.1106,45.0697,45.1922,5617700
1566826200,2019-08-26 00:00:00,45.3409,45.4283,45.1922,45.2884,2793200
1566912600,2019-08-27 00:00:00,45.5683,45.6995,45.3671,45.3934,4347600
1566999000,2019-08-28 00:00:00,45.6557,45.8394,45.5420,45.8219,1860600
1567085400,2019-08-29 00:00:00,45.9181,46.1805,45.8219,46.1368,2094900
1567171800,2019-08-30 00:00:00,46.8452,46.8890,46.5391,46.5828,3179600
1567517400,2019-09-03 00:00:00,46.1455,46.4342,46.1193,46.4167,1776700
1567603800,2019-09-04 00:00:00,47.3001,47.4575,47.2301,47.4575,2544800
1567690200,2019-09-05 00:00:00,48.0960,48.3146,48.0697,48.2184,3075900
1567776600,2019-09-06 00:00:00,48.5245,48.6207,48.3933,48.4633,2245600
1568035800,2019-09-09 00:00:00,48.6995,48.8481,48.6470,48.7957,3503000
1568122200,2019-09-10 00:00:00,48.9881,49.2242,48.8919,49.1893,2430000
1568208600,2019-09-11 00:00:00,49.3379,49.6790,49.2592,49.6790,7074700
1568295000,2019-09-12 00:00:00,50.1776,50.6499,50.0639,50.2388,5958400
1568381400,2019-09-13 00:00:00,50.5974,50.8336,50.4662,50.7548,3434100
1568640600,2019-09-16 00:00:00,49.9239,50.0114,49.7927,49.8365,2250100
1568727000,2019-09-17 00:00:00,49.6178,49.9065,49.5653,49.8890,1965500
1568813400,2019-09-18 00:00:00,49.9152,49.9414,49.4167,49.8102,1680400
1568899800,2019-09-19 00:00:00,49.9939,50.1426,49.7403,49.7403,2497800
1568986200,2019-09-20 00:00:00,50.4662,50.5099,49.8627,49.9677,2519000
1569245400,2019-09-23 00:00:00,49.8540,50.1776,49.8015,50.1513,1859200
1569331800,2019-09-24 00:00:00,50.3787,50.3962,49.7927,49.8977,3281500
1569418200,2019-09-25 00:00:00,49.2942,49.5391,49.1193,49.4167,3029400
1569504600,2019-09-26 00:00:00,49.4866,49.4866,49.2155,49.4254,2408400
1569591000,2019-09-27 00:00:00,49.1018,49.1280,48.3321,48.4808,4284700
1569850200,2019-09-30 00:00:00,49.2592,49.4516,49.1805,49.2767,2947500
1569936600,2019-10-01 00:00:00,49.3817,49.5041,48.9618,49.0143,4374600
1570023000,2019-10-02 00:00:00,47.9998,48.1659,47.8598,48.1222,5339600
1570109400,2019-10-03 00:00:00,48.2446,48.7782,48.1572,48.7519,3452900
1570195800,2019-10-04 00:00:00,48.5770,49.1193,48.5770,49.0843,3557600
1570455000,2019-10-07 00:00:00,48.8219,49.0231,48.7344,48.7869,2252500
1570541400,2019-10-08 00:00:00,49.1280,49.1893,48.9181,49.0143,5615400
1570627800,2019-10-09 00:00:00,49.3029,49.5566,49.2330,49.2942,2525000
1570714200,2019-10-10 00:00:00,49.3292,49.8627,49.3117,49.8540,5346600
1570800600,2019-10-11 00:00:00,50.4050,50.9735,50.3613,50.5712,5758200
1571059800,2019-10-14 00:00:00,50.3875,50.5274,50.2563,50.2738,1760100
1571146200,2019-10-15 00:00:00,50.3613,50.9210,50.3613,50.8598,5156800
1571232600,2019-10-16 00:00:00,50.6936,50.8685,50.5974,50.8598,2047800
1571319000,2019-10-17 00:00:00,51.1134,51.1834,50.9997,51.0872,1758900
1571405400,2019-10-18 00:00:00,50.4837,50.5362,50.2563,50.3700,2375000
1571664600,2019-10-21 00:00:00,51.2184,51.2884,51.1484,51.2709,2386300
1571751000,2019-10-22 00:00:00,51.6994,51.8481,51.6032,51.6732,4283100
1571837400,2019-10-23 00:00:00,51.5595,51.6557,51.4545,51.6207,2127300
1571923800,2019-10-24 00:00:00,51.8481,51.8744,51.5595,51.6470,2052500
1572010200,2019-10-25 00:00:00,51.4458,51.8131,51.4371,51.7344,2291800
1572269400,2019-10-28 00:00:00,51.8481,52.1280,51.7869,52.0755,1910900
1572355800,2019-10-29 00:00:00,51.8131,51.9531,51.7519,51.8656,1583000
1572442200,2019-10-30 00:00:00,51.6295,51.9443,51.4021,51.9443,2107100
1572528600,2019-10-31 00:00:00,51.7344,51.7344,51.2796,51.5420,2647400
1572615000,2019-11-01 00:00:00,52.2592,52.5916,52.2242,52.5566,3486900
1572877800,2019-11-04 00:00:00,53.3612,53.4225,53.0114,53.0464,5028500
1572964200,2019-11-05 00:00:00,53.6936,53.7636,53.4487,53.6849,4129800
1573050600,2019-11-06 00:00:00,53.5886,53.5974,53.0814,53.1426,6154800
1573137000,2019-11-07 00:00:00,53.9647,54.0959,53.7636,53.7986,2962900
1573223400,2019-11-08 00:00:00,53.4050,53.4662,53.2213,53.4400,3465200
1573482600,2019-11-11 00:00:00,52.5041,52.7665,52.4779,52.7228,1978500
1573569000,2019-11-12 00:00:00,53.0201,53.0989,52.7140,52.7228,2481300
1573655400,2019-11-13 00:00:00,52.2242,52.4166,52.0930,52.2417,3034600
1573741800,2019-11-14 00:00:00,52.6615,52.7927,52.4954,52.7752,3528000
1573828200,2019-11-15 00:00:00,53.7898,53.9035,53.7286,53.8248,2420000
1574087400,2019-11-18 00:00:00,53.4924,53.5799,53.2825,53.4662,2620700
1574173800,2019-11-19 00:00:00,53.3700,53.4137,53.0201,53.1163,2885500
1574260200,2019-11-20 00:00:00,52.5216,52.6703,52.1805,52.5041,4300600
1574346600,2019-11-21 00:00:00,51.5857,51.6382,51.4021,51.5595,2978800
1574433000,2019-11-22 00:00:00,51.7607,51.8131,51.5245,51.6120,1734500
1574692200,2019-11-25 00:00:00,52.2767,52.5216,52.2592,52.4516,3645900
1574778600,2019-11-26 00:00:00,52.2330,52.5828,52.1630,52.4866,2439200
1574865000,2019-11-27 00:00:00,52.2155,52.3817,52.1455,52.3204,2189900
1575037800,2019-11-29 00:00:00,51.2446,51.2446,51.0872,51.1397,1995600
1575297000,2019-12-02 00:00:00,50.9123,50.9473,50.6236,50.8161,3093200
1575383400,2019-12-03 00:00:00,49.9764,50.2301,49.8190,50.2301,3718900
1575469800,2019-12-04 00:00:00,50.3350,50.4750,50.2825,50.3263,3487300
1575556200,2019-12-05 00:00:00,50.0551,50.2476,49.9327,50.1601,2412800
1575642600,2019-12-06 00:00:00,50.6849,50.9473,50.6586,50.8423,2405300
1575901800,2019-12-09 00:00:00,50.6149,50.7111,50.4312,50.4662,1993400
1575988200,2019-12-10 00:00:00,50.8073,50.9910,50.7111,50.9298,2264200
1576074600,2019-12-11 00:00:00,51.0085,51.6732,50.9735,51.5508,5552200
1576161000,2019-12-12 00:00:00,52.1193,53.5449,52.0580,53.3787,7467400
1576247400,2019-12-13 00:00:00,53.3962,53.9298,53.0989,53.5099,4894200
1576506600,2019-12-16 00:00:00,53.8567,54.0980,53.8388,53.9014,2955200
1576593000,2019-12-17 00:00:00,54.5449,54.9292,54.4734,54.8487,5511100
1576679400,2019-12-18 00:00:00,54.6700,54.8398,54.5896,54.8398,4910900
1576765800,2019-12-19 00:00:00,54.6611,55.0364,54.6074,54.9917,2622200
1576852200,2019-12-20 00:00:00,55.3761,55.4207,55.2599,55.3403,2343800
1577111400,2019-12-23 00:00:00,55.0632,55.1437,54.9739,55.1258,3538600
1577197800,2019-12-24 00:00:00,54.7415,54.7415,54.5717,54.7057,1264300
1577370600,2019-12-26 00:00:00,54.9917,55.0990,54.9739,55.0543,999500
1577457000,2019-12-27 00:00:00,55.9034,56.0195,55.6442,55.8497,2352900
1577716200,2019-12-30 00:00:00,55.9123,55.9749,55.2688,55.3224,2547300
1577802600,2019-12-31 00:00:00,55.4922,55.6978,55.3403,55.5816,1292500
1577975400,2020-01-02 00:00:00,55.2241,55.5637,55.1347,55.5637,3203100
1578061800,2020-01-03 00:00:00,54.5717,54.7862,54.4287,54.4376,2362600
1578321000,2020-01-06 00:00:00,53.9014,54.3483,53.8656,54.2410,2142500
1578407400,2020-01-07 00:00:00,54.6879,54.8219,54.5806,54.8219,3211500
1578493800,2020-01-08 00:00:00,54.4287,55.2152,54.4019,54.8577,3505400
1578580200,2020-01-09 00:00:00,55.5459,55.5995,55.2688,55.3761,4220200
1578666600,2020-01-10 00:00:00,55.9749,56.1536,55.8497,56.0285,3902200
1578925800,2020-01-13 00:00:00,56.6541,57.2886,56.5915,57.2797,4237200
1579012200,2020-01-14 00:00:00,56.9490,57.1099,56.7703,57.0920,3809100
1579098600,2020-01-15 00:00:00,56.7077,56.8239,56.3681,56.4575,4634700
1579185000,2020-01-16 00:00:00,57.1188,57.3512,57.0473,57.1457,2344200
1579271400,2020-01-17 00:00:00,57.2172,57.2708,57.0384,57.2350,1496700
1579617000,2020-01-21 00:00:00,56.3413,56.4128,55.9838,55.9927,3159500
1579703400,2020-01-22 00:00:00,57.1457,57.2172,56.9222,57.1010,3977500
1579789800,2020-01-23 00:00:00,56.3324,56.7167,55.9927,56.5290,3648900
1579876200,2020-01-24 00:00:00,56.7167,56.7256,55.8944,56.2162,3378500
1580135400,2020-01-27 00:00:00,53.9014,54.4466,53.4903,54.2589,7166600
1580221800,2020-01-28 00:00:00,53.9282,54.3751,53.8299,54.2142,5564500
1580308200,2020-01-29 00:00:00,54.3393,54.4198,54.1159,54.2499,2273600
1580394600,2020-01-30 00:00:00,52.6680,53.1506,52.3552,53.0434,4622300
1580481000,2020-01-31 00:00:00,51.8190,51.8369,51.1755,51.5240,4950400
1580740200,2020-02-03 00:00:00,51.9888,52.4267,51.9709,52.3552,3284600
1580826600,2020-02-04 00:00:00,53.8656,54.0891,53.7226,53.8388,2837600
1580913000,2020-02-05 00:00:00,54.4913,54.5002,53.9997,54.3393,6382800
1580999400,2020-02-06 00:00:00,55.3761,55.4029,55.0901,55.1079,5181900
1581085800,2020-02-07 00:00:00,54.1784,54.2499,53.8924,54.0265,2713200
1581345000,2020-02-10 00:00:00,54.2142,54.5806,54.2142,54.5359,1708700
1581431400,2020-02-11 00:00:00,55.4118,55.6978,55.2062,55.3403,2790800
1581517800,2020-02-12 00:00:00,56.0195,56.2162,56.0106,56.2162,3106300
1581604200,2020-02-13 00:00:00,55.3492,55.6174,55.2062,55.2599,2546000
1581690600,2020-02-14 00:00:00,55.8408,55.8497,55.4476,55.4922,2875500
1582036200,2020-02-18 00:00:00,54.4555,54.7683,54.4555,54.5896,3525900
1582122600,2020-02-19 00:00:00,54.7058,54.8398,54.5270,54.5806,2741600
1582209000,2020-02-20 00:00:00,53.1060,53.2758,52.5697,52.9183,4167900
1582295400,2020-02-21 00:00:00,52.4982,52.5608,52.0245,52.1675,6010000
1582554600,2020-02-24 00:00:00,49.2629,49.8170,49.2003,49.4416,9289900
1582641000,2020-02-25 00:00:00,50.7912,50.8359,49.4148,49.4148,8378700
1582727400,2020-02-26 00:00:00,50.2013,50.5946,49.8974,50.0136,5631400
1582813800,2020-02-27 00:00:00,49.8259,50.2460,49.0484,49.0663,8302400
1582900200,2020-02-28 00:00:00,47.8865,49.1288,47.6363,49.1199,12284500
1583159400,2020-03-02 00:00:00,49.4148,50.3175,49.0305,50.2371,9138700
1583245800,2020-03-03 00:00:00,49.9779,50.6660,49.3433,49.6293,12651300
1583332200,2020-03-04 00:00:00,51.1040,51.6760,50.9074,51.4615,12263600
1583418600,2020-03-05 00:00:00,50.7465,51.0057,50.1030,50.3354,5705600
1583505000,2020-03-06 00:00:00,49.4953,49.7902,49.2539,49.6383,5982800
1583760600,2020-03-09 00:00:00,46.0633,47.3413,45.9114,46.9034,9003000
1583847000,2020-03-10 00:00:00,48.4853,48.9322,47.4218,48.9054,10229600
1583933400,2020-03-11 00:00:00,47.0285,47.2788,46.0990,46.5102,8070500
1584019800,2020-03-12 00:00:00,42.3543,42.4794,40.2182,41.7019,12217000
1584106200,2020-03-13 00:00:00,44.8121,45.0802,42.6403,44.4456,6567200
1584365400,2020-03-16 00:00:00,38.6542,40.0395,37.3851,37.4208,22305100
1584451800,2020-03-17 00:00:00,38.7972,40.1825,38.1895,40.1199,7463600
1584538200,2020-03-18 00:00:00,36.2054,37.3315,35.4367,36.3484,5889900
1584624600,2020-03-19 00:00:00,34.6324,35.2133,34.1944,34.8558,6639600
1584711000,2020-03-20 00:00:00,37.1348,37.3404,36.0802,36.2679,6087000
1584970200,2020-03-23 00:00:00,35.4367,35.4814,34.2123,34.8290,9019700
1585056600,2020-03-24 00:00:00,39.1100,39.4407,38.6274,39.1636,10552300
1585143000,2020-03-25 00:00:00,41.0584,42.0504,40.3255,41.2729,10220500
1585229400,2020-03-26 00:00:00,41.1835,42.8280,40.9154,42.7565,6686600
1585315800,2020-03-27 00:00:00,40.0574,41.3533,39.8786,40.4953,4160900
1585575000,2020-03-30 00:00:00,40.8975,41.4248,40.5400,41.3622,4038600
1585661400,2020-03-31 00:00:00,42.0057,42.5330,41.7555,41.9342,3649000
1585747800,2020-04-01 00:00:00,39.6999,39.8965,38.9759,39.0474,4235800
1585834200,2020-04-02 00:00:00,40.3970,41.2639,40.3255,41.0047,4695100
1585920600,2020-04-03 00:00:00,40.9511,41.0494,40.1289,40.3523,3336600
1586179800,2020-04-06 00:00:00,42.3275,43.1765,42.3096,43.1586,4605800
1586266200,2020-04-07 00:00:00,44.5976,44.7138,43.5787,43.6323,7039100
1586352600,2020-04-08 00:00:00,43.4625,44.0166,43.0603,43.8647,3843200
1586439000,2020-04-09 00:00:00,44.2222,44.7227,43.6502,43.7396,5172700
1586784600,2020-04-13 00:00:00,43.6145,43.6860,43.0871,43.4983,3138300
1586871000,2020-04-14 00:00:00,44.4635,44.9551,44.2222,44.5618,5346300
1586957400,2020-04-15 00:00:00,43.3374,43.3642,42.8190,43.2033,5228500
1587043800,2020-04-16 00:00:00,43.8915,44.0703,43.3731,43.7485,4597100
1587130200,2020-04-17 00:00:00,45.6522,45.7594,45.0534,45.3751,3864400
1587389400,2020-04-20 00:00:00,44.7674,45.0355,44.3026,44.3831,2794300
1587475800,2020-04-21 00:00:00,43.5251,43.6055,42.9978,43.0871,3795200
1587562200,2020-04-22 00:00:00,44.4456,44.5976,44.2669,44.3652,2986500
1587648600,2020-04-23 00:00:00,44.8657,45.3215,44.4456,44.4724,3621900
1587735000,2020-04-24 00:00:00,44.4278,44.5618,44.0524,44.5261,3550500
1587994200,2020-04-27 00:00:00,45.3036,45.8667,45.2411,45.7415,3167300
1588080600,2020-04-28 00:00:00,46.3225,46.4744,45.7862,45.8041,2974600
1588167000,2020-04-29 00:00:00,46.6532,47.1805,46.5102,47.0822,4491900
1588253400,2020-04-30 00:00:00,46.8408,47.0732,45.7952,46.1348,3788100
1588339800,2020-05-01 00:00:00,44.8746,44.9997,44.1864,44.5439,3965800
1588599000,2020-05-04 00:00:00,44.4099,44.8657,44.2579,44.8389,3682100
1588685400,2020-05-05 00:00:00,45.4198,45.5449,45.0266,45.0891,2876800
1588771800,2020-05-06 00:00:00,45.3126,45.3304,44.7495,44.8389,2417900
1588858200,2020-05-07 00:00:00,45.4556,45.7862,45.3036,45.6432,2131700
1588944600,2020-05-08 00:00:00,45.9024,46.5012,45.8845,46.2867,3793000
1589203800,2020-05-11 00:00:00,45.1874,45.6075,45.0176,45.4377,2929000
1589290200,2020-05-12 00:00:00,45.5360,45.9382,44.9640,45.0266,5397700
1589376600,2020-05-13 00:00:00,45.6075,45.8756,44.7942,45.1070,5186900
1589463000,2020-05-14 00:00:00,44.4188,45.5271,44.2848,45.4556,6467200
1589549400,2020-05-15 00:00:00,44.6512,44.8746,44.4635,44.5976,4078100
1589808600,2020-05-18 00:00:00,45.8041,46.6085,45.8041,46.3940,5900300
1589895000,2020-05-19 00:00:00,46.6442,46.8766,46.3940,46.4297,3943200
1589981400,2020-05-20 00:00:00,46.9749,47.3235,46.8498,47.0017,3699000
1590067800,2020-05-21 00:00:00,46.8230,47.0107,46.3761,46.4655,4502400
1590154200,2020-05-22 00:00:00,45.8041,45.8667,45.4198,45.7862,3656500
1590499800,2020-05-26 00:00:00,47.6541,47.8776,47.2698,47.3682,5701300
1590586200,2020-05-27 00:00:00,47.4486,47.4843,46.8051,47.3860,8864200
1590672600,2020-05-28 00:00:00,47.3950,47.6542,46.9749,47.0285,3870300
1590759000,2020-05-29 00:00:00,47.2967,48.0563,47.1090,47.8687,5404500
1591018200,2020-06-01 00:00:00,48.5568,49.1378,48.4317,49.1020,4367700
1591104600,2020-06-02 00:00:00,49.9511,50.5588,49.8527,50.2996,4914200
1591191000,2020-06-03 00:00:00,51.6760,52.4803,51.6581,52.3999,5316700
1591277400,2020-06-04 00:00:00,51.4257,51.8011,51.1755,51.3632,4579600
1591363800,2020-06-05 00:00:00,53.3383,53.9014,53.2043,53.5975,5563800
1591623000,2020-06-08 00:00:00,53.3473,53.9103,52.9451,53.8299,3856500
1591709400,2020-06-09 00:00:00,52.7127,53.1775,52.4803,53.0523,3291700
1591795800,2020-06-10 00:00:00,53.4992,53.8925,53.0791,53.6422,5777000
1591882200,2020-06-11 00:00:00,51.9977,52.2122,50.6482,50.6929,5989100
1591968600,2020-06-12 00:00:00,51.5419,51.7385,50.5677,51.3721,5577600
1592227800,2020-06-15 00:00:00,48.6820,49.8349,48.3334,49.6025,5469300
1592314200,2020-06-16 00:00:00,51.6134,51.6134,50.1566,50.7465,6343200
1592400600,2020-06-17 00:00:00,51.2380,51.5062,51.0414,51.3185,5218700
1592487000,2020-06-18 00:00:00,51.0235,51.3185,50.9520,51.1576,3619600
1592573400,2020-06-19 00:00:00,51.6402,51.7743,50.6929,50.7197,5796600
1592832600,2020-06-22 00:00:00,50.9699,51.6670,50.8448,51.5866,3878500
1592919000,2020-06-23 00:00:00,51.7743,52.0067,51.5419,51.5777,3097600
1593005400,2020-06-24 00:00:00,51.9977,52.0871,51.1397,51.3900,4229600
1593091800,2020-06-25 00:00:00,50.8984,51.3453,50.8269,51.3006,3575700
1593178200,2020-06-26 00:00:00,51.5240,51.6313,50.8627,51.0057,3160200
1593437400,2020-06-29 00:00:00,50.8001,51.1308,50.5141,51.1219,4066800
1593523800,2020-06-30 00:00:00,51.0861,51.2917,50.7375,51.0593,4742200
1593610200,2020-07-01 00:00:00,51.0235,51.5509,50.9789,51.3542,3681700
1593696600,2020-07-02 00:00:00,52.1765,52.5697,52.0514,52.1854,4306100
1594042200,2020-07-06 00:00:00,53.3562,53.8031,53.2758,53.7405,7238700
1594128600,2020-07-07 00:00:00,52.7038,53.0881,52.5518,52.5608,4490000
1594215000,2020-07-08 00:00:00,52.5876,52.9093,52.3642,52.8915,3782300
1594301400,2020-07-09 00:00:00,52.9630,52.9898,52.0871,52.5697,5582100
1594387800,2020-07-10 00:00:00,52.0692,52.2658,51.8369,52.2212,2654600
1594647000,2020-07-13 00:00:00,52.7753,53.2043,52.2033,52.3016,4409600
1594733400,2020-07-14 00:00:00,51.9083,52.8468,51.8905,52.7753,3646600
1594819800,2020-07-15 00:00:00,53.3383,53.4635,52.9719,53.1864,3472200
1594906200,2020-07-16 00:00:00,52.5429,52.8557,52.4535,52.6502,2711500
1594992600,2020-07-17 00:00:00,53.1417,53.2311,52.8557,53.1238,3132100
1595251800,2020-07-20 00:00:00,53.0434,53.4724,52.8736,53.4009,1995900
1595338200,2020-07-21 00:00:00,53.9103,54.0265,53.6511,53.7137,3300100
1595424600,2020-07-22 00:00:00,53.5796,53.6869,53.2490,53.5081,2301100
1595511000,2020-07-23 00:00:00,52.9361,53.1417,52.4356,52.7216,4188900
1595597400,2020-07-24 00:00:00,52.5965,52.7663,52.4267,52.6502,2883300
1595856600,2020-07-27 00:00:00,53.4098,53.7763,53.2132,53.6958,3654000
1595943000,2020-07-28 00:00:00,53.9461,54.1248,53.7673,53.8299,3000900
1596029400,2020-07-29 00:00:00,54.5806,55.0454,54.5359,54.8666,4540300
1596115800,2020-07-30 00:00:00,54.1606,54.4019,53.6780,54.3929,4697700
1596202200,2020-07-31 00:00:00,54.2589,54.2946,53.3115,53.8567,6057000
1596461400,2020-08-03 00:00:00,54.3125,54.4913,54.1248,54.4913,3314100
1596547800,2020-08-04 00:00:00,54.5628,55.2062,54.5628,55.1794,2845800
1596634200,2020-08-05 00:00:00,56.2072,56.7435,56.1983,56.5200,3734800
1596720600,2020-08-06 00:00:00,56.9133,57.2440,56.7345,57.2350,3643600
1596807000,2020-08-07 00:00:00,57.0831,57.3155,56.8865,57.0652,4272700
1597066200,2020-08-10 00:00:00,58.0662,58.3165,57.8875,58.3075,2812300
1597152600,2020-08-11 00:00:00,59.3711,59.4694,58.6829,58.8170,4628100
1597239000,2020-08-12 00:00:00,59.6392,60.0056,59.5588,59.7733,3252900
1597325400,2020-08-13 00:00:00,59.5677,59.7732,59.3264,59.4604,2727800
1597411800,2020-08-14 00:00:00,58.5488,58.9510,58.4237,58.8616,3000300
1597671000,2020-08-17 00:00:00,59.4247,59.8805,59.3175,59.5230,3353100
1597757400,2020-08-18 00:00:00,57.7445,57.7713,57.1725,57.6640,4904200
1597843800,2020-08-19 00:00:00,57.9232,58.0305,57.4138,57.5032,3614100
1597930200,2020-08-20 00:00:00,55.0186,56.0017,54.9292,55.8140,5758600
1598016600,2020-08-21 00:00:00,55.8051,56.0821,55.6174,56.0642,3401000
1598275800,2020-08-24 00:00:00,57.0295,57.0652,56.6094,56.8150,2400100
1598362200,2020-08-25 00:00:00,57.5389,57.6819,57.3512,57.6640,2623300
1598448600,2020-08-26 00:00:00,57.7623,58.1109,57.6998,58.0305,3111400
1598535000,2020-08-27 00:00:00,57.6372,57.6372,56.7613,57.0116,3895300
1598621400,2020-08-28 00:00:00,57.6104,57.7713,57.4495,57.7623,2961100
1598880600,2020-08-31 00:00:00,56.2519,56.6362,55.8497,56.3681,4569200
1598967000,2020-09-01 00:00:00,56.9669,57.2172,56.8686,57.1814,3611900
1599053400,2020-09-02 00:00:00,57.3244,57.3870,56.8775,57.1814,4506700
1599139800,2020-09-03 00:00:00,57.7355,57.7445,56.4664,56.5737,5704500
1599226200,2020-09-04 00:00:00,57.0920,57.4048,56.1089,56.9669,6076300
1599571800,2020-09-08 00:00:00,57.1188,57.4853,56.9133,56.9937,4818500
1599658200,2020-09-09 00:00:00,57.7802,57.8964,57.4853,57.7445,5187400
1599744600,2020-09-10 00:00:00,57.9321,58.0036,57.0027,57.0295,5472400
1599831000,2020-09-11 00:00:00,57.7892,57.9053,57.3155,57.6462,4348600
1600090200,2020-09-14 00:00:00,58.7097,58.9600,58.6471,58.8438,3626900
1600176600,2020-09-15 00:00:00,59.5766,59.6749,59.4336,59.5230,3956500
1600263000,2020-09-16 00:00:00,59.7822,60.0056,59.4873,59.5498,4562300
1600349400,2020-09-17 00:00:00,58.9242,59.3711,58.7276,59.3711,4024400
1600435800,2020-09-18 00:00:00,59.5766,59.6303,58.9242,59.0225,3016600
1600695000,2020-09-21 00:00:00,58.3075,58.5399,57.7892,58.5131,4267600
1600781400,2020-09-22 00:00:00,57.8428,57.8696,57.1903,57.6015,3669300
1600867800,2020-09-23 00:00:00,57.5746,57.6372,56.6005,56.6898,4439900
1600954200,2020-09-24 00:00:00,55.6442,56.5647,55.5101,56.1268,4321000
1601040600,2020-09-25 00:00:00,55.6710,56.3681,55.5012,56.3055,4355800
1601299800,2020-09-28 00:00:00,57.4138,57.5747,57.1457,57.5121,3921500
1601386200,2020-09-29 00:00:00,57.5568,57.8696,57.4227,57.6730,2515400
1601472600,2020-09-30 00:00:00,58.0215,58.6382,57.9768,58.3969,6028600
1601559000,2020-10-01 00:00:00,58.8348,59.0225,58.5756,58.9957,3088300
1601645400,2020-10-02 00:00:00,57.8964,58.7008,57.7355,58.2628,3029800
1601904600,2020-10-05 00:00:00,59.0136,59.5856,59.0136,59.5498,2919500
1601991000,2020-10-06 00:00:00,59.1923,59.4962,58.7097,58.8080,4231100
1602077400,2020-10-07 00:00:00,59.8805,60.3184,59.8358,60.2112,3649800
1602163800,2020-10-08 00:00:00,60.3006,60.6134,60.1486,60.5151,3912500
1602250200,2020-10-09 00:00:00,61.0602,61.2122,60.7832,61.0781,2661100
1602509400,2020-10-12 00:00:00,60.6581,60.9172,60.5240,60.7653,4967500
1602595800,2020-10-13 00:00:00,60.4972,60.5329,60.0324,60.2559,3320600
1602682200,2020-10-14 00:00:00,59.9073,60.1129,59.6481,59.7822,3338000
1602768600,2020-10-15 00:00:00,59.0493,59.5766,58.9599,59.4783,3157100
1602855000,2020-10-16 00:00:00,59.6749,59.7911,59.4157,59.4783,2937600
1603114200,2020-10-19 00:00:00,59.5766,59.7643,59.2459,59.3889,3741200
1603200600,2020-10-20 00:00:00,59.9520,60.4972,59.8894,60.1307,4051800
1603287000,2020-10-21 00:00:00,60.4972,60.8547,60.4346,60.5061,4356200
1603373400,2020-10-22 00:00:00,60.2737,60.3542,59.9877,60.2022,4210300
1603459800,2020-10-23 00:00:00,60.8725,61.0424,60.6670,61.0424,2934100
1603719000,2020-10-26 00:00:00,60.1754,60.4257,59.6124,60.0324,4002900
1603805400,2020-10-27 00:00:00,60.0146,60.0592,59.7464,59.9163,2769600
1603891800,2020-10-28 00:00:00,59.4068,59.5230,58.9242,59.0136,4849900
1603978200,2020-10-29 00:00:00,59.1834,59.4426,58.8348,59.3085,6824200
1604064600,2020-10-30 00:00:00,58.3522,58.4684,57.6104,58.0036,5182900
1604327400,2020-11-02 00:00:00,58.9599,59.0314,58.7097,59.0046,3519800
1604413800,2020-11-03 00:00:00,60.1844,60.3989,60.0771,60.2827,4114900
1604500200,2020-11-04 00:00:00,60.3989,61.8020,60.3721,61.5071,5879100
1604586600,2020-11-05 00:00:00,62.6868,63.1784,62.4813,62.9639,4508100
1604673000,2020-11-06 00:00:00,62.6332,62.9639,62.4545,62.7583,3874500
1604932200,2020-11-09 00:00:00,64.7335,64.7871,63.3482,63.3750,5992000
1605018600,2020-11-10 00:00:00,63.6878,64.1526,63.4912,63.9559,4170100
1605105000,2020-11-11 00:00:00,64.7692,64.8854,64.4564,64.8050,3961300
1605191400,2020-11-12 00:00:00,64.6262,64.7782,64.0364,64.1794,3006000
1605277800,2020-11-13 00:00:00,65.5021,65.7524,65.2966,65.7256,3953100
1605537000,2020-11-16 00:00:00,66.6729,66.9947,66.5478,66.9678,4969700
1605623400,2020-11-17 00:00:00,66.6103,67.1019,66.4942,66.9232,4295100
1605709800,2020-11-18 00:00:00,67.0840,67.2896,66.8606,66.8874,6181900
1605796200,2020-11-19 00:00:00,66.1456,66.7623,66.0830,66.6729,4081700
1605882600,2020-11-20 00:00:00,66.5835,66.9321,66.5210,66.7265,3343700
1606141800,2020-11-23 00:00:00,68.0850,68.2638,67.6471,68.0225,4520400
1606228200,2020-11-24 00:00:00,68.4783,69.1843,68.3174,69.1575,4242000
1606314600,2020-11-25 00:00:00,68.5498,68.7196,68.2191,68.5766,3521300
1606487400,2020-11-27 00:00:00,69.4256,69.7742,69.3631,69.5865,2332200
1606746600,2020-11-30 00:00:00,68.4336,68.6928,68.1029,68.2995,6469700
1606833000,2020-12-01 00:00:00,69.2469,69.7563,69.0056,69.6312,3615800
1606919400,2020-12-02 00:00:00,70.7305,71.0969,70.5875,70.9361,4067300
1607005800,2020-12-03 00:00:00,72.1962,72.5627,72.0264,72.1783,3628000
1607092200,2020-12-04 00:00:00,73.6441,74.1803,73.6262,74.1714,3922400
1607351400,2020-12-07 00:00:00,74.4037,74.5914,74.0373,74.3144,3351300
1607437800,2020-12-08 00:00:00,72.7503,72.9202,72.5984,72.7325,4452700
1607524200,2020-12-09 00:00:00,74.2608,74.2608,73.0185,73.4653,4555000
1607610600,2020-12-10 00:00:00,73.3402,74.2786,73.2508,74.2071,4145700
1607697000,2020-12-11 00:00:00,73.8318,74.0373,73.6441,73.6709,3667300
1607956200,2020-12-14 00:00:00,73.9051,73.9321,73.2296,73.2656,4341800
1608042600,2020-12-15 00:00:00,73.5808,74.3554,73.4457,74.3283,4092100
1608129000,2020-12-16 00:00:00,73.8510,74.0582,73.4908,73.7610,4972300
1608215400,2020-12-17 00:00:00,73.7519,73.7790,73.5358,73.5898,3608400
1608301800,2020-12-18 00:00:00,73.4367,73.4818,72.9864,73.1485,4225800
1608561000,2020-12-21 00:00:00,71.9687,72.7072,71.7976,72.4550,3776800
1608647400,2020-12-22 00:00:00,71.9237,71.9237,71.2932,71.3203,3524900
1608733800,2020-12-23 00:00:00,72.5721,73.0044,72.5271,72.7973,2251800
1608820200,2020-12-24 00:00:00,73.8960,74.1302,73.7159,73.9951,1341400
1609165800,2020-12-28 00:00:00,74.7877,74.9047,74.6256,74.6886,2706800
1609252200,2020-12-29 00:00:00,75.9134,76.2377,75.7783,76.1566,3147600
1609338600,2020-12-30 00:00:00,77.6066,77.9218,77.5526,77.5886,3409600
1609425000,2020-12-31 00:00:00,77.8318,77.8588,77.1023,77.4985,2796000
1609770600,2021-01-04 00:00:00,80.4346,80.7858,79.1106,79.5429,5059400
1609857000,2021-01-05 00:00:00,80.8849,81.6504,80.8128,81.5333,4274900
1609943400,2021-01-06 00:00:00,80.4075,81.8575,80.2724,81.4162,5960600
1610029800,2021-01-07 00:00:00,82.1367,82.9653,81.9836,82.9473,4788700
1610116200,2021-01-08 00:00:00,86.0364,86.7299,85.3880,86.6579,5838300
1610375400,2021-01-11 00:00:00,85.2889,86.1985,85.2439,85.9193,4530500
1610461800,2021-01-12 00:00:00,84.8476,85.4240,84.6405,85.2169,5025700
1610548200,2021-01-13 00:00:00,85.2169,85.3700,85.0097,85.1989,3213400
1610634600,2021-01-14 00:00:00,85.9464,86.3336,85.6041,85.7933,3797800
1610721000,2021-01-15 00:00:00,83.1634,83.4426,82.7041,83.0644,3837400
1611066600,2021-01-19 00:00:00,83.9290,84.2802,83.1544,83.4246,5228600
1611153000,2021-01-20 00:00:00,84.0551,84.5954,83.8209,84.5774,3424700
1611239400,2021-01-21 00:00:00,85.8203,86.4958,85.4961,86.4958,4654300
1611325800,2021-01-22 00:00:00,84.2082,84.6765,84.1631,84.4964,3312900
1611585000,2021-01-25 00:00:00,86.0815,86.2976,85.3069,86.2436,4198200
1611671400,2021-01-26 00:00:00,84.9467,85.1538,84.4603,84.9016,2909400
1611757800,2021-01-27 00:00:00,82.8392,82.9203,81.8035,81.8035,5118900
1611844200,2021-01-28 00:00:00,82.1277,83.6138,81.9746,82.9743,4556100
1611930600,2021-01-29 00:00:00,80.1554,80.5246,79.2277,79.3448,6508000
1612189800,2021-02-01 00:00:00,81.5784,82.7492,81.3532,82.5690,4503400
1612276200,2021-02-02 00:00:00,83.1905,83.4156,82.8752,83.0284,3969200
1612362600,2021-02-03 00:00:00,83.7488,83.9470,83.2445,83.7759,2582300
1612449000,2021-02-04 00:00:00,82.1998,82.6951,81.5874,82.5060,3090000
1612535400,2021-02-05 00:00:00,83.2355,83.7579,82.8212,83.7218,2563100
1612794600,2021-02-08 00:00:00,82.1818,82.8662,82.1187,82.7041,2399900
1612881000,2021-02-09 00:00:00,82.3709,83.2715,82.2538,83.1364,4317200
1612967400,2021-02-10 00:00:00,83.9830,84.2262,83.3436,83.7218,2409200
1613053800,2021-02-11 00:00:00,84.3793,84.9377,84.2802,84.6405,2634000
1613140200,2021-02-12 00:00:00,84.1631,84.9287,84.0731,84.7485,2383000
1613485800,2021-02-16 00:00:00,84.7756,84.9557,84.1812,84.3163,2300600
1613572200,2021-02-17 00:00:00,83.3436,83.8479,83.1815,83.7488,2134500
1613658600,2021-02-18 00:00:00,82.2898,82.6321,81.4793,82.5060,2901600
1613745000,2021-02-19 00:00:00,83.6858,84.3343,83.6228,83.8479,2524700
1614004200,2021-02-22 00:00:00,81.8305,82.4429,81.6144,81.6684,3171300
1614090600,2021-02-23 00:00:00,81.3172,82.1187,80.5787,81.9476,3239500
1614177000,2021-02-24 00:00:00,80.1554,81.1461,79.7861,81.0470,4200700
1614263400,2021-02-25 00:00:00,82.4429,82.7852,79.8852,80.1644,5470400
1614349800,2021-02-26 00:00:00,79.5609,79.7771,78.4892,79.2277,6702100
1614609000,2021-03-01 00:00:00,80.5426,81.7315,80.3985,81.3442,4044600
1614695400,2021-03-02 00:00:00,80.5606,80.8669,79.8582,80.5426,3233200
1614781800,2021-03-03 00:00:00,80.9569,81.2541,80.2094,80.3085,3602500
1614868200,2021-03-04 00:00:00,80.4976,81.0110,78.3361,78.8495,4726800
1614954600,2021-03-05 00:00:00,80.1734,80.2724,78.6783,80.1644,4633100
1615213800,2021-03-08 00:00:00,78.3541,78.6063,77.6516,78.1830,8178900
1615300200,2021-03-09 00:00:00,78.4082,79.3268,78.3001,78.7684,5123400
1615386600,2021-03-10 00:00:00,78.0119,78.0119,77.1203,77.6066,4366200
1615473000,2021-03-11 00:00:00,79.7771,80.0833,79.3358,79.9302,4650400
1615559400,2021-03-12 00:00:00,79.6420,79.7051,78.9485,79.2818,3378600
1615815000,2021-03-15 00:00:00,79.9302,80.4706,79.4799,80.4075,2674800
1615901400,2021-03-16 00:00:00,80.7588,81.0200,80.3265,80.5517,3540500
1615987800,2021-03-17 00:00:00,79.5339,81.1280,79.2908,80.7318,3995900
1616074200,2021-03-18 00:00:00,79.9122,80.2724,78.9035,78.9215,4778400
1616160600,2021-03-19 00:00:00,79.3358,80.1464,78.9575,80.0473,6128200
1616419800,2021-03-22 00:00:00,79.7861,80.4616,79.3448,80.2364,3386200
1616506200,2021-03-23 00:00:00,78.5973,78.6964,77.7237,77.8858,4770400
1616592600,2021-03-24 00:00:00,78.3901,78.4442,77.4355,77.4625,3907200
1616679000,2021-03-25 00:00:00,77.7507,78.7774,77.6336,78.6513,4986000
1616765400,2021-03-26 00:00:00,79.2097,80.3445,79.0476,80.2815,4385800
1617024600,2021-03-29 00:00:00,79.4439,79.7501,79.0386,79.4529,3896200
1617111000,2021-03-30 00:00:00,79.9572,80.0743,79.5700,79.7951,3248400
1617197400,2021-03-31 00:00:00,80.2274,81.0830,80.1374,80.7858,3130600
1617283800,2021-04-01 00:00:00,81.4342,81.7855,81.3622,81.6774,3194800
1617629400,2021-04-05 00:00:00,82.1998,82.8572,82.1097,82.7311,3623400
1617715800,2021-04-06 00:00:00,82.6591,83.1004,82.4790,82.8212,2052400
1617802200,2021-04-07 00:00:00,82.8212,82.8212,82.0287,82.3169,3778700
1617888600,2021-04-08 00:00:00,82.8392,83.0464,82.5961,82.6231,3550200
1617975000,2021-04-09 00:00:00,82.2178,82.3079,81.9566,82.2358,2508200
1618234200,2021-04-12 00:00:00,82.0106,82.1187,81.6054,81.8215,2612000
1618320600,2021-04-13 00:00:00,83.2805,83.5057,83.0193,83.2895,6086600
1618407000,2021-04-14 00:00:00,84.2082,84.3343,83.8299,83.9830,3824000
1618493400,2021-04-15 00:00:00,84.6134,84.7846,84.1992,84.6405,5017200
1618579800,2021-04-16 00:00:00,84.5504,84.5594,84.1001,84.1541,4813400
1618839000,2021-04-19 00:00:00,84.2892,84.3883,83.8749,84.1181,3092900
1618925400,2021-04-20 00:00:00,84.3883,84.5324,83.6498,83.9380,3945800
1619011800,2021-04-21 00:00:00,82.6591,83.7669,82.4700,83.7308,3470600
1619098200,2021-04-22 00:00:00,83.2535,83.2535,82.1548,82.3349,4201000
1619184600,2021-04-23 00:00:00,83.3706,83.8209,83.2895,83.6137,3791200
1619443800,2021-04-26 00:00:00,84.2982,84.4153,84.0911,84.2892,4658100
1619530200,2021-04-27 00:00:00,84.2262,84.2532,83.6768,83.8749,5767200
1619616600,2021-04-28 00:00:00,83.1815,83.9470,83.0464,83.6588,3952100
1619703000,2021-04-29 00:00:00,83.5957,83.7308,82.8302,83.4877,2666900
1619789400,2021-04-30 00:00:00,82.3079,82.3259,81.3802,81.5603,3688600
1620048600,2021-05-03 00:00:00,81.3262,81.7224,80.9839,81.3982,3172500
1620135000,2021-05-04 00:00:00,81.4162,81.5333,80.8488,81.3712,4359400
1620221400,2021-05-05 00:00:00,81.5964,81.6954,81.2361,81.5964,2359300
1620307800,2021-05-06 00:00:00,82.5510,83.1634,82.3259,83.0824,3685400
1620394200,2021-05-07 00:00:00,83.6768,84.6765,83.6138,84.2982,4502100
1620653400,2021-05-10 00:00:00,85.3520,85.4330,83.9650,84.0551,4171500
1620739800,2021-05-11 00:00:00,82.3889,83.1454,82.2988,82.9833,3671200
1620826200,2021-05-12 00:00:00,80.5516,80.8218,79.3538,79.4169,5447300
1620912600,2021-05-13 00:00:00,79.8041,80.4706,79.7501,80.3535,5319100
1620999000,2021-05-14 00:00:00,81.1100,81.6324,81.0110,81.5333,3687200
1621258200,2021-05-17 00:00:00,79.7411,80.1644,79.6150,80.0113,3126700
1621344600,2021-05-18 00:00:00,81.3172,81.6774,81.2001,81.3892,2495300
1621431000,2021-05-19 00:00:00,80.3175,81.7585,80.2094,81.1280,3542000
1621517400,2021-05-20 00:00:00,81.1460,81.7405,81.1100,81.5964,3174900
1621603800,2021-05-21 00:00:00,81.5153,81.5153,80.5336,80.6057,3257400
1621863000,2021-05-24 00:00:00,81.0290,81.5243,80.8128,81.4433,1895000
1621949400,2021-05-25 00:00:00,82.1547,82.2628,81.7675,82.1457,4095700
1622035800,2021-05-26 00:00:00,82.1187,82.4970,82.0557,82.4700,3897400
1622122200,2021-05-27 00:00:00,81.7314,82.0827,81.6504,81.7675,3228300
1622208600,2021-05-28 00:00:00,82.4790,82.9473,82.4790,82.8843,3082900
1622554200,2021-06-01 00:00:00,84.2172,84.3162,83.9920,84.1721,2966300
1622640600,2021-06-02 00:00:00,83.6498,83.9920,83.5057,83.6948,2166800
1622727000,2021-06-03 00:00:00,83.5147,83.7038,83.2985,83.5057,3387700
1622813400,2021-06-04 00:00:00,84.4153,84.5504,84.1091,84.4784,3591600
1623072600,2021-06-07 00:00:00,84.3703,84.3703,83.6588,84.0641,4663500
1623159000,2021-06-08 00:00:00,83.6498,83.6498,83.2265,83.4967,1719000
1623245400,2021-06-09 00:00:00,82.9473,82.9743,82.4069,82.4520,2177000
1623331800,2021-06-10 00:00:00,82.9923,83.5237,82.8572,83.4697,3109700
1623418200,2021-06-11 00:00:00,83.6588,83.7308,83.2265,83.4336,3660600
1623677400,2021-06-14 00:00:00,83.6228,83.7579,83.4516,83.7308,2303600
1623763800,2021-06-15 00:00:00,83.8029,83.8029,83.4066,83.6408,1786600
1623850200,2021-06-16 00:00:00,84.1631,84.4063,82.3799,82.7492,4275900
1623936600,2021-06-17 00:00:00,82.8572,83.0824,82.5150,82.6051,3756500
1624023000,2021-06-18 00:00:00,82.4429,82.5600,81.8575,82.0467,4360900
1624282200,2021-06-21 00:00:00,82.2538,82.9383,82.1097,82.9113,2496600
1624368600,2021-06-22 00:00:00,82.4519,82.9833,82.1728,82.8302,2049500
1624455000,2021-06-23 00:00:00,83.0644,83.5777,83.0644,83.1724,2715700
1624541400,2021-06-24 00:00:00,83.9830,84.2352,83.8929,84.1631,2039300
1624627800,2021-06-25 00:00:00,84.6045,84.7215,84.2442,84.6675,2197400
1624887000,2021-06-28 00:00:00,84.1091,84.1992,83.9380,84.1541,1634700
1624973400,2021-06-29 00:00:00,83.5327,83.8659,83.3886,83.8389,1993100
1625059800,2021-06-30 00:00:00,83.9920,84.0911,83.6858,83.9200,2612400
1625146200,2021-07-01 00:00:00,83.3976,83.5057,82.9923,83.3976,2732600
1625232600,2021-07-02 00:00:00,83.5597,83.8749,83.2085,83.7579,1911800
1625578200,2021-07-06 00:00:00,83.7399,83.7399,82.8662,83.1454,2883300
1625664600,2021-07-07 00:00:00,83.0464,83.1454,82.3079,82.4790,2796500
1625751000,2021-07-08 00:00:00,80.5606,80.7858,80.1824,80.6417,4283400
1625837400,2021-07-09 00:00:00,80.8669,81.2721,80.8038,81.2451,3364600
1626096600,2021-07-12 00:00:00,81.4253,81.9656,81.3352,81.8666,2356100
1626183000,2021-07-13 00:00:00,81.8756,82.1998,81.5603,81.6594,2989900
1626269400,2021-07-14 00:00:00,82.1728,82.3619,81.7134,82.2088,2308700
1626355800,2021-07-15 00:00:00,82.5600,82.7762,82.3709,82.5510,2743900
1626442200,2021-07-16 00:00:00,82.5240,82.5510,81.6234,81.6954,2660600
1626701400,2021-07-19 00:00:00,80.1914,80.2184,79.5970,79.8041,4093200
1626787800,2021-07-20 00:00:00,80.2544,81.2091,80.0833,81.0020,3211500
1626874200,2021-07-21 00:00:00,79.8041,80.6597,79.7051,80.5697,4129400
1626960600,2021-07-22 00:00:00,81.1280,81.2992,80.7768,81.2361,2729600
1627047000,2021-07-23 00:00:00,81.0290,81.2091,80.6777,81.1911,3076000
1627306200,2021-07-26 00:00:00,80.1644,81.1100,80.1284,81.0830,5143900
1627392600,2021-07-27 00:00:00,80.3985,80.4436,79.6600,80.2724,4542400
1627479000,2021-07-28 00:00:00,80.5787,81.0560,79.7051,81.0200,4792600
1627565400,2021-07-29 00:00:00,81.2902,81.7855,81.2721,81.6054,4177800
1627651800,2021-07-30 00:00:00,79.7861,80.1193,79.6330,79.9302,2781300
1627911000,2021-08-02 00:00:00,80.1554,80.2905,79.8672,79.9122,4575700
1627997400,2021-08-03 00:00:00,80.7858,81.1821,80.4075,81.1010,2531100
1628083800,2021-08-04 00:00:00,82.2718,82.5690,82.0017,82.2178,2851900
1628170200,2021-08-05 00:00:00,82.3889,82.4700,82.2268,82.4159,3040900
1628256600,2021-08-06 00:00:00,81.6774,81.7675,81.3532,81.4072,2277100
1628515800,2021-08-09 00:00:00,81.4162,81.6054,81.2902,81.3262,2181300
1628602200,2021-08-10 00:00:00,80.3265,80.3355,80.0203,80.1644,3106900
1628688600,2021-08-11 00:00:00,79.7501,79.7501,79.3358,79.6060,2925700
1628775000,2021-08-12 00:00:00,78.7234,78.7774,78.3181,78.6513,3296600
1628861400,2021-08-13 00:00:00,77.7327,77.8228,77.4085,77.7687,5014000
1629120600,2021-08-16 00:00:00,76.9041,77.4355,76.8321,77.4085,3008400
1629207000,2021-08-17 00:00:00,75.6973,75.8864,75.3731,75.6162,3609600
1629293400,2021-08-18 00:00:00,76.4989,76.7240,75.9405,75.9945,4007400
1629379800,2021-08-19 00:00:00,74.1933,74.9948,74.0762,74.7516,3629700
1629466200,2021-08-20 00:00:00,73.5448,74.5355,73.5178,74.4094,3143000
1629725400,2021-08-23 00:00:00,75.1569,75.7964,75.1389,75.6072,4023900
1629811800,2021-08-24 00:00:00,76.6970,77.0842,76.6970,76.9942,3512800
1629898200,2021-08-25 00:00:00,76.8051,77.1293,76.6610,77.0392,2887900
1629984600,2021-08-26 00:00:00,76.2647,76.2647,75.8684,76.0756,2993700
1630071000,2021-08-27 00:00:00,76.0936,77.2374,76.0395,77.1833,2937100
1630330200,2021-08-30 00:00:00,76.7060,76.9492,76.5439,76.5439,1904900
1630416600,2021-08-31 00:00:00,78.3451,78.3902,78.0479,78.0749,3739600
1630503000,2021-09-01 00:00:00,78.5072,79.0026,78.4982,78.9665,3355000
1630589400,2021-09-02 00:00:00,78.1020,78.3181,77.9128,77.9939,2873400
1630675800,2021-09-03 00:00:00,78.7414,79.0476,78.6243,78.9846,1512600
1631021400,2021-09-07 00:00:00,77.7597,78.0389,77.6967,77.8408,3315600
1631107800,2021-09-08 00:00:00,76.8861,76.9311,76.3457,76.5349,3536100
1631194200,2021-09-09 00:00:00,75.6072,75.6252,75.2650,75.3280,3140000
1631280600,2021-09-10 00:00:00,75.9765,75.9765,75.2109,75.3010,3179800
1631539800,2021-09-13 00:00:00,75.7333,76.0125,75.6072,75.8684,4362300
1631626200,2021-09-14 00:00:00,76.6159,76.6159,75.8324,75.9765,3875600
1631712600,2021-09-15 00:00:00,76.5078,76.7420,76.2827,76.7420,2552900
1631799000,2021-09-16 00:00:00,75.3280,75.4541,75.0849,75.3100,2516500
1631885400,2021-09-17 00:00:00,75.3370,75.4271,74.7697,74.8237,2560100
1632144600,2021-09-20 00:00:00,72.8874,73.4998,72.4641,72.9954,4791300
1632231000,2021-09-21 00:00:00,73.4908,73.5178,72.9684,73.0405,3822400
1632317400,2021-09-22 00:00:00,73.7339,74.4094,73.5898,73.8420,3505300
1632403800,2021-09-23 00:00:00,75.3911,75.8234,75.2740,75.6162,3374800
1632490200,2021-09-24 00:00:00,74.6616,74.7516,74.2653,74.3103,2704900
1632749400,2021-09-27 00:00:00,74.5625,74.9768,74.4905,74.7516,2711200
1632835800,2021-09-28 00:00:00,73.3197,73.3287,72.8063,72.9504,4310000
1632922200,2021-09-29 00:00:00,72.6262,72.6802,72.0588,72.1038,3352500
1633008600,2021-09-30 00:00:00,73.1575,73.3647,72.5901,72.6442,5065800
1633095000,2021-10-01 00:00:00,72.2389,72.6082,71.7706,72.4911,3354400
1633354200,2021-10-04 00:00:00,72.1218,72.1488,71.0681,71.4734,4263300
1633440600,2021-10-05 00:00:00,70.7799,71.3113,70.6718,71.0501,4341600
1633527000,2021-10-06 00:00:00,68.8616,69.5551,68.6814,69.5100,4962500
1633613400,2021-10-07 00:00:00,70.4106,70.9420,70.3656,70.6808,3245800
1633699800,2021-10-08 00:00:00,70.3926,70.4467,70.0594,70.2035,3591300
1633959000,2021-10-11 00:00:00,70.2936,70.7078,70.0594,70.0594,2339400
1634045400,2021-10-12 00:00:00,69.2578,69.2668,68.8165,68.8706,4787600
1634131800,2021-10-13 00:00:00,70.1134,70.5728,69.8252,70.5007,3722000
1634218200,2021-10-14 00:00:00,71.3383,71.6175,71.1762,71.6085,5031300
1634304600,2021-10-15 00:00:00,72.0498,72.5271,71.9957,72.3830,3465100
1634563800,2021-10-18 00:00:00,71.5905,71.9147,71.4914,71.7255,2854100
1634650200,2021-10-19 00:00:00,72.6172,73.1665,72.5451,73.0405,3662700
1634736600,2021-10-20 00:00:00,72.8513,72.9054,72.5811,72.6352,2497000
1634823000,2021-10-21 00:00:00,72.3650,72.4190,72.0858,72.2479,3994100
1634909400,2021-10-22 00:00:00,72.5361,72.8423,72.1218,72.3740,3350500
1635168600,2021-10-25 00:00:00,73.1846,73.5178,73.1125,73.3467,3032700
1635255000,2021-10-26 00:00:00,74.2113,74.2563,73.7970,73.8780,3119200
1635341400,2021-10-27 00:00:00,73.0765,73.3287,72.9144,72.9414,2635300
1635427800,2021-10-28 00:00:00,72.8243,73.1485,72.7072,73.0314,7000300
1635514200,2021-10-29 00:00:00,71.4193,71.7165,71.1221,71.5905,5394300
1635773400,2021-11-01 00:00:00,71.6715,71.9147,71.6085,71.9057,3339300
1635859800,2021-11-02 00:00:00,72.6082,72.7252,72.4190,72.4550,2482400
1635946200,2021-11-03 00:00:00,71.1221,71.7165,70.7709,71.5994,4940100
1636032600,2021-11-04 00:00:00,71.5815,71.7165,71.2392,71.6625,3513900
1636119000,2021-11-05 00:00:00,71.5364,71.6895,71.3833,71.5724,2786600
1636381800,2021-11-08 00:00:00,71.5724,71.7616,71.4373,71.7346,3034000
1636468200,2021-11-09 00:00:00,71.7706,71.8606,71.1221,71.2392,2517000
1636554600,2021-11-10 00:00:00,70.7709,70.9240,69.8342,69.9964,4704600
1636641000,2021-11-11 00:00:00,70.7709,71.1221,70.7259,70.8339,3323000
1636727400,2021-11-12 00:00:00,71.4914,71.8877,71.4283,71.7976,3335500
1636986600,2021-11-15 00:00:00,72.3560,72.4460,71.8246,71.9237,2364700
1637073000,2021-11-16 00:00:00,71.8967,72.0047,71.6535,71.7796,4688600
1637159400,2021-11-17 00:00:00,71.1852,71.2212,70.7349,70.8609,5047100
1637245800,2021-11-18 00:00:00,70.4467,70.5547,70.0594,70.4557,3665800
1637332200,2021-11-19 00:00:00,70.6988,70.8700,70.5367,70.6358,2640700
1637591400,2021-11-22 00:00:00,72.3650,72.6892,72.0408,72.0768,3977400
1637677800,2021-11-23 00:00:00,71.5995,71.8156,71.3203,71.5184,4252300
1637764200,2021-11-24 00:00:00,71.2932,71.4464,71.0951,71.3203,3897400
1637937000,2021-11-26 00:00:00,68.9066,68.9246,67.9519,68.2311,4813400
1638196200,2021-11-29 00:00:00,68.9066,69.0597,68.3932,68.7805,5305200
1638282600,2021-11-30 00:00:00,67.8889,68.4923,67.4386,68.2041,9311500
1638369000,2021-12-01 00:00:00,70.2485,70.9510,69.6271,69.6451,7110100
1638455400,2021-12-02 00:00:00,70.9780,71.5995,70.9240,71.2032,6669900
1638541800,2021-12-03 00:00:00,71.2933,71.4193,70.5187,70.8700,5559300
1638801000,2021-12-06 00:00:00,71.4824,71.8696,71.2662,71.8516,4970100
1638887400,2021-12-07 00:00:00,72.6532,73.1125,72.6082,72.9774,4008800
1638973800,2021-12-08 00:00:00,72.7883,73.2926,72.6352,73.1846,3705600
1639060200,2021-12-09 00:00:00,72.9234,72.9864,72.6982,72.7342,3666600
1639146600,2021-12-10 00:00:00,72.7162,72.9144,72.6082,72.7162,4238600
1639405800,2021-12-13 00:00:00,72.3014,72.3014,71.6576,71.7680,3604400
1639492200,2021-12-14 00:00:00,71.4736,71.7956,71.1609,71.4461,3523000
1639578600,2021-12-15 00:00:00,71.5564,72.4578,71.1701,72.3842,5765400
1639665000,2021-12-16 00:00:00,72.2830,72.6141,71.7864,71.9519,4298400
1639751400,2021-12-17 00:00:00,72.2922,72.4578,72.0899,72.2646,4504800
1640010600,2021-12-20 00:00:00,70.8942,71.0966,70.6183,70.8390,3280600
1640097000,2021-12-21 00:00:00,71.2069,71.6944,71.0138,71.6208,2979300
1640183400,2021-12-22 00:00:00,71.4828,72.1911,71.3909,72.1175,2280000
1640269800,2021-12-23 00:00:00,72.1359,72.4854,72.0163,72.4486,2364800
1640615400,2021-12-27 00:00:00,72.4302,72.8165,72.3014,72.7337,3043300
1640701800,2021-12-28 00:00:00,72.9912,73.0096,72.4670,72.4854,4639300
1640788200,2021-12-29 00:00:00,72.5957,72.7613,72.4210,72.5498,5136500
1640874600,2021-12-30 00:00:00,72.0439,72.2186,71.8783,71.8783,5148400
1640961000,2021-12-31 00:00:00,71.8508,72.1819,71.4645,71.6208,1940800
1641220200,2022-01-03 00:00:00,71.8048,71.9887,71.4461,71.6116,6967900
1641306600,2022-01-04 00:00:00,71.6576,71.8232,71.3817,71.4553,2625700
1641393000,2022-01-05 00:00:00,70.8942,71.0966,70.0388,70.0664,4276700
1641479400,2022-01-06 00:00:00,69.7905,70.1032,69.4594,69.5238,4969000
1641565800,2022-01-07 00:00:00,70.6183,71.3265,70.3148,71.3081,4279500
1641825000,2022-01-10 00:00:00,70.2964,70.4251,69.5974,70.1952,3983400
1641911400,2022-01-11 00:00:00,71.0966,72.0623,70.8942,71.9427,4487500
1641997800,2022-01-12 00:00:00,72.8901,73.4327,72.8901,73.3683,4059100
1642084200,2022-01-13 00:00:00,72.9912,72.9912,72.0807,72.0807,3893100
1642170600,2022-01-14 00:00:00,71.1517,71.4553,70.8298,71.0782,4121800
1642516200,2022-01-18 00:00:00,69.6158,69.6158,68.9443,68.9719,5030500
1642602600,2022-01-19 00:00:00,70.1124,70.1124,69.6617,69.7445,3649400
1642689000,2022-01-20 00:00:00,70.2872,70.7655,69.2663,69.4134,4311400
1642775400,2022-01-21 00:00:00,69.2479,69.4134,68.4845,68.5396,5066100
1643034600,2022-01-24 00:00:00,67.0865,67.3440,65.3573,67.2336,8418400
1643121000,2022-01-25 00:00:00,65.9368,66.6174,65.6516,66.2495,6430600
1643207400,2022-01-26 00:00:00,66.5346,66.7921,65.1826,65.3941,7553700
1643293800,2022-01-27 00:00:00,64.0145,64.4560,63.5914,63.6558,6342300
1643380200,2022-01-28 00:00:00,64.5755,64.9894,64.2536,64.9342,4599900
1643639400,2022-01-31 00:00:00,65.7804,66.6726,65.7620,66.5806,4154500
1643725800,2022-02-01 00:00:00,66.8473,67.1324,66.1943,67.1232,3689300
1643812200,2022-02-02 00:00:00,67.3900,67.6475,67.0405,67.6015,3388200
1643898600,2022-02-03 00:00:00,66.0839,66.4334,66.0287,66.2035,4325400
1643985000,2022-02-04 00:00:00,66.5070,67.1232,66.2955,66.8841,4382100
1644244200,2022-02-07 00:00:00,66.4978,67.4543,66.2863,67.1048,11963100
1644330600,2022-02-08 00:00:00,66.4702,67.3624,66.4702,67.3072,8012500
1644417000,2022-02-09 00:00:00,68.0614,68.5305,68.0246,68.5213,5753200
1644503400,2022-02-10 00:00:00,67.7303,68.6684,67.6015,67.7303,5501800
1644589800,2022-02-11 00:00:00,68.0982,68.4385,66.9669,67.0497,6190100
1644849000,2022-02-14 00:00:00,66.6910,66.7277,66.1115,66.4426,4240400
1644935400,2022-02-15 00:00:00,66.6818,67.0129,66.5530,66.9577,3388300
1645021800,2022-02-16 00:00:00,67.2612,68.0246,67.2152,67.7671,4395400
1645108200,2022-02-17 00:00:00,67.8866,67.9970,67.1692,67.2336,3613400
1645194600,2022-02-18 00:00:00,67.4452,67.4911,66.9209,67.1232,4427300
1645540200,2022-02-22 00:00:00,67.0037,67.3164,66.5162,66.9301,4580000
1645626600,2022-02-23 00:00:00,67.2336,67.2336,65.9644,66.0655,3473100
1645713000,2022-02-24 00:00:00,63.2143,65.0538,63.0947,64.9618,7428300
1645799400,2022-02-25 00:00:00,65.5045,66.8749,65.3757,66.8289,4717600
1646058600,2022-02-28 00:00:00,65.6608,66.7553,65.4769,66.5990,4397900
1646145000,2022-03-01 00:00:00,66.4242,66.9025,65.3573,65.7528,3960500
1646231400,2022-03-02 00:00:00,65.4677,66.0379,65.2378,65.7896,4196400
1646317800,2022-03-03 00:00:00,66.6358,66.6450,65.8724,66.2403,6060200
1646404200,2022-03-04 00:00:00,64.5939,64.7595,64.0053,64.3732,3325700
1646663400,2022-03-07 00:00:00,63.2235,63.3063,61.6783,61.7243,5006700
1646749800,2022-03-08 00:00:00,62.1382,62.8096,61.6231,62.1566,5831200
1646836200,2022-03-09 00:00:00,63.2143,64.7779,62.9660,64.6123,5768500
1646922600,2022-03-10 00:00:00,63.1683,63.2695,62.3589,62.6625,8852200
1647009000,2022-03-11 00:00:00,63.0028,63.1223,61.7243,61.7243,5444800
1647264600,2022-03-14 00:00:00,62.0830,62.3865,61.3748,61.4576,8717800
1647351000,2022-03-15 00:00:00,61.4392,62.1382,61.2552,62.1382,5357800
1647437400,2022-03-16 00:00:00,63.4259,64.8883,63.2603,64.8607,7770400
1647523800,2022-03-17 00:00:00,65.0078,65.5781,64.8239,65.4217,4226800
1647610200,2022-03-18 00:00:00,64.7687,65.9092,64.7227,65.7620,4515500
1647869400,2022-03-21 00:00:00,64.6767,64.7319,64.2996,64.4008,3456600
1647955800,2022-03-22 00:00:00,65.1734,65.5413,65.1090,65.5045,2911700
1648042200,2022-03-23 00:00:00,65.1458,65.3481,64.8699,64.8699,3993700
1648128600,2022-03-24 00:00:00,64.8147,65.3573,64.7227,65.2654,2925400
1648215000,2022-03-25 00:00:00,64.7779,64.8423,64.3364,64.5388,2823200
1648474200,2022-03-28 00:00:00,65.0078,65.2010,64.6031,65.1918,2430500
1648560600,2022-03-29 00:00:00,66.4058,66.6910,66.1299,66.6818,3395500
1648647000,2022-03-30 00:00:00,65.9460,66.2771,65.6332,65.8080,2405000
1648733400,2022-03-31 00:00:00,65.9276,66.0747,65.4585,65.5137,3840600
1648819800,2022-04-01 00:00:00,65.6425,65.6425,65.0906,65.3205,2389100
1649079000,2022-04-04 00:00:00,65.9736,66.2955,65.7712,66.2495,2010100
1649165400,2022-04-05 00:00:00,65.9552,65.9827,65.0446,65.1734,3716400
1649251800,2022-04-06 00:00:00,64.9250,65.0354,64.2076,64.3732,4214700
1649338200,2022-04-07 00:00:00,64.0421,64.2168,63.6466,63.9685,3615000
1649424600,2022-04-08 00:00:00,63.6466,63.8305,63.3431,63.3707,2981200
1649683800,2022-04-11 00:00:00,63.3891,63.4718,62.8004,62.8924,2155200
1649770200,2022-04-12 00:00:00,63.5730,63.5914,62.9108,63.0212,2604000
1649856600,2022-04-13 00:00:00,63.9777,64.6307,63.9777,64.6123,2546500
1649943000,2022-04-14 00:00:00,63.8029,63.8673,63.2143,63.2143,2159500
1650288600,2022-04-18 00:00:00,63.1407,63.5546,63.0028,63.1683,1819600
1650375000,2022-04-19 00:00:00,63.0672,63.6374,62.9108,63.6190,1750300
1650461400,2022-04-20 00:00:00,63.8397,64.0789,63.6098,63.9869,2122700
1650547800,2022-04-21 00:00:00,63.8949,64.0973,62.7360,62.8372,2268500
1650634200,2022-04-22 00:00:00,62.7728,62.8188,62.0462,62.0922,2586300
1650893400,2022-04-25 00:00:00,61.2920,61.7519,60.9609,61.6507,3324600
1650979800,2022-04-26 00:00:00,61.1265,61.2001,59.8480,59.9032,3411800
1651066200,2022-04-27 00:00:00,59.8480,60.3171,59.6273,59.9676,4029700
1651152600,2022-04-28 00:00:00,60.6758,61.2552,60.2251,61.0253,2938000
1651239000,2022-04-29 00:00:00,61.8623,62.3130,61.2184,61.2920,4966300
1651498200,2022-05-02 00:00:00,61.3472,61.5680,60.7402,61.4944,3881200
1651584600,2022-05-03 00:00:00,61.5404,61.8531,61.4116,61.6875,2381300
1651671000,2022-05-04 00:00:00,61.6691,62.9016,61.0989,62.7820,4488900
1651757400,2022-05-05 00:00:00,61.8623,61.8623,59.8480,60.5930,4649800
1651843800,2022-05-06 00:00:00,60.4275,60.9057,60.1791,60.8230,8165800
1652103000,2022-05-09 00:00:00,59.5905,59.7009,58.8271,58.8731,4959200
1652189400,2022-05-10 00:00:00,59.6641,59.7285,58.7259,59.1398,5457400
1652275800,2022-05-11 00:00:00,59.1858,59.7377,58.4776,58.4960,5222300
1652362200,2022-05-12 00:00:00,57.7878,58.2569,57.1808,57.6498,5651000
1652448600,2022-05-13 00:00:00,59.5261,60.2527,59.4893,60.2343,2784600
1652707800,2022-05-16 00:00:00,59.4985,59.7469,59.3422,59.5445,2445300
1652794200,2022-05-17 00:00:00,60.9333,61.2093,60.6942,61.1081,2891200
1652880600,2022-05-18 00:00:00,60.5470,60.6022,58.9743,59.0754,4441300
1652967000,2022-05-19 00:00:00,59.4709,60.4643,59.4433,60.2159,3652800
1653053400,2022-05-20 00:00:00,61.0161,61.1449,60.0412,60.8138,3717800
1653312600,2022-05-23 00:00:00,61.4024,61.9451,61.3380,61.7427,2671000
1653399000,2022-05-24 00:00:00,60.5011,60.9425,60.1516,60.8138,2934600
1653485400,2022-05-25 00:00:00,60.1699,60.8506,60.1423,60.7034,2680200
1653571800,2022-05-26 00:00:00,60.5838,61.3380,60.4735,61.2185,2392500
1653658200,2022-05-27 00:00:00,61.9910,62.2854,61.8991,62.1750,2091700
1654003800,2022-05-31 00:00:00,63.2051,63.2879,62.5337,62.5797,4882400
1654090200,2022-06-01 00:00:00,63.0763,63.2143,61.9451,62.1842,3372200
1654176600,2022-06-02 00:00:00,62.2026,63.1499,62.1198,63.0947,2527500
1654263000,2022-06-03 00:00:00,62.2026,62.2026,61.5496,61.6415,2461100
1654522200,2022-06-06 00:00:00,62.4233,62.7452,61.4024,61.5220,2208900
1654608600,2022-06-07 00:00:00,60.6666,61.2001,60.5746,61.1633,2409100
1654695000,2022-06-08 00:00:00,61.0161,61.2644,60.6482,60.7310,2349100
1654781400,2022-06-09 00:00:00,60.6482,60.8230,59.5353,59.5813,2796000
1654867800,2022-06-10 00:00:00,58.7259,58.7627,57.9993,58.0637,4945200
1655127000,2022-06-13 00:00:00,56.1874,56.3806,55.2585,55.4240,6444600
1655213400,2022-06-14 00:00:00,55.9759,56.1506,55.5896,56.0679,3781800
1655299800,2022-06-15 00:00:00,55.3321,56.5737,55.0561,56.1047,4080700
1655386200,2022-06-16 00:00:00,54.4859,54.7986,54.0260,54.4859,6135000
1655472600,2022-06-17 00:00:00,54.6882,55.1389,54.4675,54.9090,4425600
1655818200,2022-06-21 00:00:00,54.6055,54.9734,54.5779,54.7894,3220700
1655904600,2022-06-22 00:00:00,52.9223,53.4650,52.8395,53.1707,3794400
1655991000,2022-06-23 00:00:00,52.4716,52.7568,52.1773,52.6280,3253200
1656077400,2022-06-24 00:00:00,53.7041,54.7986,53.6397,54.7250,4242900
1656336600,2022-06-27 00:00:00,54.9826,55.0745,54.5963,54.7250,2886100
1656423000,2022-06-28 00:00:00,55.0929,55.2217,54.3020,54.3203,2283400
1656509400,2022-06-29 00:00:00,53.7777,53.8421,53.3546,53.4834,2592700
1656595800,2022-06-30 00:00:00,52.7016,53.7409,52.4808,53.5202,4018900
1656682200,2022-07-01 00:00:00,52.3705,52.8303,52.0210,52.7936,4148200
1657027800,2022-07-05 00:00:00,51.7450,52.4624,51.5887,52.4257,5183800
1657114200,2022-07-06 00:00:00,51.9290,52.1681,51.6071,51.9842,3157700
1657200600,2022-07-07 00:00:00,52.8304,53.3914,52.8304,53.2350,4253700
1657287000,2022-07-08 00:00:00,53.1431,53.7777,53.0235,53.6213,2733300
1657546200,2022-07-11 00:00:00,52.3245,52.3797,51.7910,52.0854,3305000
1657632600,2022-07-12 00:00:00,52.1037,52.4073,51.9014,52.0394,2976500
1657719000,2022-07-13 00:00:00,51.8186,52.6188,51.6991,52.4257,3105000
1657805400,2022-07-14 00:00:00,51.2484,51.5611,50.6046,51.4691,4120600
1657891800,2022-07-15 00:00:00,51.8738,52.3061,51.5887,52.2877,2430900
1658151000,2022-07-18 00:00:00,53.2166,53.3822,52.5636,52.6832,3179000
1658237400,2022-07-19 00:00:00,53.5478,54.0536,53.5294,53.9800,4085400
1658323800,2022-07-20 00:00:00,53.5202,53.8237,53.3454,53.5845,2674800
1658410200,2022-07-21 00:00:00,54.0720,54.5227,53.8513,54.4675,2638800
1658496600,2022-07-22 00:00:00,54.0536,54.2468,53.5753,53.7777,2988100
1658755800,2022-07-25 00:00:00,54.2652,54.4031,53.9432,54.0628,2987200
1658842200,2022-07-26 00:00:00,54.2652,54.4307,53.8789,53.9248,2983200
1658928600,2022-07-27 00:00:00,54.2652,55.1757,54.1272,55.0377,2607000
1659015000,2022-07-28 00:00:00,55.1757,55.7735,54.9090,55.6632,3013800
1659101400,2022-07-29 00:00:00,55.0653,55.7276,54.7894,55.6908,4935800
1659360600,2022-08-01 00:00:00,54.9734,55.6448,54.7066,55.0561,3267100
1659447000,2022-08-02 00:00:00,54.6790,55.2033,54.4307,54.6606,8176000
1659533400,2022-08-03 00:00:00,55.3229,55.7092,55.0653,55.6080,2493400
1659619800,2022-08-04 00:00:00,55.5804,55.9851,55.5160,55.8563,2219300
1659706200,2022-08-05 00:00:00,55.7827,56.1690,55.7000,55.8563,1514600
1659965400,2022-08-08 00:00:00,56.0955,56.5461,56.0495,56.1598,2121500
1660051800,2022-08-09 00:00:00,56.2150,56.2150,55.8747,55.9023,1512800
1660138200,2022-08-10 00:00:00,56.3162,56.6749,56.1690,56.6381,2585000
1660224600,2022-08-11 00:00:00,56.9876,57.3555,56.3346,56.3990,2348000
1660311000,2022-08-12 00:00:00,56.7761,57.2175,56.6473,57.1992,1899800
1660570200,2022-08-15 00:00:00,56.6197,56.9508,56.5737,56.6197,1625200
1660656600,2022-08-16 00:00:00,56.5461,56.8405,56.4726,56.6657,1752700
1660743000,2022-08-17 00:00:00,55.8103,56.0863,55.5344,55.8011,1686900
1660829400,2022-08-18 00:00:00,55.5068,55.5528,55.1481,55.2217,2729700
1660915800,2022-08-19 00:00:00,54.4767,54.4859,54.0352,54.1916,2280900
1661175000,2022-08-22 00:00:00,53.3914,53.5386,53.0787,53.1615,2333900
1661261400,2022-08-23 00:00:00,53.1431,53.7777,53.0787,53.4190,4559300
1661347800,2022-08-24 00:00:00,53.3270,53.8973,53.2442,53.7317,4527100
1661434200,2022-08-25 00:00:00,54.2468,54.8354,54.1916,54.8354,4719700
1661520600,2022-08-26 00:00:00,54.8262,54.9182,53.2258,53.2442,4107500
1661779800,2022-08-29 00:00:00,52.6096,52.8579,52.4716,52.6832,2334100
1661866200,2022-08-30 00:00:00,53.2810,53.3362,52.3521,52.6372,3886000
1661952600,2022-08-31 00:00:00,53.7225,53.7961,53.2350,53.2626,2607300
1662039000,2022-09-01 00:00:00,52.2049,52.2417,51.7175,52.1313,3068200
1662125400,2022-09-02 00:00:00,52.1773,52.2969,51.3312,51.4415,2947400
1662471000,2022-09-06 00:00:00,50.9449,51.0184,50.4758,50.5494,2222500
1662557400,2022-09-07 00:00:00,49.8596,50.8805,49.8412,50.8529,2862400
1662643800,2022-09-08 00:00:00,49.9239,50.3194,49.8136,50.2826,2243300
1662730200,2022-09-09 00:00:00,50.8805,51.4047,50.8253,51.3680,4920700
1662989400,2022-09-12 00:00:00,51.6531,52.1129,51.5887,51.8094,3393900
1663075800,2022-09-13 00:00:00,50.9081,51.1656,50.0527,50.1263,3232900
1663162200,2022-09-14 00:00:00,50.5126,50.8437,50.2735,50.6781,4317300
1663248600,2022-09-15 00:00:00,49.9239,50.1815,49.5468,49.6204,2486500
1663335000,2022-09-16 00:00:00,49.6572,50.1999,49.5652,50.0343,2755500
1663594200,2022-09-19 00:00:00,49.4825,50.0067,49.4273,49.9515,2127500
1663680600,2022-09-20 00:00:00,49.4733,49.4825,49.0870,49.2709,2231900
1663767000,2022-09-21 00:00:00,49.2433,49.8044,48.6087,48.7743,3428700
1663853400,2022-09-22 00:00:00,48.4248,48.5443,48.0385,48.1948,2556900
1663939800,2022-09-23 00:00:00,47.0359,47.0727,46.1990,46.5117,4129600
1664199000,2022-09-26 00:00:00,45.8403,46.0978,45.3804,45.5459,3074700
1664285400,2022-09-27 00:00:00,45.8495,45.9966,45.0033,45.2608,3888700
1664371800,2022-09-28 00:00:00,44.4698,45.5092,44.3779,45.3988,3891100
1664458200,2022-09-29 00:00:00,44.6446,44.6998,44.0284,44.3779,4114000
1664544600,2022-09-30 00:00:00,44.0559,44.3319,43.5225,43.5593,3447600
1664803800,2022-10-03 00:00:00,43.8352,44.6538,43.7340,44.5342,3848500
1664890200,2022-10-04 00:00:00,45.8587,46.6312,45.8127,46.6312,4960500
1664976600,2022-10-05 00:00:00,45.7023,46.1254,45.2424,45.8311,3765500
1665063000,2022-10-06 00:00:00,46.3921,46.6864,46.1162,46.1806,3865500
1665149400,2022-10-07 00:00:00,46.1254,46.1990,45.3344,45.3988,2783900
1665408600,2022-10-10 00:00:00,45.2056,45.2148,44.6354,44.7918,3937000
1665495000,2022-10-11 00:00:00,44.8377,45.2240,44.5158,44.7182,4711600
1665581400,2022-10-12 00:00:00,45.1780,45.3068,44.9665,45.1780,3033200
1665667800,2022-10-13 00:00:00,43.7156,45.3896,43.4029,45.1505,7037700
1665754200,2022-10-14 00:00:00,45.6379,45.6747,44.5894,44.7090,3665100
1666013400,2022-10-17 00:00:00,45.8679,46.2082,45.8127,46.1162,3353000
1666099800,2022-10-18 00:00:00,46.7048,46.7692,45.8035,46.1714,4380500
1666186200,2022-10-19 00:00:00,45.6103,45.8863,45.2976,45.5735,2228500
1666272600,2022-10-20 00:00:00,45.7483,46.2817,45.4908,45.5643,3502200
1666359000,2022-10-21 00:00:00,45.3896,46.3277,45.2056,46.3001,3923300
1666618200,2022-10-24 00:00:00,45.5184,45.8771,45.3620,45.7667,6651500
1666704600,2022-10-25 00:00:00,45.9874,46.6956,45.9874,46.5393,3376200
1666791000,2022-10-26 00:00:00,46.7784,47.7533,46.7416,47.3946,6001800
1666877400,2022-10-27 00:00:00,47.5786,48.0109,47.3487,47.3670,3190300
1666963800,2022-10-28 00:00:00,47.1371,47.7349,47.0543,47.6614,3958000
1667223000,2022-10-31 00:00:00,47.4498,47.7349,47.3670,47.6522,2391700
1667309400,2022-11-01 00:00:00,48.8019,48.9030,48.2500,48.4799,3480600
1667395800,2022-11-02 00:00:00,48.5259,49.0410,47.5510,47.5878,5182300
1667482200,2022-11-03 00:00:00,47.5878,48.0477,47.4130,47.8545,3403100
1667568600,2022-11-04 00:00:00,49.2525,49.6388,48.8662,49.6020,4473700
1667831400,2022-11-07 00:00:00,50.4022,50.5494,49.9699,50.3194,2222400
1667917800,2022-11-08 00:00:00,51.3771,51.7910,51.0552,51.4323,5085100
1668004200,2022-11-09 00:00:00,52.0118,52.1773,51.3220,51.3588,4048400
1668090600,2022-11-10 00:00:00,53.0051,53.7409,52.7292,53.6949,5850000
1668177000,2022-11-11 00:00:00,55.1941,55.8931,55.1389,55.8563,5158600
1668436200,2022-11-14 00:00:00,54.6423,55.2217,54.5687,54.7894,3494000
1668522600,2022-11-15 00:00:00,56.0035,56.0587,54.9826,55.5160,3999700
1668609000,2022-11-16 00:00:00,54.5779,54.6790,53.8513,53.8697,3605800
1668695400,2022-11-17 00:00:00,52.3705,53.0971,52.3705,53.0511,4173900
1668781800,2022-11-18 00:00:00,53.5018,53.5018,53.0511,53.3914,3052700
1669041000,2022-11-21 00:00:00,51.9474,52.0854,51.6991,51.9290,2917200
1669127400,2022-11-22 00:00:00,51.9290,52.3245,51.9106,52.2969,3118700
1669213800,2022-11-23 00:00:00,52.3981,53.3178,52.3981,53.2994,3526200
1669386600,2022-11-25 00:00:00,53.1155,53.2994,53.0419,53.2258,1231200
1669645800,2022-11-28 00:00:00,52.7384,53.0143,52.2785,52.2785,2159300
1669732200,2022-11-29 00:00:00,53.4374,53.7501,53.4006,53.6765,3667600
1669818600,2022-11-30 00:00:00,54.8354,56.0127,54.2836,55.8287,7911900
1669905000,2022-12-01 00:00:00,55.7368,55.8195,55.1389,55.4700,4235800
1669991400,2022-12-02 00:00:00,54.0996,54.8078,54.0352,54.6698,2847200
1670250600,2022-12-05 00:00:00,54.2008,54.2376,53.3730,53.4006,5087000
1670337000,2022-12-06 00:00:00,53.0419,53.0603,52.3981,52.4992,3026500
1670423400,2022-12-07 00:00:00,52.5728,52.9039,52.3797,52.7844,3838900
1670509800,2022-12-08 00:00:00,52.9407,53.1155,52.7660,52.9959,3156300
1670596200,2022-12-09 00:00:00,53.4466,53.8513,53.3454,53.3822,2358300
1670855400,2022-12-12 00:00:00,53.3178,53.5753,53.1891,53.5294,1931300
1670941800,2022-12-13 00:00:00,54.6157,54.6716,53.9269,54.2247,7042000
1671028200,2022-12-14 00:00:00,54.1130,54.3923,53.3869,54.0013,3906600
1671114600,2022-12-15 00:00:00,52.4002,52.4653,51.6089,51.6648,5243000
1671201000,2022-12-16 00:00:00,52.4002,52.6236,52.2699,52.4188,3406100
1671460200,2022-12-19 00:00:00,53.0053,53.1170,52.6050,52.7353,1977100
1671546600,2022-12-20 00:00:00,53.2194,53.5452,53.1449,53.4707,4004400
1671633000,2022-12-21 00:00:00,53.0797,53.4428,52.9308,53.3590,2698300
1671719400,2022-12-22 00:00:00,53.3962,53.4614,52.6422,52.9680,3310600
1671805800,2022-12-23 00:00:00,52.7725,53.1170,52.6050,53.0984,2094700
1672151400,2022-12-27 00:00:00,53.6197,53.8245,53.5452,53.6662,2665900
1672237800,2022-12-28 00:00:00,53.4055,53.4986,52.6050,52.6981,2829200
1672324200,2022-12-29 00:00:00,52.7725,53.2101,52.6329,53.1821,2483000
1672410600,2022-12-30 00:00:00,53.0890,53.3311,52.2512,52.5771,4703800
1672756200,2023-01-03 00:00:00,52.0371,52.4002,51.4041,51.5996,5379800
1672842600,2023-01-04 00:00:00,53.1914,53.7221,52.9029,53.6383,5008800
1672929000,2023-01-05 00:00:00,52.9401,53.1635,52.7725,53.0704,2256700
1673015400,2023-01-06 00:00:00,54.6809,55.8073,54.2899,55.7514,4759600
1673274600,2023-01-09 00:00:00,57.0547,57.6039,56.8685,56.9243,3833000
1673361000,2023-01-10 00:00:00,56.7382,57.1198,56.5613,57.1105,2104800
1673447400,2023-01-11 00:00:00,56.8964,57.2688,56.7661,57.2595,2534800
1673533800,2023-01-12 00:00:00,57.3898,57.9018,56.8033,57.6784,3731500
1673620200,2023-01-13 00:00:00,57.5387,58.2183,57.5387,58.1066,2342600
1673965800,2023-01-17 00:00:00,57.9763,58.0228,57.7808,57.9483,3123700
1674052200,2023-01-18 00:00:00,58.2928,58.3858,57.0826,57.0826,3102100
1674138600,2023-01-19 00:00:00,57.7342,57.9669,57.4736,57.8739,2458600
1674225000,2023-01-20 00:00:00,58.3207,58.8885,58.1531,58.8699,2403300
1674484200,2023-01-23 00:00:00,59.0840,59.7543,58.9816,59.4843,3415500
1674570600,2023-01-24 00:00:00,59.0561,59.5029,58.9351,59.3074,3068900
1674657000,2023-01-25 00:00:00,59.0282,59.4471,58.8141,59.4471,3197600
1674743400,2023-01-26 00:00:00,60.5083,60.5921,60.1080,60.5921,4094200
1674829800,2023-01-27 00:00:00,60.5548,61.0855,60.5083,60.8900,3447100
1675089000,2023-01-30 00:00:00,59.7543,59.9684,59.5402,59.5495,2636400
1675175400,2023-01-31 00:00:00,58.6837,59.0933,58.5348,59.0840,2154600
1675261800,2023-02-01 00:00:00,59.8101,60.8900,59.4657,60.6107,4154700
1675348200,2023-02-02 00:00:00,60.7969,60.8248,60.2104,60.6014,3281800
1675434600,2023-02-03 00:00:00,59.4936,59.9125,58.9258,59.0189,3588200
1675693800,2023-02-06 00:00:00,57.5201,57.7715,57.1664,57.3339,3713300
1675780200,2023-02-07 00:00:00,57.8552,58.5813,57.6225,58.4138,3731600
1675866600,2023-02-08 00:00:00,59.0375,59.0561,58.4510,58.5627,2461200
1675953000,2023-02-09 00:00:00,59.2888,59.3726,58.2276,58.3858,3230100
1676039400,2023-02-10 00:00:00,58.3207,58.4510,58.0135,58.1624,2558700
1676298600,2023-02-13 00:00:00,57.7249,58.2835,57.6039,58.2835,3013000
1676385000,2023-02-14 00:00:00,58.0973,58.6837,57.7994,58.2741,4276200
1676471400,2023-02-15 00:00:00,56.4123,56.6358,56.1703,56.5892,2817100
1676557800,2023-02-16 00:00:00,56.8778,57.5853,56.8312,57.2036,2751900
1676644200,2023-02-17 00:00:00,56.5054,56.7475,56.1796,56.6823,2000900
1676989800,2023-02-21 00:00:00,56.4961,56.6265,55.8631,55.9562,2411500
1677076200,2023-02-22 00:00:00,55.6490,55.8073,55.2580,55.4070,4846200
1677162600,2023-02-23 00:00:00,56.5799,56.6823,55.8910,56.3379,5879100
1677249000,2023-02-24 00:00:00,54.7460,54.8671,54.3271,54.5599,6601000
1677508200,2023-02-27 00:00:00,54.7274,54.9322,54.5878,54.6623,5584300
1677594600,2023-02-28 00:00:00,54.6343,54.8577,54.3737,54.4575,4519700
1677681000,2023-03-01 00:00:00,55.7235,55.9376,55.2673,55.5001,7552600
1677767400,2023-03-02 00:00:00,54.7926,55.2953,54.7181,55.2580,6722400
1677853800,2023-03-03 00:00:00,55.7700,56.4682,55.6211,56.4123,4393200
1678113000,2023-03-06 00:00:00,56.6916,56.8499,56.4496,56.5334,5455100
1678199400,2023-03-07 00:00:00,56.1424,56.1517,54.9322,54.9508,6383400
1678285800,2023-03-08 00:00:00,54.9881,55.2394,54.7647,55.0998,4029900
1678372200,2023-03-09 00:00:00,54.5692,54.7647,53.6755,53.7500,4216100
1678458600,2023-03-10 00:00:00,54.2899,54.7088,53.7314,53.7779,6017800
1678714200,2023-03-13 00:00:00,54.3830,55.1743,54.3830,54.9415,9957100
1678800600,2023-03-14 00:00:00,54.0758,54.3830,53.8989,54.2154,5901400
1678887000,2023-03-15 00:00:00,52.9866,53.5080,52.8563,53.3404,5837900
1678973400,2023-03-16 00:00:00,53.7779,54.9974,53.6569,54.9695,4799400
1679059800,2023-03-17 00:00:00,54.5878,54.7833,54.2713,54.2992,4051000
1679319000,2023-03-20 00:00:00,54.4575,54.7740,54.4016,54.7460,3445900
1679405400,2023-03-21 00:00:00,54.8764,55.0905,54.6157,55.0439,2967800
1679491800,2023-03-22 00:00:00,55.4163,56.5613,55.3139,55.3791,5584700
1679578200,2023-03-23 00:00:00,56.5241,57.0360,55.9376,56.2913,4697900
1679664600,2023-03-24 00:00:00,55.0625,55.6397,54.8857,55.5652,3021900
1679923800,2023-03-27 00:00:00,55.3325,55.5001,55.1463,55.3791,2738600
1680010200,2023-03-28 00:00:00,55.7607,55.9562,55.6956,55.8817,2321100
1680096600,2023-03-29 00:00:00,56.0121,56.1052,55.6304,55.8538,2756400
1680183000,2023-03-30 00:00:00,56.4030,56.5520,56.2913,56.4868,2634200
1680269400,2023-03-31 00:00:00,56.8499,57.2688,56.6823,56.9895,3563500
1680528600,2023-04-03 00:00:00,56.1331,56.6916,56.0400,56.6544,3320700
1680615000,2023-04-04 00:00:00,56.3658,56.5799,56.1982,56.3658,2870400
1680701400,2023-04-05 00:00:00,56.8219,56.9243,56.3006,56.4310,3170800
1680787800,2023-04-06 00:00:00,55.6118,55.9748,55.3884,55.8166,2641800
1681133400,2023-04-10 00:00:00,56.6171,57.0640,56.5520,57.0267,3375700
1681219800,2023-04-11 00:00:00,57.8459,57.8832,57.6504,57.7342,3108800
1681306200,2023-04-12 00:00:00,58.3393,58.4231,57.7808,57.8645,4454600
1681392600,2023-04-13 00:00:00,59.2237,59.6146,59.1864,59.5867,3664500
1681479000,2023-04-14 00:00:00,59.1399,59.3633,58.6465,58.9723,2562000
1681738200,2023-04-17 00:00:00,58.4976,58.5813,58.2462,58.4883,2451300
1681824600,2023-04-18 00:00:00,58.7396,58.7954,58.4417,58.6186,1932600
1681911000,2023-04-19 00:00:00,57.9111,58.1345,57.8273,58.0507,1804000
1681997400,2023-04-20 00:00:00,58.0693,58.3114,57.7715,57.8645,3163000
1682083800,2023-04-21 00:00:00,57.4177,57.4270,56.9709,57.3060,3255500
1682343000,2023-04-24 00:00:00,56.9430,57.0361,56.7289,56.9337,1984800
1682429400,2023-04-25 00:00:00,55.7607,55.7980,55.3046,55.3232,2554400
1682515800,2023-04-26 00:00:00,55.7421,55.9097,55.4908,55.6304,1807100
1682602200,2023-04-27 00:00:00,55.6676,56.4403,55.6676,56.3472,1961500
1682688600,2023-04-28 00:00:00,56.1331,56.4775,56.0865,56.4775,3187000
1682947800,2023-05-01 00:00:00,56.2820,56.6358,56.0214,56.1051,2247100
1683034200,2023-05-02 00:00:00,56.4030,56.5241,56.1331,56.2262,2906500
1683120600,2023-05-03 00:00:00,56.2634,56.5985,55.9004,55.9283,3012400
1683207000,2023-05-04 00:00:00,56.3937,56.4961,56.2076,56.3751,2580900
1683293400,2023-05-05 00:00:00,56.7009,57.4550,56.6451,57.3339,2267900
1683552600,2023-05-08 00:00:00,57.2967,57.3619,57.2036,57.2967,2675200
1683639000,2023-05-09 00:00:00,56.8219,56.8778,56.7009,56.7661,3066100
1683725400,2023-05-10 00:00:00,56.9988,57.0267,56.4589,56.8406,3639400
1683811800,2023-05-11 00:00:00,55.8259,55.9469,55.4908,55.9097,5277800
1683898200,2023-05-12 00:00:00,55.5280,55.5745,55.0532,55.1743,2862000
1684157400,2023-05-15 00:00:00,55.6118,56.1051,55.5932,56.0586,3369900
1684243800,2023-05-16 00:00:00,55.6676,55.7980,55.4256,55.4721,2381800
1684330200,2023-05-17 00:00:00,56.2820,56.5985,56.1052,56.5334,2780600
1684416600,2023-05-18 00:00:00,56.6637,57.0081,56.4496,56.9709,3852400
1684503000,2023-05-19 00:00:00,57.7156,57.8552,57.5294,57.7621,3780500
1684762200,2023-05-22 00:00:00,58.6279,58.8327,58.6000,58.7489,2102600
1684848600,2023-05-23 00:00:00,58.4417,58.6372,58.0042,58.0414,3130800
1684935000,2023-05-24 00:00:00,58.4138,58.4324,58.0135,58.0414,2826900
1685021400,2023-05-25 00:00:00,58.0321,58.0321,57.6225,57.7621,3058400
1685107800,2023-05-26 00:00:00,58.0135,58.7954,58.0135,58.7396,3131400
1685453400,2023-05-30 00:00:00,59.4005,59.4005,58.9537,59.0561,3506200
1685539800,2023-05-31 00:00:00,58.3765,58.5069,57.9669,58.4417,3613600
1685626200,2023-06-01 00:00:00,58.5813,59.3819,58.5441,59.3540,3279200
1685712600,2023-06-02 00:00:00,60.3780,60.7876,60.3780,60.6572,4695100
1685971800,2023-06-05 00:00:00,60.4059,60.7410,60.4059,60.6293,2721100
1686058200,2023-06-06 00:00:00,60.6665,61.3554,60.5548,61.1599,3245700
1686144600,2023-06-07 00:00:00,60.7596,60.9179,60.2197,60.2849,3741200
1686231000,2023-06-08 00:00:00,60.5828,61.1506,60.5176,61.1227,2246500
1686317400,2023-06-09 00:00:00,61.8953,62.3142,61.8860,62.0722,3362800
1686576600,2023-06-12 00:00:00,61.6440,62.0722,61.5137,62.0350,2172400
1686663000,2023-06-13 00:00:00,62.7704,62.9845,62.5283,62.8448,4553000
1686749400,2023-06-14 00:00:00,62.1467,62.5656,61.8395,62.2584,3448700
1686835800,2023-06-15 00:00:00,61.6533,62.4446,61.6533,62.4073,3473900
1686922200,2023-06-16 00:00:00,62.2584,62.2863,61.7929,61.8860,3030300
1687267800,2023-06-20 00:00:00,60.9365,61.0482,60.5735,60.6759,3317900
1687354200,2023-06-21 00:00:00,59.9591,60.3500,59.8194,60.1546,3539900
1687440600,2023-06-22 00:00:00,59.9591,60.2104,59.9125,60.1732,2554900
1687527000,2023-06-23 00:00:00,59.1213,59.1306,58.8234,58.9351,3514600
1687786200,2023-06-26 00:00:00,59.5402,59.6612,59.4564,59.4843,2084500
1687872600,2023-06-27 00:00:00,59.9218,60.1732,59.8194,60.1080,2705000
1687959000,2023-06-28 00:00:00,58.7024,59.0095,58.6651,58.9071,2875500
1688045400,2023-06-29 00:00:00,58.3021,58.4976,58.1624,58.3858,4289400
1688131800,2023-06-30 00:00:00,58.9909,59.1585,58.8327,59.0002,3602700
1688391000,2023-07-03 00:00:00,60.1546,60.5083,60.1546,60.3128,2258100
1688563800,2023-07-05 00:00:00,59.7729,59.8194,59.5588,59.6332,4168400
1688650200,2023-07-06 00:00:00,58.6837,58.7303,58.1624,58.4696,3508200
1688736600,2023-07-07 00:00:00,58.3952,59.1678,58.3765,58.7768,3412300
1688995800,2023-07-10 00:00:00,58.3579,58.8792,58.3579,58.8513,1902800
1689082200,2023-07-11 00:00:00,59.7543,59.9404,59.5495,59.9032,2610000
1689168600,2023-07-12 00:00:00,61.0761,61.5695,61.0761,61.5323,4337900
1689255000,2023-07-13 00:00:00,61.9791,62.5004,61.9791,62.3422,4754000
1689341400,2023-07-14 00:00:00,62.6959,62.7797,62.4725,62.5376,3802900
1689600600,2023-07-17 00:00:00,62.5097,62.9659,62.4073,62.8728,2565400
1689687000,2023-07-18 00:00:00,62.6866,62.8914,62.5283,62.6866,2874800
1689773400,2023-07-19 00:00:00,62.5376,62.6680,62.3049,62.4818,2513500
1689859800,2023-07-20 00:00:00,62.0350,62.0350,61.4113,61.4392,4177900
1689946200,2023-07-21 00:00:00,61.7929,61.8395,61.3833,61.4671,2093800
1690205400,2023-07-24 00:00:00,62.5004,62.9193,62.4353,62.6494,3794000
1690291800,2023-07-25 00:00:00,62.9659,63.2544,62.9286,63.2079,2735600
1690378200,2023-07-26 00:00:00,62.1374,63.1241,62.1187,62.8635,5602900
1690464600,2023-07-27 00:00:00,62.5935,62.6214,61.6626,61.7371,3650900
1690551000,2023-07-28 00:00:00,62.5935,62.9286,62.4539,62.8262,2634700
1690810200,2023-07-31 00:00:00,62.8076,63.0124,62.7424,62.9007,1923100
1690896600,2023-08-01 00:00:00,63.0590,63.2079,62.7611,62.8914,3499900
1690983000,2023-08-02 00:00:00,61.2996,61.2996,60.8248,60.9551,3994500
1691069400,2023-08-03 00:00:00,60.7038,61.1320,60.6200,60.9272,2600000
1691155800,2023-08-04 00:00:00,60.5828,61.0482,60.3035,60.3500,3964900
1691415000,2023-08-07 00:00:00,60.1732,60.2197,59.9032,60.1825,3096400
1691501400,2023-08-08 00:00:00,59.1306,59.4098,58.8141,59.3633,4313700
1691587800,2023-08-09 00:00:00,60.1546,60.1546,59.5867,59.8380,4725700
1691674200,2023-08-10 00:00:00,59.9311,60.3407,59.3447,59.4471,4979800
1691760600,2023-08-11 00:00:00,58.8047,59.0468,58.6093,58.7582,3646700
1692019800,2023-08-14 00:00:00,58.0135,58.3300,57.8459,58.2369,3175000
1692106200,2023-08-15 00:00:00,58.1624,58.1717,57.5760,57.7249,2872900
1692192600,2023-08-16 00:00:00,56.9895,57.1664,56.5147,56.5613,3849200
1692279000,2023-08-17 00:00:00,57.2595,57.2595,56.5241,56.6171,3672900
1692365400,2023-08-18 00:00:00,56.1238,56.6171,56.0772,56.4775,3258700
1692624600,2023-08-21 00:00:00,56.7102,56.8964,56.3937,56.8592,2238600
1692711000,2023-08-22 00:00:00,56.9336,57.0174,56.5241,56.5799,2664700
1692797400,2023-08-23 00:00:00,56.6544,57.3526,56.5985,57.2967,3027500
1692883800,2023-08-24 00:00:00,58.0507,58.1159,57.2315,57.2595,2639400
1692970200,2023-08-25 00:00:00,57.5853,58.0042,57.1105,57.7249,4471900
1693229400,2023-08-28 00:00:00,58.1531,58.2741,58.0321,58.1904,2498100
1693315800,2023-08-29 00:00:00,57.8832,59.0002,57.8459,58.9723,3821100
1693402200,2023-08-30 00:00:00,58.4510,58.7210,58.3486,58.5906,2247300
1693488600,2023-08-31 00:00:00,58.3021,58.4324,58.0693,58.1345,3582100
1693575000,2023-09-01 00:00:00,59.1026,59.2702,58.5813,58.8420,3185500
1693920600,2023-09-05 00:00:00,58.5255,58.6651,58.4045,58.4231,2900600
1694007000,2023-09-06 00:00:00,58.1066,58.2928,57.6504,57.7342,3068000
1694093400,2023-09-07 00:00:00,57.3339,57.5946,57.3060,57.4736,1918900
1694179800,2023-09-08 00:00:00,57.6318,57.8832,57.4736,57.5201,2297500
1694439000,2023-09-11 00:00:00,58.3114,58.4976,58.0787,58.4417,3339600
1694525400,2023-09-12 00:00:00,57.4736,57.8739,57.4736,57.7249,3469400
1694611800,2023-09-13 00:00:00,57.7901,58.0042,57.6504,57.7435,2222700
1694698200,2023-09-14 00:00:00,58.5255,58.6651,58.2276,58.4976,3040300
1694784600,2023-09-15 00:00:00,59.0375,59.3354,58.6465,58.7582,3542200
1695043800,2023-09-18 00:00:00,58.7117,58.9630,58.6744,58.8792,3971300
1695130200,2023-09-19 00:00:00,58.2276,58.3393,58.0414,58.2555,2983000
1695216600,2023-09-20 00:00:00,58.5255,58.7396,57.8273,57.8459,3980300
1695303000,2023-09-21 00:00:00,56.4682,56.6451,56.2727,56.3193,3516500
1695389400,2023-09-22 00:00:00,56.9243,57.1291,56.4961,56.5985,3217400
1695648600,2023-09-25 00:00:00,56.2262,56.5147,56.1703,56.4310,2366000
1695735000,2023-09-26 00:00:00,55.1743,55.2580,54.5692,54.6436,3735200
1695821400,2023-09-27 00:00:00,55.0719,55.1091,54.4482,54.6623,3465700
1695907800,2023-09-28 00:00:00,54.5878,55.3511,54.2899,55.1743,3875900
1695994200,2023-09-29 00:00:00,55.7514,55.7514,54.7553,54.8671,3608700
1696253400,2023-10-02 00:00:00,54.5878,54.7553,54.1316,54.4109,4489700
1696339800,2023-10-03 00:00:00,53.8617,54.2806,53.6848,53.8617,4903000
1696426200,2023-10-04 00:00:00,53.9175,53.9175,53.4335,53.7593,5464600
1696512600,2023-10-05 00:00:00,53.6290,54.0665,53.2938,53.9734,2738500
1696599000,2023-10-06 00:00:00,53.6662,54.7553,53.4893,54.5599,4327800
1696858200,2023-10-09 00:00:00,53.8245,54.5040,53.4800,54.4295,2729900
1696944600,2023-10-10 00:00:00,54.0106,54.7181,54.0013,54.5040,4431300
1697031000,2023-10-11 00:00:00,55.4442,55.4721,55.0626,55.4442,3205700
1697117400,2023-10-12 00:00:00,55.7142,55.7421,54.8019,54.9508,3826700
1697203800,2023-10-13 00:00:00,54.9136,55.0998,54.5599,54.6995,2900900
1697463000,2023-10-16 00:00:00,54.6530,55.0439,54.5040,55.0067,2929500
1697549400,2023-10-17 00:00:00,54.6343,55.2487,54.6064,54.9601,4798900
1697635800,2023-10-18 00:00:00,55.0067,55.0625,54.3458,54.4295,4125700
1697722200,2023-10-19 00:00:00,53.9920,54.3364,53.5917,53.7221,4123100
1697808600,2023-10-20 00:00:00,53.2380,53.4521,52.9401,52.9494,3312100
1698067800,2023-10-23 00:00:00,52.7912,53.5266,52.4747,53.1635,4255900
1698154200,2023-10-24 00:00:00,53.7872,53.9548,53.5545,53.8617,3307600
1698240600,2023-10-25 00:00:00,52.9587,53.0704,52.3629,52.4933,3185700
1698327000,2023-10-26 00:00:00,51.4786,51.6834,51.0504,51.3576,4803600
1698413400,2023-10-27 00:00:00,51.3762,51.4600,50.7246,50.8642,3459500
1698672600,2023-10-30 00:00:00,52.0092,52.1768,51.6368,52.0837,3890100
1698759000,2023-10-31 00:00:00,51.0876,51.2366,50.8363,51.1528,5454200
1698845400,2023-11-01 00:00:00,51.4693,52.3816,51.4041,52.3629,5463800
1698931800,2023-11-02 00:00:00,53.7314,54.0572,53.5824,54.0386,6900400
1699018200,2023-11-03 00:00:00,55.3697,55.7421,55.2673,55.5466,4603800
1699281000,2023-11-06 00:00:00,58.8699,59.0095,58.1531,58.3486,6672400
1699367400,2023-11-07 00:00:00,56.9709,57.6039,56.7009,57.3898,4084900
1699453800,2023-11-08 00:00:00,56.2727,56.5054,55.8724,56.2913,4219800
1699540200,2023-11-09 00:00:00,56.3565,56.5799,55.6025,55.7328,3749100
1699626600,2023-11-10 00:00:00,55.5559,56.1982,55.3325,56.1331,2457400
1699885800,2023-11-13 00:00:00,55.3232,55.7793,55.1556,55.5652,2075500
1699972200,2023-11-14 00:00:00,56.9709,57.7528,56.9057,57.6132,3827900
1700058600,2023-11-15 00:00:00,58.0042,58.4324,57.8832,58.0321,3816300
1700145000,2023-11-16 00:00:00,58.4231,58.7024,58.1811,58.4417,3018700
1700231400,2023-11-17 00:00:00,58.0042,58.1159,57.8180,57.9483,3077700
1700490600,2023-11-20 00:00:00,58.5534,59.2702,58.5534,59.1213,2486400
1700577000,2023-11-21 00:00:00,58.9537,59.0468,58.4510,58.5348,2048400
1700663400,2023-11-22 00:00:00,58.6186,58.8234,58.3300,58.5627,2336800
1700836200,2023-11-24 00:00:00,57.7994,58.0973,57.7901,58.0135,1215100
1701095400,2023-11-27 00:00:00,57.9204,58.3021,57.8645,58.2369,3574800
1701181800,2023-11-28 00:00:00,58.8420,59.3074,58.7675,59.1026,3722500
1701268200,2023-11-29 00:00:00,59.2143,59.4191,58.8792,59.0002,4689400
1701354600,2023-11-30 00:00:00,58.8792,58.9165,58.4324,58.6837,4353800
1701441000,2023-12-01 00:00:00,57.9856,59.0189,57.8180,58.9444,5116100
1701700200,2023-12-04 00:00:00,58.0228,58.2555,57.5574,57.7621,3128900
1701786600,2023-12-05 00:00:00,57.1571,57.4177,56.9243,57.2874,3223300
1701873000,2023-12-06 00:00:00,57.5294,57.5294,56.9057,56.9150,2921100
1701959400,2023-12-07 00:00:00,57.1664,57.6225,57.0174,57.5294,2767800
1702045800,2023-12-08 00:00:00,57.8273,58.1997,57.4736,57.8645,2245500
1702305000,2023-12-11 00:00:00,57.8832,58.4603,57.8645,58.3765,1918600
1702391400,2023-12-12 00:00:00,58.4045,58.7210,58.0600,58.6930,2603800
1702477800,2023-12-13 00:00:00,57.7715,59.5960,57.5294,59.4005,3452000
1702564200,2023-12-14 00:00:00,59.7263,60.3966,59.6798,60.1825,4700900
1702650600,2023-12-15 00:00:00,59.7450,60.0149,59.4378,59.5215,3331000
1702909800,2023-12-18 00:00:00,59.8101,59.9498,59.5774,59.7543,2963100
1702996200,2023-12-19 00:00:00,59.9498,60.4711,59.9498,60.4245,2279800
1703082600,2023-12-20 00:00:00,61.1132,61.2469,60.1962,60.2917,4834500
1703169000,2023-12-21 00:00:00,61.0845,61.2565,60.7407,61.2469,2925900
1703255400,2023-12-22 00:00:00,61.0750,61.2851,60.8935,61.1037,1898400
1703601000,2023-12-26 00:00:00,61.3616,61.5144,61.0750,61.3902,1926800
1703687400,2023-12-27 00:00:00,61.8296,62.0684,61.7723,61.9442,2629900
1703773800,2023-12-28 00:00:00,62.9472,63.3293,62.9472,63.0236,3135200
1703860200,2023-12-29 00:00:00,62.3932,62.9663,62.3932,62.5938,2268500
1704205800,2024-01-02 00:00:00,62.0779,62.1639,61.6290,61.8391,2965200
1704292200,2024-01-03 00:00:00,60.3873,60.7789,60.2058,60.5114,4219500
1704378600,2024-01-04 00:00:00,59.9383,60.2249,59.7950,59.9097,2893000
1704465000,2024-01-05 00:00:00,59.9001,60.7025,59.8524,60.0625,2672400
1704724200,2024-01-08 00:00:00,59.6327,60.4064,59.5658,60.3777,2027600
1704810600,2024-01-09 00:00:00,59.1933,59.3079,58.8494,59.0118,5722400
1704897000,2024-01-10 00:00:00,58.6010,58.8303,58.3623,58.6679,4208300
1704983400,2024-01-11 00:00:00,58.8972,59.0118,58.1139,58.7730,3780200
1705069800,2024-01-12 00:00:00,58.6201,59.0118,58.4482,58.6106,1421100
1705415400,2024-01-16 00:00:00,56.6907,56.8244,56.2417,56.3468,3547500
1705501800,2024-01-17 00:00:00,54.6370,54.9140,54.4842,54.8853,4157900
1705588200,2024-01-18 00:00:00,55.4585,55.9361,55.4012,55.9074,5263200
1705674600,2024-01-19 00:00:00,56.2226,56.6525,55.9552,56.6047,4058100
1705933800,2024-01-22 00:00:00,55.8788,56.0411,55.7450,55.9074,2629200
1706020200,2024-01-23 00:00:00,56.2895,56.3181,55.9456,56.2799,2620400
1706106600,2024-01-24 00:00:00,56.7002,57.0059,56.4710,56.4710,4671700
1706193000,2024-01-25 00:00:00,56.4519,56.4519,56.0793,56.2608,2970800
1706279400,2024-01-26 00:00:00,56.8530,57.0250,56.6620,56.8339,2571900
1706538600,2024-01-29 00:00:00,57.3689,57.5694,57.0823,57.4644,3818000
1706625000,2024-01-30 00:00:00,57.2351,57.3497,56.9963,57.2256,3851700
1706711400,2024-01-31 00:00:00,57.2447,57.5503,56.6238,56.8053,5137800
1706797800,2024-02-01 00:00:00,58.1330,58.5819,57.9706,58.5533,4518900
1706884200,2024-02-02 00:00:00,59.8810,59.9192,59.4989,59.8046,6471500
1707143400,2024-02-05 00:00:00,59.2506,59.5753,59.0022,59.3461,3185200
1707229800,2024-02-06 00:00:00,59.4034,59.5562,59.2601,59.3939,3883700
1707316200,2024-02-07 00:00:00,60.5496,60.5974,60.2535,60.4446,2740300
1707402600,2024-02-08 00:00:00,60.4446,60.5496,60.2344,60.4446,2802700
1707489000,2024-02-09 00:00:00,60.5401,60.8649,60.1580,60.8171,2329700
1707748200,2024-02-12 00:00:00,60.9126,62.1353,60.8744,61.5621,5135100
1707834600,2024-02-13 00:00:00,60.3873,60.4732,59.6040,59.9001,5663400
1707921000,2024-02-14 00:00:00,60.5496,61.0368,60.4541,61.0081,2641300
1708007400,2024-02-15 00:00:00,60.7407,60.9795,60.5019,60.9317,3214600
1708093800,2024-02-16 00:00:00,61.1610,61.6004,61.0559,61.3138,2395600
1708439400,2024-02-20 00:00:00,61.4953,61.6768,61.2374,61.4189,2592400
1708525800,2024-02-21 00:00:00,61.3520,61.4380,61.0272,61.4189,2171100
1708612200,2024-02-22 00:00:00,61.9920,62.2308,61.8869,62.2117,2127400
1708698600,2024-02-23 00:00:00,61.9060,62.2976,61.8869,62.2403,5291300
1708957800,2024-02-26 00:00:00,61.3425,61.5430,61.2469,61.3233,2279100
1709044200,2024-02-27 00:00:00,60.8744,60.9126,60.7025,60.7693,3637400
1709130600,2024-02-28 00:00:00,61.3520,61.4380,61.2278,61.2756,2631000
1709217000,2024-02-29 00:00:00,61.6863,61.6863,61.0463,61.2374,3145100
1709303400,2024-03-01 00:00:00,61.3520,62.2117,61.2183,62.0206,3928800
1709562600,2024-03-04 00:00:00,62.6415,62.7848,62.5269,62.6606,4045400
1709649000,2024-03-05 00:00:00,61.9347,62.0206,61.2087,61.4284,3485700
1709735400,2024-03-06 00:00:00,61.8965,62.3454,61.8869,62.1639,3002300
1709821800,2024-03-07 00:00:00,62.3836,62.9376,62.3550,62.9281,2205600
1709908200,2024-03-08 00:00:00,63.8355,63.9883,63.1955,63.3006,3129500
1710163800,2024-03-11 00:00:00,63.3006,63.3675,63.0427,63.2624,2503700
1710250200,2024-03-12 00:00:00,63.9692,64.2558,63.5776,64.2080,4120900
1710336600,2024-03-13 00:00:00,64.0647,64.1698,63.9024,64.0838,4188000
1710423000,2024-03-14 00:00:00,64.3991,64.5519,63.8164,64.0456,5296300
1710509400,2024-03-15 00:00:00,62.8039,62.9567,62.5364,62.6511,4508900
1710768600,2024-03-18 00:00:00,63.1478,63.2051,62.7848,62.8135,2891100
1710855000,2024-03-19 00:00:00,61.9729,62.4696,61.8391,62.3550,3755300
1710941400,2024-03-20 00:00:00,62.8230,63.8355,62.7561,63.8355,2795400
1711027800,2024-03-21 00:00:00,65.0199,65.1441,64.5041,64.5041,4593000
1711114200,2024-03-22 00:00:00,64.1221,64.2367,63.9024,64.0456,2202200
1711373400,2024-03-25 00:00:00,64.0934,64.5806,64.0934,64.4946,1428400
1711459800,2024-03-26 00:00:00,64.8098,64.8098,64.3418,64.3800,2107300
1711546200,2024-03-27 00:00:00,64.2367,64.3035,64.0074,64.2844,2239100
1711632600,2024-03-28 00:00:00,64.2653,64.2653,64.0074,64.1030,2846300
1711978200,2024-04-01 00:00:00,63.9501,64.4086,63.3770,63.6158,3070800
1712064600,2024-04-02 00:00:00,63.7973,63.7973,63.4630,63.6827,3025200
1712151000,2024-04-03 00:00:00,62.8039,63.6254,62.7466,63.5203,3966800
1712237400,2024-04-04 00:00:00,64.3609,64.5232,63.1096,63.1478,3739700
1712323800,2024-04-05 00:00:00,62.8994,63.3388,62.6224,63.1382,2478600
1712583000,2024-04-08 00:00:00,63.0905,63.4248,63.0809,63.2719,2764000
1712669400,2024-04-09 00:00:00,62.6988,63.0045,62.2881,62.9185,4802900
1712755800,2024-04-10 00:00:00,61.0177,61.0941,59.8715,60.5114,8212500
1712842200,2024-04-11 00:00:00,62.0684,62.2499,61.5335,62.0111,8115900
1712928600,2024-04-12 00:00:00,60.3204,60.3204,59.5371,59.8046,7149300
1713187800,2024-04-15 00:00:00,60.5019,60.5019,59.3270,59.4703,3742100
1713274200,2024-04-16 00:00:00,58.4005,58.8207,58.2285,58.5437,5448900
1713360600,2024-04-17 00:00:00,58.4673,58.5246,57.8847,58.1521,5964500
1713447000,2024-04-18 00:00:00,59.4416,59.6040,58.8589,59.0309,4497800
1713533400,2024-04-19 00:00:00,58.9354,59.0213,58.4196,58.5724,4030300
1713792600,2024-04-22 00:00:00,59.5085,60.0625,59.3174,59.8715,3082600
1713879000,2024-04-23 00:00:00,59.7186,60.2249,59.5658,60.1676,2812100
1713965400,2024-04-24 00:00:00,60.6547,60.7407,60.1294,60.3299,2061600
1714051800,2024-04-25 00:00:00,59.2124,60.2535,59.2124,60.0816,3201700
1714138200,2024-04-26 00:00:00,60.2726,60.5687,60.2726,60.5019,1785200
1714397400,2024-04-29 00:00:00,60.9604,61.2183,60.7789,61.1514,2066800
1714483800,2024-04-30 00:00:00,60.5783,60.8649,60.1962,60.2249,2932400
1714570200,2024-05-01 00:00:00,60.3108,61.2660,59.9956,60.2631,3456800
1714656600,2024-05-02 00:00:00,60.7598,61.7436,60.5210,61.5717,3681600
1714743000,2024-05-03 00:00:00,62.1544,62.3645,61.8009,62.2594,2545200
1715002200,2024-05-06 00:00:00,62.5269,62.8899,62.4218,62.8039,1847400
1715088600,2024-05-07 00:00:00,62.8708,62.9663,62.6033,62.7466,2898300
1715175000,2024-05-08 00:00:00,62.6224,62.9567,62.6224,62.8803,1926000
1715261400,2024-05-09 00:00:00,62.0302,62.2976,61.8487,62.1830,2161100
1715347800,2024-05-10 00:00:00,62.3932,62.4982,61.8678,61.9729,1779000
1715607000,2024-05-13 00:00:00,62.0015,62.2785,61.9729,62.1162,2039700
1715693400,2024-05-14 00:00:00,62.1257,62.6606,62.1257,62.6320,2240900
1715779800,2024-05-15 00:00:00,63.5107,63.9501,63.1382,63.9215,4190700
1715866200,2024-05-16 00:00:00,63.7018,63.8355,63.3961,63.3961,1761700
1715952600,2024-05-17 00:00:00,62.2403,62.7275,62.1830,62.5269,3581300
1716211800,2024-05-20 00:00:00,62.2594,62.4982,62.1735,62.3167,1611800
1716298200,2024-05-21 00:00:00,62.0206,62.0779,61.8200,61.9442,2185200
1716384600,2024-05-22 00:00:00,61.7436,61.9442,61.4380,61.6481,4664400
1716471000,2024-05-23 00:00:00,62.1353,62.1735,60.8553,61.0177,3102300
1716557400,2024-05-24 00:00:00,60.9317,61.3616,60.9126,61.2278,2075700
1716903000,2024-05-28 00:00:00,62.1926,62.3359,61.6290,61.8296,1760800
1716989400,2024-05-29 00:00:00,60.6547,60.6547,60.3013,60.3204,2524900
1717075800,2024-05-30 00:00:00,59.8046,59.9956,59.5753,59.6900,3278500
1717162200,2024-05-31 00:00:00,59.4989,59.6136,58.6584,59.3939,3092100
1717421400,2024-06-03 00:00:00,60.2917,60.4828,59.9383,60.3777,2449500
1717507800,2024-06-04 00:00:00,60.0816,60.3299,59.7568,60.1676,2970700
1717594200,2024-06-05 00:00:00,60.8458,61.3233,60.5687,61.3042,2923100
1717680600,2024-06-06 00:00:00,61.6004,61.8487,61.3807,61.7914,2582900
1717767000,2024-06-07 00:00:00,61.3233,61.3329,60.7884,60.8075,2625300
1718026200,2024-06-10 00:00:00,60.8553,61.3616,60.7407,61.3042,1217600
1718112600,2024-06-11 00:00:00,60.8266,60.9986,60.5401,60.9222,2631700
1718199000,2024-06-12 00:00:00,62.6224,62.9185,62.2308,62.4409,2870600
1718285400,2024-06-13 00:00:00,62.2881,62.4027,61.5335,61.9347,1782900
1718371800,2024-06-14 00:00:00,61.3711,61.6768,61.1992,61.6290,2411800
1718631000,2024-06-17 00:00:00,61.6481,62.3550,61.5430,62.1257,2395100
1718717400,2024-06-18 00:00:00,62.2212,62.8039,62.1448,62.6893,2139700
1718890200,2024-06-20 00:00:00,62.7943,62.9090,62.1830,62.4314,2922500
1718976600,2024-06-21 00:00:00,62.3550,62.4409,62.1162,62.2021,1908100
1719235800,2024-06-24 00:00:00,62.1066,62.5842,62.0302,62.0684,1174100
1719322200,2024-06-25 00:00:00,62.1735,62.2021,61.8965,62.1162,1877900
1719408600,2024-06-26 00:00:00,62.2308,62.5269,62.2117,62.3167,1583100
1719495000,2024-06-27 00:00:00,62.9090,63.1096,62.7466,62.8421,1673500
1719581400,2024-06-28 00:00:00,63.4248,63.5967,62.9185,63.1287,1445200
1719840600,2024-07-01 00:00:00,63.4534,63.5298,63.0140,63.1573,1605100
1719927000,2024-07-02 00:00:00,62.5938,63.2242,62.5651,63.1955,1740900
1720013400,2024-07-03 00:00:00,63.4248,63.9883,63.3579,63.8546,2113700
1720186200,2024-07-05 00:00:00,65.6122,65.9178,65.1250,65.8701,3252700
1720445400,2024-07-08 00:00:00,65.3829,65.5357,65.1250,65.1537,2415200
1720531800,2024-07-09 00:00:00,65.1823,65.2874,65.0008,65.0772,1526900
1720618200,2024-07-10 00:00:00,65.3256,65.7363,65.2874,65.7172,1995000
1720704600,2024-07-11 00:00:00,66.3954,66.4050,65.5453,65.7650,2438600
1720791000,2024-07-12 00:00:00,65.4402,65.8796,65.3925,65.5740,4171700
1721050200,2024-07-15 00:00:00,65.0773,65.2110,64.4850,64.5806,1903400
1721136600,2024-07-16 00:00:00,64.9053,65.2492,64.7143,65.1728,1716100
1721223000,2024-07-17 00:00:00,64.2653,64.4373,63.9501,64.0743,2025100
1721309400,2024-07-18 00:00:00,63.8737,63.9406,62.7943,63.0140,2938500
1721395800,2024-07-19 00:00:00,62.9854,63.0713,62.2499,62.3072,2212700
1721655000,2024-07-22 00:00:00,62.8421,62.9472,62.5078,62.8421,1560500
1721741400,2024-07-23 00:00:00,62.7466,62.8325,62.5460,62.5555,1544500
1721827800,2024-07-24 00:00:00,62.5651,62.5842,61.5908,61.6195,2919400
1721914200,2024-07-25 00:00:00,61.4284,61.7723,60.9795,61.1896,3969400
1722000600,2024-07-26 00:00:00,62.0302,62.2976,61.8869,62.1353,2576800
1722259800,2024-07-29 00:00:00,62.3741,62.3741,61.9347,62.1353,1663500
1722346200,2024-07-30 00:00:00,62.1639,62.2212,61.3902,61.6290,1779000
1722432600,2024-07-31 00:00:00,63.5489,63.9310,63.2146,63.5681,4636100
1722519000,2024-08-01 00:00:00,63.2719,63.5012,62.0588,62.3932,2516300
1722605400,2024-08-02 00:00:00,61.0846,61.2660,60.5019,60.7025,6062700
1722864600,2024-08-05 00:00:00,55.8405,57.8751,55.7450,57.4166,8859500
1722951000,2024-08-06 00:00:00,56.3372,57.3975,56.0220,56.7766,6844200
1723037400,2024-08-07 00:00:00,59.0213,59.0595,57.2542,57.2733,5604900
1723123800,2024-08-08 00:00:00,57.9993,58.8972,57.6363,58.7157,3452900
1723210200,2024-08-09 00:00:00,59.0309,59.5658,58.8781,59.4321,3725700
1723469400,2024-08-12 00:00:00,59.4130,59.7855,59.2697,59.4703,2765500
1723555800,2024-08-13 00:00:00,59.7950,60.7598,59.7759,60.7407,2489500
1723642200,2024-08-14 00:00:00,60.7311,60.9222,60.4541,60.8553,3430500
1723728600,2024-08-15 00:00:00,61.1801,61.8774,61.1419,61.4571,3353100
1723815000,2024-08-16 00:00:00,61.8583,62.6415,61.8583,62.6033,3982200
1724074200,2024-08-19 00:00:00,62.5269,63.4057,62.5269,63.3101,3028100
1724160600,2024-08-20 00:00:00,63.3006,63.4534,63.0140,63.3484,2500700
1724247000,2024-08-21 00:00:00,63.1287,63.7304,63.0522,63.4152,2241200
1724333400,2024-08-22 00:00:00,63.2242,63.3101,62.1448,62.2117,2885600
1724419800,2024-08-23 00:00:00,63.2624,64.2271,63.1096,64.1985,3794800
1724679000,2024-08-26 00:00:00,63.5585,63.6731,63.0713,63.1287,1898200
1724765400,2024-08-27 00:00:00,62.8230,63.4152,62.7561,63.2146,2328100
1724851800,2024-08-28 00:00:00,62.9567,63.1287,62.3167,62.5747,2895000
1724938200,2024-08-29 00:00:00,62.6606,63.1096,62.4600,62.4791,3156300
1725024600,2024-08-30 00:00:00,62.6224,62.7752,62.0302,62.5651,2301300
1725370200,2024-09-03 00:00:00,61.7818,61.8391,60.3204,60.4064,3237100
1725456600,2024-09-04 00:00:00,59.8428,60.9317,59.8428,60.4255,3361600
1725543000,2024-09-05 00:00:00,60.3491,60.4923,59.8046,60.0243,2865800
1725629400,2024-09-06 00:00:00,59.4512,59.6231,57.6650,57.7891,4245800
1725888600,2024-09-09 00:00:00,58.7539,59.1264,58.5628,58.8876,2233500
1725975000,2024-09-10 00:00:00,58.6679,58.6679,57.9611,58.5342,3078600
1726061400,2024-09-11 00:00:00,58.2285,58.9545,57.2829,58.8972,2827400
1726147800,2024-09-12 00:00:00,59.2410,59.7377,58.9163,59.7091,2996400
1726234200,2024-09-13 00:00:00,60.3013,60.6643,60.2917,60.4637,1999500
1726493400,2024-09-16 00:00:00,60.8744,60.8744,60.2726,60.6738,4353900
1726579800,2024-09-17 00:00:00,61.0177,61.0177,60.2344,60.3873,2158800
1726666200,2024-09-18 00:00:00,60.5878,61.6004,60.1007,60.4255,4499800
1726752600,2024-09-19 00:00:00,60.7025,61.2183,60.2631,61.0463,4225200
1726839000,2024-09-20 00:00:00,60.2917,60.5592,59.9192,60.4828,1873300
1727098200,2024-09-23 00:00:00,60.6452,60.9890,60.5210,60.8362,1946400
1727184600,2024-09-24 00:00:00,61.8678,62.1544,61.5048,62.1257,5483700
1727271000,2024-09-25 00:00:00,61.1037,61.1801,60.4923,60.5210,3429300
1727357400,2024-09-26 00:00:00,63.8546,64.1698,63.2146,64.0743,6563300
1727443800,2024-09-27 00:00:00,63.5394,63.7591,63.2146,63.3675,4236300
1727703000,2024-09-30 00:00:00,61.6577,61.7818,60.8075,61.0941,5333900
1727789400,2024-10-01 00:00:00,61.6863,61.6863,60.0911,60.6356,4364800
1727875800,2024-10-02 00:00:00,60.5878,60.8649,60.1580,60.5592,2852200
1727962200,2024-10-03 00:00:00,59.7664,60.2440,59.5562,59.8906,3988100
1728048600,2024-10-04 00:00:00,59.9479,59.9670,59.5371,59.8906,2590600
1728307800,2024-10-07 00:00:00,60.4828,60.6452,60.0625,60.1962,2579600
1728394200,2024-10-08 00:00:00,60.5401,60.5974,60.2917,60.5496,2693500
1728480600,2024-10-09 00:00:00,60.4255,60.9508,60.2631,60.7120,1805600
1728567000,2024-10-10 00:00:00,60.3777,60.5592,59.9956,60.4732,1957000
1728653400,2024-10-11 00:00:00,60.1580,60.5974,60.0911,60.5496,2807600
1728912600,2024-10-14 00:00:00,60.5592,60.7980,60.2631,60.7216,1953700
1728999000,2024-10-15 00:00:00,60.6261,60.6261,59.2506,59.3174,4177600
1729085400,2024-10-16 00:00:00,60.0243,60.1867,59.9192,60.0529,1759600
1729171800,2024-10-17 00:00:00,59.7091,59.8141,59.4894,59.5944,2348700
1729258200,2024-10-18 00:00:00,59.4225,59.5180,59.2410,59.2888,2411700
1729517400,2024-10-21 00:00:00,58.9927,59.1264,58.5246,58.8303,2807800
1729603800,2024-10-22 00:00:00,58.1521,58.2572,57.9897,58.1521,3211600
1729690200,2024-10-23 00:00:00,58.5724,58.6775,58.0757,58.4769,2021200
1729776600,2024-10-24 00:00:00,58.5915,58.6106,58.0757,58.4960,2171900
1729863000,2024-10-25 00:00:00,58.5724,58.6488,58.0661,58.4005,2948200
1730122200,2024-10-28 00:00:00,58.9258,59.0500,58.7921,58.9545,2544600
1730208600,2024-10-29 00:00:00,58.6870,59.1360,58.5533,58.9163,2323900
1730295000,2024-10-30 00:00:00,58.2572,58.5819,58.0470,58.0757,2163900
1730381400,2024-10-31 00:00:00,57.3975,57.5217,56.8148,57.2256,2422100
1730467800,2024-11-01 00:00:00,57.5885,57.7223,57.2542,57.3306,2092300
1730730600,2024-11-04 00:00:00,58.3240,58.5437,58.0470,58.1712,2459900
1730817000,2024-11-05 00:00:00,58.3240,58.5819,58.0661,58.3814,3421800
1730903400,2024-11-06 00:00:00,57.0250,57.0345,56.2226,56.7098,5553000
1730989800,2024-11-07 00:00:00,57.6268,58.0375,57.5217,57.9993,3395700
1731076200,2024-11-08 00:00:00,57.1205,57.1396,56.2704,56.5474,3419300
1731335400,2024-11-11 00:00:00,56.1080,56.1653,55.6113,55.7546,3466000
1731421800,2024-11-12 00:00:00,54.6083,54.7325,53.9779,54.3027,4149400
1731508200,2024-11-13 00:00:00,53.8728,53.9206,53.2997,53.3761,4957400
1731594600,2024-11-14 00:00:00,53.7964,53.9015,53.1947,53.2233,4175800
1731681000,2024-11-15 00:00:00,53.9684,54.0257,53.5003,53.6818,6802100
1731940200,2024-11-18 00:00:00,54.8854,55.2292,54.7421,55.2006,3773100
1732026600,2024-11-19 00:00:00,54.7134,55.1337,54.6752,54.9522,2152400
1732113000,2024-11-20 00:00:00,54.9045,54.9331,54.4746,54.8185,2468600
1732199400,2024-11-21 00:00:00,55.5158,55.5635,55.1050,55.4107,2262900
1732285800,2024-11-22 00:00:00,55.1146,55.5731,55.0859,55.5253,2645600
1732545000,2024-11-25 00:00:00,56.4423,56.4423,55.8883,56.1080,2555700
1732631400,2024-11-26 00:00:00,56.1558,56.2131,55.8979,55.9743,2757500
1732717800,2024-11-27 00:00:00,55.7832,55.8979,55.3725,55.5349,1708100
1732890600,2024-11-29 00:00:00,54.0543,54.9236,54.0543,54.8567,4213500
1733149800,2024-12-02 00:00:00,54.1785,54.3982,53.9970,54.1690,5716600
1733236200,2024-12-03 00:00:00,52.1344,53.5385,50.3195,53.3093,43627300
1733322600,2024-12-04 00:00:00,53.4048,53.7200,53.0132,53.6914,6900900
1733409000,2024-12-05 00:00:00,53.1660,53.2520,52.8986,53.0323,3655200
1733495400,2024-12-06 00:00:00,52.7553,52.8317,52.3541,52.4974,5103600
1733754600,2024-12-09 00:00:00,51.3320,51.6950,51.1983,51.2652,7313100
1733841000,2024-12-10 00:00:00,52.1631,52.2108,51.5040,51.5135,3085900
1733927400,2024-12-11 00:00:00,53.0800,53.0991,52.8603,53.0132,5578000
1734013800,2024-12-12 00:00:00,53.2711,53.4335,52.9845,52.9941,2079600
1734100200,2024-12-13 00:00:00,53.6436,53.6436,53.2520,53.4812,2642800
1734359400,2024-12-16 00:00:00,53.0705,53.2806,52.9654,53.0896,3792400
1734445800,2024-12-17 00:00:00,52.3443,52.4812,52.1096,52.3932,3410900
1734532200,2024-12-18 00:00:00,53.1268,53.1561,50.8577,50.9653,4670500
1734618600,2024-12-19 00:00:00,51.8358,51.8847,51.3565,51.4348,3218900
1734705000,2024-12-20 00:00:00,50.8479,51.5815,50.7697,51.1902,3401900
1734964200,2024-12-23 00:00:00,51.3076,51.6499,51.1511,51.6108,2484800
1735050600,2024-12-24 00:00:00,51.4250,51.6010,51.2196,51.5521,1563000
1735223400,2024-12-26 00:00:00,50.7404,50.9262,50.6230,50.8284,2212800
1735309800,2024-12-27 00:00:00,50.2905,50.4372,50.0557,50.3296,2595000
1735569000,2024-12-30 00:00:00,49.9677,50.3002,49.7917,50.0655,2556600
1735655400,2024-12-31 00:00:00,50.0557,50.1829,49.6254,49.7721,1647600
1735828200,2025-01-02 00:00:00,50.3002,50.4078,49.7623,49.9970,2567400
1735914600,2025-01-03 00:00:00,51.3956,51.6793,51.3076,51.6793,3661100
1736173800,2025-01-06 00:00:00,53.2539,53.5669,53.1170,53.2050,4912300
1736260200,2025-01-07 00:00:00,53.4593,53.4788,52.4030,52.5399,3341500
1736346600,2025-01-08 00:00:00,53.3224,53.3224,52.9018,53.1268,5101800
1736519400,2025-01-10 00:00:00,52.6475,52.7649,52.2563,52.3443,4427400
1736778600,2025-01-13 00:00:00,52.0803,52.3443,51.9531,52.3150,2671800
1736865000,2025-01-14 00:00:00,52.9018,52.9800,52.5204,52.8138,3510300
1736951400,2025-01-15 00:00:00,53.3517,53.6842,53.3224,53.5864,3538900
1737037800,2025-01-16 00:00:00,53.6060,53.7038,53.3126,53.3419,2884200
1737124200,2025-01-17 00:00:00,53.6647,53.9679,53.4495,53.6256,3437700
1737469800,2025-01-21 00:00:00,54.1243,54.5547,53.9581,54.4569,4194800
1737556200,2025-01-22 00:00:00,55.0437,55.0926,54.7894,54.8774,3612200
1737642600,2025-01-23 00:00:00,54.3200,54.5645,54.1243,54.4471,2012400
1737729000,2025-01-24 00:00:00,54.6916,54.9361,54.5840,54.6720,2037700
1737988200,2025-01-27 00:00:00,53.4984,53.8016,52.9800,53.3517,6111400
1738074600,2025-01-28 00:00:00,53.2735,53.3419,52.8529,53.1072,3133900
1738161000,2025-01-29 00:00:00,53.4006,53.6451,53.0290,53.2246,2844300
1738247400,2025-01-30 00:00:00,53.7038,54.3004,53.6256,54.0559,3698200
1738333800,2025-01-31 00:00:00,53.5180,53.7527,52.7844,52.7844,5369000
1738593000,2025-02-03 00:00:00,51.6010,52.3932,51.5130,52.2074,4539700
1738679400,2025-02-04 00:00:00,52.8040,53.3321,52.7942,53.1561,2551600
1738765800,2025-02-05 00:00:00,53.5180,53.8994,53.4984,53.7527,2384000
1738852200,2025-02-06 00:00:00,53.8896,54.0363,53.8309,54.0070,2376600
1738938600,2025-02-07 00:00:00,53.7625,53.8896,52.8236,52.9507,3677900
1739197800,2025-02-10 00:00:00,53.7038,53.9385,53.6549,53.9287,2080800
1739284200,2025-02-11 00:00:00,53.7234,54.0461,53.6647,53.8603,3242800
1739370600,2025-02-12 00:00:00,53.3517,54.1146,53.3028,53.9483,4528600
1739457000,2025-02-13 00:00:00,54.2319,55.1904,54.1830,55.1122,3844400
1739543400,2025-02-14 00:00:00,55.4545,55.6403,55.2882,55.4349,2635700
1739889000,2025-02-18 00:00:00,55.9435,56.3640,55.8848,56.1782,4156800
1739975400,2025-02-19 00:00:00,56.8726,57.1073,56.7944,56.9998,2271600
1740061800,2025-02-20 00:00:00,56.9900,57.2541,56.8922,57.1758,1825000
1740148200,2025-02-21 00:00:00,57.1465,57.1660,56.2076,56.3249,3109800
1740407400,2025-02-24 00:00:00,56.8335,56.8335,56.1782,56.2076,3628000
1740493800,2025-02-25 00:00:00,56.4423,56.4521,55.9630,56.2858,2125100
1740580200,2025-02-26 00:00:00,56.5694,57.0584,56.4032,56.5401,2171700
1740666600,2025-02-27 00:00:00,55.8652,55.8652,54.7112,54.7209,4575900
1740753000,2025-02-28 00:00:00,53.2050,53.4984,52.9018,53.4691,5138500
1741012200,2025-03-03 00:00:00,54.2319,54.3982,52.8920,53.1268,4533900
1741098600,2025-03-04 00:00:00,53.0290,53.9483,52.5986,53.3713,3621900
1741185000,2025-03-05 00:00:00,54.1341,54.8970,54.0657,54.8187,3346600
1741271400,2025-03-06 00:00:00,54.1830,54.4862,53.7136,53.7331,4849700
1741357800,2025-03-07 00:00:00,54.1928,54.5058,53.7527,54.4569,3166600
1741613400,2025-03-10 00:00:00,53.7918,53.8309,52.5595,52.9018,3808300
1741699800,2025-03-11 00:00:00,53.4006,53.7723,53.0094,53.4886,3706100
1741786200,2025-03-12 00:00:00,54.7601,54.8285,54.3395,54.7209,4983000
1741872600,2025-03-13 00:00:00,54.0363,54.3493,53.9190,54.0070,4062100
1741959000,2025-03-14 00:00:00,54.5449,54.9361,54.4373,54.9068,2073600
1742218200,2025-03-17 00:00:00,55.8555,56.6575,55.8555,56.5890,3471400
1742304600,2025-03-18 00:00:00,55.6403,55.8457,55.4056,55.7185,2871000
1742391000,2025-03-19 00:00:00,55.8750,56.2271,55.4838,55.9826,2751900
1742477400,2025-03-20 00:00:00,55.2491,55.6207,55.1219,55.4838,1720100
1742563800,2025-03-21 00:00:00,55.9141,55.9141,55.4838,55.6110,3722600
1742823000,2025-03-24 00:00:00,55.8750,56.1000,55.7870,56.0511,1579900
1742909400,2025-03-25 00:00:00,55.7479,55.9141,55.7088,55.8163,2309700
1742995800,2025-03-26 00:00:00,56.2076,56.2076,55.4447,55.5621,1794900
1743082200,2025-03-27 00:00:00,55.1708,55.5132,55.1415,55.2491,2369900
1743168600,2025-03-28 00:00:00,54.1928,54.2711,53.4691,53.5864,3205400
1743427800,2025-03-31 00:00:00,52.3345,52.9409,52.0607,52.8529,4189400
1743514200,2025-04-01 00:00:00,53.3713,53.7625,53.0779,53.6451,2932500
1743600600,2025-04-02 00:00:00,53.1268,53.7331,53.0876,53.4299,2237800
1743687000,2025-04-03 00:00:00,52.5888,52.7355,51.9335,51.9727,3935200
1743773400,2025-04-04 00:00:00,51.2978,51.4641,49.9286,50.1242,6914100
1744032600,2025-04-07 00:00:00,48.9603,51.2489,48.7549,49.6645,7441000
1744119000,2025-04-08 00:00:00,50.0949,50.2905,47.4248,47.8454,9307900
1744205400,2025-04-09 00:00:00,48.0801,52.5008,47.6889,52.1096,9295900
1744291800,2025-04-10 00:00:00,51.1316,51.2685,49.8210,50.6817,5704000
1744378200,2025-04-11 00:00:00,51.9922,53.1659,51.8357,53.1170,4797700
1744637400,2025-04-14 00:00:00,53.0192,53.4397,52.8040,53.1561,3473700
1744723800,2025-04-15 00:00:00,53.6158,53.6158,53.1659,53.1854,2366300
1744810200,2025-04-16 00:00:00,52.8627,53.3321,52.4617,52.8725,2059700
1744896600,2025-04-17 00:00:00,53.4788,53.5277,53.0974,53.1170,2558800
1745242200,2025-04-21 00:00:00,53.6940,53.6940,52.8529,53.1952,2644500
1745328600,2025-04-22 00:00:00,53.6158,53.9287,53.4397,53.6060,3041500
1745415000,2025-04-23 00:00:00,54.6623,55.0046,54.2613,54.3786,3853600
1745501400,2025-04-24 00:00:00,53.9972,54.7405,53.9483,54.7209,2849600
1745587800,2025-04-25 00:00:00,54.2613,54.5938,54.0363,54.5840,3422900
1745847000,2025-04-28 00:00:00,54.1146,54.5449,54.1146,54.4275,2014800
1745933400,2025-04-29 00:00:00,54.7601,54.9752,54.6623,54.8676,1849900
1746019800,2025-04-30 00:00:00,54.7698,55.0828,54.4764,54.9557,2478800
1746106200,2025-05-01 00:00:00,55.0241,55.1219,54.3591,54.3786,2933800
1746192600,2025-05-02 00:00:00,56.7259,56.8237,56.3054,56.4423,4272100
1746451800,2025-05-05 00:00:00,57.1954,57.3714,56.9313,57.0976,3256100
1746538200,2025-05-06 00:00:00,56.3836,57.3225,56.3836,57.2149,3430100
1746624600,2025-05-07 00:00:00,56.7650,56.7846,56.2565,56.5205,3569000
1746711000,2025-05-08 00:00:00,56.5205,56.7064,55.9337,55.9435,3337100
1746797400,2025-05-09 00:00:00,56.3347,56.4716,56.1880,56.4227,2223900
1747056600,2025-05-12 00:00:00,56.7748,56.8139,56.4912,56.7650,3013900
1747143000,2025-05-13 00:00:00,56.2173,57.0682,56.1880,56.8433,3024300
1747229400,2025-05-14 00:00:00,57.8507,57.8898,57.1758,57.3225,4423000
1747315800,2025-05-15 00:00:00,57.5572,57.6355,57.1954,57.5083,1819100
1747402200,2025-05-16 00:00:00,57.4692,57.5572,57.2541,57.4986,1250800
1747661400,2025-05-19 00:00:00,56.9606,57.5964,56.9606,57.5279,1420600
1747747800,2025-05-20 00:00:00,57.0584,57.1954,56.9802,57.1171,2088400
1747834200,2025-05-21 00:00:00,58.2908,58.6037,57.7528,57.8018,4021100
1747920600,2025-05-22 00:00:00,56.9802,57.2345,56.9117,57.0095,2981600
1748007000,2025-05-23 00:00:00,57.3616,57.8702,57.2443,57.6648,3421700
1748352600,2025-05-27 00:00:00,58.6331,58.6624,58.4570,58.6624,2938600
1748439000,2025-05-28 00:00:00,59.2884,59.5720,59.2688,59.4155,4630600
1748525400,2025-05-29 00:00:00,60.5989,60.5989,60.0708,60.4424,4841500
1748611800,2025-05-30 00:00:00,59.4546,59.5524,58.9460,59.2981,4386800
1748871000,2025-06-02 00:00:00,59.9534,60.3838,59.7969,60.3838,3278500
1748957400,2025-06-03 00:00:00,60.4816,60.7456,60.3251,60.5305,3878400
1749043800,2025-06-04 00:00:00,62.1931,62.6724,62.0953,62.5746,8720000
1749130200,2025-06-05 00:00:00,63.8949,64.2176,63.6895,63.9242,8426200
1749216600,2025-06-06 00:00:00,63.8656,64.1394,63.8460,64.1296,3355700
1749475800,2025-06-09 00:00:00,64.7164,65.2152,64.7067,65.0196,5771800
1749562200,2025-06-10 00:00:00,64.5208,64.7653,64.3741,64.7067,3962600
1749648600,2025-06-11 00:00:00,65.5576,65.8021,65.3130,65.5184,6496500
1749735000,2025-06-12 00:00:00,65.9781,66.2324,65.9096,66.2031,4375300
1749821400,2025-06-13 00:00:00,64.6578,65.4793,64.6578,64.9610,5023500
1750080600,2025-06-16 00:00:00,66.6921,67.1909,66.6040,66.6921,6176500
1750167000,2025-06-17 00:00:00,66.0857,66.2031,65.1468,65.1663,6376500
1750253400,2025-06-18 00:00:00,66.4084,66.6921,66.1248,66.3791,7474000
1750426200,2025-06-20 00:00:00,68.0907,68.1591,66.8094,67.0246,7209500
1750685400,2025-06-23 00:00:00,66.6334,67.9635,66.4867,67.8951,5724600
1750771800,2025-06-24 00:00:00,70.3010,71.0834,70.2228,71.0541,7190600
1750858200,2025-06-25 00:00:00,70.3597,70.8096,70.0761,70.7803,5222000
1750944600,2025-06-26 00:00:00,70.1445,70.6238,70.0272,70.3597,4206100
1751031000,2025-06-27 00:00:00,69.3817,69.6457,68.8926,69.1861,6292100
1751290200,2025-06-30 00:00:00,70.0272,70.2228,69.8413,70.2032,4720400
1751376600,2025-07-01 00:00:00,70.1054,70.3793,69.7729,70.0663,5401700
1751463000,2025-07-02 00:00:00,69.5284,70.3695,69.5186,70.3695,3776900
1751549400,2025-07-03 00:00:00,70.7216,71.2008,70.6629,71.1030,3214600
1751895000,2025-07-07 00:00:00,69.3817,69.5870,68.3156,68.5308,7992500
1751981400,2025-07-08 00:00:00,70.4184,70.5162,70.1054,70.4966,4639700
1752067800,2025-07-09 00:00:00,70.4771,70.6727,70.2423,70.4966,4751200
1752154200,2025-07-10 00:00:00,71.4062,71.5627,71.1519,71.5333,3463900
1752240600,2025-07-11 00:00:00,71.1128,71.1910,70.9563,70.9661,2573800
1752499800,2025-07-14 00:00:00,71.5235,71.6214,71.3084,71.5920,3410800
1752586200,2025-07-15 00:00:00,72.2375,72.2766,71.4062,71.4649,3476000
1752672600,2025-07-16 00:00:00,71.0248,71.5040,70.6140,71.4747,4071800
1752759000,2025-07-17 00:00:00,70.8878,71.4551,70.8291,71.4551,2862800
1752845400,2025-07-18 00:00:00,71.3182,71.3866,70.7705,70.7998,2764700
1753104600,2025-07-21 00:00:00,71.9050,72.4722,71.8756,72.2473,4534700
1753191000,2025-07-22 00:00:00,70.9367,71.3573,70.6335,71.2888,5417200
1753277400,2025-07-23 00:00:00,71.8267,72.2766,71.6507,72.2277,4610100
1753363800,2025-07-24 00:00:00,71.8463,72.0713,71.6605,71.6996,3892600
1753450200,2025-07-25 00:00:00,71.5138,71.6311,71.3671,71.6018,2295600
1753709400,2025-07-28 00:00:00,71.4551,71.5235,71.0541,71.1128,2591600
1753795800,2025-07-29 00:00:00,71.7387,72.1495,71.6898,71.8756,3397200
1753882200,2025-07-30 00:00:00,72.4331,72.7265,71.7583,72.0615,4322700
1753968600,2025-07-31 00:00:00,71.5138,71.5333,70.9465,71.2106,4396600
1754055000,2025-08-01 00:00:00,69.7044,69.7044,68.8144,69.0980,11792100
1754314200,2025-08-04 00:00:00,70.7900,70.8291,70.5162,70.7411,3415600
1754400600,2025-08-05 00:00:00,71.1910,71.3964,70.8683,71.2888,3881800
1754487000,2025-08-06 00:00:00,71.0834,71.5725,71.0737,71.5725,2540800
1754573400,2025-08-07 00:00:00,71.9930,72.1201,71.5040,71.8267,2208500
1754659800,2025-08-08 00:00:00,71.5040,71.9734,71.4844,71.8854,3098300
1754919000,2025-08-11 00:00:00,71.5920,71.6800,71.3377,71.4258,1917200
1755005400,2025-08-12 00:00:00,71.6898,72.4918,71.6507,72.4722,2456400
1755091800,2025-08-13 00:00:00,73.0591,73.3134,72.9221,73.0786,3856000
1755178200,2025-08-14 00:00:00,71.9930,72.1984,71.8463,72.0419,1983700
1755264600,2025-08-15 00:00:00,72.2180,72.3842,71.7583,71.7778,3400000
1755523800,2025-08-18 00:00:00,71.1226,71.2497,71.0541,71.2008,2995200
1755610200,2025-08-19 00:00:00,70.5846,70.6042,69.8511,69.8707,5414800
1755696600,2025-08-20 00:00:00,69.8316,69.9294,69.3719,69.7924,2444800
1755783000,2025-08-21 00:00:00,69.6457,69.7142,69.3719,69.6555,2338600
1755869400,2025-08-22 00:00:00,70.9661,72.1104,70.8585,71.8952,6844500
1756128600,2025-08-25 00:00:00,71.4844,71.5725,71.1128,71.1323,3106000
1756215000,2025-08-26 00:00:00,70.8292,70.9563,70.7216,70.7998,3674100
1756301400,2025-08-27 00:00:00,70.4184,70.9074,70.3010,70.8781,1870000
1756387800,2025-08-28 00:00:00,71.6409,72.0419,71.6116,72.0223,3087900
1756474200,2025-08-29 00:00:00,70.6531,70.7411,70.3890,70.6531,3359000
1756819800,2025-09-02 00:00:00,69.9294,70.5260,69.8218,70.3401,2553200
1756906200,2025-09-03 00:00:00,71.3182,71.5627,71.1226,71.3084,2250300
1756992600,2025-09-04 00:00:00,71.1812,71.5138,70.9856,71.4649,1886100
1757079000,2025-09-05 00:00:00,72.0810,72.2864,71.5138,72.0126,3308700
1757338200,2025-09-08 00:00:00,72.2277,72.5798,72.2277,72.5603,2178800
1757424600,2025-09-09 00:00:00,73.2156,73.4796,73.0786,73.2742,3469200
1757511000,2025-09-10 00:00:00,74.6826,75.1716,74.6533,74.9662,4426900
1757597400,2025-09-11 00:00:00,75.6900,76.7463,75.6900,76.1497,6894400
1757683800,2025-09-12 00:00:00,76.7560,77.0201,76.6680,76.9321,2951100
1757943000,2025-09-15 00:00:00,77.2646,77.5385,77.1961,77.4504,3823700
1758029400,2025-09-16 00:00:00,78.6045,78.9762,78.3698,78.9175,5797800
1758115800,2025-09-17 00:00:00,78.0764,78.9077,77.6265,78.0764,6110200
1758202200,2025-09-18 00:00:00,78.6143,79.0642,78.3502,78.9762,3802100
1758288600,2025-09-19 00:00:00,78.0275,78.3111,77.9688,78.2915,3940200
1758547800,2025-09-22 00:00:00,79.1327,79.7879,78.9762,79.7684,5374700
1758634200,2025-09-23 00:00:00,79.8857,80.1302,79.6021,79.6608,4023000
1758720600,2025-09-24 00:00:00,78.8001,78.8490,78.1546,78.2818,3554100
1758807000,2025-09-25 00:00:00,78.1546,78.3698,77.8025,78.1351,3374500
1758893400,2025-09-26 00:00:00,76.7071,77.1864,76.5506,77.1375,5278900
1759152600,2025-09-29 00:00:00,78.4089,78.6925,78.3796,78.4774,3738400
1759239000,2025-09-30 00:00:00,77.9394,78.4187,77.9394,78.3404,3066200
1759325400,2025-10-01 00:00:00,79.3869,80.1498,79.3869,80.0911,3909700
1759411800,2025-10-02 00:00:00,81.9103,81.9396,81.0594,81.6951,6535100
1759498200,2025-10-03 00:00:00,81.9983,82.4091,81.6071,82.0081,4225100
1759757400,2025-10-06 00:00:00,82.8785,83.1915,82.7220,82.9176,3658100
1759843800,2025-10-07 00:00:00,83.0448,83.0448,81.4702,81.5191,5040600
1759930200,2025-10-08 00:00:00,81.3723,82.3993,81.2354,82.3406,2981900
1760016600,2025-10-09 00:00:00,82.5753,82.6242,81.2256,81.5973,5477200
1760103000,2025-10-10 00:00:00,82.3993,82.5460,78.8588,78.9468,9591900
1760362200,2025-10-13 00:00:00,81.5484,82.0863,81.2256,81.7831,5622000
1760448600,2025-10-14 00:00:00,80.0813,81.5190,79.7977,80.8736,4381200
1760535000,2025-10-15 00:00:00,82.9372,83.3186,82.5362,83.2991,4072100
1760621400,2025-10-16 00:00:00,85.9789,86.5950,85.4507,85.9495,8139400
1760707800,2025-10-17 00:00:00,86.1354,86.6928,85.7931,86.5755,3725300
1760967000,2025-10-20 00:00:00,87.8958,88.5805,87.8860,88.4435,5327000
1761053400,2025-10-21 00:00:00,87.3579,87.4362,86.6733,86.6928,5103800
1761139800,2025-10-22 00:00:00,88.0230,88.5804,86.8591,87.4850,6469200
1761226200,2025-10-23 00:00:00,87.0352,88.3164,87.0058,88.0914,4919200
1761312600,2025-10-24 00:00:00,89.6758,90.0768,89.4216,90.0279,6017600
1761571800,2025-10-27 00:00:00,92.5121,92.5904,91.7493,92.2383,7519400
1761658200,2025-10-28 00:00:00,91.3385,92.4632,91.2603,92.3752,6182300
1761744600,2025-10-29 00:00:00,94.9572,95.3778,94.1063,94.7714,11103800
1761831000,2025-10-30 00:00:00,93.1968,93.7151,92.9327,93.1674,7413200
1761917400,2025-10-31 00:00:00,94.9572,95.0061,94.2139,94.8692,6141100
1762180200,2025-11-03 00:00:00,98.3706,98.5759,97.4316,98.5662,7028000
1762266600,2025-11-04 00:00:00,94.1944,95.2115,93.5684,93.6564,9065500
1762353000,2025-11-05 00:00:00,92.2383,94.6345,92.2089,94.4976,7539500
1762439400,2025-11-06 00:00:00,92.2383,92.5806,90.7810,91.4559,9740600
1762525800,2025-11-07 00:00:00,89.2162,89.8030,87.8274,89.7834,15219400
1762785000,2025-11-10 00:00:00,92.8740,93.6956,92.4437,93.5684,8460800
1762871400,2025-11-11 00:00:00,93.2163,93.6467,92.6882,93.1968,5259800
1762957800,2025-11-12 00:00:00,93.8129,93.9205,93.3239,93.8129,7121500
1763044200,2025-11-13 00:00:00,93.9792,94.1357,91.6123,92.0036,11543000
1763130600,2025-11-14 00:00:00,90.3800,92.9229,90.0768,92.0622,10710900
1763389800,2025-11-17 00:00:00,91.6417,92.7566,90.7419,90.9766,6955000
1763476200,2025-11-18 00:00:00,89.3238,90.1942,88.7467,89.5780,11789600
1763562600,2025-11-19 00:00:00,88.2284,89.4607,87.8078,88.5707,8606300
1763649000,2025-11-20 00:00:00,90.3702,90.5170,86.4875,86.5853,10483100
1763735400,2025-11-21 00:00:00,86.1060,87.7785,84.9911,87.2601,12129500
1763994600,2025-11-24 00:00:00,86.0767,88.4533,86.0571,88.3164,7612000
1764081000,2025-11-25 00:00:00,86.9374,87.8274,85.9593,87.8176,5330400
1764167400,2025-11-26 00:00:00,88.7858,89.6465,88.3946,89.5389,4266700
1764340200,2025-11-28 00:00:00,88.5413,89.0108,88.5120,88.8739,2704900
1764599400,2025-12-01 00:00:00,88.4240,88.9912,88.3653,88.6294,3567800
1764685800,2025-12-02 00:00:00,90.4094,90.6343,89.7052,90.0475,5273200
1764772200,2025-12-03 00:00:00,90.3311,90.9766,90.0084,90.9571,4936000
1764858600,2025-12-04 00:00:00,90.1942,90.2627,89.5780,89.8519,5304100
1764945000,2025-12-05 00:00:00,91.7884,92.7273,91.6710,92.2285,7104200
1765204200,2025-12-08 00:00:00,93.8129,93.8520,92.7958,92.9816,4546400
1765290600,2025-12-09 00:00:00,93.1087,93.5000,92.8447,93.4706,6039300
1765377000,2025-12-10 00:00:00,93.0598,94.6932,92.9034,94.6247,6052700
1765463400,2025-12-11 00:00:00,92.9425,93.0403,92.1698,92.8740,8052800
1765549800,2025-12-12 00:00:00,92.5317,92.6686,90.4778,90.6343,10846800
1765809000,2025-12-15 00:00:00,92.1307,92.1894,90.6637,90.6930,5976400
1765895400,2025-12-16 00:00:00,89.3500,89.9300,88.9800,89.5200,7742000
1765981800,2025-12-17 00:00:00,90.5600,90.7100,88.4000,88.5800,6435100
1766068200,2025-12-18 00:00:00,90.6000,91.1200,90.0700,90.0700,6517100
1766154600,2025-12-19 00:00:00,90.2600,91.4200,90.1400,91.3400,5738600
1766413800,2025-12-22 00:00:00,91.7800,91.9500,91.4600,91.7500,3610100
1766500200,2025-12-23 00:00:00,91.7900,92.7300,91.7100,92.7000,3815900
1766586600,2025-12-24 00:00:00,94.0800,94.6500,94.0000,94.6000,3461500
1766759400,2025-12-26 00:00:00,95.2300,96.0100,95.0500,95.8400,5307900
1767018600,2025-12-29 00:00:00,97.9500,98.7900,97.7000,98.7200,7582200
1767105000,2025-12-30 00:00:00,98.1800,98.9100,98.1500,98.6200,4291400
1767191400,2025-12-31 00:00:00,98.3900,98.5800,97.2200,97.2200,4480900
1767364200,2026-01-02 00:00:00,101.0000,102.3400,100.8500,102.2200,8772400
1767623400,2026-01-05 00:00:00,104.9800,105.2500,104.0200,104.8300,9523400
1767709800,2026-01-06 00:00:00,105.5800,107.6500,105.5100,107.6100,9754800
1767796200,2026-01-07 00:00:00,107.3700,107.6400,106.8200,107.0300,8365000
1767882600,2026-01-08 00:00:00,107.8300,107.9400,105.9300,106.5900,7974600
1767969000,2026-01-09 00:00:00,107.8600,109.0100,107.5900,108.8900,6512400
1768228200,2026-01-12 00:00:00,107.5100,108.9800,107.4900,108.9300,8059700
1768314600,2026-01-13 00:00:00,108.9000,108.9100,107.3800,107.5400,7995300
1768401000,2026-01-14 00:00:00,109.0500,109.6600,108.5700,109.6400,7408600
1768487400,2026-01-15 00:00:00,111.6100,112.0000,110.9500,111.0500,9862200
1768573800,2026-01-16 00:00:00,111.7800,112.2600,110.8400,112.2200,7804100
1768919400,2026-01-20 00:00:00,110.4700,112.4000,110.3600,110.9700,8252000
1769005800,2026-01-21 00:00:00,114.0000,116.2600,113.8200,115.6600,10876700
1769092200,2026-01-22 00:00:00,115.7600,116.3500,114.7400,115.9900,6094100
1769178600,2026-01-23 00:00:00,115.2900,118.4100,115.0500,117.9700,8550200
1769437800,2026-01-26 00:00:00,117.2700,117.9400,117.2000,117.3200,5085800
1769524200,2026-01-27 00:00:00,121.2900,122.8200,121.0500,122.7000,11017000
1769610600,2026-01-28 00:00:00,125.4000,125.6000,123.4900,125.5600,14622700
1769697000,2026-01-29 00:00:00,125.9200,125.9200,121.6400,124.5000,13187000
1769783400,2026-01-30 00:00:00,125.2200,126.3200,122.1300,122.4100,15376500
1770042600,2026-02-02 00:00:00,118.7600,121.4200,118.6100,120.9300,15395900
1770129000,2026-02-03 00:00:00,126.1100,126.1500,122.5700,124.3200,12727800
1770215400,2026-02-04 00:00:00,126.4600,126.6400,119.3800,120.2600,21545500
1770301800,2026-02-05 00:00:00,118.9000,121.7000,118.1200,120.2100,16250400
1770388200,2026-02-06 00:00:00,121.3500,124.8700,121.3500,124.7100,11990100
1770647400,2026-02-09 00:00:00,123.9800,126.4100,123.5000,126.0500,10426600
1770733800,2026-02-10 00:00:00,125.4600,125.5600,123.8100,124.4500,7838600
1770820200,2026-02-11 00:00:00,127.6800,130.7300,126.3300,130.6000,12884200
1770906600,2026-02-12 00:00:00,133.3300,134.3000,129.6100,130.8000,16591800
1770993000,2026-02-13 00:00:00,131.6900,134.3200,128.3300,133.9700,16584300
1771338600,2026-02-17 00:00:00,132.3200,132.9900,129.6500,130.6800,16472200
1771425000,2026-02-18 00:00:00,131.3800,134.1400,130.6100,132.9300,12057700
1771511400,2026-02-19 00:00:00,134.1800,135.3600,133.4300,135.2100,13191900
1771597800,2026-02-20 00:00:00,137.7000,141.9800,137.4400,141.8800,19435400
1771857000,2026-02-23 00:00:00,140.6200,141.3800,138.9600,139.3000,15725300
1771943400,2026-02-24 00:00:00,143.6500,145.6200,142.7800,144.5500,20212900
1772029800,2026-02-25 00:00:00,149.0500,149.7400,148.1800,148.8900,16893200
1772116200,2026-02-26 00:00:00,153.3100,154.2200,146.5800,150.4100,42546300
1772202600,2026-02-27 00:00:00,148.1700,151.5500,147.9700,151.3700,17173000
1772461800,2026-03-02 00:00:00,144.1200,149.3700,143.6300,147.5400,33984800
1772548200,2026-03-03 00:00:00,130.0400,135.2700,125.5400,132.3400,65699600
1772634600,2026-03-04 00:00:00,129.3000,140.6700,128.6300,134.3700,65494500
1772721000,2026-03-05 00:00:00,129.5700,132.3700,122.7200,125.7400,61265800
1772807400,2026-03-06 00:00:00,122.8200,128.4400,121.5500,126.7300,43780300
1773063000,2026-03-09 00:00:00,123.7000,134.0700,122.1000,133.8900,46248500
1773149400,2026-03-10 00:00:00,132.3000,137.6900,130.0400,130.3000,35090800
1773235800,2026-03-11 00:00:00,131.2200,133.9900,130.3400,132.8500,25279400
1773322200,2026-03-12 00:00:00,128.7000,128.8200,123.1800,123.5000,32466900
1773408600,2026-03-13 00:00:00,127.7500,129.3900,123.5100,124.1500,23355500
1773667800,2026-03-16 00:00:00,130.8700,133.9400,130.8000,133.1000,24762800
1773754200,2026-03-17 00:00:00,134.7600,135.9900,133.1700,134.4300,15549900
1773840600,2026-03-18 00:00:00,133.9900,135.3500,131.7800,131.8800,19764500
1773927000,2026-03-19 00:00:00,128.4200,135.5400,126.7200,134.8200,21186400
1774013400,2026-03-20 00:00:00,132.5700,132.9200,125.4900,125.7800,32030700
1774272600,2026-03-23 00:00:00,131.7100,134.7000,129.5800,133.8100,32748800
1774359000,2026-03-24 00:00:00,127.3100,130.8500,127.2500,128.7500,24789200
1774445400,2026-03-25 00:00:00,129.5500,130.5900,127.0300,127.7400,25453200
1774531800,2026-03-26 00:00:00,124.5900,125.2800,119.2800,119.9900,26420500
1774618200,2026-03-27 00:00:00,121.7400,123.1500,119.7600,120.9800,16113100
1774877400,2026-03-30 00:00:00,121.2600,121.4300,115.0700,116.4300,24644400
1774963800,2026-03-31 00:00:00,115.1500,123.3500,114.9200,123.0100,40381800
1775050200,2026-04-01 00:00:00,125.6800,128.6500,124.5700,126.2200,27872200
1775136600,2026-04-02 00:00:00,117.5200,124.9100,116.8900,122.8700,17840300
1775482200,2026-04-06 00:00:00,125.8500,126.7700,124.3100,125.9400,10830100
1775568600,2026-04-07 00:00:00,126.4500,127.6800,122.5100,127.1900,14720300
1775655000,2026-04-08 00:00:00,140.2800,140.9600,136.0400,140.0700,31700400
1775741400,2026-04-09 00:00:00,136.2000,140.2000,134.9500,139.2900,19370200
1775827800,2026-04-10 00:00:00,138.3300,139.4800,137.5000,138.7300,11230800
1776087000,2026-04-13 00:00:00,136.1000,141.8400,135.9700,141.2300,13632300
1776173400,2026-04-14 00:00:00,142.3700,147.3900,142.1200,146.6800,17301300
1776259800,2026-04-15 00:00:00,144.6700,145.3000,143.1100,144.9200,16187500
1776346200,2026-04-16 00:00:00,146.7300,148.5300,145.4000,147.4700,10133000
1776432600,2026-04-17 00:00:00,151.1500,154.9900,150.0900,152.3300,20083600
1776691800,2026-04-20 00:00:00,150.2600,151.0000,148.7700,150.0900,11825200
1776778200,2026-04-21 00:00:00,152.2000,152.6500,146.4000,146.7900,12940200
1776864600,2026-04-22 00:00:00,151.9600,155.9800,151.4500,155.8000,17034400
1776951000,2026-04-23 00:00:00,153.2900,154.8600,148.0600,150.5900,18088500
1777037400,2026-04-24 00:00:00,153.3600,155.5800,152.4100,154.5700,14966800
1777296600,2026-04-27 00:00:00,157.0200,158.1000,155.8100,156.7300,11361200
1777383000,2026-04-28 00:00:00,153.9300,155.7300,152.4100,154.3700,11492800
1777469400,2026-04-29 00:00:00,156.2500,156.6300,152.8600,153.9600,12415900
1777555800,2026-04-30 00:00:00,157.8500,161.5500,155.3900,160.7600,16803300
1777642200,2026-05-01 00:00:00,159.9100,164.1800,159.6600,162.0000,9840000
1777901400,2026-05-04 00:00:00,165.2300,167.8300,162.2400,163.5900,14601600
1777987800,2026-05-05 00:00:00,168.3400,175.2900,168.2600,173.4700,21110400
1778074200,2026-05-06 00:00:00,180.5200,182.2100,176.8600,181.9800,21163400
1778160600,2026-05-07 00:00:00,181.3000,181.8900,176.1400,176.7500,17754700
1778247000,2026-05-08 00:00:00,183.7300,190.4100,183.4300,190.2000,21526200
1778506200,2026-05-11 00:00:00,190.8700,194.5800,189.9900,192.8500,17208300
1778592600,2026-05-12 00:00:00,181.9900,185.3100,173.6000,178.5000,39313500
1778679000,2026-05-13 00:00:00,187.5100,189.3300,183.8600,188.6300,18868400
1778765400,2026-05-14 00:00:00,189.0000,191.2300,188.0800,190.5200,10027400
1778851800,2026-05-15 00:00:00,178.9600,181.3500,176.7000,178.8600,21737600
1779111000,2026-05-18 00:00:00,182.4500,182.7900,173.1500,176.1000,17191400
1779197400,2026-05-19 00:00:00,168.2700,178.3200,167.1700,174.0200,17827400
1779283800,2026-05-20 00:00:00,173.9900,180.3000,173.5900,180.1100,16532500
1779370200,2026-05-21 00:00:00,183.0500,187.2900,181.8100,186.4200,20545000
1779456600,2026-05-22 00:00:00,185.8200,186.2200,181.4800,182.0300,11829300
1779802200,2026-05-26 00:00:00,194.3800,201.5000,194.1600,200.6500,21215900
1779888600,2026-05-27 00:00:00,201.8100,202.5800,194.6900,198.2900,16780900
1779975000,2026-05-28 00:00:00,197.7000,208.2500,196.2800,206.4100,17578300
1780061400,2026-05-29 00:00:00,206.1100,208.1200,204.4800,205.8300,10494400
1780320600,2026-06-01 00:00:00,211.4700,217.7600,209.1000,216.7000,19082200
1780407000,2026-06-02 00:00:00,211.1700,214.6500,209.6700,214.5300,16543800
1780493400,2026-06-03 00:00:00,214.1400,214.3400,208.6000,212.9600,13981600
1780579800,2026-06-04 00:00:00,199.8800,205.9300,196.5700,203.9700,17900400
1780666200,2026-06-05 00:00:00,189.1500,190.7800,175.1800,175.1900,49401200
1780925400,2026-06-08 00:00:00,186.8800,188.8000,183.3100,185.6400,30723400
1781011800,2026-06-09 00:00:00,193.3000,193.5700,175.0500,184.0500,32951600
1781098200,2026-06-10 00:00:00,183.0300,189.0200,178.2000,178.4500,19822900
1781184600,2026-06-11 00:00:00,185.2200,199.3100,184.1900,198.9400,29533900
1781271000,2026-06-12 00:00:00,195.1500,199.9800,192.7000,197.4500,17164800
1781530200,2026-06-15 00:00:00,207.8600,211.6700,206.5700,211.4500,19500100
1781616600,2026-06-16 00:00:00,210.2200,213.7800,204.4900,205.9100,19036100
1781703000,2026-06-17 00:00:00,210.6700,213.2800,204.8700,205.0800,16255300
1781789400,2026-06-18 00:00:00,215.0000,220.8900,214.3500,219.2000,18398500
1782135000,2026-06-22 00:00:00,218.2800,220.6900,217.1000,219.0200,10772900
1782221400,2026-06-23 00:00:00,193.6000,201.0500,191.3300,192.2000,43444500
1782307800,2026-06-24 00:00:00,199.3500,200.0000,191.8100,197.2600,21161600
1782394200,2026-06-25 00:00:00,209.3600,210.4800,199.1500,205.0000,20944900
1782480600,2026-06-26 00:00:00,195.2100,202.0000,194.0900,197.2800,17108200
1782739800,2026-06-29 00:00:00,195.9600,197.5400,188.7600,197.5000,13495700
1782826200,2026-06-30 00:00:00,197.1900,202.9000,196.9400,201.9000,16575600
1782912600,2026-07-01 00:00:00,189.7000,192.1600,184.8100,185.5000,28567200
1782999000,2026-07-02 00:00:00,184.6600,188.6800,174.4500,180.1400,31638400
1783344600,2026-07-06 00:00:00,189.9900,192.2500,188.6400,189.8500,16759200
1783431000,2026-07-07 00:00:00,181.8500,183.9200,177.3700,181.2900,23664100
1783517400,2026-07-08 00:00:00,174.7500,183.1100,174.4200,182.7200,23158900
1783603800,2026-07-09 00:00:00,183.6500,185.4300,181.9000,184.7500,20468800
1783690200,2026-07-10 00:00:00,181.4600,184.9200,179.2400,183.5200,20040000
1783949400,2026-07-13 00:00:00,170.3100,172.2000,167.4400,168.0200,35909600
1784035800,2026-07-14 00:00:00,173.6700,177.5200,171.6100,176.9800,29670300
1784122200,2026-07-15 00:00:00,175.7600,176.1500,165.7500,171.6400,28751000
1784208600,2026-07-16 00:00:00,166.6800,167.6800,161.8500,163.3600,23259000
1784295000,2026-07-17 00:00:00,156.6100,169.0000,154.2000,162.5400,38339300
1784554200,2026-07-20 00:00:00,165.2000,167.5600,162.5700,162.8600,19112200
1784640600,2026-07-21 00:00:00,169.7700,174.1900,168.9000,172.9000,21114700
1784727000,2026-07-22 00:00:00,167.9000,172.0800,167.9000,170.4300,12918200
1784813400,2026-07-23 00:00:00,171.0000,175.0800,169.2900,173.8600,18576300
1784899800,2026-07-24 00:00:00,168.4000,168.7900,162.8100,162.9600,21010800
1785159000,2026-07-27 00:00:00,166.5300,166.9100,156.8800,161.2000,19210100
1785245400,2026-07-28 00:00:00,152.0900,155.1400,148.5400,151.4500,31679500
1785331800,2026-07-29 00:00:00,148.8300,154.0600,142.6400,144.2100,48396200
1785418200,2026-07-30 00:00:00,152.2700,161.3500,151.7800,161.2100,50705000
1785504600,2026-07-31 00:00:00,164.6100,166.0400,156.4200,157.1000,37067900
1785763800,2026-08-03 00:00:00,156.4000,161.0000,151.3000,160.2400,21410100
1785850200,2026-08-04 00:00:00,166.4500,172.6200,166.0900,171.1400,23897700
1785936600,2026-08-05 00:00:00,169.2300,171.7300,168.6400,169.1400,14363000
1786023000,2026-08-06 00:00:00,161.9400,167.9400,160.1900,164.1200,17697600
1786109400,2026-08-07 00:00:00,168.7200,169.0800,161.8100,166.0900,15097500
1786368600,2026-08-10 00:00:00,163.0000,164.9400,162.1300,163.1200,13583700
1786455000,2026-08-11 00:00:00,167.1400,168.7800,165.8000,167.2400,13177900
1786541400,2026-08-12 00:00:00,174.8700,175.9600,173.6300,175.8700,17891300
1786627800,2026-08-13 00:00:00,175.4700,180.9900,174.9900,178.6200,18507300
1786714200,2026-08-14 00:00:00,182.1500,183.5500,178.5500,179.7400,11849700
1786973400,2026-08-17 00:00:00,183.6900,190.1100,183.5500,185.1000,18325800
1787059800,2026-08-18 00:00:00,175.7900,177.2000,169.9500,170.0500,34355000
1787146200,2026-08-19 00:00:00,177.8700,178.2500,172.7700,174.4300,20135600
1787232600,2026-08-20 00:00:00,176.7500,179.8900,175.8300,178.1600,12145100
1787319000,2026-08-21 00:00:00,180.2300,180.6500,177.8900,178.3400,10154000
1787578200,2026-08-24 00:00:00,176.6500,176.6500,171.2600,173.6400,14380000
1787664600,2026-08-25 00:00:00,178.6700,180.3700,177.1000,180.1500,12425200
1787751000,2026-08-26 00:00:00,179.4400,180.7700,178.4500,179.1800,8224800
1787837400,2026-08-27 00:00:00,182.6400,183.0500,179.0700,182.1400,10182300
1787923800,2026-08-28 00:00:00,181.9600,183.4900,179.5800,180.2000,11267000
1788183000,2026-08-31 00:00:00,181.0500,182.2700,179.2400,180.8600,9901600
1788269400,2026-09-01 00:00:00,178.1600,179.8800,174.6100,175.8000,13438900
1788355800,2026-09-02 00:00:00,176.8100,179.6800,176.2400,178.8600,7322700
1788442200,2026-09-03 00:00:00,178.2900,180.8100,176.0700,180.5600,10940300
1788528600,2026-09-04 00:00:00,181.3700,189.1900,181.1450,188.8700,18295379
