time,datetime_kst,open,high,low,close,volume
1471267800,2016-08-15 00:00:00,13.8310,13.8354,13.5828,13.5828,6800
1471354200,2016-08-16 00:00:00,13.6046,13.6046,13.4565,13.5044,3000
1471440600,2016-08-17 00:00:00,12.7684,12.9557,12.7684,12.9383,5000
1471527000,2016-08-18 00:00:00,13.2388,13.5349,13.2388,13.5088,12400
1471613400,2016-08-19 00:00:00,13.1386,13.2736,13.0079,13.2736,12800
1471872600,2016-08-22 00:00:00,12.9644,12.9644,12.7075,12.7162,3200
1471959000,2016-08-23 00:00:00,13.1473,13.2562,12.9470,12.9470,2800
1472045400,2016-08-24 00:00:00,12.8512,12.9296,12.8512,12.9034,11800
1472131800,2016-08-25 00:00:00,12.9600,13.0602,12.9513,13.0602,12800
1472218200,2016-08-26 00:00:00,13.3476,13.3476,12.6421,12.6726,4200
1472477400,2016-08-29 00:00:00,12.7249,12.8425,12.7249,12.8425,1600
1472563800,2016-08-30 00:00:00,13.1168,13.1168,12.8468,12.8512,5200
1472650200,2016-08-31 00:00:00,12.6247,12.7118,12.6247,12.7118,1600
1472736600,2016-09-01 00:00:00,12.5638,12.5638,12.5638,12.5638,1400
1472823000,2016-09-02 00:00:00,13.0471,13.0689,13.0254,13.0254,1000
1473168600,2016-09-06 00:00:00,13.8354,14.4363,13.8354,14.4276,13800
1473255000,2016-09-07 00:00:00,14.3928,14.4276,14.3841,14.4059,1800
1473341400,2016-09-08 00:00:00,14.0096,14.0096,13.9355,13.9617,2600
1473427800,2016-09-09 00:00:00,13.3259,13.3259,12.6334,12.6334,6400
1473687000,2016-09-12 00:00:00,11.9846,12.7031,11.8757,12.6117,13600
1473773400,2016-09-13 00:00:00,11.8191,11.8496,11.3967,11.3967,8600
1473859800,2016-09-14 00:00:00,11.8539,11.9715,11.7494,11.8800,9600
1473946200,2016-09-15 00:00:00,11.5404,11.9410,11.5404,11.9410,2200
1474032600,2016-09-16 00:00:00,11.3270,11.7407,11.3226,11.7407,4400
1474291800,2016-09-19 00:00:00,12.2807,12.2807,12.1718,12.1718,600
1474378200,2016-09-20 00:00:00,12.4070,12.4331,12.3765,12.3983,7000
1474464600,2016-09-21 00:00:00,12.6900,13.3389,12.6900,13.3389,12000
1474551000,2016-09-22 00:00:00,13.7788,13.9878,13.7091,13.7178,12800
1474637400,2016-09-23 00:00:00,13.4347,13.4609,13.2475,13.3041,2200
1474896600,2016-09-26 00:00:00,13.1255,13.1255,12.9775,12.9775,2800
1474983000,2016-09-27 00:00:00,13.4739,13.5654,13.4609,13.4913,3400
1475069400,2016-09-28 00:00:00,13.6046,13.6307,13.5871,13.6307,3600
1475155800,2016-09-29 00:00:00,13.8789,13.8789,13.2736,13.4304,15600
1475242200,2016-09-30 00:00:00,13.4304,13.4304,13.4304,13.4304,1800
1475501400,2016-10-03 00:00:00,13.4870,13.5523,13.3259,13.5523,1400
1475587800,2016-10-04 00:00:00,13.2997,13.3041,12.7379,12.7379,6200
1475674200,2016-10-05 00:00:00,13.1255,13.1473,13.1255,13.1473,1400
1475760600,2016-10-06 00:00:00,13.0210,13.3346,13.0210,13.3346,1400
1475847000,2016-10-07 00:00:00,13.3650,13.4304,13.0733,13.1647,3000
1476106200,2016-10-10 00:00:00,13.3955,13.6307,13.3955,13.5784,3600
1476192600,2016-10-11 00:00:00,12.3025,12.3025,11.9758,12.1065,33400
1476279000,2016-10-12 00:00:00,12.0368,12.1675,12.0368,12.1544,3000
1476365400,2016-10-13 00:00:00,11.4881,11.7842,11.3575,11.7494,37200
1476451800,2016-10-14 00:00:00,11.6797,11.7058,11.6144,11.6318,6200
1476711000,2016-10-17 00:00:00,11.8060,11.8539,11.7581,11.7842,4600
1476797400,2016-10-18 00:00:00,12.5289,12.5289,12.3852,12.4157,3400
1476883800,2016-10-19 00:00:00,12.5246,12.7467,12.5246,12.7075,4800
1476970200,2016-10-20 00:00:00,12.3112,12.3678,12.3112,12.3373,3000
1477056600,2016-10-21 00:00:00,12.3373,12.3373,12.3373,12.3373,0
1477315800,2016-10-24 00:00:00,12.4854,12.4854,12.2371,12.3721,3200
1477402200,2016-10-25 00:00:00,12.2110,12.2589,12.2110,12.2328,4200
1477488600,2016-10-26 00:00:00,11.7363,11.7581,11.7363,11.7363,3400
1477575000,2016-10-27 00:00:00,11.7189,11.7581,11.6449,11.6449,2200
1477661400,2016-10-28 00:00:00,11.4141,11.5491,11.4141,11.5447,1200
1477920600,2016-10-31 00:00:00,11.5447,11.5839,11.5447,11.5578,600
1478007000,2016-11-01 00:00:00,11.5752,11.5752,11.2138,11.2138,1200
1478093400,2016-11-02 00:00:00,11.0047,11.0047,11.0004,11.0047,1600
1478179800,2016-11-03 00:00:00,11.1136,11.1136,11.0700,11.1092,2000
1478266200,2016-11-04 00:00:00,11.0439,11.0787,11.0439,11.0439,4200
1478529000,2016-11-07 00:00:00,11.4838,11.8147,11.4838,11.8147,10800
1478615400,2016-11-08 00:00:00,12.1849,12.2110,12.1108,12.2110,5200
1478701800,2016-11-09 00:00:00,10.7086,10.9089,10.5692,10.5779,45000
1478788200,2016-11-10 00:00:00,10.6694,10.6694,9.9900,9.9900,25200
1478874600,2016-11-11 00:00:00,9.8725,9.9596,9.7287,9.9596,9600
1479133800,2016-11-14 00:00:00,9.7766,9.7766,9.6547,9.6896,3000
1479220200,2016-11-15 00:00:00,9.7679,9.9770,9.7200,9.9770,4400
1479306600,2016-11-16 00:00:00,9.7549,9.7549,9.5807,9.5807,2000
1479393000,2016-11-17 00:00:00,9.8507,9.8550,9.6983,9.7287,54200
1479479400,2016-11-18 00:00:00,9.5894,9.6373,9.4979,9.5110,2800
1479738600,2016-11-21 00:00:00,9.6678,9.6678,9.5633,9.5981,5000
1479825000,2016-11-22 00:00:00,9.9900,10.1076,9.9726,10.1076,4000
1479911400,2016-11-23 00:00:00,10.0554,10.0554,9.8942,9.9160,6400
1480084200,2016-11-25 00:00:00,9.8637,10.0031,9.8637,9.9813,9600
1480343400,2016-11-28 00:00:00,10.1207,10.1250,10.0162,10.0466,5600
1480429800,2016-11-29 00:00:00,10.1381,10.2862,10.0902,10.2470,7800
1480516200,2016-11-30 00:00:00,10.3471,10.3471,10.1381,10.2252,11200
1480602600,2016-12-01 00:00:00,10.1817,10.2339,10.1468,10.2339,4200
1480689000,2016-12-02 00:00:00,10.1250,10.1642,10.1250,10.1642,1400
1480948200,2016-12-05 00:00:00,10.2818,10.2818,10.2600,10.2600,1200
1481034600,2016-12-06 00:00:00,10.3297,10.3950,10.3297,10.3950,5000
1481121000,2016-12-07 00:00:00,10.6607,11.0918,10.6607,11.0831,6400
1481207400,2016-12-08 00:00:00,11.2529,11.3705,11.1267,11.3705,8400
1481293800,2016-12-09 00:00:00,11.2791,11.2791,11.1484,11.2094,18400
1481553000,2016-12-12 00:00:00,11.2355,11.2355,11.1092,11.1789,9800
1481639400,2016-12-13 00:00:00,11.2704,11.3096,11.2704,11.3096,600
1481725800,2016-12-14 00:00:00,11.2791,11.2791,10.5387,10.5387,2200
1481812200,2016-12-15 00:00:00,10.6563,10.6694,10.6520,10.6694,2600
1481898600,2016-12-16 00:00:00,10.6694,10.6694,10.6694,10.6694,0
1482157800,2016-12-19 00:00:00,10.7129,10.7129,10.6694,10.6912,8800
1482244200,2016-12-20 00:00:00,10.6912,10.6912,10.6912,10.6912,1000
1482330600,2016-12-21 00:00:00,10.5170,10.5170,10.5170,10.5170,200
1482417000,2016-12-22 00:00:00,10.2470,10.2470,10.0597,10.1250,13400
1482503400,2016-12-23 00:00:00,10.2992,10.2992,10.2818,10.2992,8800
1482849000,2016-12-27 00:00:00,10.3036,10.3471,10.2949,10.3471,9400
1482935400,2016-12-28 00:00:00,10.2383,10.2644,10.2252,10.2339,13400
1483021800,2016-12-29 00:00:00,10.4081,10.5605,10.4081,10.5605,4000
1483108200,2016-12-30 00:00:00,10.5605,10.5605,10.5605,10.5605,0
1483453800,2017-01-03 00:00:00,10.7565,10.8262,10.7565,10.8262,16600
1483540200,2017-01-04 00:00:00,11.0396,11.0570,11.0396,11.0570,5400
1483626600,2017-01-05 00:00:00,11.2007,11.4533,11.2007,11.4097,9000
1483713000,2017-01-06 00:00:00,11.0570,11.1005,11.0570,11.1005,1000
1483972200,2017-01-09 00:00:00,10.9873,10.9873,10.9394,10.9568,15800
1484058600,2017-01-10 00:00:00,11.1789,11.2138,11.1049,11.1658,3400
1484145000,2017-01-11 00:00:00,11.6579,11.9889,11.6579,11.9192,6200
1484231400,2017-01-12 00:00:00,12.2850,12.4113,12.2589,12.4113,9200
1484317800,2017-01-13 00:00:00,12.3460,12.4897,12.3460,12.4897,6000
1484663400,2017-01-17 00:00:00,12.6421,12.7249,12.6421,12.7205,18400
1484749800,2017-01-18 00:00:00,12.5071,12.5071,12.1631,12.1762,7800
1484836200,2017-01-19 00:00:00,12.1021,12.1283,12.1021,12.1196,10400
1484922600,2017-01-20 00:00:00,12.0891,12.1370,12.0368,12.0891,10000
1485181800,2017-01-23 00:00:00,12.3983,12.3983,12.3678,12.3678,1200
1485268200,2017-01-24 00:00:00,12.7423,12.7423,12.6247,12.6247,8800
1485354600,2017-01-25 00:00:00,12.6944,13.1038,12.6944,13.1038,14000
1485441000,2017-01-26 00:00:00,12.9209,12.9862,12.9121,12.9600,2200
1485527400,2017-01-27 00:00:00,12.8599,12.9034,12.6988,12.7510,12000
1485786600,2017-01-30 00:00:00,12.5202,12.5899,12.5202,12.5899,4800
1485873000,2017-01-31 00:00:00,13.0733,13.3084,13.0733,13.2039,19200
1485959400,2017-02-01 00:00:00,13.2344,13.2736,12.5246,13.2736,8600
1486045800,2017-02-02 00:00:00,13.6350,13.6873,13.5523,13.6263,9800
1486132200,2017-02-03 00:00:00,13.7918,14.0531,13.7918,13.9051,14600
1486391400,2017-02-06 00:00:00,13.7265,13.8833,13.7265,13.8659,4400
1486477800,2017-02-07 00:00:00,13.5436,13.5436,13.3694,13.3955,7600
1486564200,2017-02-08 00:00:00,13.2213,13.3389,13.2213,13.3041,3600
1486650600,2017-02-09 00:00:00,13.3868,13.3999,13.3259,13.3259,2600
1486737000,2017-02-10 00:00:00,13.2083,13.3041,13.2083,13.2779,5600
1486996200,2017-02-13 00:00:00,13.2475,13.3041,13.1125,13.2649,11000
1487082600,2017-02-14 00:00:00,13.3433,13.3563,13.3302,13.3520,5200
1487169000,2017-02-15 00:00:00,13.5000,13.8136,13.5000,13.8136,7200
1487255400,2017-02-16 00:00:00,13.5915,13.5915,13.3520,13.3520,22400
1487341800,2017-02-17 00:00:00,13.1691,13.1734,13.0820,13.1734,7600
1487687400,2017-02-21 00:00:00,13.7221,13.8920,13.7221,13.8920,4400
1487773800,2017-02-22 00:00:00,13.8659,13.8876,13.8659,13.8876,800
1487860200,2017-02-23 00:00:00,14.3536,14.4059,14.3101,14.3405,11200
1487946600,2017-02-24 00:00:00,13.9399,13.9530,13.9399,13.9530,1400
1488205800,2017-02-27 00:00:00,13.6742,13.7918,13.6742,13.6917,6200
1488292200,2017-02-28 00:00:00,13.9094,13.9094,13.9094,13.9094,200
1488378600,2017-03-01 00:00:00,13.7309,13.9007,13.7309,13.8397,3200
1488465000,2017-03-02 00:00:00,13.7352,13.7352,13.4086,13.4304,3600
1488551400,2017-03-03 00:00:00,13.1168,13.1168,12.8033,13.0254,10800
1488810600,2017-03-06 00:00:00,12.9775,12.9775,12.9339,12.9557,2000
1488897000,2017-03-07 00:00:00,13.1909,13.2518,13.1778,13.2518,3200
1488983400,2017-03-08 00:00:00,13.2823,13.2823,13.2431,13.2431,2000
1489069800,2017-03-09 00:00:00,12.9121,12.9121,12.6726,12.8338,8000
1489156200,2017-03-10 00:00:00,13.1691,13.2431,13.1691,13.2431,6200
1489411800,2017-03-13 00:00:00,13.8397,14.0531,13.8267,14.0270,8800
1489498200,2017-03-14 00:00:00,14.1881,14.1968,14.1359,14.1968,4000
1489584600,2017-03-15 00:00:00,14.3580,15.5817,14.3580,15.5599,12600
1489671000,2017-03-16 00:00:00,15.4902,15.5338,15.2551,15.2551,7600
1489757400,2017-03-17 00:00:00,15.5904,15.6034,15.4380,15.4902,3600
1490016600,2017-03-20 00:00:00,15.9823,16.3830,15.9823,16.1914,25600
1490103000,2017-03-21 00:00:00,16.5441,16.6443,16.0215,16.0607,18200
1490189400,2017-03-22 00:00:00,15.9692,16.3307,15.9692,16.3220,6600
1490275800,2017-03-23 00:00:00,16.1434,16.2480,16.1217,16.1478,11800
1490362200,2017-03-24 00:00:00,16.0520,16.4004,16.0520,16.3307,10200
1490621400,2017-03-27 00:00:00,16.1347,16.3873,16.1347,16.3525,12800
1490707800,2017-03-28 00:00:00,16.2436,16.3743,16.2436,16.3263,7000
1490794200,2017-03-29 00:00:00,16.3743,16.3960,16.2872,16.3438,13200
1490880600,2017-03-30 00:00:00,16.0999,16.1609,16.0564,16.0564,6200
1490967000,2017-03-31 00:00:00,16.0476,16.0476,15.9605,15.9649,16200
1491226200,2017-04-03 00:00:00,16.0346,16.0520,15.9126,16.0520,4400
1491312600,2017-04-04 00:00:00,15.5991,15.6775,15.5163,15.5904,9600
1491399000,2017-04-05 00:00:00,15.4641,15.5163,15.2855,15.2855,7000
1491485400,2017-04-06 00:00:00,15.0722,15.1113,15.0286,15.0765,18600
1491571800,2017-04-07 00:00:00,14.9110,14.9763,14.7238,14.7412,12000
1491831000,2017-04-10 00:00:00,14.3710,14.3710,14.0618,14.0880,15800
1491917400,2017-04-11 00:00:00,13.9355,13.9660,13.7396,13.8267,17600
1492003800,2017-04-12 00:00:00,14.0009,14.2099,14.0009,14.1576,4800
1492090200,2017-04-13 00:00:00,14.5801,14.6236,14.3928,14.3928,18200
1492435800,2017-04-17 00:00:00,14.5147,14.7934,14.5147,14.7934,9000
1492522200,2017-04-18 00:00:00,14.3013,14.3013,14.0488,14.1968,8200
1492608600,2017-04-19 00:00:00,14.2099,14.2665,13.9704,13.9747,12800
1492695000,2017-04-20 00:00:00,14.5496,14.7020,14.5496,14.7020,6800
1492781400,2017-04-21 00:00:00,14.9197,15.1026,14.9197,15.1026,9200
1493040600,2017-04-24 00:00:00,15.5686,15.6122,15.2463,15.3247,17800
1493127000,2017-04-25 00:00:00,16.0259,16.2480,16.0259,16.1521,19600
1493213400,2017-04-26 00:00:00,16.1739,16.2131,16.0651,16.0912,10000
1493299800,2017-04-27 00:00:00,16.0781,16.1086,15.9649,15.9823,12400
1493386200,2017-04-28 00:00:00,15.8952,15.9910,15.7254,15.9910,3600
1493645400,2017-05-01 00:00:00,15.9039,16.2828,15.9039,16.2828,13600
1493731800,2017-05-02 00:00:00,16.7183,16.8446,16.6660,16.8446,15000
1493818200,2017-05-03 00:00:00,16.6530,16.6530,16.3307,16.4613,22000
1493904600,2017-05-04 00:00:00,16.8359,16.9926,16.7270,16.7270,11400
1493991000,2017-05-05 00:00:00,16.6530,16.9143,16.6530,16.9143,13000
1494250200,2017-05-08 00:00:00,18.3122,18.4820,18.1031,18.2686,19000
1494336600,2017-05-09 00:00:00,18.3122,19.0960,18.3122,18.8304,24200
1494423000,2017-05-10 00:00:00,18.0683,18.1597,17.7809,18.1597,41600
1494509400,2017-05-11 00:00:00,18.6954,19.1570,18.5212,19.0699,48200
1494595800,2017-05-12 00:00:00,18.8260,18.9828,18.7520,18.9218,32800
1494855000,2017-05-15 00:00:00,19.4357,19.5925,19.3181,19.5925,34800
1494941400,2017-05-16 00:00:00,19.3356,19.5576,19.3356,19.5576,32200
1495027800,2017-05-17 00:00:00,19.1483,19.1483,18.4689,18.5038,39000
1495114200,2017-05-18 00:00:00,18.3165,18.6997,18.2773,18.6344,10000
1495200600,2017-05-19 00:00:00,19.1091,19.6883,19.1091,19.6273,25800
1495459800,2017-05-22 00:00:00,19.9452,20.2370,19.8538,19.9714,50600
1495546200,2017-05-23 00:00:00,19.8407,19.8581,19.5489,19.7144,21200
1495632600,2017-05-24 00:00:00,19.8756,20.1107,19.7623,20.0802,21000
1495719000,2017-05-25 00:00:00,20.4591,20.8554,20.4591,20.7204,40600
1495805400,2017-05-26 00:00:00,20.9730,21.2038,20.9207,21.1994,35400
1496151000,2017-05-30 00:00:00,20.3502,20.4896,19.9583,20.3807,48000
1496237400,2017-05-31 00:00:00,20.9643,20.9643,20.3241,20.4678,43200
1496323800,2017-06-01 00:00:00,20.0585,20.6202,20.0585,20.5331,21400
1496410200,2017-06-02 00:00:00,21.3562,21.4477,21.1167,21.3388,40200
1496669400,2017-06-05 00:00:00,21.0470,21.2822,21.0470,21.1646,34400
1496755800,2017-06-06 00:00:00,21.0209,21.2473,20.9599,21.1341,23800
1496842200,2017-06-07 00:00:00,20.7073,20.7073,20.3110,20.5418,44400
1496928600,2017-06-08 00:00:00,20.7335,20.9948,20.7335,20.9033,42800
1497015000,2017-06-09 00:00:00,21.3257,21.3257,20.5506,20.6899,32200
1497274200,2017-06-12 00:00:00,19.9060,20.0106,19.7406,19.9409,34200
1497360600,2017-06-13 00:00:00,20.3285,20.7596,20.3285,20.7509,10600
1497447000,2017-06-14 00:00:00,21.4607,21.5522,20.9338,21.1472,61600
1497533400,2017-06-15 00:00:00,20.1107,20.1630,19.8146,20.1630,23800
1497619800,2017-06-16 00:00:00,19.9452,19.9931,19.7580,19.9801,24400
1497879000,2017-06-19 00:00:00,20.3894,20.4678,20.2109,20.3372,26000
1497965400,2017-06-20 00:00:00,20.1151,20.1151,19.5751,19.5968,27600
1498051800,2017-06-21 00:00:00,19.5794,19.6752,19.4357,19.5446,13000
1498138200,2017-06-22 00:00:00,19.8930,20.1717,19.8930,20.1151,12200
1498224600,2017-06-23 00:00:00,20.2849,20.7117,20.2849,20.5898,19800
1498483800,2017-06-26 00:00:00,21.1341,21.1341,20.8467,20.9468,23000
1498570200,2017-06-27 00:00:00,20.8031,20.8031,20.4722,20.5549,7000
1498656600,2017-06-28 00:00:00,20.2893,20.7291,20.2893,20.6638,19600
1498743000,2017-06-29 00:00:00,20.3067,20.3372,19.6317,19.9452,15600
1498829400,2017-06-30 00:00:00,20.0149,20.5070,20.0149,20.3764,16400
1499088600,2017-07-03 00:00:00,20.4243,20.4635,20.3023,20.3502,10400
1499261400,2017-07-05 00:00:00,19.8712,19.9235,19.6317,19.9147,27200
1499347800,2017-07-06 00:00:00,19.5968,19.5968,19.2267,19.2702,21600
1499434200,2017-07-07 00:00:00,19.4923,19.6012,19.3312,19.5664,12000
1499693400,2017-07-10 00:00:00,19.6883,19.9583,19.6883,19.9235,45200
1499779800,2017-07-11 00:00:00,20.0628,20.1325,19.9104,20.0323,42600
1499866200,2017-07-12 00:00:00,20.6856,21.1864,20.6856,21.0906,93400
1499952600,2017-07-13 00:00:00,21.2952,21.5827,21.2952,21.5609,12000
1500039000,2017-07-14 00:00:00,21.9615,22.7410,21.9615,22.6060,38400
1500298200,2017-07-17 00:00:00,22.6017,22.6452,22.2446,22.2446,43800
1500384600,2017-07-18 00:00:00,22.5102,22.8107,22.4928,22.8020,26400
1500471000,2017-07-19 00:00:00,22.9022,23.1722,22.8586,22.9632,23200
1500557400,2017-07-20 00:00:00,23.2898,23.3551,22.9588,23.2549,27600
1500643800,2017-07-21 00:00:00,23.4727,23.7296,23.3769,23.7296,44400
1500903000,2017-07-24 00:00:00,23.9473,24.0954,23.7819,23.9038,41200
1500989400,2017-07-25 00:00:00,23.8472,23.8994,23.4640,23.4640,27800
1501075800,2017-07-26 00:00:00,23.3812,23.9212,23.1548,23.7383,42400
1501162200,2017-07-27 00:00:00,23.8123,23.9343,23.0067,23.3464,33200
1501248600,2017-07-28 00:00:00,21.7960,21.9180,21.5130,21.7830,50000
1501507800,2017-07-31 00:00:00,22.1706,22.1706,21.7873,21.8875,17800
1501594200,2017-08-01 00:00:00,22.3970,22.6148,22.3012,22.4841,24200
1501680600,2017-08-02 00:00:00,22.5190,22.5190,22.1227,22.2446,30200
1501767000,2017-08-03 00:00:00,21.5696,21.5696,20.7204,20.9338,84800
1501853400,2017-08-04 00:00:00,21.2952,21.5173,21.1733,21.3649,31600
1502112600,2017-08-07 00:00:00,21.3649,21.6306,21.1951,21.6306,12000
1502199000,2017-08-08 00:00:00,21.5173,21.6393,20.9164,20.9164,17000
1502285400,2017-08-09 00:00:00,19.6099,19.9322,19.2528,19.7667,64800
1502371800,2017-08-10 00:00:00,19.1309,19.1309,18.2947,18.2947,78400
1502458200,2017-08-11 00:00:00,18.3731,18.7433,18.3731,18.5822,67800
1502717400,2017-08-14 00:00:00,19.4662,19.7144,19.2136,19.6099,66400
1502803800,2017-08-15 00:00:00,19.8930,20.0628,19.7275,19.8843,54400
1502890200,2017-08-16 00:00:00,19.7231,19.9539,19.5577,19.8973,35800
1502976600,2017-08-17 00:00:00,19.7623,19.8625,19.0525,19.0612,46000
1503063000,2017-08-18 00:00:00,19.5838,19.9583,19.4139,19.7275,35800
1503322200,2017-08-21 00:00:00,19.8102,19.8102,19.5533,19.6970,32600
1503408600,2017-08-22 00:00:00,20.1804,20.6638,20.1804,20.6028,19600
1503495000,2017-08-23 00:00:00,20.2762,20.5506,20.2544,20.5506,25600
1503581400,2017-08-24 00:00:00,20.9033,20.9904,20.8031,20.9164,25600
1503667800,2017-08-25 00:00:00,21.1646,21.4041,21.1123,21.2996,24600
1503927000,2017-08-28 00:00:00,21.0557,21.1210,20.9947,21.1123,23400
1504013400,2017-08-29 00:00:00,20.2544,20.6856,19.9060,20.6464,30800
1504099800,2017-08-30 00:00:00,20.7204,20.7509,20.6028,20.6289,32800
1504186200,2017-08-31 00:00:00,20.3589,20.6681,20.1238,20.6159,16000
1504272600,2017-09-01 00:00:00,20.6377,20.7465,20.2239,20.6812,27400
1504618200,2017-09-05 00:00:00,19.8930,19.8930,18.7259,18.9175,105600
1504704600,2017-09-06 00:00:00,19.1135,19.6796,19.0046,19.1439,25800
1504791000,2017-09-07 00:00:00,19.8712,19.9931,19.7754,19.9409,41800
1504877400,2017-09-08 00:00:00,19.6970,19.6970,19.3094,19.3138,35200
1505136600,2017-09-11 00:00:00,19.9452,20.4591,19.9452,20.4504,64000
1505223000,2017-09-12 00:00:00,20.3938,20.3938,20.2109,20.2544,18800
1505309400,2017-09-13 00:00:00,20.1499,20.2109,19.8625,19.9235,57400
1505395800,2017-09-14 00:00:00,20.1107,20.2675,20.1107,20.2631,31800
1505482200,2017-09-15 00:00:00,20.6551,20.7248,20.3981,20.7248,15800
1505741400,2017-09-18 00:00:00,21.6044,21.9398,21.6044,21.6785,79400
1505827800,2017-09-19 00:00:00,21.6915,21.8265,21.6262,21.8265,20400
1505914200,2017-09-20 00:00:00,21.9093,21.9093,21.0993,21.2735,23800
1506000600,2017-09-21 00:00:00,21.4694,21.6785,21.4346,21.4956,20400
1506087000,2017-09-22 00:00:00,21.1341,21.2081,20.8423,21.0819,16400
1506346200,2017-09-25 00:00:00,20.9033,21.1385,20.4678,20.6681,43400
1506432600,2017-09-26 00:00:00,20.5810,20.9512,20.4765,20.5985,12000
1506519000,2017-09-27 00:00:00,20.1368,20.4286,19.8189,20.0323,32000
1506605400,2017-09-28 00:00:00,19.8364,19.9452,19.7710,19.9104,33400
1506691800,2017-09-29 00:00:00,20.6028,21.0122,20.3633,20.9164,28000
1506951000,2017-10-02 00:00:00,20.9643,21.3388,20.9643,21.1907,26000
1507037400,2017-10-03 00:00:00,21.3867,21.6436,21.3867,21.5609,29000
1507123800,2017-10-04 00:00:00,21.4259,21.6436,21.4172,21.6436,24200
1507210200,2017-10-05 00:00:00,21.7525,22.3012,21.7481,22.1401,28000
1507296600,2017-10-06 00:00:00,21.7786,22.0399,21.6044,21.9354,35000
1507555800,2017-10-09 00:00:00,21.8222,21.8614,21.6741,21.8178,37000
1507642200,2017-10-10 00:00:00,22.5712,22.7715,22.4449,22.6540,32600
1507728600,2017-10-11 00:00:00,23.0502,23.4509,23.0502,23.3551,36000
1507815000,2017-10-12 00:00:00,23.7383,23.9081,23.7383,23.8167,17400
1507901400,2017-10-13 00:00:00,24.2261,24.4699,24.0867,24.3915,35000
1508160600,2017-10-16 00:00:00,24.1825,24.2217,23.7775,23.9212,63200
1508247000,2017-10-17 00:00:00,23.9212,23.9212,23.7252,23.7993,20000
1508333400,2017-10-18 00:00:00,23.7340,24.1259,23.7340,23.9517,19000
1508419800,2017-10-19 00:00:00,23.2244,23.5380,23.0807,23.5380,23200
1508506200,2017-10-20 00:00:00,23.9473,24.1651,23.9430,24.0606,14600
1508765400,2017-10-23 00:00:00,24.2173,24.2173,23.8341,23.8341,31200
1508851800,2017-10-24 00:00:00,24.2870,24.4525,24.0475,24.2435,19400
1508938200,2017-10-25 00:00:00,24.4090,24.4090,23.8167,24.0954,19400
1509024600,2017-10-26 00:00:00,24.0954,24.0954,23.7732,23.7732,12000
1509111000,2017-10-27 00:00:00,24.3306,25.0753,24.2086,25.0753,28400
1509370200,2017-10-30 00:00:00,24.7748,24.8531,24.4351,24.7138,15800
1509456600,2017-10-31 00:00:00,26.0856,26.3164,26.0856,26.1378,31600
1509543000,2017-11-01 00:00:00,27.4878,28.2282,27.4878,27.7709,55400
1509629400,2017-11-02 00:00:00,27.2396,27.3746,27.0175,27.3746,21000
1509715800,2017-11-03 00:00:00,27.4356,27.4356,27.0001,27.1917,26400
1509978600,2017-11-06 00:00:00,27.1307,27.3485,27.1307,27.3441,28200
1510065000,2017-11-07 00:00:00,26.8738,26.9130,26.2075,26.4427,41200
1510151400,2017-11-08 00:00:00,26.9391,27.6359,26.9348,27.2309,23800
1510237800,2017-11-09 00:00:00,25.9811,26.0986,25.3278,26.0682,60000
1510324200,2017-11-10 00:00:00,25.7851,25.9549,25.5673,25.7372,16400
1510583400,2017-11-13 00:00:00,25.2582,25.6501,25.1841,25.5107,16800
1510669800,2017-11-14 00:00:00,25.6936,25.8722,25.5282,25.5674,13600
1510756200,2017-11-15 00:00:00,25.9157,26.1291,25.7415,26.1161,28200
1510842600,2017-11-16 00:00:00,27.8101,28.1890,27.3790,28.0801,37000
1510929000,2017-11-17 00:00:00,27.7186,27.8275,27.3920,27.7143,52800
1511188200,2017-11-20 00:00:00,27.4574,27.7012,27.4356,27.6969,26000
1511274600,2017-11-21 00:00:00,28.3153,28.7812,28.3153,28.5330,50600
1511361000,2017-11-22 00:00:00,28.7420,28.9162,28.4938,28.8988,25800
1511533800,2017-11-24 00:00:00,29.0120,29.1601,28.8988,28.9598,17200
1511793000,2017-11-27 00:00:00,27.4182,27.4443,26.7344,26.8259,99200
1511879400,2017-11-28 00:00:00,28.0496,28.1193,27.6098,27.9930,69800
1511965800,2017-11-29 00:00:00,27.9364,28.0757,27.2614,27.3833,50600
1512052200,2017-11-30 00:00:00,26.0682,26.6082,26.0682,26.1378,64400
1512138600,2017-12-01 00:00:00,25.7807,26.2728,25.6936,26.1074,35400
1512397800,2017-12-04 00:00:00,26.7824,26.9348,26.4732,26.5124,18200
1512484200,2017-12-05 00:00:00,26.8259,27.1569,26.7824,26.7824,30000
1512570600,2017-12-06 00:00:00,25.5543,25.5543,25.0883,25.3453,68800
1512657000,2017-12-07 00:00:00,24.9490,25.3714,24.8227,25.3278,32800
1512743400,2017-12-08 00:00:00,25.4759,25.6065,25.2146,25.5630,23200
1513002600,2017-12-11 00:00:00,25.6457,25.8199,25.5543,25.8156,37800
1513089000,2017-12-12 00:00:00,25.2494,25.4846,25.1536,25.4846,15200
1513175400,2017-12-13 00:00:00,26.2849,26.9324,26.1680,26.6222,50400
1513261800,2017-12-14 00:00:00,26.4783,26.5637,26.1276,26.1276,23400
1513348200,2017-12-15 00:00:00,25.9297,26.4333,25.9297,26.0376,37000
1513607400,2017-12-18 00:00:00,26.3074,26.7301,26.3074,26.4378,43800
1513693800,2017-12-19 00:00:00,26.6795,26.6795,25.9734,26.1771,32200
1513780200,2017-12-20 00:00:00,26.7791,26.7791,26.2812,26.3310,14600
1513866600,2017-12-21 00:00:00,25.0273,25.6882,24.9142,25.0635,58000
1513953000,2017-12-22 00:00:00,25.3487,25.7787,25.3487,25.7787,22200
1514298600,2017-12-26 00:00:00,25.5071,25.5524,25.3397,25.5071,16400
1514385000,2017-12-27 00:00:00,26.3083,26.6705,26.3083,26.6569,53000
1514471400,2017-12-28 00:00:00,27.9153,28.1552,27.9107,28.0556,47400
1514557800,2017-12-29 00:00:00,28.5354,28.8115,28.2004,28.2050,29400
1514903400,2018-01-02 00:00:00,29.0560,29.3095,28.8613,29.3095,74000
1514989800,2018-01-03 00:00:00,29.6580,30.1288,29.4950,30.0428,42600
1515076200,2018-01-04 00:00:00,29.2506,29.6671,28.9745,29.4136,76400
1515162600,2018-01-05 00:00:00,30.1242,30.6493,30.1242,30.5543,69200
1515421800,2018-01-08 00:00:00,30.8259,30.8259,30.5678,30.5678,76600
1515508200,2018-01-09 00:00:00,30.5769,30.5859,30.1016,30.2962,40800
1515594600,2018-01-10 00:00:00,29.5901,29.9432,29.3502,29.6716,46800
1515681000,2018-01-11 00:00:00,29.9296,30.5543,29.9296,30.5543,42200
1515767400,2018-01-12 00:00:00,30.7715,31.5637,30.5769,31.5637,58000
1516113000,2018-01-16 00:00:00,32.6682,32.9805,31.1201,31.2378,75400
1516199400,2018-01-17 00:00:00,30.7896,31.5954,30.5588,31.5094,100600
1516285800,2018-01-18 00:00:00,30.8123,30.9843,30.4411,30.8258,51000
1516372200,2018-01-19 00:00:00,30.9571,31.2830,30.6946,31.2830,37200
1516631400,2018-01-22 00:00:00,29.8210,30.2872,29.5358,30.2872,119800
1516717800,2018-01-23 00:00:00,30.5814,30.7534,30.3279,30.5543,54200
1516804200,2018-01-24 00:00:00,31.4958,31.8851,30.9843,31.5139,118600
1516890600,2018-01-25 00:00:00,32.3784,32.9081,31.7493,31.9620,101600
1516977000,2018-01-26 00:00:00,32.6093,32.9760,32.4328,32.9760,38400
1517236200,2018-01-29 00:00:00,32.7134,32.7134,32.3649,32.3694,51800
1517322600,2018-01-30 00:00:00,31.4596,31.5727,30.6901,31.1653,119600
1517409000,2018-01-31 00:00:00,32.1159,32.4328,31.3464,31.7266,47800
1517495400,2018-02-01 00:00:00,31.0341,31.1880,30.4411,30.4773,56800
1517581800,2018-02-02 00:00:00,27.7025,27.9243,26.6795,27.0326,159200
1517841000,2018-02-05 00:00:00,26.6478,27.1322,24.2397,24.4706,97000
1517927400,2018-02-06 00:00:00,24.3936,27.6437,24.1492,27.3811,76600
1518013800,2018-02-07 00:00:00,24.6788,25.2944,23.4159,23.5834,247800
1518100200,2018-02-08 00:00:00,24.2986,24.4887,21.1119,21.1119,147400
1518186600,2018-02-09 00:00:00,22.3250,23.5517,20.8267,22.5694,104200
1518445800,2018-02-12 00:00:00,23.4023,24.2171,23.0175,23.5969,93600
1518532200,2018-02-13 00:00:00,23.6875,24.0632,23.5879,23.9772,32000
1518618600,2018-02-14 00:00:00,23.7508,26.2993,23.7508,26.2088,64600
1518705000,2018-02-15 00:00:00,27.5622,28.0647,26.7248,27.7704,179000
1518791400,2018-02-16 00:00:00,27.6754,28.7934,27.5984,27.9832,169400
1519137000,2018-02-20 00:00:00,24.9821,25.1767,24.4434,24.8961,152800
1519223400,2018-02-21 00:00:00,25.5253,26.0368,24.7874,24.8870,51200
1519309800,2018-02-22 00:00:00,24.8417,25.2672,24.5475,24.6154,25400
1519396200,2018-02-23 00:00:00,25.8240,26.2269,25.3351,26.2088,53200
1519655400,2018-02-26 00:00:00,26.5075,27.1005,26.3581,27.0960,42200
1519741800,2018-02-27 00:00:00,26.3672,26.3672,24.8282,24.8417,50400
1519828200,2018-02-28 00:00:00,24.9504,25.0183,23.8097,23.9274,25200
1519914600,2018-03-01 00:00:00,23.9817,24.6335,22.6916,23.5879,26400
1520001000,2018-03-02 00:00:00,22.9180,24.1130,22.7912,24.0587,45000
1520260200,2018-03-05 00:00:00,22.9768,23.7101,22.8953,23.7101,40000
1520346600,2018-03-06 00:00:00,26.3853,26.5754,26.0956,26.1680,97000
1520433000,2018-03-07 00:00:00,25.2401,25.9643,24.9187,25.9417,43000
1520519400,2018-03-08 00:00:00,25.9055,25.9145,25.3487,25.6973,22600
1520605800,2018-03-09 00:00:00,27.0235,27.9470,26.9375,27.9334,87200
1520861400,2018-03-12 00:00:00,27.8429,28.0465,27.6120,27.9470,48800
1520947800,2018-03-13 00:00:00,28.5173,28.5173,27.3042,27.4762,56400
1521034200,2018-03-14 00:00:00,28.4766,28.5354,27.7704,28.1552,39200
1521120600,2018-03-15 00:00:00,28.4404,28.5128,27.7523,27.8791,35200
1521207000,2018-03-16 00:00:00,27.8881,28.1190,27.7885,28.0013,24800
1521466200,2018-03-19 00:00:00,27.0190,27.1005,26.0865,26.3310,131800
1521552600,2018-03-20 00:00:00,27.3926,27.5834,27.2836,27.5562,30200
1521639000,2018-03-21 00:00:00,27.5743,28.3693,27.4926,28.1830,33000
1521725400,2018-03-22 00:00:00,26.6294,26.8021,25.6936,25.7164,60600
1521811800,2018-03-23 00:00:00,25.1985,25.3529,23.1543,23.1543,56400
1522071000,2018-03-26 00:00:00,25.1394,25.6800,24.4807,25.6482,59000
1522157400,2018-03-27 00:00:00,25.4983,25.6528,24.1627,24.1945,17200
1522243800,2018-03-28 00:00:00,24.9441,25.2530,24.4489,24.9532,30600
1522330200,2018-03-29 00:00:00,26.0888,26.9247,25.9389,26.6340,49800
1522675800,2018-04-02 00:00:00,26.2887,26.3932,24.7578,25.2621,58800
1522762200,2018-04-03 00:00:00,26.1161,26.6658,25.8481,26.6385,23200
1522848600,2018-04-04 00:00:00,23.6040,25.5165,23.5722,25.4756,36600
1522935000,2018-04-05 00:00:00,25.8526,26.0525,25.7799,25.8117,21600
1523021400,2018-04-06 00:00:00,25.0667,25.1576,23.7130,24.1673,31200
1523280600,2018-04-09 00:00:00,25.0940,25.3620,24.8805,24.8896,24600
1523367000,2018-04-10 00:00:00,25.4892,25.7254,25.2030,25.6618,53600
1523453400,2018-04-11 00:00:00,24.8805,25.2030,24.7851,25.2030,16800
1523539800,2018-04-12 00:00:00,25.0622,25.3438,24.9623,25.2757,24000
1523626200,2018-04-13 00:00:00,25.7254,25.7436,25.0985,25.3030,36000
1523885400,2018-04-16 00:00:00,25.2712,25.6482,25.2575,25.5846,15000
1523971800,2018-04-17 00:00:00,25.6164,26.0616,25.6164,25.9117,69200
1524058200,2018-04-18 00:00:00,26.6521,26.9520,26.5931,26.8475,38400
1524144600,2018-04-19 00:00:00,26.9792,26.9838,26.3841,26.4704,46800
1524231000,2018-04-20 00:00:00,26.0025,26.0025,25.1440,25.4710,35000
1524490200,2018-04-23 00:00:00,25.4847,25.5028,24.9623,24.9623,16000
1524576600,2018-04-24 00:00:00,25.1758,25.2121,24.1082,24.1219,47800
1524663000,2018-04-25 00:00:00,23.9992,24.1309,23.6449,24.1173,43600
1524749400,2018-04-26 00:00:00,25.5483,26.0616,25.5483,26.0434,71600
1524835800,2018-04-27 00:00:00,26.9838,27.0837,26.7158,26.9520,80600
1525095000,2018-04-30 00:00:00,27.1655,27.2382,26.4159,26.4159,29600
1525181400,2018-05-01 00:00:00,26.2978,26.2978,24.8305,26.0071,52800
1525267800,2018-05-02 00:00:00,25.8390,25.9798,25.0577,25.1213,39600
1525354200,2018-05-03 00:00:00,25.2394,25.3620,24.3944,25.2303,66000
1525440600,2018-05-04 00:00:00,24.4308,25.3348,24.3808,25.1076,44200
1525699800,2018-05-07 00:00:00,24.0991,24.5580,23.8311,24.2082,81600
1525786200,2018-05-08 00:00:00,23.9083,24.1128,23.5540,24.1128,47800
1525872600,2018-05-09 00:00:00,24.1627,24.2899,23.8629,24.1355,35200
1525959000,2018-05-10 00:00:00,25.1485,25.7799,25.1485,25.6846,80200
1526045400,2018-05-11 00:00:00,25.8208,25.9208,25.4574,25.6936,27200
1526304600,2018-05-14 00:00:00,25.3348,25.3802,25.1167,25.1167,31600
1526391000,2018-05-15 00:00:00,24.0037,24.0719,23.2951,23.5858,107600
1526477400,2018-05-16 00:00:00,24.1945,24.5307,24.1945,24.2309,37200
1526563800,2018-05-17 00:00:00,23.7266,23.7857,23.3632,23.7493,26200
1526650200,2018-05-18 00:00:00,23.6085,23.6721,23.3405,23.6222,15800
1526909400,2018-05-21 00:00:00,24.1082,24.1536,23.8493,24.0174,14200
1526995800,2018-05-22 00:00:00,24.4853,24.7442,24.2036,24.2036,36600
1527082200,2018-05-23 00:00:00,24.1491,25.0486,24.1264,25.0168,32800
1527168600,2018-05-24 00:00:00,24.0764,24.0764,23.0452,24.0128,72000
1527255000,2018-05-25 00:00:00,24.5398,24.9168,24.5398,24.7033,53200
1527600600,2018-05-29 00:00:00,23.8538,23.8538,22.8226,23.2360,68800
1527687000,2018-05-30 00:00:00,22.3002,23.0498,22.2048,23.0498,78800
1527773400,2018-05-31 00:00:00,22.7454,22.9862,22.5137,22.9862,75600
1527859800,2018-06-01 00:00:00,23.6540,23.9174,23.6040,23.8357,63000
1528119000,2018-06-04 00:00:00,24.2491,24.2491,24.0991,24.2082,21200
1528205400,2018-06-05 00:00:00,24.1400,24.1400,23.7493,23.7493,15400
1528291800,2018-06-06 00:00:00,24.3263,24.8669,24.2218,24.8669,57200
1528378200,2018-06-07 00:00:00,24.7533,24.7942,24.1900,24.4308,32000
1528464600,2018-06-08 00:00:00,23.7085,23.9629,23.4450,23.8493,53400
1528723800,2018-06-11 00:00:00,24.2627,24.3263,24.1309,24.1446,72600
1528810200,2018-06-12 00:00:00,23.8856,23.8902,23.3042,23.3859,71800
1528896600,2018-06-13 00:00:00,23.5676,23.7721,22.4865,22.9317,49400
1528983000,2018-06-14 00:00:00,22.5364,22.5910,22.0322,22.2230,97400
1529069400,2018-06-15 00:00:00,20.8193,21.1237,20.5376,20.7421,92600
1529328600,2018-06-18 00:00:00,19.8744,20.0788,19.6427,19.9834,94400
1529415000,2018-06-19 00:00:00,18.6070,18.8023,18.2845,18.7251,95600
1529501400,2018-06-20 00:00:00,19.3565,19.6518,19.1112,19.1839,43800
1529587800,2018-06-21 00:00:00,18.5843,18.5843,18.0346,18.0482,92600
1529674200,2018-06-22 00:00:00,19.1430,19.1748,18.8069,18.8886,50400
1529933400,2018-06-25 00:00:00,18.6524,18.6524,18.2254,18.6161,50400
1530019800,2018-06-26 00:00:00,18.5025,18.6070,18.4026,18.4026,32400
1530106200,2018-06-27 00:00:00,18.4571,18.6388,17.7121,17.7620,55800
1530192600,2018-06-28 00:00:00,17.4986,17.8166,17.3759,17.8166,18800
1530279000,2018-06-29 00:00:00,18.2981,18.5161,18.2981,18.4298,31600
1530538200,2018-07-02 00:00:00,16.9080,17.3032,16.8217,17.2533,38000
1530624600,2018-07-03 00:00:00,17.3123,17.3396,16.8081,16.8580,20000
1530797400,2018-07-05 00:00:00,16.8444,16.8944,16.6400,16.7672,33400
1530883800,2018-07-06 00:00:00,17.0261,17.4531,17.0079,17.1624,44600
1531143000,2018-07-09 00:00:00,17.7166,17.9029,17.6666,17.9029,38000
1531229400,2018-07-10 00:00:00,17.5849,17.8620,17.5849,17.8620,16200
1531315800,2018-07-11 00:00:00,17.0398,17.1215,16.6218,16.8217,68200
1531402200,2018-07-12 00:00:00,17.0397,17.1306,16.8626,16.9761,16400
1531488600,2018-07-13 00:00:00,16.9807,17.2169,16.9761,17.1624,31200
1531747800,2018-07-16 00:00:00,17.1669,17.2714,17.0670,17.1442,29600
1531834200,2018-07-17 00:00:00,17.0670,17.4213,17.0670,17.3850,22200
1531920600,2018-07-18 00:00:00,16.8444,17.1352,16.6945,17.1215,22600
1532007000,2018-07-19 00:00:00,16.3629,16.5946,16.1948,16.4765,49400
1532093400,2018-07-20 00:00:00,16.9943,17.1851,16.9580,17.1624,26400
1532352600,2018-07-23 00:00:00,16.2448,16.2493,16.1039,16.1903,45800
1532439000,2018-07-24 00:00:00,16.8172,16.9580,16.7263,16.8126,63000
1532525400,2018-07-25 00:00:00,16.8944,17.4441,16.7536,17.4304,205400
1532611800,2018-07-26 00:00:00,17.2396,17.3214,17.0579,17.1124,41400
1532698200,2018-07-27 00:00:00,17.6485,17.6485,17.2578,17.3759,61800
1532957400,2018-07-30 00:00:00,17.5485,17.5485,17.2805,17.3123,15400
1533043800,2018-07-31 00:00:00,17.4123,17.8756,17.4123,17.8438,235400
1533130200,2018-08-01 00:00:00,17.6076,17.6984,17.5576,17.5894,16400
1533216600,2018-08-02 00:00:00,15.9858,16.4492,15.9586,16.3992,108800
1533303000,2018-08-03 00:00:00,16.6945,16.8035,16.6127,16.7490,41600
1533562200,2018-08-06 00:00:00,16.5855,16.6036,16.4946,16.5946,15000
1533648600,2018-08-07 00:00:00,17.2442,17.4759,17.2442,17.4123,59600
1533735000,2018-08-08 00:00:00,17.0806,17.3668,17.0806,17.3668,9800
1533821400,2018-08-09 00:00:00,17.2487,17.3623,17.0806,17.0897,15800
1533907800,2018-08-10 00:00:00,15.8541,16.0176,15.7042,15.8314,92400
1534167000,2018-08-13 00:00:00,15.4044,15.5179,15.1000,15.1000,55600
1534253400,2018-08-14 00:00:00,15.6315,15.7632,15.6270,15.7405,23000
1534339800,2018-08-15 00:00:00,14.8592,14.9683,14.4504,14.7184,94800
1534426200,2018-08-16 00:00:00,15.1227,15.2726,15.1227,15.1636,18800
1534512600,2018-08-17 00:00:00,15.2681,15.6769,15.2590,15.6678,45000
1534771800,2018-08-20 00:00:00,15.6179,15.6633,15.4680,15.6588,37600
1534858200,2018-08-21 00:00:00,16.2493,16.6445,16.2493,16.5264,76600
1534944600,2018-08-22 00:00:00,16.5401,16.7399,16.4447,16.7399,220600
1535031000,2018-08-23 00:00:00,16.4083,16.4083,16.0858,16.1085,21200
1535117400,2018-08-24 00:00:00,16.9943,17.2078,16.9216,17.1533,62000
1535376600,2018-08-27 00:00:00,17.3577,17.8665,17.3078,17.7075,306600
1535463000,2018-08-28 00:00:00,17.8711,17.8711,17.5667,17.6303,30000
1535549400,2018-08-29 00:00:00,17.5213,17.7484,17.5213,17.7393,26600
1535635800,2018-08-30 00:00:00,17.2987,17.4123,17.0579,17.1715,35600
1535722200,2018-08-31 00:00:00,17.5712,17.5803,17.2578,17.5394,7400
1536067800,2018-09-04 00:00:00,17.1215,17.1715,17.0125,17.1079,14800
1536154200,2018-09-05 00:00:00,16.4583,16.5537,16.2902,16.4492,22400
1536240600,2018-09-06 00:00:00,16.3311,16.3311,16.1267,16.2402,6400
1536327000,2018-09-07 00:00:00,15.9313,16.1267,15.6724,15.7451,35000
1536586200,2018-09-10 00:00:00,15.9495,15.9949,15.8041,15.8132,5400
1536672600,2018-09-11 00:00:00,15.4816,15.9949,15.4771,15.9949,6000
1536759000,2018-09-12 00:00:00,15.7814,16.3402,15.6724,16.2266,8600
1536845400,2018-09-13 00:00:00,16.5401,16.7308,16.3765,16.6672,133200
1536931800,2018-09-14 00:00:00,17.0579,17.1806,16.8853,16.9216,151400
1537191000,2018-09-17 00:00:00,16.4537,16.4537,16.1721,16.1903,223200
1537277400,2018-09-18 00:00:00,16.6218,16.8989,16.6218,16.8989,230600
1537363800,2018-09-19 00:00:00,16.8944,16.9580,16.8399,16.9534,104000
1537450200,2018-09-20 00:00:00,17.5667,17.7848,17.5077,17.7620,145200
1537536600,2018-09-21 00:00:00,17.7575,17.9256,17.7575,17.8665,33200
1537795800,2018-09-24 00:00:00,17.4168,17.6348,17.2396,17.6167,35400
1537882200,2018-09-25 00:00:00,17.8120,17.9437,17.6803,17.9165,235800
1537968600,2018-09-26 00:00:00,18.0891,18.3980,17.8302,17.8529,272400
1538055000,2018-09-27 00:00:00,18.4253,18.6479,18.3617,18.3708,36400
1538141400,2018-09-28 00:00:00,18.0800,18.2118,17.9756,18.1436,25400
1538400600,2018-10-01 00:00:00,18.1164,18.1164,17.7620,17.8438,26000
1538487000,2018-10-02 00:00:00,17.0625,17.2351,16.9943,17.1079,169800
1538573400,2018-10-03 00:00:00,17.1033,17.2078,16.4810,16.5219,207800
1538659800,2018-10-04 00:00:00,15.7723,15.7905,15.0773,15.1454,184600
1538746200,2018-10-05 00:00:00,15.3817,15.3998,14.9774,15.1454,114600
1539005400,2018-10-08 00:00:00,14.7366,15.1045,14.6548,15.0637,175800
1539091800,2018-10-09 00:00:00,14.7639,15.0637,14.5367,14.8502,24400
1539178200,2018-10-10 00:00:00,14.5185,14.5185,13.5101,13.5146,48400
1539264600,2018-10-11 00:00:00,12.9059,13.1739,12.4879,12.6651,212200
1539351000,2018-10-12 00:00:00,13.5191,13.5964,13.0694,13.5101,38800
1539610200,2018-10-15 00:00:00,13.3601,13.4646,13.0785,13.0785,36800
1539696600,2018-10-16 00:00:00,13.5282,13.8553,13.5282,13.8008,52400
1539783000,2018-10-17 00:00:00,13.6736,13.6963,13.4692,13.5782,35200
1539869400,2018-10-18 00:00:00,13.0285,13.0876,12.4107,12.5016,85600
1539955800,2018-10-19 00:00:00,13.2647,13.3965,13.0013,13.0467,59200
1540215000,2018-10-22 00:00:00,13.2829,13.2829,12.9377,13.0921,24600
1540301400,2018-10-23 00:00:00,11.9973,12.5379,11.8565,12.3880,89400
1540387800,2018-10-24 00:00:00,12.1518,12.2336,11.1706,11.1706,88400
1540474200,2018-10-25 00:00:00,11.3795,11.8610,11.3568,11.6793,70600
1540560600,2018-10-26 00:00:00,10.5709,10.9752,10.2802,10.7481,124200
1540819800,2018-10-29 00:00:00,10.8798,10.8798,10.0076,10.1939,73200
1540906200,2018-10-30 00:00:00,10.5527,10.8526,10.5346,10.8208,261600
1540992600,2018-10-31 00:00:00,10.9661,11.0979,10.8798,10.9661,128800
1541079000,2018-11-01 00:00:00,11.2569,11.7066,11.1706,11.6521,231400
1541165400,2018-11-02 00:00:00,12.5970,12.7514,12.2063,12.3835,297800
1541428200,2018-11-05 00:00:00,12.1018,12.4289,12.1018,12.2336,43400
1541514600,2018-11-06 00:00:00,12.3562,12.5379,12.2654,12.5379,56400
1541601000,2018-11-07 00:00:00,12.6560,13.1376,12.6242,13.1376,95400
1541687400,2018-11-08 00:00:00,12.5879,12.7014,12.2063,12.3062,85000
1541773800,2018-11-09 00:00:00,11.8565,11.8565,11.4295,11.5113,75000
1542033000,2018-11-12 00:00:00,11.4613,11.4658,10.9843,11.0252,91000
1542119400,2018-11-13 00:00:00,11.4658,11.6475,11.3523,11.4567,70200
1542205800,2018-11-14 00:00:00,11.5249,11.5249,11.1796,11.3432,44800
1542292200,2018-11-15 00:00:00,11.6793,12.2881,11.6294,12.1881,86000
1542378600,2018-11-16 00:00:00,11.8610,12.4243,11.8156,12.3289,37200
1542637800,2018-11-19 00:00:00,12.0428,12.0473,11.7202,11.8247,37800
1542724200,2018-11-20 00:00:00,11.2614,11.3886,11.0161,11.1569,84200
1542810600,2018-11-21 00:00:00,11.4976,11.6657,11.4976,11.6021,49800
1542983400,2018-11-23 00:00:00,11.0479,11.1297,10.9661,10.9798,47400
1543242600,2018-11-26 00:00:00,11.7475,11.9019,11.7429,11.8701,43800
1543329000,2018-11-27 00:00:00,11.8792,12.0382,11.7747,12.0382,33600
1543415400,2018-11-28 00:00:00,12.1154,12.8241,11.9837,12.8196,85200
1543501800,2018-11-29 00:00:00,12.4334,12.6424,12.2881,12.4471,36600
1543588200,2018-11-30 00:00:00,12.0337,12.1291,11.9019,12.1109,132800
1543847400,2018-12-03 00:00:00,12.9967,13.0830,12.8695,13.0376,120800
1543933800,2018-12-04 00:00:00,12.9150,12.9422,12.1245,12.1245,36000
1544106600,2018-12-06 00:00:00,11.3386,11.8111,11.0343,11.7884,49800
1544193000,2018-12-07 00:00:00,11.6157,11.8656,10.9888,11.0388,64400
1544452200,2018-12-10 00:00:00,11.0252,11.1478,10.6481,11.0797,109800
1544538600,2018-12-11 00:00:00,11.1478,11.2160,10.8344,11.0070,26200
1544625000,2018-12-12 00:00:00,11.5885,11.8656,11.5294,11.5839,67600
1544711400,2018-12-13 00:00:00,11.7339,11.8792,11.4976,11.4976,62800
1544797800,2018-12-14 00:00:00,10.9252,11.0434,10.7935,10.8571,52600
1545057000,2018-12-17 00:00:00,10.9888,11.0706,10.5618,10.6709,39400
1545143400,2018-12-18 00:00:00,10.9798,11.1751,10.9616,11.0842,34000
1545229800,2018-12-19 00:00:00,11.3114,11.6385,10.4392,10.7072,50200
1545316200,2018-12-20 00:00:00,11.0116,11.1478,10.9025,11.0070,50800
1545402600,2018-12-21 00:00:00,10.9888,11.1388,10.6527,10.8435,20200
1545661800,2018-12-24 00:00:00,10.5845,10.9389,10.5527,10.5527,30600
1545834600,2018-12-26 00:00:00,10.6027,11.1070,10.5209,11.0797,32800
1545921000,2018-12-27 00:00:00,10.8412,11.2204,10.8275,11.2204,25600
1546007400,2018-12-28 00:00:00,11.3575,11.5996,11.3346,11.4854,41600
1546266600,2018-12-31 00:00:00,11.6818,11.7184,11.2387,11.3118,50200
1546439400,2019-01-02 00:00:00,10.6813,11.0011,10.6722,10.8595,48800
1546525800,2019-01-03 00:00:00,10.3524,10.3707,10.0691,10.1651,107000
1546612200,2019-01-04 00:00:00,10.6311,11.1473,10.5808,11.0925,91400
1546871400,2019-01-07 00:00:00,11.1062,11.3346,11.0103,11.2113,53000
1546957800,2019-01-08 00:00:00,10.7864,10.8915,10.6676,10.8321,109800
1547044200,2019-01-09 00:00:00,11.5037,11.8235,11.5037,11.7047,405800
1547130600,2019-01-10 00:00:00,11.5631,11.8372,11.5311,11.8326,174600
1547217000,2019-01-11 00:00:00,11.6910,11.8326,11.6727,11.7915,32800
1547476200,2019-01-14 00:00:00,11.2570,11.4397,11.2021,11.3666,31400
1547562600,2019-01-15 00:00:00,11.8280,12.0153,11.7915,11.8737,64800
1547649000,2019-01-16 00:00:00,12.2072,12.5133,12.2072,12.4219,91400
1547735400,2019-01-17 00:00:00,12.1478,12.6549,12.1113,12.5407,289400
1547821800,2019-01-18 00:00:00,12.6961,12.8240,12.6641,12.6778,47800
1548167400,2019-01-22 00:00:00,11.9971,12.0428,11.7823,11.9011,42800
1548253800,2019-01-23 00:00:00,12.3306,12.4082,12.2255,12.3626,15400
1548340200,2019-01-24 00:00:00,12.5773,12.8285,12.5773,12.7874,35400
1548426600,2019-01-25 00:00:00,13.7057,13.9341,13.6966,13.8930,705600
1548685800,2019-01-28 00:00:00,13.4088,13.5641,13.3357,13.5641,44000
1548772200,2019-01-29 00:00:00,13.8336,13.8793,13.6143,13.7240,78800
1548858600,2019-01-30 00:00:00,14.4687,15.1174,14.2585,14.9895,1032800
1548945000,2019-01-31 00:00:00,14.5144,14.7473,14.4732,14.7382,347800
1549031400,2019-02-01 00:00:00,14.1854,14.2676,14.0758,14.1671,193800
1549290600,2019-02-04 00:00:00,14.1169,14.5966,14.1032,14.3453,24800
1549377000,2019-02-05 00:00:00,14.6514,15.1037,14.4824,14.9758,131400
1549463400,2019-02-06 00:00:00,14.8707,14.9072,14.5052,14.5600,74200
1549549800,2019-02-07 00:00:00,13.8382,13.9204,13.4133,13.7560,102000
1549636200,2019-02-08 00:00:00,13.1803,13.2945,13.0204,13.2351,133600
1549895400,2019-02-11 00:00:00,13.3585,13.4133,13.2306,13.3265,36800
1549981800,2019-02-12 00:00:00,13.6646,13.9067,13.6646,13.8428,692400
1550068200,2019-02-13 00:00:00,13.7514,13.7788,13.5001,13.5687,353600
1550154600,2019-02-14 00:00:00,13.7103,13.9159,13.6463,13.8062,38800
1550241000,2019-02-15 00:00:00,13.5824,13.7057,13.5824,13.6737,61200
1550586600,2019-02-19 00:00:00,13.5367,13.9844,13.5367,13.8748,32200
1550673000,2019-02-20 00:00:00,14.1808,14.3545,14.1580,14.2174,69600
1550759400,2019-02-21 00:00:00,14.0392,14.0392,13.8610,13.9935,25400
1550845800,2019-02-22 00:00:00,14.1854,14.4093,14.1808,14.3910,292400
1551105000,2019-02-25 00:00:00,14.5463,14.7885,14.4869,14.4961,513400
1551191400,2019-02-26 00:00:00,14.2494,14.5189,14.2220,14.4047,33800
1551277800,2019-02-27 00:00:00,14.3682,14.3910,14.0849,14.2905,58200
1551364200,2019-02-28 00:00:00,13.4910,13.5138,13.3448,13.3676,141600
1551450600,2019-03-01 00:00:00,13.5732,13.6737,13.2854,13.3813,93400
1551709800,2019-03-04 00:00:00,13.2260,13.2580,12.7646,13.0798,352200
1551796200,2019-03-05 00:00:00,12.9565,13.0707,12.8925,12.9930,252600
1551882600,2019-03-06 00:00:00,12.9291,12.9519,12.7737,12.8240,45400
1551969000,2019-03-07 00:00:00,12.6184,12.6184,12.1524,12.1752,164800
1552055400,2019-03-08 00:00:00,11.7732,11.9514,11.7001,11.9514,167400
1552311000,2019-03-11 00:00:00,11.9377,12.2849,11.9331,12.2849,54400
1552397400,2019-03-12 00:00:00,12.4539,12.5956,12.4494,12.5179,412200
1552483800,2019-03-13 00:00:00,12.2346,12.3488,12.1387,12.2529,568200
1552570200,2019-03-14 00:00:00,12.0747,12.0930,11.9742,12.0016,110600
1552656600,2019-03-15 00:00:00,12.4676,12.6961,12.4676,12.6686,148800
1552915800,2019-03-18 00:00:00,12.6549,12.8103,12.6093,12.7920,803600
1553002200,2019-03-19 00:00:00,12.7920,12.8331,12.6641,12.6961,55200
1553088600,2019-03-20 00:00:00,12.7600,13.1118,12.5818,12.8788,63800
1553175000,2019-03-21 00:00:00,12.9382,13.2032,12.9382,13.1895,67600
1553261400,2019-03-22 00:00:00,12.7189,12.7417,12.1524,12.1798,90200
1553520600,2019-03-25 00:00:00,12.1296,12.2392,12.0793,12.1752,40200
1553607000,2019-03-26 00:00:00,12.1981,12.2438,11.9468,12.0428,55000
1553693400,2019-03-27 00:00:00,11.9194,11.9194,11.5219,11.6590,503200
1553779800,2019-03-28 00:00:00,11.7458,11.8600,11.6224,11.8372,341000
1553866200,2019-03-29 00:00:00,11.9879,12.0199,11.9148,11.9834,42600
1554125400,2019-04-01 00:00:00,12.4859,12.6778,12.4859,12.6778,61200
1554211800,2019-04-02 00:00:00,12.6184,12.6184,12.5133,12.5818,21000
1554298200,2019-04-03 00:00:00,13.3357,13.4362,13.2443,13.2626,1423000
1554384600,2019-04-04 00:00:00,13.2580,13.3905,13.2534,13.3448,33800
1554471000,2019-04-05 00:00:00,13.3539,13.5047,13.3448,13.4727,566400
1554730200,2019-04-08 00:00:00,12.9702,13.2123,12.9610,13.2123,499600
1554816600,2019-04-09 00:00:00,13.1575,13.2306,13.1529,13.2032,35000
1554903000,2019-04-10 00:00:00,13.4681,13.5915,13.4362,13.4864,812800
1554989400,2019-04-11 00:00:00,13.3128,13.3128,13.1438,13.2214,63600
1555075800,2019-04-12 00:00:00,13.7971,13.8565,13.6600,13.7103,689800
1555335000,2019-04-15 00:00:00,13.7742,13.8199,13.6189,13.6920,369000
1555421400,2019-04-16 00:00:00,13.9524,13.9753,13.8062,13.8291,997200
1555507800,2019-04-17 00:00:00,14.0529,14.0895,13.9296,13.9844,1138000
1555594200,2019-04-18 00:00:00,13.2580,13.3585,13.1621,13.3082,1294600
1555939800,2019-04-22 00:00:00,13.0844,13.1255,12.9565,13.0981,40800
1556026200,2019-04-23 00:00:00,13.1346,13.3311,13.0707,13.2534,28000
1556112600,2019-04-24 00:00:00,12.3671,12.3671,12.0930,12.2209,863400
1556199000,2019-04-25 00:00:00,11.9285,12.0199,11.8646,12.0016,81200
1556285400,2019-04-26 00:00:00,11.8966,11.9651,11.7961,11.9377,141800
1556544600,2019-04-29 00:00:00,12.4859,12.5087,12.3945,12.4676,888400
1556631000,2019-04-30 00:00:00,12.0930,12.1661,11.9925,12.1524,789400
1556717400,2019-05-01 00:00:00,12.2483,12.4768,11.8463,11.8646,57600
1556803800,2019-05-02 00:00:00,12.1524,12.2209,11.9377,12.0930,16400
1556890200,2019-05-03 00:00:00,11.8920,12.0839,11.8920,12.0793,40600
1557149400,2019-05-06 00:00:00,11.0971,11.5539,11.0514,11.4717,102200
1557235800,2019-05-07 00:00:00,11.2250,11.2707,10.7910,10.8549,61600
1557322200,2019-05-08 00:00:00,11.0468,11.1336,10.9006,10.9143,60400
1557408600,2019-05-09 00:00:00,9.6077,9.9778,9.4889,9.9047,272400
1557495000,2019-05-10 00:00:00,9.8635,10.0691,9.5026,9.9595,188800
1557754200,2019-05-13 00:00:00,9.0229,9.0366,8.7945,8.8448,232800
1557840600,2019-05-14 00:00:00,9.2285,9.3382,9.2148,9.2651,356600
1557927000,2019-05-15 00:00:00,9.2148,9.4524,9.1737,9.4250,387600
1558013400,2019-05-16 00:00:00,9.0595,9.2011,8.9453,9.0047,165600
1558099800,2019-05-17 00:00:00,8.6346,8.7534,8.5843,8.6757,606600
1558359000,2019-05-20 00:00:00,8.5752,8.6757,8.4884,8.5935,129600
1558445400,2019-05-21 00:00:00,8.8767,8.9224,8.8082,8.9224,112800
1558531800,2019-05-22 00:00:00,8.9407,9.0001,8.9179,8.9635,541200
1558618200,2019-05-23 00:00:00,8.7351,8.7762,8.6437,8.7214,85800
1558704600,2019-05-24 00:00:00,8.8402,8.8676,8.6940,8.7214,42000
1559050200,2019-05-28 00:00:00,8.8448,8.9407,8.7305,8.7625,40800
1559136600,2019-05-29 00:00:00,8.3148,8.4838,8.2691,8.4747,180400
1559223000,2019-05-30 00:00:00,8.7717,8.8722,8.7214,8.7854,68800
1559309400,2019-05-31 00:00:00,8.5935,8.7808,8.5387,8.7808,35000
1559568600,2019-06-03 00:00:00,9.2514,9.3610,9.2239,9.2970,143800
1559655000,2019-06-04 00:00:00,9.2559,9.4798,9.1508,9.4706,415600
1559741400,2019-06-05 00:00:00,9.4341,9.4341,9.1280,9.1783,43200
1559827800,2019-06-06 00:00:00,9.2514,9.2925,9.0960,9.1691,57600
1559914200,2019-06-07 00:00:00,9.2422,9.4387,9.2422,9.3976,480200
1560173400,2019-06-10 00:00:00,9.5757,9.7265,9.5574,9.6625,566600
1560259800,2019-06-11 00:00:00,9.9412,9.9778,9.8224,9.9001,285000
1560346200,2019-06-12 00:00:00,9.6808,9.6808,9.5803,9.6214,71800
1560432600,2019-06-13 00:00:00,9.5163,9.5437,9.3793,9.4478,485800
1560519000,2019-06-14 00:00:00,9.2970,9.3199,9.2331,9.2514,51800
1560778200,2019-06-17 00:00:00,9.2925,9.3656,9.2925,9.3564,3600
1560864600,2019-06-18 00:00:00,9.6625,10.0691,9.6625,10.0280,720000
1560951000,2019-06-19 00:00:00,10.1102,10.3569,10.0371,10.2610,600200
1561037400,2019-06-20 00:00:00,10.8823,10.9235,10.7042,10.7590,603200
1561123800,2019-06-21 00:00:00,10.5534,10.6768,10.5260,10.5899,304400
1561383000,2019-06-24 00:00:00,10.6082,10.6813,10.6082,10.6585,19200
1561469400,2019-06-25 00:00:00,10.6891,10.7349,10.4924,10.4970,34600
1561555800,2019-06-26 00:00:00,10.7577,10.9087,10.7577,10.7943,40600
1561642200,2019-06-27 00:00:00,11.0001,11.0505,10.9681,10.9956,412200
1561728600,2019-06-28 00:00:00,10.9041,10.9087,10.8080,10.8629,407000
1561987800,2019-07-01 00:00:00,10.7943,10.7943,10.5107,10.6937,63800
1562074200,2019-07-02 00:00:00,10.4604,10.5290,10.4055,10.4741,36800
1562160600,2019-07-03 00:00:00,9.9665,9.9710,9.9207,9.9482,102600
1562333400,2019-07-05 00:00:00,9.8933,9.8933,9.6783,9.7286,81600
1562592600,2019-07-08 00:00:00,9.2301,9.2529,9.1432,9.1980,163400
1562679000,2019-07-09 00:00:00,8.9922,9.1203,8.9831,9.0654,64200
1562765400,2019-07-10 00:00:00,9.3901,9.4725,9.3536,9.4496,501000
1562851800,2019-07-11 00:00:00,9.6509,9.6600,9.5045,9.5502,103000
1562938200,2019-07-12 00:00:00,9.5457,9.6143,9.5091,9.6051,43800
1563197400,2019-07-15 00:00:00,9.5365,9.5777,9.4908,9.5274,49000
1563283800,2019-07-16 00:00:00,9.6051,9.6371,9.5365,9.5457,69800
1563370200,2019-07-17 00:00:00,9.3170,9.3581,9.2529,9.2758,55800
1563456600,2019-07-18 00:00:00,9.3444,9.6463,9.3398,9.6463,43400
1563543000,2019-07-19 00:00:00,9.8475,9.8475,9.6417,9.6600,115800
1563802200,2019-07-22 00:00:00,9.8475,9.8613,9.7881,9.8155,31600
1563888600,2019-07-23 00:00:00,9.8521,9.8567,9.7606,9.8064,29800
1563975000,2019-07-24 00:00:00,9.6326,9.6966,9.6326,9.6463,12800
1564061400,2019-07-25 00:00:00,9.4176,9.4267,9.2209,9.2804,86000
1564147800,2019-07-26 00:00:00,9.3398,9.3581,9.2941,9.3261,39800
1564407000,2019-07-29 00:00:00,8.9739,8.9922,8.8824,8.9876,58000
1564493400,2019-07-30 00:00:00,8.9373,8.9648,8.8870,8.9373,36000
1564579800,2019-07-31 00:00:00,8.8321,8.8321,8.2924,8.4754,173400
1564666200,2019-08-01 00:00:00,8.5394,8.7224,8.1140,8.1643,157400
1564752600,2019-08-02 00:00:00,7.8762,7.9219,7.5880,7.7298,183200
1565011800,2019-08-05 00:00:00,6.9843,6.9843,6.5955,6.7327,289000
1565098200,2019-08-06 00:00:00,6.9111,6.9523,6.7739,6.8882,118000
1565184600,2019-08-07 00:00:00,6.5635,6.9248,6.4491,6.9203,551000
1565271000,2019-08-08 00:00:00,6.9523,7.1307,6.8928,7.0986,551200
1565357400,2019-08-09 00:00:00,7.0438,7.0575,6.8928,7.0026,329600
1565616600,2019-08-12 00:00:00,6.8334,6.8699,6.7510,6.7785,103800
1565703000,2019-08-13 00:00:00,6.6138,7.1581,6.5818,7.1169,101600
1565789400,2019-08-14 00:00:00,6.8059,6.8196,6.5772,6.5955,157400
1565875800,2019-08-15 00:00:00,6.7053,6.7053,6.5818,6.6687,221000
1565962200,2019-08-16 00:00:00,6.9340,7.0758,6.9340,6.9889,272400
1566221400,2019-08-19 00:00:00,7.1444,7.1444,6.9751,6.9797,63600
1566307800,2019-08-20 00:00:00,7.2816,7.2816,7.2038,7.2176,46000
1566394200,2019-08-21 00:00:00,7.4600,7.5286,7.4325,7.4920,135200
1566480600,2019-08-22 00:00:00,7.0849,7.0941,6.9568,7.0392,103800
1566567000,2019-08-23 00:00:00,6.9660,7.1261,6.7099,6.7327,156000
1566826200,2019-08-26 00:00:00,6.8425,6.8471,6.7785,6.8013,42200
1566912600,2019-08-27 00:00:00,6.9431,6.9706,6.8425,6.8471,80800
1566999000,2019-08-28 00:00:00,6.9203,7.0300,6.9065,7.0117,62400
1567085400,2019-08-29 00:00:00,7.0895,7.1947,7.0346,7.1764,98800
1567171800,2019-08-30 00:00:00,7.5011,7.5103,7.3593,7.4005,578400
1567517400,2019-09-03 00:00:00,7.1810,7.2953,7.1535,7.2862,64400
1567603800,2019-09-04 00:00:00,7.6749,7.7801,7.6749,7.7527,101400
1567690200,2019-09-05 00:00:00,8.0546,8.1872,8.0546,8.1689,393800
1567776600,2019-09-06 00:00:00,8.2924,8.3519,8.2513,8.2513,99600
1568035800,2019-09-09 00:00:00,8.3930,8.4662,8.3702,8.4388,113200
1568122200,2019-09-10 00:00:00,8.5531,8.6583,8.4937,8.6400,146400
1568208600,2019-09-11 00:00:00,8.6949,8.8962,8.6903,8.8962,83600
1568295000,2019-09-12 00:00:00,9.1477,9.4176,9.1157,9.2118,604200
1568381400,2019-09-13 00:00:00,9.4039,9.5228,9.3307,9.4633,84000
1568640600,2019-09-16 00:00:00,9.0334,9.0654,8.9556,8.9876,95600
1568727000,2019-09-17 00:00:00,8.8687,8.9968,8.8459,8.9968,28600
1568813400,2019-09-18 00:00:00,8.9876,8.9876,8.7727,8.9373,53600
1568899800,2019-09-19 00:00:00,9.0151,9.1249,8.9282,8.9419,50000
1568986200,2019-09-20 00:00:00,9.2849,9.3124,8.9785,9.0517,91800
1569245400,2019-09-23 00:00:00,8.9465,9.1249,8.9328,9.1249,62800
1569331800,2019-09-24 00:00:00,9.2229,9.2412,8.9435,8.9710,228600
1569418200,2019-09-25 00:00:00,8.7008,8.7741,8.5588,8.7374,168000
1569504600,2019-09-26 00:00:00,8.7466,8.7466,8.6459,8.7145,59600
1569591000,2019-09-27 00:00:00,8.5314,8.5497,8.1513,8.2108,132200
1569850200,2019-09-30 00:00:00,8.6001,8.7100,8.5863,8.6138,108600
1569936600,2019-10-01 00:00:00,8.6733,8.7420,8.4581,8.4764,43400
1570023000,2019-10-02 00:00:00,7.9498,8.0231,7.8903,8.0093,70400
1570109400,2019-10-03 00:00:00,8.1009,8.3390,8.0597,8.3253,103400
1570195800,2019-10-04 00:00:00,8.2429,8.5085,8.2429,8.5085,26000
1570455000,2019-10-07 00:00:00,8.3986,8.4489,8.3390,8.3436,43000
1570541400,2019-10-08 00:00:00,8.5268,8.5405,8.4169,8.4581,96000
1570627800,2019-10-09 00:00:00,8.6321,8.7054,8.5817,8.5817,26800
1570714200,2019-10-10 00:00:00,8.5955,8.8931,8.5955,8.8794,69200
1570800600,2019-10-11 00:00:00,9.1633,9.4701,9.1587,9.2687,395200
1571059800,2019-10-14 00:00:00,9.1862,9.2366,9.1038,9.1038,26400
1571146200,2019-10-15 00:00:00,9.1542,9.4472,9.1542,9.4152,72800
1571232600,2019-10-16 00:00:00,9.3328,9.4289,9.3053,9.4060,27800
1571319000,2019-10-17 00:00:00,9.5663,9.5984,9.5022,9.5251,47800
1571405400,2019-10-18 00:00:00,9.1679,9.2137,9.0855,9.1679,40600
1571664600,2019-10-21 00:00:00,9.5938,9.6258,9.5709,9.6258,76400
1571751000,2019-10-22 00:00:00,9.8640,9.9464,9.8182,9.8640,1341200
1571837400,2019-10-23 00:00:00,9.7770,9.8228,9.7449,9.8090,46600
1571923800,2019-10-24 00:00:00,9.9281,9.9464,9.8136,9.8319,60200
1572010200,2019-10-25 00:00:00,9.7083,9.9189,9.7037,9.8823,66800
1572269400,2019-10-28 00:00:00,9.9464,10.0975,9.9464,10.0700,398000
1572355800,2019-10-29 00:00:00,9.9327,9.9876,9.8914,9.9235,74200
1572442200,2019-10-30 00:00:00,9.8502,9.9830,9.7220,9.9739,65400
1572528600,2019-10-31 00:00:00,9.8731,9.8731,9.6258,9.7403,56200
1572615000,2019-11-01 00:00:00,10.1387,10.3402,10.1387,10.3265,750800
1572877800,2019-11-04 00:00:00,10.7707,10.8211,10.6104,10.6470,111800
1572964200,2019-11-05 00:00:00,10.9813,11.0317,10.8531,11.0042,412600
1573050600,2019-11-06 00:00:00,10.9493,10.9493,10.6516,10.6654,65400
1573137000,2019-11-07 00:00:00,11.1141,11.2240,11.0454,11.0775,146800
1573223400,2019-11-08 00:00:00,10.8165,10.8394,10.7157,10.8394,32200
1573482600,2019-11-11 00:00:00,10.2715,10.4318,10.2486,10.4318,78800
1573569000,2019-11-12 00:00:00,10.5875,10.6058,10.3860,10.3906,38800
1573655400,2019-11-13 00:00:00,10.0700,10.1891,10.0288,10.1113,79400
1573741800,2019-11-14 00:00:00,10.3219,10.4043,10.2578,10.4043,38200
1573828200,2019-11-15 00:00:00,10.9997,11.0683,10.9813,10.9813,46600
1574087400,2019-11-18 00:00:00,10.7798,10.8669,10.6928,10.8073,51400
1574173800,2019-11-19 00:00:00,10.7478,10.7478,10.5326,10.5738,25000
1574260200,2019-11-20 00:00:00,10.2257,10.3127,10.0288,10.1983,55200
1574346600,2019-11-21 00:00:00,9.6808,9.6945,9.5984,9.6671,164600
1574433000,2019-11-22 00:00:00,9.7861,9.7907,9.6442,9.6945,47200
1574692200,2019-11-25 00:00:00,10.0655,10.2120,10.0655,10.1662,56200
1574778600,2019-11-26 00:00:00,10.0746,10.2349,9.9968,10.1937,54000
1574865000,2019-11-27 00:00:00,10.0288,10.1113,9.9922,10.0563,46400
1575037800,2019-11-29 00:00:00,9.4610,9.4610,9.3648,9.3923,91200
1575297000,2019-12-02 00:00:00,9.2778,9.2824,9.1359,9.2091,73400
1575383400,2019-12-03 00:00:00,8.7878,8.8977,8.7008,8.8977,91200
1575469800,2019-12-04 00:00:00,8.9664,9.0214,8.9298,8.9389,66000
1575556200,2019-12-05 00:00:00,8.8199,8.9115,8.7374,8.8794,557800
1575642600,2019-12-06 00:00:00,9.1450,9.2595,9.1359,9.2091,506400
1575901800,2019-12-09 00:00:00,9.0580,9.1313,8.9893,9.0214,52000
1575988200,2019-12-10 00:00:00,9.2000,9.2687,9.1359,9.2412,51400
1576074600,2019-12-11 00:00:00,9.2915,9.6579,9.2915,9.6121,465000
1576161000,2019-12-12 00:00:00,9.8777,10.6883,9.8731,10.6241,594400
1576247400,2019-12-13 00:00:00,10.6562,10.9035,10.4501,10.6745,161600
1576506600,2019-12-16 00:00:00,10.8760,11.0271,10.8760,10.9035,157200
1576593000,2019-12-17 00:00:00,11.3065,11.5309,11.3065,11.4713,591400
1576679400,2019-12-18 00:00:00,11.3752,11.4576,11.3111,11.4576,80200
1576765800,2019-12-19 00:00:00,11.3614,11.5858,11.3156,11.5629,214600
1576852200,2019-12-20 00:00:00,11.7553,11.8194,11.7278,11.7736,89200
1577111400,2019-12-23 00:00:00,11.5890,11.6490,11.5567,11.6444,180000
1577197800,2019-12-24 00:00:00,11.2892,11.3768,11.2845,11.3491,122200
1577370600,2019-12-26 00:00:00,11.5060,11.6167,11.5060,11.5752,79600
1577457000,2019-12-27 00:00:00,12.1011,12.1888,11.9581,12.0688,210400
1577716200,2019-12-30 00:00:00,12.1242,12.1242,11.7182,11.7367,88200
1577802600,2019-12-31 00:00:00,11.8382,11.9673,11.7182,11.9304,50200
1577975400,2020-01-02 00:00:00,11.6721,11.8935,11.6167,11.8843,352000
1578061800,2020-01-03 00:00:00,11.2476,11.3814,11.1554,11.1554,166000
1578321000,2020-01-06 00:00:00,10.8232,11.0954,10.8001,11.0308,139400
1578407400,2020-01-07 00:00:00,11.3168,11.3860,11.2476,11.3768,78600
1578493800,2020-01-08 00:00:00,11.1600,11.6306,11.1508,11.4229,174800
1578580200,2020-01-09 00:00:00,11.8705,11.8705,11.6675,11.7182,87200
1578666600,2020-01-10 00:00:00,12.0781,12.2026,12.0227,12.1150,186800
1578925800,2020-01-13 00:00:00,12.5163,12.9408,12.4933,12.9408,378800
1579012200,2020-01-14 00:00:00,12.7378,12.8070,12.5994,12.7931,173600
1579098600,2020-01-15 00:00:00,12.5809,12.6132,12.3364,12.3779,159600
1579185000,2020-01-16 00:00:00,12.8254,12.9685,12.7747,12.8347,142400
1579271400,2020-01-17 00:00:00,12.8993,12.9085,12.7562,12.8946,70200
1579617000,2020-01-21 00:00:00,12.3041,12.3133,12.0412,12.0412,208600
1579703400,2020-01-22 00:00:00,12.7978,12.8301,12.6778,12.7516,166200
1579789800,2020-01-23 00:00:00,12.2395,12.4979,12.0135,12.3595,146400
1579876200,2020-01-24 00:00:00,12.4610,12.4610,11.9581,12.1426,136000
1580135400,2020-01-27 00:00:00,10.6525,11.0077,10.4034,10.8878,236000
1580221800,2020-01-28 00:00:00,10.6986,10.9616,10.6433,10.8970,149800
1580308200,2020-01-29 00:00:00,10.9893,10.9893,10.8047,10.8739,117600
1580394600,2020-01-30 00:00:00,9.9512,10.2142,9.7713,10.1727,261800
1580481000,2020-01-31 00:00:00,9.4530,9.4530,9.0978,9.2777,270800
1580740200,2020-02-03 00:00:00,9.5499,9.7621,9.5499,9.7436,222200
1580826600,2020-02-04 00:00:00,10.5741,10.6986,10.5003,10.5602,235000
1580913000,2020-02-05 00:00:00,10.9016,10.9478,10.6710,10.8693,180600
1580999400,2020-02-06 00:00:00,11.4460,11.4460,11.3122,11.3261,181000
1581085800,2020-02-07 00:00:00,10.7125,10.7678,10.5648,10.6571,158200
1581345000,2020-02-10 00:00:00,10.7771,10.9431,10.7771,10.9431,47200
1581431400,2020-02-11 00:00:00,11.4645,11.6029,11.3537,11.3814,196200
1581517800,2020-02-12 00:00:00,11.8151,11.9581,11.8151,11.9581,93800
1581604200,2020-02-13 00:00:00,11.4183,11.5521,11.3076,11.3537,149600
1581690600,2020-02-14 00:00:00,11.7136,11.7136,11.4552,11.4737,106000
1582036200,2020-02-18 00:00:00,10.8739,11.0262,10.8416,10.9201,120000
1582122600,2020-02-19 00:00:00,10.9939,11.0585,10.8878,10.8878,126800
1582209000,2020-02-20 00:00:00,10.0251,10.1266,9.7806,9.9420,358400
1582295400,2020-02-21 00:00:00,9.6929,9.7113,9.4576,9.4945,266000
1582554600,2020-02-24 00:00:00,7.9444,8.1889,7.8936,8.0551,630800
1582641000,2020-02-25 00:00:00,8.6687,8.6687,7.9813,7.9859,463400
1582727400,2020-02-26 00:00:00,8.3688,8.5580,8.2304,8.2812,275400
1582813800,2020-02-27 00:00:00,8.1658,8.3596,7.7968,7.8014,294800
1582900200,2020-02-28 00:00:00,7.2708,7.8060,7.1232,7.7921,379800
1583159400,2020-03-02 00:00:00,8.0413,8.3734,7.7921,8.3319,329400
1583245800,2020-03-03 00:00:00,8.2212,8.5441,7.9121,8.0182,670400
1583332200,2020-03-04 00:00:00,8.7287,9.0332,8.6641,8.9409,342800
1583418600,2020-03-05 00:00:00,8.5949,8.7010,8.2535,8.3411,153200
1583505000,2020-03-06 00:00:00,7.9167,8.0690,7.8198,8.0182,210400
1583760600,2020-03-09 00:00:00,6.4589,6.8787,6.2282,6.6665,431600
1583847000,2020-03-10 00:00:00,7.3631,7.5338,6.9202,7.5292,385600
1583933400,2020-03-11 00:00:00,6.6849,6.7633,6.2605,6.4358,335400
1584019800,2020-03-12 00:00:00,4.7703,4.7703,3.8799,4.4012,808600
1584106200,2020-03-13 00:00:00,5.4808,5.5177,4.6965,5.3332,583200
1584365400,2020-03-16 00:00:00,3.8522,3.9814,2.8788,3.8753,1405400
1584451800,2020-03-17 00:00:00,3.1141,3.4001,2.9757,3.3632,614200
1584538200,2020-03-18 00:00:00,2.4451,2.6712,2.2006,2.4221,938800
1584624600,2020-03-19 00:00:00,2.2145,2.2329,1.9746,2.1499,1333600
1584711000,2020-03-20 00:00:00,2.5835,2.5835,2.3529,2.3667,1477200
1584970200,2020-03-23 00:00:00,2.2698,2.2791,2.0022,2.1314,973200
1585056600,2020-03-24 00:00:00,2.9526,2.9711,2.8096,2.8973,1479200
1585143000,2020-03-25 00:00:00,3.2848,3.5385,3.1510,3.3817,1326400
1585229400,2020-03-26 00:00:00,3.3355,3.7369,3.2894,3.7369,1229800
1585315800,2020-03-27 00:00:00,2.9988,3.3448,2.9849,3.1372,831400
1585575000,2020-03-30 00:00:00,3.2387,3.3309,3.1464,3.3309,566000
1585661400,2020-03-31 00:00:00,3.4601,3.6031,3.4186,3.4647,501800
1585747800,2020-04-01 00:00:00,2.8880,2.9665,2.7312,2.7312,997000
1585834200,2020-04-02 00:00:00,3.0495,3.2110,3.0264,3.1510,403600
1585920600,2020-04-03 00:00:00,3.1510,3.1648,2.9572,3.0034,247200
1586179800,2020-04-06 00:00:00,3.4509,3.6493,3.4463,3.6493,487400
1586266200,2020-04-07 00:00:00,4.0137,4.0276,3.7369,3.7692,822200
1586352600,2020-04-08 00:00:00,3.7231,3.8569,3.6123,3.8292,459800
1586439000,2020-04-09 00:00:00,3.9168,4.0276,3.7600,3.7784,508400
1586784600,2020-04-13 00:00:00,3.7507,3.7507,3.6031,3.7185,236800
1586871000,2020-04-14 00:00:00,3.9676,4.0737,3.9030,3.9814,570800
1586957400,2020-04-15 00:00:00,3.6493,3.6677,3.5293,3.6400,389800
1587043800,2020-04-16 00:00:00,3.7923,3.8615,3.6631,3.7646,250600
1587130200,2020-04-17 00:00:00,4.2213,4.2628,4.0968,4.1844,699400
1587389400,2020-04-20 00:00:00,3.9999,4.0783,3.8845,3.9076,376200
1587475800,2020-04-21 00:00:00,3.6815,3.6908,3.5385,3.5801,426800
1587562200,2020-04-22 00:00:00,3.8845,3.9261,3.8522,3.8892,252000
1587648600,2020-04-23 00:00:00,3.9953,4.1152,3.9030,3.9076,298200
1587735000,2020-04-24 00:00:00,3.8799,3.9168,3.7923,3.9076,324200
1587994200,2020-04-27 00:00:00,4.1152,4.2582,4.1014,4.2352,392400
1588080600,2020-04-28 00:00:00,4.3736,4.4335,4.2444,4.2444,460000
1588167000,2020-04-29 00:00:00,4.4566,4.6319,4.4428,4.6273,951200
1588253400,2020-04-30 00:00:00,4.5212,4.5996,4.2352,4.3413,342000
1588339800,2020-05-01 00:00:00,3.9676,4.0137,3.7923,3.8799,368200
1588599000,2020-05-04 00:00:00,3.8384,3.9584,3.8061,3.9584,232000
1588685400,2020-05-05 00:00:00,4.1106,4.1383,4.0137,4.0322,301800
1588771800,2020-05-06 00:00:00,4.0875,4.0875,3.9353,3.9537,262400
1588858200,2020-05-07 00:00:00,4.1106,4.1983,4.0783,4.1706,445800
1588944600,2020-05-08 00:00:00,4.2398,4.3966,4.2352,4.3228,335200
1589203800,2020-05-11 00:00:00,4.0091,4.1521,3.9906,4.1014,391000
1589290200,2020-05-12 00:00:00,4.1198,4.2352,3.9722,3.9906,340200
1589376600,2020-05-13 00:00:00,4.1429,4.2029,3.9353,4.0091,402600
1589463000,2020-05-14 00:00:00,3.8384,4.1106,3.7877,4.1106,833400
1589549400,2020-05-15 00:00:00,3.8984,3.9399,3.8338,3.8661,220600
1589808600,2020-05-18 00:00:00,4.1706,4.3874,4.1706,4.3459,413600
1589895000,2020-05-19 00:00:00,4.3966,4.4658,4.3182,4.3182,414600
1589981400,2020-05-20 00:00:00,4.4935,4.5904,4.4658,4.4935,205400
1590067800,2020-05-21 00:00:00,4.4566,4.5027,4.3274,4.3413,172600
1590154200,2020-05-22 00:00:00,4.1752,4.1752,4.0599,4.1752,292400
1590499800,2020-05-26 00:00:00,4.6458,4.7242,4.5627,4.5996,456600
1590586200,2020-05-27 00:00:00,4.6089,4.6181,4.4289,4.6135,313400
1590672600,2020-05-28 00:00:00,4.5950,4.6642,4.4751,4.4797,247400
1590759000,2020-05-29 00:00:00,4.5581,4.7796,4.5212,4.7288,337800
1591018200,2020-06-01 00:00:00,4.9318,5.1025,4.8995,5.0933,310200
1591104600,2020-06-02 00:00:00,5.3470,5.5362,5.3239,5.4670,608800
1591191000,2020-06-03 00:00:00,5.9329,6.1774,5.9052,6.1636,1188800
1591277400,2020-06-04 00:00:00,5.8130,5.9375,5.7253,5.8084,808200
1591363800,2020-06-05 00:00:00,6.4450,6.6388,6.4035,6.5511,547600
1591623000,2020-06-08 00:00:00,6.4450,6.6296,6.3020,6.6111,447600
1591709400,2020-06-09 00:00:00,6.1959,6.3804,6.1313,6.3758,518400
1591795800,2020-06-10 00:00:00,6.4727,6.6249,6.3574,6.5650,336400
1591882200,2020-06-11 00:00:00,5.9514,6.0160,5.4439,5.4854,610600
1591968600,2020-06-12 00:00:00,5.7853,5.7991,5.4347,5.6838,387000
1592227800,2020-06-15 00:00:00,4.7888,5.1809,4.6965,5.0840,1141600
1592314200,2020-06-16 00:00:00,5.7345,5.7345,5.2778,5.4485,795200
1592400600,2020-06-17 00:00:00,5.5731,5.6838,5.5500,5.6100,417800
1592487000,2020-06-18 00:00:00,5.5546,5.6238,5.5131,5.5731,262600
1592573400,2020-06-19 00:00:00,5.7668,5.7668,5.4254,5.4393,232200
1592832600,2020-06-22 00:00:00,5.5269,5.7299,5.4716,5.7022,229400
1592919000,2020-06-23 00:00:00,5.7530,5.8453,5.6930,5.7022,152600
1593005400,2020-06-24 00:00:00,5.8360,5.8729,5.5731,5.6377,663600
1593091800,2020-06-25 00:00:00,5.4716,5.6238,5.4577,5.6100,216000
1593178200,2020-06-26 00:00:00,5.7161,5.7161,5.4716,5.5085,262200
1593437400,2020-06-29 00:00:00,5.4301,5.5500,5.3562,5.5500,251200
1593523800,2020-06-30 00:00:00,5.5408,5.6008,5.4439,5.5315,143600
1593610200,2020-07-01 00:00:00,5.5223,5.6838,5.5085,5.6238,221800
1593696600,2020-07-02 00:00:00,5.8591,6.0206,5.8499,5.9006,275400
1594042200,2020-07-06 00:00:00,6.3158,6.4358,6.2743,6.4358,465600
1594128600,2020-07-07 00:00:00,6.0759,6.1913,5.9975,6.0021,259800
1594215000,2020-07-08 00:00:00,6.0113,6.1267,5.9375,6.1267,178000
1594301400,2020-07-09 00:00:00,6.1267,6.1451,5.8499,5.9975,453800
1594387800,2020-07-10 00:00:00,5.8591,5.8914,5.7530,5.8868,265800
1594647000,2020-07-13 00:00:00,6.0252,6.2051,5.8729,5.9052,748400
1594733400,2020-07-14 00:00:00,5.7622,6.0852,5.7622,6.0759,376400
1594819800,2020-07-15 00:00:00,6.2789,6.3020,6.1313,6.2143,201200
1594906200,2020-07-16 00:00:00,5.9744,6.0898,5.9514,6.0206,196000
1594992600,2020-07-17 00:00:00,6.2005,6.2236,6.0944,6.1913,252600
1595251800,2020-07-20 00:00:00,6.1590,6.2974,6.0944,6.2559,214800
1595338200,2020-07-21 00:00:00,6.4589,6.4958,6.3712,6.3712,251000
1595424600,2020-07-22 00:00:00,6.3712,6.3712,6.2374,6.3204,158000
1595511000,2020-07-23 00:00:00,6.0898,6.1774,5.9375,6.0436,329800
1595597400,2020-07-24 00:00:00,5.9744,6.0436,5.9375,6.0113,159800
1595856600,2020-07-27 00:00:00,6.2559,6.3897,6.2143,6.3574,165800
1595943000,2020-07-28 00:00:00,6.4266,6.5142,6.4035,6.4266,274400
1596029400,2020-07-29 00:00:00,6.6665,6.8418,6.6665,6.7449,277400
1596115800,2020-07-30 00:00:00,6.5373,6.6065,6.3389,6.5834,227800
1596202200,2020-07-31 00:00:00,6.5742,6.5742,6.2190,6.4219,276400
1596461400,2020-08-03 00:00:00,6.5511,6.6342,6.5050,6.6342,118000
1596547800,2020-08-04 00:00:00,6.6665,6.8925,6.6665,6.8925,122000
1596634200,2020-08-05 00:00:00,7.2524,7.4646,7.2524,7.3677,221400
1596720600,2020-08-06 00:00:00,7.5522,7.6722,7.4692,7.6722,275800
1596807000,2020-08-07 00:00:00,7.5845,7.6953,7.5246,7.5892,154600
1597066200,2020-08-10 00:00:00,8.0367,8.0920,7.9259,8.0690,207000
1597152600,2020-08-11 00:00:00,8.4842,8.5764,8.2627,8.2766,466400
1597239000,2020-08-12 00:00:00,8.6456,8.8071,8.6226,8.7517,322600
1597325400,2020-08-13 00:00:00,8.6503,8.7102,8.5165,8.5811,280200
1597411800,2020-08-14 00:00:00,8.1889,8.3504,8.1197,8.3089,265600
1597671000,2020-08-17 00:00:00,8.5580,8.7425,8.5165,8.5764,230800
1597757400,2020-08-18 00:00:00,7.8244,7.8244,7.5753,7.8198,652400
1597843800,2020-08-19 00:00:00,7.9306,7.9352,7.6907,7.7091,331200
1597930200,2020-08-20 00:00:00,6.7633,7.1140,6.6895,7.0448,1412200
1598016600,2020-08-21 00:00:00,7.0171,7.1463,6.9663,7.1370,574400
1598275800,2020-08-24 00:00:00,7.5061,7.5107,7.3354,7.4138,360800
1598362200,2020-08-25 00:00:00,7.6907,7.7552,7.6353,7.7322,452200
1598448600,2020-08-26 00:00:00,7.7506,7.9306,7.7506,7.8890,352200
1598535000,2020-08-27 00:00:00,7.7276,7.7322,7.3815,7.4969,472800
1598621400,2020-08-28 00:00:00,7.6906,7.7691,7.6584,7.7552,273400
1598880600,2020-08-31 00:00:00,7.2062,7.3216,7.0079,7.2339,748200
1598967000,2020-09-01 00:00:00,7.4507,7.5292,7.4092,7.4969,338400
1599053400,2020-09-02 00:00:00,7.5845,7.5845,7.4046,7.5338,242200
1599139800,2020-09-03 00:00:00,7.7183,7.7322,7.2385,7.3077,736200
1599226200,2020-09-04 00:00:00,7.4600,7.5845,7.1094,7.4231,356400
1599571800,2020-09-08 00:00:00,7.5061,7.6261,7.4277,7.4369,314000
1599658200,2020-09-09 00:00:00,7.7506,7.7875,7.6445,7.7506,226600
1599744600,2020-09-10 00:00:00,7.8060,7.8337,7.4369,7.4600,164200
1599831000,2020-09-11 00:00:00,7.7091,7.7737,7.5569,7.6860,78600
1600090200,2020-09-14 00:00:00,8.0736,8.1981,8.0736,8.1981,389000
1600176600,2020-09-15 00:00:00,8.5165,8.5257,8.4104,8.4565,200600
1600263000,2020-09-16 00:00:00,8.5441,8.6456,8.4288,8.4334,144200
1600349400,2020-09-17 00:00:00,8.1520,8.3642,8.1197,8.3642,186800
1600435800,2020-09-18 00:00:00,8.4703,8.4703,8.1935,8.2304,207200
1600695000,2020-09-21 00:00:00,7.9582,8.0090,7.7229,8.0090,234600
1600781400,2020-09-22 00:00:00,7.7414,7.7414,7.4784,7.6445,464800
1600867800,2020-09-23 00:00:00,7.6445,7.6491,7.2524,7.2708,203400
1600954200,2020-09-24 00:00:00,6.8325,7.2293,6.8233,7.0540,368200
1601040600,2020-09-25 00:00:00,6.9248,7.1463,6.8279,7.1416,165200
1601299800,2020-09-28 00:00:00,7.5707,7.6076,7.4415,7.5799,221800
1601386200,2020-09-29 00:00:00,7.6076,7.7183,7.5615,7.6584,192800
1601472600,2020-09-30 00:00:00,7.8060,8.0182,7.7875,7.9859,138800
1601559000,2020-10-01 00:00:00,8.1428,8.1797,8.0136,8.1520,179000
1601645400,2020-10-02 00:00:00,7.7276,8.0320,7.6814,7.8890,156600
1601904600,2020-10-05 00:00:00,8.1658,8.3965,8.1658,8.3827,143000
1601991000,2020-10-06 00:00:00,8.2304,8.3550,8.0505,8.0966,152800
1602077400,2020-10-07 00:00:00,8.5165,8.6918,8.5165,8.6410,217400
1602163800,2020-10-08 00:00:00,8.7010,8.8163,8.6272,8.7887,104000
1602250200,2020-10-09 00:00:00,8.9963,9.0839,8.9040,9.0239,169000
1602509400,2020-10-12 00:00:00,8.8532,8.9501,8.7887,8.8855,236400
1602595800,2020-10-13 00:00:00,8.7887,8.7887,8.5672,8.6733,278200
1602682200,2020-10-14 00:00:00,8.5165,8.5995,8.4104,8.4703,166600
1602768600,2020-10-15 00:00:00,8.1843,8.3688,8.1105,8.3365,131000
1602855000,2020-10-16 00:00:00,8.3919,8.4611,8.3089,8.3319,56400
1603114200,2020-10-19 00:00:00,8.3781,8.4426,8.2443,8.2996,166000
1603200600,2020-10-20 00:00:00,8.5072,8.7471,8.5072,8.6180,278600
1603287000,2020-10-21 00:00:00,8.7656,8.9040,8.7471,8.7748,176600
1603373400,2020-10-22 00:00:00,8.6503,8.6918,8.5441,8.6456,141000
1603459800,2020-10-23 00:00:00,8.9178,8.9778,8.8348,8.9778,166000
1603719000,2020-10-26 00:00:00,8.5764,8.7241,8.3550,8.5257,166000
1603805400,2020-10-27 00:00:00,8.5118,8.5395,8.4242,8.5026,102600
1603891800,2020-10-28 00:00:00,8.2443,8.3227,8.0643,8.1013,155400
1603978200,2020-10-29 00:00:00,8.1705,8.2719,8.0505,8.2166,91000
1604064600,2020-10-30 00:00:00,7.8429,7.8567,7.5292,7.6584,157400
1604327400,2020-11-02 00:00:00,8.0274,8.0966,7.9675,8.0782,136200
1604413800,2020-11-03 00:00:00,8.5903,8.6456,8.5165,8.6041,342400
1604500200,2020-11-04 00:00:00,8.6687,9.2500,8.6503,9.1393,295000
1604586600,2020-11-05 00:00:00,9.6560,9.8313,9.5776,9.7344,182800
1604673000,2020-11-06 00:00:00,9.6283,9.7667,9.5407,9.6514,248000
1604932200,2020-11-09 00:00:00,10.5879,10.6110,9.9559,9.9559,201200
1605018600,2020-11-10 00:00:00,10.0989,10.3157,10.0158,10.2327,158200
1605105000,2020-11-11 00:00:00,10.6156,10.6802,10.4818,10.6387,134400
1605191400,2020-11-12 00:00:00,10.5187,10.6156,10.2742,10.3203,131200
1605277800,2020-11-13 00:00:00,10.9385,11.0815,10.8647,11.0815,199200
1605537000,2020-11-16 00:00:00,11.5383,11.7228,11.5014,11.6905,240200
1605623400,2020-11-17 00:00:00,11.5198,11.7690,11.4737,11.6998,154000
1605709800,2020-11-18 00:00:00,11.7782,11.8705,11.6398,11.6398,100000
1605796200,2020-11-19 00:00:00,11.3399,11.5844,11.2430,11.5613,148200
1605882600,2020-11-20 00:00:00,11.5244,11.6767,11.4829,11.5660,231000
1606141800,2020-11-23 00:00:00,12.2488,12.3779,12.0550,12.2165,299800
1606228200,2020-11-24 00:00:00,12.4517,12.8716,12.4056,12.8439,293200
1606314600,2020-11-25 00:00:00,12.4979,12.5948,12.3595,12.5671,164800
1606487400,2020-11-27 00:00:00,12.9777,13.1807,12.9731,13.0976,120200
1606746600,2020-11-30 00:00:00,12.4887,12.5671,12.2534,12.3779,266400
1606833000,2020-12-01 00:00:00,12.8900,13.1484,12.7609,13.0423,202400
1606919400,2020-12-02 00:00:00,13.6559,13.8404,13.6097,13.7989,155400
1607005800,2020-12-03 00:00:00,14.5555,14.7631,14.4540,14.5555,291800
1607092200,2020-12-04 00:00:00,15.3951,15.7458,15.3951,15.7411,472800
1607351400,2020-12-07 00:00:00,15.9119,16.0041,15.6581,15.8288,267000
1607437800,2020-12-08 00:00:00,14.8554,14.9338,14.7400,14.8323,495800
1607524200,2020-12-09 00:00:00,15.7273,15.7458,14.9938,15.2337,652600
1607610600,2020-12-10 00:00:00,15.2152,15.7688,15.2152,15.7227,262200
1607697000,2020-12-11 00:00:00,15.5059,15.6074,15.3628,15.4320,131600
1607956200,2020-12-14 00:00:00,15.5105,15.5151,15.1137,15.1460,280600
1608042600,2020-12-15 00:00:00,15.2614,15.8011,15.2291,15.7642,134000
1608129000,2020-12-16 00:00:00,15.4551,15.6027,15.2752,15.4320,122800
1608215400,2020-12-17 00:00:00,15.3628,15.4182,15.2890,15.3306,185800
1608301800,2020-12-18 00:00:00,15.1922,15.2337,14.9338,15.0445,205600
1608561000,2020-12-21 00:00:00,14.3340,14.7446,14.1864,14.6339,261400
1608647400,2020-12-22 00:00:00,14.2570,14.2662,13.8971,13.9155,332600
1608733800,2020-12-23 00:00:00,14.6261,14.8937,14.6261,14.7830,267400
1608820200,2020-12-24 00:00:00,15.4704,15.5489,15.3874,15.5027,183800
1609165800,2020-12-28 00:00:00,16.0379,16.1025,15.9041,15.9457,282000
1609252200,2020-12-29 00:00:00,16.6977,16.9238,16.6331,16.8638,209800
1609338600,2020-12-30 00:00:00,17.7912,18.0404,17.7912,17.8512,320000
1609425000,2020-12-31 00:00:00,18.0173,18.0173,17.4959,17.7497,209200
1609770600,2021-01-04 00:00:00,19.7475,20.0243,18.8939,19.1662,471600
1609857000,2021-01-05 00:00:00,20.0705,20.6980,20.0705,20.6103,471400
1609943400,2021-01-06 00:00:00,19.7936,20.8456,19.6368,20.4857,365400
1610029800,2021-01-07 00:00:00,21.0763,21.6623,20.9379,21.6577,455600
1610116200,2021-01-08 00:00:00,24.0938,24.6198,23.5863,24.5460,564600
1610375400,2021-01-11 00:00:00,23.4617,24.1538,23.3556,23.8862,396800
1610461800,2021-01-12 00:00:00,23.0234,23.5217,22.8665,23.3510,458000
1610548200,2021-01-13 00:00:00,23.3094,23.4386,23.1941,23.2818,189000
1610634600,2021-01-14 00:00:00,23.8770,24.2553,23.6693,23.7985,273600
1610721000,2021-01-15 00:00:00,21.7084,21.8376,21.2378,21.5515,604200
1611066600,2021-01-19 00:00:00,22.4190,22.4651,21.6346,21.8376,275400
1611153000,2021-01-20 00:00:00,22.2759,22.7327,22.1329,22.6866,260600
1611239400,2021-01-21 00:00:00,23.7616,24.2415,23.4663,24.1307,342800
1611325800,2021-01-22 00:00:00,22.3036,22.7142,22.2944,22.6220,359400
1611585000,2021-01-25 00:00:00,23.9093,24.0061,23.2541,23.9508,319200
1611671400,2021-01-26 00:00:00,22.8850,23.0234,22.4928,22.8111,288000
1611757800,2021-01-27 00:00:00,21.1594,21.2563,20.4027,20.4673,562000
1611844200,2021-01-28 00:00:00,20.5180,21.6854,20.4765,21.2978,349200
1611930600,2021-01-29 00:00:00,19.0693,19.3415,18.3541,18.4556,751200
1612189800,2021-02-01 00:00:00,20.0336,20.7856,19.8536,20.7257,432600
1612276200,2021-02-02 00:00:00,21.1824,21.3024,20.9056,21.0256,342000
1612362600,2021-02-03 00:00:00,21.5654,21.6992,21.1917,21.5054,261000
1612449000,2021-02-04 00:00:00,20.4165,20.7487,19.9090,20.6887,464600
1612535400,2021-02-05 00:00:00,21.1732,21.5193,20.8272,21.4408,320000
1612794600,2021-02-08 00:00:00,20.3012,20.8456,20.2873,20.7626,471200
1612881000,2021-02-09 00:00:00,20.4258,21.1455,20.3842,21.0579,232800
1612967400,2021-02-10 00:00:00,21.6208,21.8514,21.1963,21.4500,421600
1613053800,2021-02-11 00:00:00,21.8699,22.4143,21.8699,22.1606,231200
1613140200,2021-02-12 00:00:00,21.8191,22.3913,21.7361,22.2852,141400
1613485800,2021-02-16 00:00:00,22.3175,22.4143,21.8238,21.9114,356400
1613572200,2021-02-17 00:00:00,21.1686,21.5562,21.0486,21.4593,219800
1613658600,2021-02-18 00:00:00,20.3565,20.6057,19.7475,20.5042,252200
1613745000,2021-02-19 00:00:00,21.4131,21.8745,21.3485,21.4870,234000
1614004200,2021-02-22 00:00:00,19.9782,20.4304,19.8213,19.9321,273200
1614090600,2021-02-23 00:00:00,19.6229,20.1489,19.0462,20.0013,230400
1614177000,2021-02-24 00:00:00,18.8017,19.4476,18.4925,19.4245,376800
1614263400,2021-02-25 00:00:00,20.4027,20.6242,18.5341,18.8017,412400
1614349800,2021-02-26 00:00:00,18.3310,18.4556,17.5697,18.0773,438400
1614609000,2021-03-01 00:00:00,19.0093,19.7798,18.8986,19.5307,252600
1614695400,2021-03-02 00:00:00,18.9862,19.1800,18.4648,18.9170,207200
1614781800,2021-03-03 00:00:00,19.1892,19.4245,18.7232,18.7647,147600
1614868200,2021-03-04 00:00:00,18.9124,19.2492,17.4406,17.7543,242600
1614954600,2021-03-05 00:00:00,18.6356,18.7048,17.6713,18.6909,192800
1615213800,2021-03-08 00:00:00,17.4590,17.5421,16.8961,17.2283,329000
1615300200,2021-03-09 00:00:00,17.3621,17.9942,17.3575,17.6436,392000
1615386600,2021-03-10 00:00:00,17.1453,17.1453,16.5408,16.8730,359600
1615473000,2021-03-11 00:00:00,18.3403,18.4556,18.0035,18.3310,273200
1615559400,2021-03-12 00:00:00,17.9896,18.1788,17.7405,17.9573,125200
1615815000,2021-03-15 00:00:00,18.3680,18.7048,18.0634,18.6909,107800
1615901400,2021-03-16 00:00:00,18.9170,19.1108,18.6309,18.8155,147800
1615987800,2021-03-17 00:00:00,18.1326,19.1846,17.9204,18.9493,188200
1616074200,2021-03-18 00:00:00,18.3633,18.5571,17.6251,17.6666,127800
1616160600,2021-03-19 00:00:00,17.8881,18.4372,17.6713,18.3864,94600
1616419800,2021-03-22 00:00:00,18.1326,18.6586,17.9250,18.5064,111600
1616506200,2021-03-23 00:00:00,17.4867,17.7451,16.7762,16.8546,240600
1616592600,2021-03-24 00:00:00,17.2145,17.2514,16.6008,16.6377,116000
1616679000,2021-03-25 00:00:00,16.7623,17.4129,16.7162,17.3898,110200
1616765400,2021-03-26 00:00:00,17.7220,18.4556,17.6436,18.4233,130400
1617024600,2021-03-29 00:00:00,17.9296,18.0680,17.6297,17.9019,81200
1617111000,2021-03-30 00:00:00,18.1557,18.2711,17.9573,18.1280,74800
1617197400,2021-03-31 00:00:00,18.4049,18.9493,18.3449,18.8017,228800
1617283800,2021-04-01 00:00:00,19.2492,19.4522,19.1846,19.3184,142200
1617629400,2021-04-05 00:00:00,19.7337,20.2227,19.7152,20.1581,207000
1617715800,2021-04-06 00:00:00,20.0613,20.3796,19.9967,20.1766,138600
1617802200,2021-04-07 00:00:00,20.1351,20.1351,19.6598,19.8306,62600
1617888600,2021-04-08 00:00:00,20.1858,20.3473,20.0382,20.1166,80800
1617975000,2021-04-09 00:00:00,19.7060,19.7844,19.5722,19.7614,151600
1618234200,2021-04-12 00:00:00,19.6460,19.6460,19.3000,19.4338,102000
1618320600,2021-04-13 00:00:00,20.4027,20.6565,20.3612,20.4719,110800
1618407000,2021-04-14 00:00:00,21.1963,21.2655,20.9148,21.0348,136400
1618493400,2021-04-15 00:00:00,21.4500,21.6161,21.1917,21.5100,93400
1618579800,2021-04-16 00:00:00,21.4547,21.4547,21.1086,21.1409,76000
1618839000,2021-04-19 00:00:00,21.2101,21.2793,20.9241,21.0717,86200
1618925400,2021-04-20 00:00:00,21.2978,21.4177,20.7718,20.9979,143200
1619011800,2021-04-21 00:00:00,19.9644,20.8272,19.8905,20.8226,103000
1619098200,2021-04-22 00:00:00,20.4811,20.4811,19.6552,19.8121,170200
1619184600,2021-04-23 00:00:00,20.4950,20.8318,20.3150,20.7118,127000
1619443800,2021-04-26 00:00:00,21.1824,21.2793,21.0394,21.1548,128400
1619530200,2021-04-27 00:00:00,21.2147,21.2147,20.7718,20.8871,65000
1619616600,2021-04-28 00:00:00,20.3704,20.8733,20.2735,20.7441,93200
1619703000,2021-04-29 00:00:00,20.7026,20.7995,20.1258,20.5780,154400
1619789400,2021-04-30 00:00:00,19.7060,19.7244,19.0324,19.1569,259000
1620048600,2021-05-03 00:00:00,18.9308,19.2400,18.7509,19.0785,150800
1620135000,2021-05-04 00:00:00,19.0739,19.2215,18.6863,18.9954,140400
1620221400,2021-05-05 00:00:00,19.2769,19.2769,18.9401,19.1523,54600
1620307800,2021-05-06 00:00:00,19.7198,20.2504,19.6783,20.2366,181600
1620394200,2021-05-07 00:00:00,20.6380,21.3485,20.6380,21.1178,127600
1620653400,2021-05-10 00:00:00,21.8837,21.8930,20.8964,20.9287,178800
1620739800,2021-05-11 00:00:00,19.6183,20.1997,19.5953,20.1674,141800
1620826200,2021-05-12 00:00:00,18.4049,18.5294,17.4636,17.5651,356400
1620912600,2021-05-13 00:00:00,17.8143,18.2065,17.7405,18.1373,116600
1620999000,2021-05-14 00:00:00,18.6817,19.0001,18.5940,18.9539,119600
1621258200,2021-05-17 00:00:00,17.7405,17.9804,17.6251,17.9112,218600
1621344600,2021-05-18 00:00:00,18.7555,18.9724,18.6955,18.7878,184800
1621431000,2021-05-19 00:00:00,18.0311,18.9954,17.9619,18.6125,186000
1621517400,2021-05-20 00:00:00,18.6632,19.0001,18.6125,18.9631,61400
1621603800,2021-05-21 00:00:00,18.8893,18.8893,18.2341,18.2849,176400
1621863000,2021-05-24 00:00:00,18.5802,18.8616,18.4187,18.8247,135000
1621949400,2021-05-25 00:00:00,19.2031,19.3599,19.0554,19.2907,134200
1622035800,2021-05-26 00:00:00,19.2815,19.5307,19.2492,19.4522,117600
1622122200,2021-05-27 00:00:00,19.0185,19.2169,18.9770,19.0739,172600
1622208600,2021-05-28 00:00:00,19.4799,19.8259,19.4799,19.7706,126400
1622554200,2021-06-01 00:00:00,20.6472,20.7949,20.5780,20.7395,253200
1622640600,2021-06-02 00:00:00,20.3381,20.5503,20.2504,20.3842,87200
1622727000,2021-06-03 00:00:00,20.2504,20.3335,20.0797,20.2274,98400
1622813400,2021-06-04 00:00:00,20.8364,20.9748,20.6564,20.9010,116000
1623072600,2021-06-07 00:00:00,20.7626,20.7626,20.3427,20.5642,133400
1623159000,2021-06-08 00:00:00,20.4211,20.4211,20.0243,20.1305,113000
1623245400,2021-06-09 00:00:00,19.8075,19.8075,19.4061,19.4338,114200
1623331800,2021-06-10 00:00:00,19.7521,20.1766,19.7337,20.1443,143400
1623418200,2021-06-11 00:00:00,20.3842,20.3842,19.9828,20.0982,92400
1623677400,2021-06-14 00:00:00,20.2643,20.3612,20.1581,20.3150,82400
1623763800,2021-06-15 00:00:00,20.3704,20.3704,20.1305,20.2274,52600
1623850200,2021-06-16 00:00:00,20.6011,20.8179,19.3784,19.6322,119200
1623936600,2021-06-17 00:00:00,19.6460,19.8582,19.4937,19.5122,86200
1624023000,2021-06-18 00:00:00,19.5122,19.5122,18.9954,19.0600,50200
1624282200,2021-06-21 00:00:00,19.2400,19.7429,19.1800,19.7429,30800
1624368600,2021-06-22 00:00:00,19.4799,19.7475,19.2446,19.7152,29000
1624455000,2021-06-23 00:00:00,19.8444,20.1766,19.8213,19.8213,99000
1624541400,2021-06-24 00:00:00,20.4304,20.6657,20.4304,20.5780,124600
1624627800,2021-06-25 00:00:00,20.9287,21.0117,20.6934,20.8733,93800
1624887000,2021-06-28 00:00:00,20.5319,20.6565,20.4488,20.6011,66200
1624973400,2021-06-29 00:00:00,20.2043,20.3565,20.0520,20.3565,82800
1625059800,2021-06-30 00:00:00,20.4627,20.5457,20.2735,20.4258,57600
1625146200,2021-07-01 00:00:00,20.1120,20.1120,19.8075,20.0151,71600
1625232600,2021-07-02 00:00:00,20.1535,20.3935,19.9136,20.2873,45000
1625578200,2021-07-06 00:00:00,20.1720,20.2366,19.6645,19.8352,45800
1625664600,2021-07-07 00:00:00,19.7337,20.0336,19.2492,19.4107,74600
1625751000,2021-07-08 00:00:00,18.0404,18.1742,17.7312,18.1188,214200
1625837400,2021-07-09 00:00:00,18.2849,18.4879,18.2019,18.4833,75000
1626096600,2021-07-12 00:00:00,18.5756,18.9632,18.5664,18.8986,83400
1626183000,2021-07-13 00:00:00,18.7878,19.1108,18.7094,18.7509,64800
1626269400,2021-07-14 00:00:00,19.0969,19.2400,18.8293,19.1246,40800
1626355800,2021-07-15 00:00:00,19.3046,19.5030,19.2815,19.3461,79600
1626442200,2021-07-16 00:00:00,19.3599,19.3599,18.7232,18.8201,70200
1626701400,2021-07-19 00:00:00,17.7266,17.7266,17.3298,17.5190,93200
1626787800,2021-07-20 00:00:00,17.7405,18.3541,17.6666,18.2249,64200
1626874200,2021-07-21 00:00:00,17.4452,18.0127,17.3667,17.9896,150400
1626960600,2021-07-22 00:00:00,18.3956,18.4187,18.1142,18.4141,66800
1627047000,2021-07-23 00:00:00,18.3449,18.3864,18.0311,18.3864,154200
1627306200,2021-07-26 00:00:00,17.6620,18.2849,17.6620,18.2434,98200
1627392600,2021-07-27 00:00:00,17.7866,17.8235,17.4175,17.7866,50600
1627479000,2021-07-28 00:00:00,17.9988,18.2480,17.4406,18.2341,123000
1627565400,2021-07-29 00:00:00,18.4510,18.7278,18.4002,18.6079,77200
1627651800,2021-07-30 00:00:00,17.4313,17.6067,17.2883,17.4959,144800
1627911000,2021-08-02 00:00:00,17.6390,17.6989,17.4313,17.4959,95400
1627997400,2021-08-03 00:00:00,17.9389,18.2895,17.7820,18.2618,147600
1628083800,2021-08-04 00:00:00,18.9262,19.1846,18.8755,18.9585,98400
1628170200,2021-08-05 00:00:00,19.0600,19.1385,19.0093,19.1339,69400
1628256600,2021-08-06 00:00:00,18.6448,18.6448,18.4002,18.4325,42200
1628515800,2021-08-09 00:00:00,18.4556,18.5064,18.3310,18.3541,67800
1628602200,2021-08-10 00:00:00,17.6620,17.6943,17.4867,17.5882,193200
1628688600,2021-08-11 00:00:00,17.3621,17.3621,17.0391,17.2422,166200
1628775000,2021-08-12 00:00:00,16.6793,16.7162,16.3886,16.6147,262800
1628861400,2021-08-13 00:00:00,16.0195,16.0656,15.8257,16.0425,223200
1629120600,2021-08-16 00:00:00,15.5212,15.8257,15.4566,15.8257,177200
1629207000,2021-08-17 00:00:00,14.8706,14.8706,14.5523,14.7368,315400
1629293400,2021-08-18 00:00:00,15.2397,15.3320,14.8798,14.9214,228400
1629379800,2021-08-19 00:00:00,13.8694,14.3077,13.7494,14.1970,458200
1629466200,2021-08-20 00:00:00,13.5326,14.0724,13.4957,14.0263,612600
1629725400,2021-08-23 00:00:00,14.4092,14.7691,14.4000,14.6676,471600
1629811800,2021-08-24 00:00:00,15.2951,15.5212,15.2951,15.4566,382600
1629898200,2021-08-25 00:00:00,15.3643,15.5258,15.2766,15.4935,215800
1629984600,2021-08-26 00:00:00,15.0413,15.0552,14.7830,14.9075,237200
1630071000,2021-08-27 00:00:00,14.9721,15.5812,14.8891,15.5627,165000
1630330200,2021-08-30 00:00:00,15.2951,15.4104,15.1705,15.1705,130200
1630416600,2021-08-31 00:00:00,16.2271,16.2456,16.0610,16.0841,261200
1630503000,2021-09-01 00:00:00,16.3194,16.6470,16.3194,16.6008,203600
1630589400,2021-09-02 00:00:00,16.0702,16.2086,15.9641,16.0241,171800
1630675800,2021-09-03 00:00:00,16.4255,16.6470,16.3932,16.6285,132000
1631021400,2021-09-07 00:00:00,15.8580,16.0241,15.8118,15.9134,237000
1631107800,2021-09-08 00:00:00,15.3458,15.3458,14.9721,15.1013,155200
1631194200,2021-09-09 00:00:00,14.5430,14.5753,14.3308,14.4323,369200
1631280600,2021-09-10 00:00:00,14.7322,14.7322,14.3308,14.3815,213400
1631539800,2021-09-13 00:00:00,14.5938,14.7599,14.5615,14.6999,97600
1631626200,2021-09-14 00:00:00,15.0782,15.1013,14.6584,14.7737,204000
1631712600,2021-09-15 00:00:00,14.9998,15.1844,14.9168,15.1705,192600
1631799000,2021-09-16 00:00:00,14.3815,14.4323,14.2108,14.3769,179000
1631885400,2021-09-17 00:00:00,14.3908,14.3954,14.0309,14.0816,76400
1632144600,2021-09-20 00:00:00,12.9974,13.2973,12.7436,13.0527,367000
1632231000,2021-09-21 00:00:00,13.2834,13.2834,13.0158,13.1035,92200
1632317400,2021-09-22 00:00:00,13.4634,13.7817,13.3573,13.5049,137200
1632403800,2021-09-23 00:00:00,14.3077,14.5523,14.2708,14.4784,162600
1632490200,2021-09-24 00:00:00,13.9063,13.9248,13.6848,13.7264,107600
1632749400,2021-09-27 00:00:00,13.8279,14.0540,13.8233,13.9571,68400
1632835800,2021-09-28 00:00:00,13.1542,13.1542,12.8636,12.9605,282200
1632922200,2021-09-29 00:00:00,12.7298,12.7759,12.4575,12.4852,216200
1633008600,2021-09-30 00:00:00,13.0066,13.1035,12.7390,12.7574,124200
1633095000,2021-10-01 00:00:00,12.5406,12.7113,12.2961,12.6928,118800
1633354200,2021-10-04 00:00:00,12.4898,12.4898,11.9223,12.1576,175800
1633440600,2021-10-05 00:00:00,11.8162,12.0515,11.7332,11.9269,427000
1633527000,2021-10-06 00:00:00,10.8473,11.1749,10.7319,11.1656,864600
1633613400,2021-10-07 00:00:00,11.6409,11.8301,11.5671,11.7239,408600
1633699800,2021-10-08 00:00:00,11.5994,11.5994,11.4010,11.4748,231200
1633959000,2021-10-11 00:00:00,11.5578,11.7009,11.4148,11.4240,148400
1634045400,2021-10-12 00:00:00,10.9626,11.0134,10.7873,10.8381,453200
1634131800,2021-10-13 00:00:00,11.3733,11.6086,11.2625,11.5947,322200
1634218200,2021-10-14 00:00:00,11.9915,12.1346,11.9177,12.1069,489000
1634304600,2021-10-15 00:00:00,12.3376,12.5867,12.3376,12.5314,382400
1634563800,2021-10-18 00:00:00,12.1253,12.2730,12.0607,12.1992,202800
1634650200,2021-10-19 00:00:00,12.6283,12.9051,12.5867,12.8359,223000
1634736600,2021-10-20 00:00:00,12.7482,12.7482,12.6190,12.6236,161800
1634823000,2021-10-21 00:00:00,12.4668,12.4806,12.3422,12.4622,124800
1634909400,2021-10-22 00:00:00,12.5498,12.6836,12.3791,12.4760,108200
1635168600,2021-10-25 00:00:00,12.9466,13.0758,12.8912,13.0158,138800
1635255000,2021-10-26 00:00:00,13.4403,13.4680,13.2281,13.2696,189200
1635341400,2021-10-27 00:00:00,12.8405,12.9697,12.7574,12.7897,117400
1635427800,2021-10-28 00:00:00,12.7713,12.8728,12.6744,12.7990,126200
1635514200,2021-10-29 00:00:00,11.9961,12.1069,11.8116,12.1023,358200
1635773400,2021-11-01 00:00:00,12.1207,12.2176,12.0654,12.1992,147800
1635859800,2021-11-02 00:00:00,12.5590,12.6190,12.4714,12.4991,190800
1635946200,2021-11-03 00:00:00,11.8254,12.1069,11.6270,12.0700,491400
1636032600,2021-11-04 00:00:00,12.0700,12.0884,11.8670,12.0884,278200
1636119000,2021-11-05 00:00:00,12.0146,12.0792,11.9269,12.0469,233600
1636381800,2021-11-08 00:00:00,12.0331,12.1207,11.9685,12.1115,182400
1636468200,2021-11-09 00:00:00,12.1300,12.1715,11.8070,11.8993,131000
1636554600,2021-11-10 00:00:00,11.6270,11.6870,11.1564,11.2625,359600
1636641000,2021-11-11 00:00:00,11.6040,11.7793,11.6040,11.6317,295200
1636727400,2021-11-12 00:00:00,11.9639,12.1530,11.9269,12.1346,297000
1636986600,2021-11-15 00:00:00,12.4206,12.4345,12.1253,12.1623,171800
1637073000,2021-11-16 00:00:00,12.1623,12.2176,12.0607,12.1161,341800
1637159400,2021-11-17 00:00:00,11.8393,11.8439,11.5809,11.6455,150200
1637245800,2021-11-18 00:00:00,11.5209,11.5209,11.2487,11.4563,187200
1637332200,2021-11-19 00:00:00,11.5624,11.6270,11.4794,11.5348,128400
1637591400,2021-11-22 00:00:00,12.3929,12.5037,12.2084,12.2222,889400
1637677800,2021-11-23 00:00:00,12.0054,12.0792,11.8439,11.9546,437600
1637764200,2021-11-24 00:00:00,11.8531,11.8946,11.7332,11.8531,108000
1637937000,2021-11-26 00:00:00,10.6581,10.6627,10.1598,10.3721,457600
1638196200,2021-11-29 00:00:00,10.6720,10.6720,10.3813,10.6028,387400
1638282600,2021-11-30 00:00:00,10.1506,10.3951,9.9337,10.3259,399000
1638369000,2021-12-01 00:00:00,11.1887,11.5071,10.9257,10.9534,532000
1638455400,2021-12-02 00:00:00,11.5624,11.8208,11.5163,11.6455,307600
1638541800,2021-12-03 00:00:00,11.7147,11.7608,11.3225,11.5209,327800
1638801000,2021-12-06 00:00:00,11.7978,11.9685,11.6870,11.9546,201600
1638887400,2021-12-07 00:00:00,12.3376,12.5960,12.3376,12.5221,224600
1638973800,2021-12-08 00:00:00,12.4345,12.6882,12.3560,12.6467,127000
1639060200,2021-12-09 00:00:00,12.5175,12.5267,12.3976,12.4022,74600
1639146600,2021-12-10 00:00:00,12.4022,12.4806,12.3376,12.4114,78600
1639405800,2021-12-13 00:00:00,12.1992,12.1992,11.8531,11.9362,99800
1639492200,2021-12-14 00:00:00,11.7655,11.9131,11.6270,11.7655,107800
1639578600,2021-12-15 00:00:00,11.7470,12.2453,11.6317,12.1899,104600
1639665000,2021-12-16 00:00:00,12.1669,12.3284,11.9223,12.0008,89000
1639751400,2021-12-17 00:00:00,12.1300,12.2453,12.0792,12.1161,169200
1640010600,2021-12-20 00:00:00,11.4517,11.5532,11.3317,11.4702,107000
1640097000,2021-12-21 00:00:00,11.6380,11.8519,11.5264,11.7915,92400
1640183400,2021-12-22 00:00:00,11.7031,12.0751,11.7031,12.0751,126200
1640269800,2021-12-23 00:00:00,12.0472,12.2285,12.0146,12.2006,465000
1640615400,2021-12-27 00:00:00,12.2006,12.3959,12.1588,12.3727,171200
1640701800,2021-12-28 00:00:00,12.4285,12.4982,12.2425,12.2611,260000
1640788200,2021-12-29 00:00:00,12.2750,12.3727,12.2239,12.2983,90600
1640874600,2021-12-30 00:00:00,12.0053,12.0983,11.9309,11.9495,144000
1640961000,2021-12-31 00:00:00,11.9263,12.0658,11.7124,11.7403,53000
1641220200,2022-01-03 00:00:00,11.9356,11.9356,11.7031,11.7868,206400
1641306600,2022-01-04 00:00:00,11.7822,11.8565,11.7031,11.7310,122000
1641393000,2022-01-05 00:00:00,11.5404,11.5404,11.0196,11.0336,153200
1641479400,2022-01-06 00:00:00,10.9359,11.0475,10.7499,10.7918,185200
1641565800,2022-01-07 00:00:00,11.2242,11.6008,11.1498,11.5869,150800
1641825000,2022-01-10 00:00:00,11.1405,11.1405,10.7871,11.0615,207800
1641911400,2022-01-11 00:00:00,11.4567,11.9123,11.3916,11.8519,123800
1641997800,2022-01-12 00:00:00,12.3215,12.6098,12.3215,12.5540,249800
1642084200,2022-01-13 00:00:00,12.4145,12.4145,11.9356,11.9681,223600
1642170600,2022-01-14 00:00:00,11.4241,11.5962,11.3079,11.4520,215000
1642516200,2022-01-18 00:00:00,10.7918,10.7918,10.3966,10.4524,279000
1642602600,2022-01-19 00:00:00,10.9313,10.9313,10.7081,10.7546,113400
1642689000,2022-01-20 00:00:00,10.9778,11.2149,10.5547,10.5965,162200
1642775400,2022-01-21 00:00:00,10.4989,10.5919,10.2152,10.2431,126600
1643034600,2022-01-24 00:00:00,9.5503,9.6526,8.8157,9.6526,735200
1643121000,2022-01-25 00:00:00,9.0389,9.3365,8.9459,9.2109,197200
1643207400,2022-01-26 00:00:00,9.3876,9.3969,8.7506,8.8715,555200
1643293800,2022-01-27 00:00:00,8.3647,8.4484,8.1229,8.1833,591000
1643380200,2022-01-28 00:00:00,8.4716,8.6297,8.3647,8.6297,232400
1643639400,2022-01-31 00:00:00,8.9040,9.2993,8.9040,9.2760,238400
1643725800,2022-02-01 00:00:00,9.3922,9.4992,9.1040,9.4713,224400
1643812200,2022-02-02 00:00:00,9.6154,9.7177,9.4666,9.6945,479800
1643898600,2022-02-03 00:00:00,9.0807,9.1877,9.0296,9.0900,328600
1643985000,2022-02-04 00:00:00,9.2109,9.4666,9.1365,9.3876,671200
1644244200,2022-02-07 00:00:00,9.2156,9.6061,9.1319,9.4666,244400
1644330600,2022-02-08 00:00:00,9.2202,9.5689,9.2156,9.5457,149600
1644417000,2022-02-09 00:00:00,9.8712,10.0711,9.8479,10.0478,176200
1644503400,2022-02-10 00:00:00,9.6247,10.1176,9.6247,9.7317,317800
1644589800,2022-02-11 00:00:00,9.8479,10.0106,9.3969,9.4666,189200
1644849000,2022-02-14 00:00:00,9.2667,9.2993,9.0342,9.1737,182200
1644935400,2022-02-15 00:00:00,9.2760,9.4015,9.2249,9.3829,295400
1645021800,2022-02-16 00:00:00,9.5085,9.8293,9.4899,9.7131,146000
1645108200,2022-02-17 00:00:00,9.8107,9.8154,9.4759,9.5178,121600
1645194600,2022-02-18 00:00:00,9.5550,9.5922,9.3597,9.4294,181400
1645540200,2022-02-22 00:00:00,9.3411,9.5085,9.1877,9.3411,306400
1645626600,2022-02-23 00:00:00,9.4899,9.4899,8.9552,8.9924,133800
1645713000,2022-02-24 00:00:00,7.8672,8.6065,7.7788,8.5739,612600
1645799400,2022-02-25 00:00:00,8.7227,9.2946,8.7134,9.2714,295200
1646058600,2022-02-28 00:00:00,8.7878,9.2388,8.7320,9.2109,167800
1646145000,2022-03-01 00:00:00,9.1458,9.2528,8.6902,8.8389,112800
1646231400,2022-03-02 00:00:00,8.7506,8.9366,8.6297,8.8436,114200
1646317800,2022-03-03 00:00:00,9.2016,9.2016,8.8901,9.0156,114000
1646404200,2022-03-04 00:00:00,8.3833,8.4112,8.1136,8.2996,206800
1646663400,2022-03-07 00:00:00,7.9090,7.9090,7.2069,7.2069,336200
1646749800,2022-03-08 00:00:00,7.3418,7.6068,7.2395,7.3836,282000
1646836200,2022-03-09 00:00:00,7.7695,8.3182,7.6905,8.2763,182800
1646922600,2022-03-10 00:00:00,7.7184,7.7184,7.4115,7.5556,144200
1647009000,2022-03-11 00:00:00,7.6765,7.6765,7.1930,7.2116,140200
1647264600,2022-03-14 00:00:00,7.3557,7.3929,7.0628,7.1046,118400
1647351000,2022-03-15 00:00:00,7.0907,7.3278,7.0116,7.3046,111000
1647437400,2022-03-16 00:00:00,7.7602,8.2856,7.7556,8.2763,340200
1647523800,2022-03-17 00:00:00,8.2531,8.5414,8.2531,8.5088,156000
1647610200,2022-03-18 00:00:00,8.2624,8.6809,8.2531,8.6344,147000
1647869400,2022-03-21 00:00:00,8.2159,8.2717,8.0625,8.1368,121600
1647955800,2022-03-22 00:00:00,8.3740,8.5088,8.3693,8.5088,92000
1648042200,2022-03-23 00:00:00,8.3740,8.4437,8.2810,8.2810,78200
1648128600,2022-03-24 00:00:00,8.3089,8.4298,8.2112,8.4065,64200
1648215000,2022-03-25 00:00:00,8.2531,8.2903,8.0253,8.1461,301600
1648474200,2022-03-28 00:00:00,8.2903,8.3507,8.1554,8.3461,60400
1648560600,2022-03-29 00:00:00,8.7785,8.9319,8.7413,8.9319,167600
1648647000,2022-03-30 00:00:00,8.6762,8.7692,8.5181,8.5832,101200
1648733400,2022-03-31 00:00:00,8.6437,8.6948,8.4763,8.4763,39200
1648819800,2022-04-01 00:00:00,8.5181,8.5274,8.3089,8.4112,214200
1649079000,2022-04-04 00:00:00,8.6437,8.7599,8.5646,8.7320,130800
1649165400,2022-04-05 00:00:00,8.6483,8.6483,8.2810,8.3368,97400
1649251800,2022-04-06 00:00:00,8.2810,8.2810,7.9741,8.0346,102000
1649338200,2022-04-07 00:00:00,7.8811,7.9509,7.7509,7.8672,126200
1649424600,2022-04-08 00:00:00,7.7742,7.8067,7.6347,7.6579,44600
1649683800,2022-04-11 00:00:00,7.6533,7.6579,7.4394,7.4673,55800
1649770200,2022-04-12 00:00:00,7.7044,7.7137,7.4906,7.5091,41600
1649856600,2022-04-13 00:00:00,7.8346,8.0857,7.8346,8.0718,90200
1649943000,2022-04-14 00:00:00,7.7881,7.7974,7.5649,7.5835,130200
1650288600,2022-04-18 00:00:00,7.5463,7.6719,7.4998,7.5835,49000
1650375000,2022-04-19 00:00:00,7.5742,7.7044,7.4487,7.6951,98400
1650461400,2022-04-20 00:00:00,7.7974,7.8532,7.6998,7.8253,48800
1650547800,2022-04-21 00:00:00,7.8346,7.8532,7.3836,7.4255,67600
1650634200,2022-04-22 00:00:00,7.3836,7.3883,7.1279,7.1372,144200
1650893400,2022-04-25 00:00:00,6.8350,7.0209,6.7652,6.9977,102000
1650979800,2022-04-26 00:00:00,6.8210,6.8210,6.3979,6.4165,127600
1651066200,2022-04-27 00:00:00,6.4165,6.5141,6.3467,6.4258,86400
1651152600,2022-04-28 00:00:00,6.6490,6.8350,6.5095,6.7699,90200
1651239000,2022-04-29 00:00:00,7.0209,7.1790,6.8210,6.8350,111400
1651498200,2022-05-02 00:00:00,6.8443,6.9233,6.6908,6.9186,55600
1651584600,2022-05-03 00:00:00,6.9791,7.0256,6.8954,6.9884,34800
1651671000,2022-05-04 00:00:00,6.9419,7.3743,6.8164,7.3325,159600
1651757400,2022-05-05 00:00:00,7.0163,7.0163,6.3235,6.5932,181000
1651843800,2022-05-06 00:00:00,6.5048,6.6583,6.4444,6.6583,290400
1652103000,2022-05-09 00:00:00,6.2770,6.2770,6.0120,6.0306,186600
1652189400,2022-05-10 00:00:00,6.2444,6.2444,5.9748,6.0771,116600
1652275800,2022-05-11 00:00:00,6.1096,6.2770,5.8864,5.9097,83200
1652362200,2022-05-12 00:00:00,5.7051,5.8167,5.5052,5.6493,95200
1652448600,2022-05-13 00:00:00,6.2305,6.3886,6.1887,6.3700,188600
1652707800,2022-05-16 00:00:00,6.1515,6.2305,6.1050,6.1608,154200
1652794200,2022-05-17 00:00:00,6.5839,6.6769,6.5281,6.6629,78000
1652880600,2022-05-18 00:00:00,6.4723,6.4769,5.9608,5.9980,88400
1652967000,2022-05-19 00:00:00,6.0910,6.3886,6.0910,6.3374,45800
1653053400,2022-05-20 00:00:00,6.6257,6.6443,6.2816,6.5048,81400
1653312600,2022-05-23 00:00:00,6.7373,6.8814,6.6955,6.8071,127400
1653399000,2022-05-24 00:00:00,6.4258,6.5327,6.3002,6.5002,42600
1653485400,2022-05-25 00:00:00,6.3235,6.5234,6.2956,6.4723,90200
1653571800,2022-05-26 00:00:00,6.4444,6.6722,6.4304,6.6397,82200
1653658200,2022-05-27 00:00:00,6.8629,6.9744,6.8629,6.9512,80800
1654003800,2022-05-31 00:00:00,7.2441,7.2999,7.0674,7.1279,103400
1654090200,2022-06-01 00:00:00,7.2767,7.2767,6.8814,6.9651,100200
1654176600,2022-06-02 00:00:00,6.9977,7.2627,6.9512,7.2488,41000
1654263000,2022-06-03 00:00:00,6.9884,6.9884,6.7327,6.7652,64200
1654522200,2022-06-06 00:00:00,7.0116,7.0907,6.6955,6.7094,72600
1654608600,2022-06-07 00:00:00,6.4211,6.6025,6.4072,6.5839,82200
1654695000,2022-06-08 00:00:00,6.5374,6.5932,6.4258,6.4630,64400
1654781400,2022-06-09 00:00:00,6.4258,6.4630,6.0771,6.0957,118800
1654867800,2022-06-10 00:00:00,5.8120,5.8120,5.6028,5.6307,178600
1655127000,2022-06-13 00:00:00,5.1053,5.1750,4.7984,4.8589,227000
1655213400,2022-06-14 00:00:00,5.0216,5.0309,4.9054,5.0216,63000
1655299800,2022-06-15 00:00:00,4.8868,5.1564,4.7566,5.0262,482400
1655386200,2022-06-16 00:00:00,4.6589,4.6636,4.4776,4.6031,201800
1655472600,2022-06-17 00:00:00,4.6543,4.7380,4.5892,4.7054,169200
1655818200,2022-06-21 00:00:00,4.6357,4.7147,4.6171,4.6775,616000
1655904600,2022-06-22 00:00:00,4.2312,4.3288,4.1800,4.2637,1750400
1655991000,2022-06-23 00:00:00,4.1149,4.1475,4.0219,4.1289,1190800
1656077400,2022-06-24 00:00:00,4.3613,4.6217,4.3567,4.5938,1159600
1656336600,2022-06-27 00:00:00,4.6589,4.6868,4.5799,4.6078,514800
1656423000,2022-06-28 00:00:00,4.6961,4.7333,4.5008,4.5101,323200
1656509400,2022-06-29 00:00:00,4.3707,4.3846,4.2637,4.2916,236000
1656595800,2022-06-30 00:00:00,4.1335,4.3521,4.0591,4.3102,220000
1656682200,2022-07-01 00:00:00,4.0405,4.1196,3.9522,4.1196,373000
1657027800,2022-07-05 00:00:00,3.8917,4.0405,3.8452,4.0359,719200
1657114200,2022-07-06 00:00:00,3.9103,3.9754,3.8452,3.9429,387400
1657200600,2022-07-07 00:00:00,4.1289,4.2544,4.1289,4.2126,497600
1657287000,2022-07-08 00:00:00,4.1940,4.3335,4.1754,4.3056,356800
1657546200,2022-07-11 00:00:00,4.0173,4.0173,3.8731,3.9429,249800
1657632600,2022-07-12 00:00:00,3.9243,4.0126,3.8964,3.9336,184400
1657719000,2022-07-13 00:00:00,3.8731,4.0591,3.8499,4.0126,208400
1657805400,2022-07-14 00:00:00,3.7662,3.8173,3.5988,3.7987,361200
1657891800,2022-07-15 00:00:00,3.8917,3.9847,3.8220,3.9801,213400
1658151000,2022-07-18 00:00:00,4.1986,4.2265,4.0405,4.0684,368800
1658237400,2022-07-19 00:00:00,4.2451,4.3799,4.2451,4.3660,309200
1658323800,2022-07-20 00:00:00,4.2451,4.3242,4.2079,4.2684,559600
1658410200,2022-07-21 00:00:00,4.3892,4.4869,4.3288,4.4822,458800
1658496600,2022-07-22 00:00:00,4.3892,4.3939,4.2498,4.3009,392400
1658755800,2022-07-25 00:00:00,4.4218,4.4497,4.3428,4.3614,120800
1658842200,2022-07-26 00:00:00,4.4171,4.4590,4.3335,4.3474,172200
1658928600,2022-07-27 00:00:00,4.4311,4.6403,4.3892,4.6124,142200
1659015000,2022-07-28 00:00:00,4.6310,4.7845,4.5752,4.7566,146000
1659101400,2022-07-29 00:00:00,4.6357,4.7705,4.5334,4.7612,224800
1659360600,2022-08-01 00:00:00,4.5892,4.7473,4.5148,4.6078,145400
1659447000,2022-08-02 00:00:00,4.5008,4.6357,4.4450,4.5008,205000
1659533400,2022-08-03 00:00:00,4.6496,4.7566,4.6031,4.7333,132400
1659619800,2022-08-04 00:00:00,4.7426,4.8217,4.7147,4.8077,97000
1659706200,2022-08-05 00:00:00,4.7845,4.8682,4.7612,4.7984,109400
1659965400,2022-08-08 00:00:00,4.8821,4.9705,4.8403,4.8635,120800
1660051800,2022-08-09 00:00:00,4.8868,4.8868,4.7891,4.7984,87200
1660138200,2022-08-10 00:00:00,4.9100,4.9937,4.8728,4.9844,103600
1660224600,2022-08-11 00:00:00,5.1006,5.1750,4.9147,4.9333,170000
1660311000,2022-08-12 00:00:00,5.0262,5.1332,4.9890,5.1285,90800
1660570200,2022-08-15 00:00:00,4.9891,5.0634,4.9612,4.9751,130800
1660656600,2022-08-16 00:00:00,4.9705,5.0355,4.9565,4.9891,120800
1660743000,2022-08-17 00:00:00,4.7659,4.8263,4.6868,4.7566,224200
1660829400,2022-08-18 00:00:00,4.6961,4.6961,4.5892,4.6310,326800
1660915800,2022-08-19 00:00:00,4.4497,4.4497,4.3102,4.3521,265000
1661175000,2022-08-22 00:00:00,4.1847,4.1847,4.0824,4.1103,163800
1661261400,2022-08-23 00:00:00,4.1010,4.2405,4.0824,4.1475,95400
1661347800,2022-08-24 00:00:00,4.1335,4.2684,4.1196,4.2265,117200
1661434200,2022-08-25 00:00:00,4.3614,4.4776,4.3428,4.4776,225800
1661520600,2022-08-26 00:00:00,4.5380,4.5380,4.1010,4.1103,270800
1661779800,2022-08-29 00:00:00,3.9754,4.0126,3.9196,3.9754,210200
1661866200,2022-08-30 00:00:00,4.0963,4.1056,3.9010,3.9615,171400
1661952600,2022-08-31 00:00:00,4.2079,4.2126,4.1010,4.1056,202600
1662039000,2022-09-01 00:00:00,3.8731,3.8731,3.7476,3.8406,271400
1662125400,2022-09-02 00:00:00,3.8778,3.8778,3.6593,3.6918,303600
1662471000,2022-09-06 00:00:00,3.5895,3.5895,3.4733,3.4919,211000
1662557400,2022-09-07 00:00:00,3.3477,3.5616,3.3477,3.5477,742800
1662643800,2022-09-08 00:00:00,3.4035,3.4407,3.3338,3.4314,485800
1662730200,2022-09-09 00:00:00,3.5477,3.6593,3.5477,3.6546,589200
1662989400,2022-09-12 00:00:00,3.7197,3.8080,3.7058,3.7383,540800
1663075800,2022-09-13 00:00:00,3.5430,3.6081,3.3710,3.3803,446600
1663162200,2022-09-14 00:00:00,3.4593,3.5244,3.4082,3.4779,161200
1663248600,2022-09-15 00:00:00,3.3524,3.3849,3.2640,3.2733,271800
1663335000,2022-09-16 00:00:00,3.2733,3.3849,3.2594,3.3570,189400
1663594200,2022-09-19 00:00:00,3.2547,3.3477,3.2361,3.3431,197400
1663680600,2022-09-20 00:00:00,3.2408,3.2408,3.1617,3.1989,178200
1663767000,2022-09-21 00:00:00,3.2129,3.2919,3.0874,3.1060,472600
1663853400,2022-09-22 00:00:00,3.0595,3.0595,2.9665,2.9897,233600
1663939800,2022-09-23 00:00:00,2.7851,2.7851,2.6131,2.6782,762800
1664199000,2022-09-26 00:00:00,2.5712,2.5991,2.4783,2.5154,493200
1664285400,2022-09-27 00:00:00,2.5666,2.5805,2.4178,2.4643,451600
1664371800,2022-09-28 00:00:00,2.3295,2.5061,2.3155,2.4922,1193000
1664458200,2022-09-29 00:00:00,2.3574,2.3713,2.2551,2.3202,713000
1664544600,2022-09-30 00:00:00,2.2830,2.3016,2.1760,2.1853,925200
1664803800,2022-10-03 00:00:00,2.2272,2.3481,2.2086,2.3295,631400
1664890200,2022-10-04 00:00:00,2.5247,2.6503,2.5247,2.6456,993400
1664976600,2022-10-05 00:00:00,2.5061,2.5759,2.4178,2.5294,947200
1665063000,2022-10-06 00:00:00,2.6177,2.6596,2.5666,2.5852,409800
1665149400,2022-10-07 00:00:00,2.5480,2.5712,2.4271,2.4411,244400
1665408600,2022-10-10 00:00:00,2.4085,2.4132,2.3202,2.3388,152400
1665495000,2022-10-11 00:00:00,2.3481,2.4132,2.2969,2.3341,469400
1665581400,2022-10-12 00:00:00,2.3992,2.4225,2.3760,2.4039,163400
1665667800,2022-10-13 00:00:00,2.1528,2.4318,2.1202,2.4132,1078400
1665754200,2022-10-14 00:00:00,2.4829,2.4829,2.3155,2.3295,422000
1666013400,2022-10-17 00:00:00,2.5015,2.5619,2.5015,2.5480,387400
1666099800,2022-10-18 00:00:00,2.6596,2.6596,2.4922,2.5619,842200
1666186200,2022-10-19 00:00:00,2.4457,2.5015,2.4132,2.4550,236800
1666272600,2022-10-20 00:00:00,2.4829,2.5712,2.4411,2.4504,310800
1666359000,2022-10-21 00:00:00,2.4225,2.5759,2.4039,2.5666,309600
1666618200,2022-10-24 00:00:00,2.4457,2.5015,2.4132,2.4829,233400
1666704600,2022-10-25 00:00:00,2.5154,2.6270,2.5154,2.6084,232400
1666791000,2022-10-26 00:00:00,2.6410,2.8084,2.6410,2.7526,630000
1666877400,2022-10-27 00:00:00,2.7758,2.8549,2.7386,2.7479,391800
1666963800,2022-10-28 00:00:00,2.6875,2.8084,2.6828,2.7898,247000
1667223000,2022-10-31 00:00:00,2.7479,2.7991,2.7386,2.7851,188600
1667309400,2022-11-01 00:00:00,2.9851,3.0037,2.8967,2.9386,299000
1667395800,2022-11-02 00:00:00,2.9479,3.0362,2.7712,2.7712,507400
1667482200,2022-11-03 00:00:00,2.7619,2.8502,2.7433,2.8223,310200
1667568600,2022-11-04 00:00:00,3.0595,3.1292,2.9944,3.1292,613200
1667831400,2022-11-07 00:00:00,3.2826,3.3012,3.1943,3.2594,827400
1667917800,2022-11-08 00:00:00,3.4640,3.5430,3.4035,3.4779,806000
1668004200,2022-11-09 00:00:00,3.5849,3.6221,3.4500,3.4593,708800
1668090600,2022-11-10 00:00:00,3.7848,3.9429,3.7383,3.9382,1050200
1668177000,2022-11-11 00:00:00,4.2777,4.4078,4.2405,4.3939,882800
1668436200,2022-11-14 00:00:00,4.1428,4.2451,4.0917,4.1521,468600
1668522600,2022-11-15 00:00:00,4.4264,4.4311,4.1986,4.3102,514600
1668609000,2022-11-16 00:00:00,4.1103,4.1103,3.9196,3.9289,543800
1668695400,2022-11-17 00:00:00,3.5895,3.7476,3.5895,3.7290,849200
1668781800,2022-11-18 00:00:00,3.8638,3.8638,3.7429,3.8080,598800
1669041000,2022-11-21 00:00:00,3.5151,3.5291,3.4547,3.5012,666400
1669127400,2022-11-22 00:00:00,3.4965,3.5802,3.4965,3.5802,295800
1669213800,2022-11-23 00:00:00,3.5942,3.7801,3.5942,3.7801,404000
1669386600,2022-11-25 00:00:00,3.7708,3.7755,3.7290,3.7615,270600
1669645800,2022-11-28 00:00:00,3.6500,3.7058,3.5570,3.5570,268000
1669732200,2022-11-29 00:00:00,3.7894,3.8592,3.7894,3.8452,364600
1669818600,2022-11-30 00:00:00,4.0824,4.3428,3.9754,4.3056,676400
1669905000,2022-12-01 00:00:00,4.3009,4.3009,4.1428,4.2172,390400
1669991400,2022-12-02 00:00:00,3.8964,4.0684,3.8871,4.0219,725200
1670250600,2022-12-05 00:00:00,3.9336,3.9336,3.7476,3.7476,434600
1670337000,2022-12-06 00:00:00,3.6732,3.6732,3.5430,3.5570,217600
1670423400,2022-12-07 00:00:00,3.5709,3.6407,3.5384,3.6081,226200
1670509800,2022-12-08 00:00:00,3.6500,3.6825,3.6221,3.6639,293000
1670596200,2022-12-09 00:00:00,3.7569,3.8313,3.7290,3.7383,244800
1670855400,2022-12-12 00:00:00,3.7104,3.7801,3.6965,3.7801,225000
1670941800,2022-12-13 00:00:00,3.9987,4.0033,3.8452,3.9150,652800
1671028200,2022-12-14 00:00:00,3.8917,3.9429,3.7290,3.8685,255800
1671114600,2022-12-15 00:00:00,3.5291,3.5384,3.3524,3.3663,711000
1671201000,2022-12-16 00:00:00,3.4826,3.5430,3.4733,3.5058,490800
1671460200,2022-12-19 00:00:00,3.5895,3.6267,3.5337,3.5663,764400
1671546600,2022-12-20 00:00:00,3.6532,3.7232,3.6532,3.7092,235200
1671633000,2022-12-21 00:00:00,3.6345,3.7045,3.6018,3.6999,182600
1671719400,2022-12-22 00:00:00,3.7045,3.7045,3.5364,3.6158,293000
1671805800,2022-12-23 00:00:00,3.5737,3.6251,3.5317,3.6251,204600
1672151400,2022-12-27 00:00:00,3.7372,3.7746,3.7139,3.7419,317200
1672237800,2022-12-28 00:00:00,3.6765,3.7045,3.5270,3.5457,227600
1672324200,2022-12-29 00:00:00,3.5551,3.6438,3.5364,3.6298,305000
1672410600,2022-12-30 00:00:00,3.6158,3.6625,3.4476,3.5037,315600
1672756200,2023-01-03 00:00:00,3.4102,3.4663,3.2748,3.3075,737400
1672842600,2023-01-04 00:00:00,3.6345,3.7139,3.5597,3.6859,535800
1672929000,2023-01-05 00:00:00,3.5457,3.5971,3.5364,3.5737,156800
1673015400,2023-01-06 00:00:00,3.8961,4.1343,3.8260,4.1297,803200
1673274600,2023-01-09 00:00:00,4.4333,4.5314,4.3679,4.3866,1240200
1673361000,2023-01-10 00:00:00,4.3072,4.4286,4.2932,4.4286,350800
1673447400,2023-01-11 00:00:00,4.3819,4.4613,4.3399,4.4613,422600
1673533800,2023-01-12 00:00:00,4.4940,4.6062,4.3539,4.5594,523200
1673620200,2023-01-13 00:00:00,4.5034,4.6716,4.5034,4.6575,426800
1673965800,2023-01-17 00:00:00,4.6342,4.6342,4.5688,4.6155,330800
1674052200,2023-01-18 00:00:00,4.7043,4.7089,4.4099,4.4146,459200
1674138600,2023-01-19 00:00:00,4.5594,4.6015,4.4940,4.5781,247200
1674225000,2023-01-20 00:00:00,4.6949,4.8210,4.6389,4.8210,482600
1674484200,2023-01-23 00:00:00,4.8818,5.0313,4.8491,4.9659,560000
1674570600,2023-01-24 00:00:00,4.8164,4.9612,4.8070,4.9145,312000
1674657000,2023-01-25 00:00:00,4.8537,4.9518,4.7930,4.9518,357600
1674743400,2023-01-26 00:00:00,5.1948,5.2321,5.1247,5.2321,394400
1674829800,2023-01-27 00:00:00,5.2228,5.3629,5.2135,5.3302,648200
1675089000,2023-01-30 00:00:00,5.0406,5.0640,4.9518,4.9659,728800
1675175400,2023-01-31 00:00:00,4.7183,4.8444,4.7043,4.8304,724000
1675261800,2023-02-01 00:00:00,5.0266,5.2835,4.9332,5.2508,520800
1675348200,2023-02-02 00:00:00,5.2789,5.2789,5.1107,5.2275,885800
1675434600,2023-02-03 00:00:00,4.9238,5.0266,4.7743,4.8164,757400
1675693800,2023-02-06 00:00:00,4.4099,4.4940,4.3445,4.3959,947200
1675780200,2023-02-07 00:00:00,4.5127,4.6669,4.4520,4.6435,541800
1675866600,2023-02-08 00:00:00,4.7510,4.7790,4.6435,4.6716,383000
1675953000,2023-02-09 00:00:00,4.8351,4.8537,4.5921,4.6248,367000
1676039400,2023-02-10 00:00:00,4.6062,4.6248,4.5267,4.5735,311800
1676298600,2023-02-13 00:00:00,4.4660,4.5921,4.4333,4.5921,368600
1676385000,2023-02-14 00:00:00,4.5641,4.6809,4.4753,4.5921,421600
1676471400,2023-02-15 00:00:00,4.1530,4.1997,4.0970,4.1951,1237600
1676557800,2023-02-16 00:00:00,4.2511,4.4053,4.2418,4.3212,768000
1676644200,2023-02-17 00:00:00,4.1717,4.2091,4.0829,4.2091,364600
1676989800,2023-02-21 00:00:00,4.1437,4.1764,4.0175,4.0409,396600
1677076200,2023-02-22 00:00:00,3.9708,3.9942,3.8867,3.9288,550800
1677162600,2023-02-23 00:00:00,4.1530,4.1810,4.0175,4.1156,505600
1677249000,2023-02-24 00:00:00,3.7606,3.7840,3.6718,3.7372,678400
1677508200,2023-02-27 00:00:00,3.7559,3.7933,3.7232,3.7513,392200
1677594600,2023-02-28 00:00:00,3.7372,3.7746,3.6905,3.6905,253400
1677681000,2023-03-01 00:00:00,3.9381,3.9895,3.8727,3.9148,392200
1677767400,2023-03-02 00:00:00,3.7606,3.8634,3.7466,3.8634,268200
1677853800,2023-03-03 00:00:00,3.9568,4.1016,3.9288,4.0923,345000
1678113000,2023-03-06 00:00:00,4.1764,4.1857,4.1016,4.1203,599600
1678199400,2023-03-07 00:00:00,4.0362,4.0362,3.7699,3.7793,421600
1678285800,2023-03-08 00:00:00,3.7699,3.8260,3.7326,3.8073,793200
1678372200,2023-03-09 00:00:00,3.6952,3.7232,3.5037,3.5270,919000
1678458600,2023-03-10 00:00:00,3.6111,3.6999,3.5130,3.5410,418200
1678714200,2023-03-13 00:00:00,3.6672,3.7933,3.6391,3.7279,513000
1678800600,2023-03-14 00:00:00,3.5831,3.6345,3.5410,3.6158,1222200
1678887000,2023-03-15 00:00:00,3.3729,3.4476,3.3261,3.4149,965400
1678973400,2023-03-16 00:00:00,3.4943,3.7372,3.4850,3.7279,906200
1679059800,2023-03-17 00:00:00,3.6578,3.6905,3.5878,3.5971,634600
1679319000,2023-03-20 00:00:00,3.6205,3.6859,3.6158,3.6859,388200
1679405400,2023-03-21 00:00:00,3.7295,3.7436,3.6544,3.7436,811800
1679491800,2023-03-22 00:00:00,3.8047,4.0489,3.7953,3.8094,839200
1679578200,2023-03-23 00:00:00,4.0255,4.1476,3.9268,4.0067,922200
1679664600,2023-03-24 00:00:00,3.7342,3.8517,3.6967,3.8470,933600
1679923800,2023-03-27 00:00:00,3.7906,3.8141,3.7483,3.8141,343400
1680010200,2023-03-28 00:00:00,3.8705,3.9080,3.8611,3.8939,359400
1680096600,2023-03-29 00:00:00,3.9315,3.9409,3.8470,3.8939,514200
1680183000,2023-03-30 00:00:00,4.0161,4.0349,3.9832,4.0161,432800
1680269400,2023-03-31 00:00:00,4.1006,4.1429,4.0583,4.1194,518600
1680528600,2023-04-03 00:00:00,3.9315,4.0583,3.9174,4.0583,490400
1680615000,2023-04-04 00:00:00,3.9879,4.0255,3.9503,3.9973,1098800
1680701400,2023-04-05 00:00:00,4.0771,4.1006,3.9785,4.0067,569000
1680787800,2023-04-06 00:00:00,3.8329,3.8939,3.7765,3.8845,714400
1681133400,2023-04-10 00:00:00,4.0349,4.1147,4.0161,4.1100,444000
1681219800,2023-04-11 00:00:00,4.2603,4.2932,4.2462,4.2697,734000
1681306200,2023-04-12 00:00:00,4.4153,4.4153,4.2744,4.2979,762600
1681392600,2023-04-13 00:00:00,4.5750,4.6784,4.5750,4.6690,957400
1681479000,2023-04-14 00:00:00,4.5609,4.6173,4.4482,4.5234,888400
1681738200,2023-04-17 00:00:00,4.4247,4.4294,4.3543,4.4059,862400
1681824600,2023-04-18 00:00:00,4.4482,4.4764,4.4012,4.4247,455800
1681911000,2023-04-19 00:00:00,4.2744,4.3214,4.2603,4.3026,297000
1681997400,2023-04-20 00:00:00,4.3026,4.3684,4.2509,4.2744,317000
1682083800,2023-04-21 00:00:00,4.1711,4.1711,4.0630,4.1335,389200
1682343000,2023-04-24 00:00:00,4.0302,4.0771,4.0114,4.0489,409000
1682429400,2023-04-25 00:00:00,3.8282,3.8282,3.7154,3.7154,701600
1682515800,2023-04-26 00:00:00,3.7859,3.8235,3.7436,3.7624,451600
1682602200,2023-04-27 00:00:00,3.7859,3.9362,3.7859,3.9080,370000
1682688600,2023-04-28 00:00:00,3.8658,3.9456,3.8564,3.9456,420200
1682947800,2023-05-01 00:00:00,3.8892,3.9738,3.8470,3.8611,164600
1683034200,2023-05-02 00:00:00,3.9221,3.9409,3.8705,3.8892,219600
1683120600,2023-05-03 00:00:00,3.8986,3.9456,3.8188,3.8282,234600
1683207000,2023-05-04 00:00:00,3.9221,3.9315,3.8798,3.9127,262000
1683293400,2023-05-05 00:00:00,3.9785,4.1288,3.9691,4.1194,359400
1683552600,2023-05-08 00:00:00,4.1053,4.1100,4.0818,4.1006,196000
1683639000,2023-05-09 00:00:00,4.0020,4.0067,3.9691,3.9879,174000
1683725400,2023-05-10 00:00:00,4.0396,4.0396,3.9221,4.0067,289200
1683811800,2023-05-11 00:00:00,3.8000,3.8047,3.7154,3.7953,617200
1683898200,2023-05-12 00:00:00,3.7342,3.7342,3.6262,3.6497,559000
1684157400,2023-05-15 00:00:00,3.7342,3.8282,3.7248,3.8282,381000
1684243800,2023-05-16 00:00:00,3.7483,3.7671,3.6920,3.7014,266000
1684330200,2023-05-17 00:00:00,3.8517,3.9221,3.8235,3.9174,533400
1684416600,2023-05-18 00:00:00,3.9174,4.0067,3.8939,4.0067,283200
1684503000,2023-05-19 00:00:00,4.1476,4.1758,4.1100,4.1664,400800
1684762200,2023-05-22 00:00:00,4.3308,4.3918,4.3308,4.3730,373800
1684848600,2023-05-23 00:00:00,4.3120,4.3402,4.2086,4.2180,328400
1684935000,2023-05-24 00:00:00,4.2697,4.2932,4.2040,4.2040,333800
1685021400,2023-05-25 00:00:00,4.1899,4.1899,4.1241,4.1570,195400
1685107800,2023-05-26 00:00:00,4.2180,4.3637,4.2086,4.3590,386000
1685453400,2023-05-30 00:00:00,4.4999,4.4999,4.4012,4.4294,318600
1685539800,2023-05-31 00:00:00,4.2791,4.2932,4.1805,4.2791,389800
1685626200,2023-06-01 00:00:00,4.3026,4.4905,4.3026,4.4905,224000
1685712600,2023-06-02 00:00:00,4.7065,4.7958,4.7065,4.7582,341800
1685971800,2023-06-05 00:00:00,4.7300,4.7864,4.7112,4.7723,210000
1686058200,2023-06-06 00:00:00,4.7723,4.9273,4.7488,4.8709,187600
1686144600,2023-06-07 00:00:00,4.7864,4.8146,4.6643,4.6831,263200
1686231000,2023-06-08 00:00:00,4.7300,4.8756,4.7300,4.8663,287600
1686317400,2023-06-09 00:00:00,5.0541,5.1528,5.0541,5.0964,444400
1686576600,2023-06-12 00:00:00,5.0213,5.0917,4.9649,5.0917,387400
1686663000,2023-06-13 00:00:00,5.2608,5.3125,5.2044,5.2843,463600
1686749400,2023-06-14 00:00:00,5.1105,5.2044,5.0260,5.1434,434800
1686835800,2023-06-15 00:00:00,4.9884,5.1716,4.9884,5.1716,414000
1686922200,2023-06-16 00:00:00,5.1387,5.1387,5.0072,5.0400,254400
1687267800,2023-06-20 00:00:00,4.7817,4.8193,4.7065,4.7300,647400
1687354200,2023-06-21 00:00:00,4.5515,4.6504,4.5326,4.6033,573000
1687440600,2023-06-22 00:00:00,4.5373,4.6174,4.5373,4.5986,176200
1687527000,2023-06-23 00:00:00,4.3677,4.3677,4.3017,4.3300,348600
1687786200,2023-06-26 00:00:00,4.4572,4.4808,4.4337,4.4525,288200
1687872600,2023-06-27 00:00:00,4.5326,4.5939,4.5185,4.5797,200400
1687959000,2023-06-28 00:00:00,4.2688,4.3300,4.2546,4.3206,673000
1688045400,2023-06-29 00:00:00,4.1934,4.2122,4.1463,4.1840,463400
1688131800,2023-06-30 00:00:00,4.3253,4.3489,4.2829,4.3206,450600
1688391000,2023-07-03 00:00:00,4.5750,4.6410,4.5750,4.6033,371000
1688563800,2023-07-05 00:00:00,4.4902,4.4902,4.4337,4.4525,363600
1688650200,2023-07-06 00:00:00,4.2405,4.2452,4.1180,4.1792,493200
1688736600,2023-07-07 00:00:00,4.1698,4.3253,4.1698,4.2546,394000
1688995800,2023-07-10 00:00:00,4.1651,4.2688,4.1604,4.2593,244400
1689082200,2023-07-11 00:00:00,4.4384,4.4902,4.4101,4.4902,407600
1689168600,2023-07-12 00:00:00,4.7446,4.8624,4.7305,4.8436,787800
1689255000,2023-07-13 00:00:00,4.9567,5.0745,4.9472,5.0509,505200
1689341400,2023-07-14 00:00:00,5.1263,5.1357,5.0697,5.0886,354200
1689600600,2023-07-17 00:00:00,5.0697,5.1828,5.0462,5.1593,430600
1689687000,2023-07-18 00:00:00,5.0933,5.1640,5.0792,5.1027,489600
1689773400,2023-07-19 00:00:00,5.0839,5.1027,5.0132,5.0603,267800
1689859800,2023-07-20 00:00:00,4.9472,4.9472,4.7918,4.8153,520000
1689946200,2023-07-21 00:00:00,4.8954,4.8954,4.7918,4.8059,194200
1690205400,2023-07-24 00:00:00,5.0273,5.1451,5.0273,5.0745,596000
1690291800,2023-07-25 00:00:00,5.1498,5.2299,5.1498,5.2111,366200
1690378200,2023-07-26 00:00:00,4.9661,5.1922,4.9472,5.1216,281000
1690464600,2023-07-27 00:00:00,5.0745,5.0745,4.8389,4.8530,378000
1690551000,2023-07-28 00:00:00,5.0650,5.1263,5.0226,5.1027,301200
1690810200,2023-07-31 00:00:00,5.1074,5.1498,5.0839,5.1310,315600
1690896600,2023-08-01 00:00:00,5.1593,5.1922,5.0886,5.1310,357000
1690983000,2023-08-02 00:00:00,4.7446,4.7446,4.6174,4.6504,724800
1691069400,2023-08-03 00:00:00,4.6174,4.6740,4.5703,4.6221,438000
1691155800,2023-08-04 00:00:00,4.5656,4.6598,4.4902,4.5091,329400
1691415000,2023-08-07 00:00:00,4.4949,4.4949,4.4007,4.4619,401000
1691501400,2023-08-08 00:00:00,4.2405,4.2876,4.1557,4.2782,688800
1691587800,2023-08-09 00:00:00,4.4572,4.4572,4.3253,4.3913,324000
1691674200,2023-08-10 00:00:00,4.4007,4.4855,4.2735,4.3017,415000
1691760600,2023-08-11 00:00:00,4.1604,4.1981,4.1086,4.1368,420600
1692019800,2023-08-14 00:00:00,3.9814,4.0426,3.9484,4.0332,835000
1692106200,2023-08-15 00:00:00,4.0143,4.0143,3.8918,3.9248,378600
1692192600,2023-08-16 00:00:00,3.7740,3.8023,3.6798,3.6845,812200
1692279000,2023-08-17 00:00:00,3.8164,3.8164,3.6798,3.6939,488400
1692365400,2023-08-18 00:00:00,3.5903,3.6845,3.5809,3.6704,504600
1692624600,2023-08-21 00:00:00,3.6987,3.7411,3.6421,3.7363,457400
1692711000,2023-08-22 00:00:00,3.7693,3.7693,3.6610,3.6798,330800
1692797400,2023-08-23 00:00:00,3.6845,3.8164,3.6845,3.8117,383400
1692883800,2023-08-24 00:00:00,3.9719,3.9719,3.8023,3.8070,789800
1692970200,2023-08-25 00:00:00,3.8730,3.9342,3.7787,3.8965,462200
1693229400,2023-08-28 00:00:00,3.9861,3.9955,3.9484,3.9908,322200
1693315800,2023-08-29 00:00:00,3.9389,4.1463,3.9107,4.1415,474800
1693402200,2023-08-30 00:00:00,4.0662,4.0897,4.0096,4.0567,447800
1693488600,2023-08-31 00:00:00,4.0049,4.0238,3.9531,3.9578,323400
1693575000,2023-09-01 00:00:00,4.1557,4.1887,4.0520,4.1039,354400
1693920600,2023-09-05 00:00:00,4.0285,4.0614,4.0096,4.0096,222800
1694007000,2023-09-06 00:00:00,3.9625,3.9861,3.8588,3.8777,349600
1694093400,2023-09-07 00:00:00,3.7976,3.8353,3.7835,3.8117,341400
1694179800,2023-09-08 00:00:00,3.8353,3.8918,3.8164,3.8306,111800
1694439000,2023-09-11 00:00:00,3.9861,4.0190,3.9342,4.0190,263800
1694525400,2023-09-12 00:00:00,3.8447,3.8918,3.8164,3.8541,380000
1694611800,2023-09-13 00:00:00,3.8588,3.9107,3.8400,3.8588,85400
1694698200,2023-09-14 00:00:00,4.0096,4.0426,3.9625,4.0143,211200
1694784600,2023-09-15 00:00:00,4.1274,4.1651,4.0379,4.0473,477000
1695043800,2023-09-18 00:00:00,4.0379,4.0944,4.0332,4.0709,161200
1695130200,2023-09-19 00:00:00,3.9364,3.9647,3.9033,3.9505,381800
1695216600,2023-09-20 00:00:00,3.9977,4.0402,3.8656,3.8703,165600
1695303000,2023-09-21 00:00:00,3.6012,3.6248,3.5493,3.5588,629200
1695389400,2023-09-22 00:00:00,3.6720,3.7051,3.5918,3.6107,770000
1695648600,2023-09-25 00:00:00,3.5352,3.5824,3.5257,3.5824,410600
1695735000,2023-09-26 00:00:00,3.3464,3.3511,3.2189,3.2189,1048600
1695821400,2023-09-27 00:00:00,3.3039,3.3086,3.2001,3.2378,509600
1695907800,2023-09-28 00:00:00,3.2095,3.3558,3.1717,3.3275,528400
1695994200,2023-09-29 00:00:00,3.4313,3.4313,3.2473,3.2709,524000
1696253400,2023-10-02 00:00:00,3.2331,3.2425,3.1387,3.1859,596600
1696339800,2023-10-03 00:00:00,3.1057,3.1576,3.0585,3.0915,856800
1696426200,2023-10-04 00:00:00,3.0868,3.0962,3.0160,3.0679,868800
1696512600,2023-10-05 00:00:00,3.0349,3.1151,2.9924,3.1009,563200
1696599000,2023-10-06 00:00:00,3.0537,3.2331,3.0160,3.2048,615600
1696858200,2023-10-09 00:00:00,3.0868,3.1812,3.0113,3.1812,398400
1696944600,2023-10-10 00:00:00,3.1009,3.2237,3.1009,3.1906,805200
1697031000,2023-10-11 00:00:00,3.3605,3.3605,3.2850,3.3511,795200
1697117400,2023-10-12 00:00:00,3.3936,3.3983,3.2284,3.2661,910000
1697203800,2023-10-13 00:00:00,3.2614,3.2803,3.1859,3.2142,447600
1697463000,2023-10-16 00:00:00,3.2095,3.2709,3.1812,3.2567,469200
1697549400,2023-10-17 00:00:00,3.2095,3.3039,3.1953,3.2567,417600
1697635800,2023-10-18 00:00:00,3.2567,3.2661,3.1481,3.1717,519200
1697722200,2023-10-19 00:00:00,3.0868,3.1387,3.0160,3.0349,694200
1697808600,2023-10-20 00:00:00,2.9499,2.9829,2.8980,2.9074,560200
1698067800,2023-10-23 00:00:00,2.8791,2.9924,2.8225,2.9405,737800
1698154200,2023-10-24 00:00:00,3.0396,3.0632,3.0065,3.0490,402600
1698240600,2023-10-25 00:00:00,2.9027,2.9121,2.7989,2.8225,936800
1698327000,2023-10-26 00:00:00,2.6573,2.6809,2.5865,2.6290,1831200
1698413400,2023-10-27 00:00:00,2.6384,2.6431,2.5346,2.5582,617000
1698672600,2023-10-30 00:00:00,2.7186,2.7470,2.6714,2.7375,964600
1698759000,2023-10-31 00:00:00,2.5912,2.6006,2.5393,2.5912,777400
1698845400,2023-11-01 00:00:00,2.6431,2.7800,2.6290,2.7753,826000
1698931800,2023-11-02 00:00:00,2.9971,3.0443,2.9641,3.0443,894800
1699018200,2023-11-03 00:00:00,3.2567,3.3228,3.2378,3.2897,1540200
1699281000,2023-11-06 00:00:00,3.8703,3.8986,3.7523,3.7948,2451600
1699367400,2023-11-07 00:00:00,3.5163,3.6390,3.4549,3.6107,1238600
1699453800,2023-11-08 00:00:00,3.3936,3.4266,3.3133,3.3936,1582400
1699540200,2023-11-09 00:00:00,3.4030,3.4408,3.2614,3.2897,1261000
1699626600,2023-11-10 00:00:00,3.2425,3.3653,3.2095,3.3558,1656000
1699885800,2023-11-13 00:00:00,3.2189,3.2803,3.1765,3.2520,1453200
1699972200,2023-11-14 00:00:00,3.4880,3.6296,3.4880,3.6107,2074200
1700058600,2023-11-15 00:00:00,3.6909,3.7570,3.6532,3.6909,1400800
1700145000,2023-11-16 00:00:00,3.7570,3.8089,3.7145,3.7617,1517800
1700231400,2023-11-17 00:00:00,3.6768,3.6956,3.6390,3.6673,975400
1700490600,2023-11-20 00:00:00,3.7806,3.9128,3.7806,3.8844,1025600
1700577000,2023-11-21 00:00:00,3.8420,3.8703,3.7476,3.7759,1329800
1700663400,2023-11-22 00:00:00,3.7806,3.8184,3.7240,3.7759,889000
1700836200,2023-11-24 00:00:00,3.6248,3.6768,3.6154,3.6626,520600
1701095400,2023-11-27 00:00:00,3.6343,3.7145,3.6296,3.7051,1130200
1701181800,2023-11-28 00:00:00,3.8089,3.9033,3.7995,3.8703,1499600
1701268200,2023-11-29 00:00:00,3.9033,3.9269,3.8184,3.8467,1248400
1701354600,2023-11-30 00:00:00,3.8184,3.8372,3.7334,3.7806,1607800
1701441000,2023-12-01 00:00:00,3.6390,3.8372,3.6107,3.8325,1323200
1701700200,2023-12-04 00:00:00,3.6484,3.6909,3.5588,3.6012,1299000
1701786600,2023-12-05 00:00:00,3.4691,3.5257,3.4361,3.5068,1858000
1701873000,2023-12-06 00:00:00,3.5446,3.5446,3.4361,3.4455,776800
1701959400,2023-12-07 00:00:00,3.4880,3.5588,3.4549,3.5540,711400
1702045800,2023-12-08 00:00:00,3.5871,3.6673,3.5352,3.6060,893000
1702305000,2023-12-11 00:00:00,3.6012,3.7098,3.6012,3.7051,668600
1702391400,2023-12-12 00:00:00,3.6909,3.7617,3.6390,3.7617,667200
1702477800,2023-12-13 00:00:00,3.5729,3.9316,3.5352,3.8892,1244600
1702564200,2023-12-14 00:00:00,3.9552,4.0827,3.9458,4.0449,1378000
1702650600,2023-12-15 00:00:00,3.9505,4.0024,3.8892,3.8939,870200
1702909800,2023-12-18 00:00:00,3.9694,3.9836,3.9175,3.9552,437200
1702996200,2023-12-19 00:00:00,3.9930,4.0874,3.9930,4.0827,665800
1703082600,2023-12-20 00:00:00,4.2007,4.2337,4.0402,4.0638,1273200
1703169000,2023-12-21 00:00:00,4.2132,4.2516,4.1459,4.2468,882800
1703255400,2023-12-22 00:00:00,4.2276,4.2516,4.1700,4.2228,697200
1703601000,2023-12-26 00:00:00,4.2516,4.2949,4.2084,4.2612,676000
1703687400,2023-12-27 00:00:00,4.3669,4.4102,4.3429,4.3765,701200
1703773800,2023-12-28 00:00:00,4.6071,4.6744,4.5975,4.6071,892600
1703860200,2023-12-29 00:00:00,4.4870,4.5831,4.4774,4.5063,504600
1704205800,2024-01-02 00:00:00,4.3669,4.4150,4.3045,4.3429,1461200
1704292200,2024-01-03 00:00:00,4.0258,4.1219,4.0066,4.0691,1209000
1704378600,2024-01-04 00:00:00,3.9346,4.0066,3.9202,3.9442,992000
1704465000,2024-01-05 00:00:00,3.9490,4.0931,3.9298,3.9682,1409200
1704724200,2024-01-08 00:00:00,3.8865,4.0354,3.8721,4.0306,715400
1704810600,2024-01-09 00:00:00,3.8145,3.8289,3.7232,3.7568,1174000
1704897000,2024-01-10 00:00:00,3.6751,3.7184,3.6319,3.6944,909200
1704983400,2024-01-11 00:00:00,3.7184,3.7520,3.5839,3.7040,1188000
1705069800,2024-01-12 00:00:00,3.7184,3.7472,3.6415,3.6655,671800
1705415400,2024-01-16 00:00:00,3.3100,3.3340,3.2284,3.2476,2449200
1705501800,2024-01-17 00:00:00,2.9978,2.9978,2.9257,2.9930,2310400
1705588200,2024-01-18 00:00:00,3.0890,3.1611,3.0746,3.1611,2047400
1705674600,2024-01-19 00:00:00,3.2091,3.2764,3.1611,3.2668,1286200
1705933800,2024-01-22 00:00:00,3.1419,3.1707,3.1227,3.1515,1364400
1706020200,2024-01-23 00:00:00,3.1995,3.2139,3.1515,3.2139,797400
1706106600,2024-01-24 00:00:00,3.2908,3.3292,3.2428,3.2476,1170400
1706193000,2024-01-25 00:00:00,3.2380,3.2428,3.1707,3.2043,974200
1706279400,2024-01-26 00:00:00,3.2956,3.3244,3.2668,3.3004,825600
1706538600,2024-01-29 00:00:00,3.3821,3.4253,3.3389,3.4157,822200
1706625000,2024-01-30 00:00:00,3.3485,3.3821,3.3196,3.3773,597600
1706711400,2024-01-31 00:00:00,3.3340,3.4205,3.2572,3.2908,1135800
1706797800,2024-02-01 00:00:00,3.4926,3.5887,3.4878,3.5791,1330000
1706884200,2024-02-02 00:00:00,3.8193,3.8337,3.7568,3.8145,1858800
1707143400,2024-02-05 00:00:00,3.7232,3.7664,3.6607,3.7088,854000
1707229800,2024-02-06 00:00:00,3.7424,3.7616,3.7136,3.7376,563400
1707316200,2024-02-07 00:00:00,3.9201,3.9586,3.8961,3.9250,1138400
1707402600,2024-02-08 00:00:00,3.9201,3.9490,3.8865,3.9298,722200
1707489000,2024-02-09 00:00:00,3.9442,4.0066,3.8721,3.9874,541600
1707748200,2024-02-12 00:00:00,3.9970,4.2516,3.9970,4.1459,882600
1707834600,2024-02-13 00:00:00,3.8433,3.9153,3.7424,3.8049,1377800
1707921000,2024-02-14 00:00:00,3.9298,4.0162,3.9057,4.0018,501400
1708007400,2024-02-15 00:00:00,3.9394,4.0018,3.9105,3.9922,669400
1708093800,2024-02-16 00:00:00,4.0066,4.1219,4.0066,4.0547,775200
1708439400,2024-02-20 00:00:00,4.1027,4.1363,4.0547,4.0787,528200
1708525800,2024-02-21 00:00:00,4.0643,4.0883,4.0114,4.0787,385400
1708612200,2024-02-22 00:00:00,4.1940,4.2468,4.1748,4.2372,659800
1708698600,2024-02-23 00:00:00,4.1940,4.2564,4.1700,4.2324,475600
1708957800,2024-02-26 00:00:00,4.0643,4.0931,4.0354,4.0547,498800
1709044200,2024-02-27 00:00:00,3.9682,3.9778,3.9298,3.9490,501400
1709130600,2024-02-28 00:00:00,4.0403,4.0835,4.0258,4.0403,525200
1709217000,2024-02-29 00:00:00,4.1267,4.1267,3.9922,4.0258,665600
1709303400,2024-03-01 00:00:00,4.0739,4.2180,4.0354,4.1988,722200
1709562600,2024-03-04 00:00:00,4.2997,4.3333,4.2805,4.3141,600200
1709649000,2024-03-05 00:00:00,4.1700,4.1748,4.0114,4.0643,868200
1709735400,2024-03-06 00:00:00,4.1459,4.2372,4.1411,4.2084,519200
1709821800,2024-03-07 00:00:00,4.2180,4.3477,4.2180,4.3333,708200
1709908200,2024-03-08 00:00:00,4.5111,4.5639,4.4006,4.4102,1259600
1710163800,2024-03-11 00:00:00,4.3910,4.4342,4.3669,4.4102,435400
1710250200,2024-03-12 00:00:00,4.5303,4.6119,4.4774,4.6071,585000
1710336600,2024-03-13 00:00:00,4.5735,4.5975,4.5399,4.5831,473600
1710423000,2024-03-14 00:00:00,4.6696,4.6840,4.5207,4.5783,826000
1710509400,2024-03-15 00:00:00,4.3333,4.3333,4.2468,4.2805,883200
1710768600,2024-03-18 00:00:00,4.3621,4.3765,4.2949,4.3045,807400
1710855000,2024-03-19 00:00:00,4.1146,4.2206,4.0954,4.1966,738800
1710941400,2024-03-20 00:00:00,4.3218,4.5049,4.2881,4.5001,849800
1711027800,2024-03-21 00:00:00,4.7555,4.7699,4.6302,4.6591,1472000
1711114200,2024-03-22 00:00:00,4.5435,4.5772,4.5145,4.5435,771400
1711373400,2024-03-25 00:00:00,4.5435,4.6495,4.5435,4.6446,477400
1711459800,2024-03-26 00:00:00,4.7073,4.7073,4.6013,4.6061,420200
1711546200,2024-03-27 00:00:00,4.5916,4.5916,4.5242,4.5916,359200
1711632600,2024-03-28 00:00:00,4.5531,4.5675,4.5194,4.5386,251600
1711978200,2024-04-01 00:00:00,4.5194,4.5965,4.3845,4.4471,576000
1712064600,2024-04-02 00:00:00,4.4326,4.4615,4.4037,4.4423,808000
1712151000,2024-04-03 00:00:00,4.2688,4.4326,4.2496,4.4134,1017000
1712237400,2024-04-04 00:00:00,4.5531,4.6109,4.3218,4.3363,1472800
1712323800,2024-04-05 00:00:00,4.3026,4.3652,4.2206,4.3218,1444400
1712583000,2024-04-08 00:00:00,4.3026,4.3845,4.3026,4.3459,522400
1712669400,2024-04-09 00:00:00,4.2447,4.2881,4.1532,4.2688,1229400
1712755800,2024-04-10 00:00:00,3.8978,3.9027,3.6617,3.7918,2861200
1712842200,2024-04-11 00:00:00,4.0616,4.1002,3.9749,4.0665,1109200
1712928600,2024-04-12 00:00:00,3.7292,3.7437,3.5750,3.6328,2582000
1713187800,2024-04-15 00:00:00,3.7340,3.7340,3.5413,3.5702,1028800
1713274200,2024-04-16 00:00:00,3.4160,3.4449,3.3438,3.4064,1747000
1713360600,2024-04-17 00:00:00,3.3968,3.3968,3.2763,3.3245,1434200
1713447000,2024-04-18 00:00:00,3.5413,3.5702,3.4449,3.4738,959800
1713533400,2024-04-19 00:00:00,3.4449,3.4690,3.3630,3.3968,1075000
1713792600,2024-04-22 00:00:00,3.5509,3.6473,3.5172,3.6184,875600
1713879000,2024-04-23 00:00:00,3.5943,3.6762,3.5654,3.6714,796800
1713965400,2024-04-24 00:00:00,3.7629,3.7774,3.6569,3.7003,862400
1714051800,2024-04-25 00:00:00,3.4931,3.6762,3.4931,3.6473,722000
1714138200,2024-04-26 00:00:00,3.6907,3.7340,3.6810,3.7196,539400
1714397400,2024-04-29 00:00:00,3.7822,3.8497,3.7677,3.8352,507000
1714483800,2024-04-30 00:00:00,3.7340,3.7774,3.6521,3.6569,583400
1714570200,2024-05-01 00:00:00,3.6521,3.8400,3.6184,3.6617,751000
1714656600,2024-05-02 00:00:00,3.7629,3.9316,3.7147,3.9027,740200
1714743000,2024-05-03 00:00:00,3.9846,4.0520,3.9412,4.0231,675600
1715002200,2024-05-06 00:00:00,4.0713,4.1436,4.0665,4.1387,358600
1715088600,2024-05-07 00:00:00,4.1676,4.1676,4.0954,4.1195,410800
1715175000,2024-05-08 00:00:00,4.0713,4.1580,4.0713,4.1436,300200
1715261400,2024-05-09 00:00:00,3.9749,4.0279,3.9412,4.0038,482000
1715347800,2024-05-10 00:00:00,4.0520,4.0616,3.9412,3.9653,392800
1715607000,2024-05-13 00:00:00,3.9990,4.0135,3.9653,3.9894,242200
1715693400,2024-05-14 00:00:00,3.9942,4.0906,3.9942,4.0857,292200
1715779800,2024-05-15 00:00:00,4.2303,4.3411,4.1821,4.3411,833400
1715866200,2024-05-16 00:00:00,4.2736,4.3122,4.2255,4.2255,379000
1715952600,2024-05-17 00:00:00,4.0231,4.0906,3.9846,4.0472,545000
1716211800,2024-05-20 00:00:00,4.0183,4.0472,3.9846,4.0231,655600
1716298200,2024-05-21 00:00:00,3.9701,3.9701,3.9123,3.9412,478200
1716384600,2024-05-22 00:00:00,3.9026,3.9316,3.8400,3.8882,460000
1716471000,2024-05-23 00:00:00,3.9653,3.9653,3.7244,3.7581,568600
1716557400,2024-05-24 00:00:00,3.7581,3.8111,3.7340,3.7967,341600
1716903000,2024-05-28 00:00:00,3.9701,3.9894,3.8641,3.9075,433400
1716989400,2024-05-29 00:00:00,3.6714,3.6714,3.6184,3.6184,947600
1717075800,2024-05-30 00:00:00,3.5220,3.5557,3.4883,3.5027,989400
1717162200,2024-05-31 00:00:00,3.4787,3.4787,3.3197,3.4497,1651200
1717421400,2024-06-03 00:00:00,3.6087,3.6328,3.5413,3.6184,1207000
1717507800,2024-06-04 00:00:00,3.5702,3.6039,3.5076,3.5750,639200
1717594200,2024-06-05 00:00:00,3.6810,3.7822,3.6473,3.7822,702200
1717680600,2024-06-06 00:00:00,3.8207,3.8737,3.7870,3.8641,826200
1717767000,2024-06-07 00:00:00,3.7533,3.7726,3.6762,3.6858,569000
1718026200,2024-06-10 00:00:00,3.6858,3.7726,3.6617,3.7629,372800
1718112600,2024-06-11 00:00:00,3.6858,3.7003,3.6232,3.6955,379400
1718199000,2024-06-12 00:00:00,3.9990,4.0472,3.9267,3.9556,1685000
1718285400,2024-06-13 00:00:00,3.9412,3.9508,3.7918,3.8689,543000
1718371800,2024-06-14 00:00:00,3.8111,3.8111,3.7244,3.8063,450600
1718631000,2024-06-17 00:00:00,3.8111,3.9412,3.7918,3.9123,470800
1718717400,2024-06-18 00:00:00,3.9027,4.0135,3.9027,3.9942,446400
1718890200,2024-06-20 00:00:00,4.0183,4.0327,3.9026,3.9508,652800
1718976600,2024-06-21 00:00:00,3.9267,3.9412,3.8834,3.8930,291800
1719235800,2024-06-24 00:00:00,3.9171,3.9653,3.8737,3.8737,444800
1719322200,2024-06-25 00:00:00,3.8902,3.8950,3.8467,3.8805,179000
1719408600,2024-06-26 00:00:00,3.8708,3.9578,3.8708,3.9192,285400
1719495000,2024-06-27 00:00:00,4.0158,4.0641,3.9965,4.0110,438800
1719581400,2024-06-28 00:00:00,4.1076,4.1511,4.0303,4.0690,387000
1719840600,2024-07-01 00:00:00,4.1076,4.1415,4.0400,4.0738,252400
1719927000,2024-07-02 00:00:00,3.9627,4.0786,3.9530,4.0738,380400
1720013400,2024-07-03 00:00:00,4.0931,4.2236,4.0931,4.1995,324200
1720186200,2024-07-05 00:00:00,4.5184,4.6344,4.4507,4.5909,2282400
1720445400,2024-07-08 00:00:00,4.4797,4.5281,4.4411,4.4459,455200
1720531800,2024-07-09 00:00:00,4.4556,4.4652,4.4169,4.4314,312000
1720618200,2024-07-10 00:00:00,4.4797,4.5619,4.4749,4.5522,318800
1720704600,2024-07-11 00:00:00,4.6682,4.6924,4.5184,4.5474,913600
1720791000,2024-07-12 00:00:00,4.4894,4.5812,4.4846,4.5281,695600
1721050200,2024-07-15 00:00:00,4.4362,4.4411,4.2961,4.3299,702600
1721136600,2024-07-16 00:00:00,4.3734,4.4411,4.3396,4.4266,492400
1721223000,2024-07-17 00:00:00,4.2526,4.2768,4.1801,4.2043,725200
1721309400,2024-07-18 00:00:00,4.1656,4.1656,3.9530,3.9868,983000
1721395800,2024-07-19 00:00:00,4.0013,4.0013,3.8515,3.8660,662200
1721655000,2024-07-22 00:00:00,3.9530,3.9723,3.8950,3.9578,625600
1721741400,2024-07-23 00:00:00,3.9385,3.9482,3.8998,3.9095,306200
1721827800,2024-07-24 00:00:00,3.9047,3.9047,3.7210,3.7355,653200
1721914200,2024-07-25 00:00:00,3.7017,3.7452,3.6051,3.6485,1144200
1722000600,2024-07-26 00:00:00,3.7887,3.8322,3.7645,3.8080,581600
1722259800,2024-07-29 00:00:00,3.8612,3.8612,3.7742,3.8080,465200
1722346200,2024-07-30 00:00:00,3.8129,3.8129,3.6727,3.7162,493600
1722432600,2024-07-31 00:00:00,4.0448,4.1221,4.0013,4.0641,875000
1722519000,2024-08-01 00:00:00,4.0255,4.0448,3.7742,3.8418,682400
1722605400,2024-08-02 00:00:00,3.5954,3.6099,3.4891,3.5229,1174400
1722864600,2024-08-05 00:00:00,2.7304,3.0348,2.6579,2.9478,5825400
1722951000,2024-08-06 00:00:00,2.8029,2.9430,2.7352,2.8512,3433200
1723037400,2024-08-07 00:00:00,3.1750,3.1846,2.9140,2.9237,2632800
1723123800,2024-08-08 00:00:00,3.0203,3.1653,2.9768,3.1411,1110600
1723210200,2024-08-09 00:00:00,3.1750,3.2716,3.1605,3.2474,951000
1723469400,2024-08-12 00:00:00,3.2619,3.3054,3.2185,3.2619,663400
1723555800,2024-08-13 00:00:00,3.3151,3.4601,3.3054,3.4601,649400
1723642200,2024-08-14 00:00:00,3.4697,3.4891,3.4118,3.4794,839400
1723728600,2024-08-15 00:00:00,3.5326,3.6485,3.5229,3.5857,775600
1723815000,2024-08-16 00:00:00,3.6389,3.7790,3.6389,3.7694,650000
1724074200,2024-08-19 00:00:00,3.7597,3.9143,3.7549,3.8998,869000
1724160600,2024-08-20 00:00:00,3.8853,3.9240,3.8418,3.9192,785600
1724247000,2024-08-21 00:00:00,3.8757,3.9723,3.8515,3.9192,1555200
1724333400,2024-08-22 00:00:00,3.8757,3.8950,3.6824,3.7162,1498200
1724419800,2024-08-23 00:00:00,3.8757,4.0448,3.8515,4.0400,921000
1724679000,2024-08-26 00:00:00,3.9192,3.9385,3.8322,3.8467,641800
1724765400,2024-08-27 00:00:00,3.8032,3.8853,3.7694,3.8612,428800
1724851800,2024-08-28 00:00:00,3.8080,3.8322,3.6920,3.7404,384800
1724938200,2024-08-29 00:00:00,3.7645,3.8273,3.7114,3.7210,583200
1725024600,2024-08-30 00:00:00,3.7549,3.7645,3.6340,3.7162,364200
1725370200,2024-09-03 00:00:00,3.5954,3.5954,3.3296,3.3489,1107200
1725456600,2024-09-04 00:00:00,3.2523,3.4263,3.2378,3.3441,519800
1725543000,2024-09-05 00:00:00,3.3054,3.3538,3.2378,3.2909,746000
1725629400,2024-09-06 00:00:00,3.1895,3.2088,2.8898,2.9188,2110600
1725888600,2024-09-09 00:00:00,3.0735,3.1073,3.0203,3.0735,941200
1725975000,2024-09-10 00:00:00,3.0493,3.0493,2.9285,3.0107,1009000
1726061400,2024-09-11 00:00:00,2.9672,3.0783,2.8222,3.0638,1897400
1726147800,2024-09-12 00:00:00,3.1411,3.2088,3.0735,3.2040,1141800
1726234200,2024-09-13 00:00:00,3.2813,3.3441,3.2813,3.3199,930600
1726493400,2024-09-16 00:00:00,3.3683,3.3683,3.2813,3.3441,436000
1726579800,2024-09-17 00:00:00,3.3828,3.3924,3.2716,3.3054,557200
1726666200,2024-09-18 00:00:00,3.3151,3.4891,3.2474,3.3006,683000
1726752600,2024-09-19 00:00:00,3.3634,3.4311,3.2813,3.4118,1498800
1726839000,2024-09-20 00:00:00,3.2668,3.3199,3.2136,3.2909,991000
1727098200,2024-09-23 00:00:00,3.3248,3.3876,3.3103,3.3634,428800
1727184600,2024-09-24 00:00:00,3.5160,3.5838,3.4772,3.5693,1732400
1727271000,2024-09-25 00:00:00,3.4094,3.4094,3.2980,3.3077,1143000
1727357400,2024-09-26 00:00:00,3.8308,3.8889,3.7339,3.8647,2450000
1727443800,2024-09-27 00:00:00,3.7630,3.8114,3.7194,3.7436,890600
1727703000,2024-09-30 00:00:00,3.4579,3.4627,3.2932,3.3465,2912800
1727789400,2024-10-01 00:00:00,3.4143,3.4240,3.1770,3.2690,2228800
1727875800,2024-10-02 00:00:00,3.2690,3.2980,3.1867,3.2496,1854200
1727962200,2024-10-03 00:00:00,3.1479,3.2012,3.0898,3.1479,1999600
1728048600,2024-10-04 00:00:00,3.1431,3.1479,3.0850,3.1382,3447600
1728307800,2024-10-07 00:00:00,3.2399,3.2593,3.1673,3.1915,2782200
1728394200,2024-10-08 00:00:00,3.2302,3.2448,3.2012,3.2399,965400
1728480600,2024-10-09 00:00:00,3.2593,3.3077,3.1915,3.2641,1423000
1728567000,2024-10-10 00:00:00,3.2157,3.2399,3.1479,3.2351,1165600
1728653400,2024-10-11 00:00:00,3.1770,3.2496,3.1624,3.2496,1034600
1728912600,2024-10-14 00:00:00,3.2109,3.2738,3.1915,3.2690,1053600
1728999000,2024-10-15 00:00:00,3.2399,3.2399,3.0268,3.0462,2462800
1729085400,2024-10-16 00:00:00,3.1479,3.1673,3.1285,3.1528,784600
1729171800,2024-10-17 00:00:00,3.0995,3.1092,3.0607,3.0704,949800
1729258200,2024-10-18 00:00:00,3.0607,3.0607,3.0172,3.0268,901600
1729517400,2024-10-21 00:00:00,2.9929,2.9978,2.9058,2.9542,1565800
1729603800,2024-10-22 00:00:00,2.8622,2.8670,2.8283,2.8525,1818200
1729690200,2024-10-23 00:00:00,2.9203,2.9300,2.8428,2.9058,1760600
1729776600,2024-10-24 00:00:00,2.9251,2.9251,2.8380,2.9009,1674200
1729863000,2024-10-25 00:00:00,2.8961,2.9155,2.8283,2.8816,1265800
1730122200,2024-10-28 00:00:00,2.9639,2.9736,2.9397,2.9590,1404200
1730208600,2024-10-29 00:00:00,2.9251,2.9881,2.9009,2.9494,648800
1730295000,2024-10-30 00:00:00,2.8622,2.9009,2.8234,2.8331,1523600
1730381400,2024-10-31 00:00:00,2.7314,2.7314,2.6394,2.7024,3565400
1730467800,2024-11-01 00:00:00,2.7411,2.7653,2.7024,2.7169,939400
1730730600,2024-11-04 00:00:00,2.8380,2.8816,2.8138,2.8380,1561600
1730817000,2024-11-05 00:00:00,2.8138,2.8864,2.8138,2.8622,799800
1730903400,2024-11-06 00:00:00,2.6200,2.6588,2.5474,2.6200,3394800
1730989800,2024-11-07 00:00:00,2.7411,2.7944,2.7266,2.7847,1276200
1731076200,2024-11-08 00:00:00,2.6636,2.6685,2.5425,2.5813,2793800
1731335400,2024-11-11 00:00:00,2.5425,2.5425,2.4505,2.4747,3166400
1731421800,2024-11-12 00:00:00,2.3246,2.3295,2.2374,2.2810,5179800
1731508200,2024-11-13 00:00:00,2.2374,2.2374,2.1503,2.1648,6614200
1731594600,2024-11-14 00:00:00,2.2132,2.2229,2.1357,2.1454,3610400
1731681000,2024-11-15 00:00:00,2.2374,2.2374,2.1745,2.1987,5232200
1731940200,2024-11-18 00:00:00,2.3246,2.3827,2.3246,2.3827,3205800
1732026600,2024-11-19 00:00:00,2.3101,2.3682,2.3052,2.3488,2068000
1732113000,2024-11-20 00:00:00,2.3440,2.3440,2.2810,2.3295,1601000
1732199400,2024-11-21 00:00:00,2.3973,2.4215,2.3634,2.4069,2323600
1732285800,2024-11-22 00:00:00,2.3634,2.4215,2.3585,2.4166,1223000
1732545000,2024-11-25 00:00:00,2.5232,2.5329,2.4651,2.4941,1726600
1732631400,2024-11-26 00:00:00,2.4893,2.4941,2.4602,2.4699,1081800
1732717800,2024-11-27 00:00:00,2.4360,2.4554,2.3876,2.4069,1575600
1732890600,2024-11-29 00:00:00,2.2278,2.3295,2.2132,2.3246,2040600
1733149800,2024-12-02 00:00:00,2.2471,2.2617,2.2132,2.2374,3095400
1733236200,2024-12-03 00:00:00,1.9759,2.1503,1.7774,2.1164,107838800
1733322600,2024-12-04 00:00:00,2.1357,2.1696,2.0873,2.1600,12533800
1733409000,2024-12-05 00:00:00,2.0922,2.1067,2.0679,2.0922,6938000
1733495400,2024-12-06 00:00:00,2.0583,2.0583,2.0050,2.0244,6757600
1733754600,2024-12-09 00:00:00,1.8984,1.9323,1.8742,1.8888,17313000
1733841000,2024-12-10 00:00:00,1.9856,1.9856,1.9081,1.9130,8457400
1733927400,2024-12-11 00:00:00,2.0776,2.0825,2.0534,2.0776,8373800
1734013800,2024-12-12 00:00:00,2.0970,2.1212,2.0679,2.0728,5757800
1734100200,2024-12-13 00:00:00,2.1261,2.1357,2.0970,2.1261,5855000
1734359400,2024-12-16 00:00:00,2.0776,2.1018,2.0583,2.0825,5591800
1734445800,2024-12-17 00:00:00,1.9856,2.0050,1.9614,1.9905,4508000
1734532200,2024-12-18 00:00:00,2.0728,2.0825,1.8209,1.8355,8722400
1734618600,2024-12-19 00:00:00,1.9227,1.9323,1.8742,1.8839,5159800
1734705000,2024-12-20 00:00:00,1.8209,1.8984,1.8064,1.8645,7183000
1734964200,2024-12-23 00:00:00,1.8818,1.9065,1.8522,1.9065,5013200
1735050600,2024-12-24 00:00:00,1.8719,1.8966,1.8571,1.8966,3306400
1735223400,2024-12-26 00:00:00,1.8077,1.8226,1.7880,1.8176,8092200
1735309800,2024-12-27 00:00:00,1.7534,1.7682,1.7287,1.7682,10053800
1735569000,2024-12-30 00:00:00,1.7336,1.7534,1.6991,1.7336,5102000
1735655400,2024-12-31 00:00:00,1.7435,1.7435,1.6843,1.7040,5056400
1735828200,2025-01-02 00:00:00,1.7534,1.7633,1.6991,1.7287,8882200
1735914600,2025-01-03 00:00:00,1.8571,1.8966,1.8522,1.8966,6563800
1736173800,2025-01-06 00:00:00,2.0646,2.0991,2.0498,2.0646,10356800
1736260200,2025-01-07 00:00:00,2.0794,2.0843,1.9608,1.9806,12348600
1736346600,2025-01-08 00:00:00,2.0498,2.0646,2.0152,2.0498,6966800
1736519400,2025-01-10 00:00:00,2.0004,2.0004,1.9411,1.9559,7472200
1736778600,2025-01-13 00:00:00,1.9115,1.9510,1.9065,1.9510,6219200
1736865000,2025-01-14 00:00:00,2.0152,2.0201,1.9707,2.0004,6466400
1736951400,2025-01-15 00:00:00,2.0744,2.0991,2.0596,2.0843,5906600
1737037800,2025-01-16 00:00:00,2.0991,2.1041,2.0547,2.0596,5440400
1737124200,2025-01-17 00:00:00,2.0695,2.1288,2.0695,2.0893,4519600
1737469800,2025-01-21 00:00:00,2.1387,2.1979,2.1238,2.1831,4769800
1737556200,2025-01-22 00:00:00,2.2523,2.2621,2.2276,2.2374,3649000
1737642600,2025-01-23 00:00:00,2.1634,2.1979,2.1436,2.1881,5508000
1737729000,2025-01-24 00:00:00,2.2177,2.2424,2.1979,2.2078,11007200
1737988200,2025-01-27 00:00:00,2.0695,2.1041,2.0053,2.0498,12160600
1738074600,2025-01-28 00:00:00,2.0448,2.0448,1.9905,2.0251,6653000
1738161000,2025-01-29 00:00:00,2.0448,2.0794,2.0102,2.0251,10250000
1738247400,2025-01-30 00:00:00,2.0794,2.1584,2.0794,2.1238,13274800
1738333800,2025-01-31 00:00:00,2.0646,2.0893,1.9757,1.9806,11206000
1738593000,2025-02-03 00:00:00,1.8423,1.9312,1.8324,1.9115,13744200
1738679400,2025-02-04 00:00:00,1.9707,2.0349,1.9707,2.0102,10852400
1738765800,2025-02-05 00:00:00,2.0498,2.0991,2.0498,2.0893,9241400
1738852200,2025-02-06 00:00:00,2.0893,2.1090,2.0843,2.1041,11854800
1738938600,2025-02-07 00:00:00,2.0745,2.0942,1.9707,1.9806,12992200
1739197800,2025-02-10 00:00:00,2.0621,2.0957,2.0621,2.0932,2690000
1739284200,2025-02-11 00:00:00,2.0562,2.1061,2.0562,2.0932,2902000
1739370600,2025-02-12 00:00:00,2.0162,2.1120,2.0162,2.0922,1994000
1739457000,2025-02-13 00:00:00,2.1174,2.2374,2.1174,2.2281,3538000
1739543400,2025-02-14 00:00:00,2.2572,2.2888,2.2473,2.2651,2448000
1739889000,2025-02-18 00:00:00,2.3254,2.3767,2.3254,2.3560,2990000
1739975400,2025-02-19 00:00:00,2.4350,2.4706,2.4335,2.4533,3640000
1740061800,2025-02-20 00:00:00,2.4518,2.4869,2.4414,2.4755,2860000
1740148200,2025-02-21 00:00:00,2.4740,2.5042,2.3505,2.3634,3008000
1740407400,2025-02-24 00:00:00,2.4148,2.4256,2.3466,2.3515,3006000
1740493800,2025-02-25 00:00:00,2.3743,2.3792,2.3194,2.3594,2178000
1740580200,2025-02-26 00:00:00,2.3994,2.4498,2.3743,2.3960,992000
1740666600,2025-02-27 00:00:00,2.3135,2.3135,2.1594,2.1634,2644000
1740753000,2025-02-28 00:00:00,1.9806,2.0142,1.9406,2.0132,4976000
1741012200,2025-03-03 00:00:00,2.0898,2.1145,1.9445,1.9752,3540000
1741098600,2025-03-04 00:00:00,1.9608,2.0611,1.9149,2.0038,2380000
1741185000,2025-03-05 00:00:00,2.0809,2.1668,2.0774,2.1564,2526000
1741271400,2025-03-06 00:00:00,2.0809,2.1140,2.0305,2.0354,2056000
1741357800,2025-03-07 00:00:00,2.0843,2.1140,2.0290,2.1105,1734000
1741613400,2025-03-10 00:00:00,2.0305,2.0349,1.8892,1.9322,2736000
1741699800,2025-03-11 00:00:00,1.9875,2.0226,1.9411,1.9920,2014000
1741786200,2025-03-12 00:00:00,2.1204,2.1396,2.0878,2.1258,2670000
1741872600,2025-03-13 00:00:00,2.0537,2.0833,2.0339,2.0463,2066000
1741959000,2025-03-14 00:00:00,2.1001,2.1471,2.0972,2.1466,1688000
1742218200,2025-03-17 00:00:00,2.2518,2.3471,2.2518,2.3397,3396000
1742304600,2025-03-18 00:00:00,2.2202,2.2463,2.1955,2.2320,2300000
1742391000,2025-03-19 00:00:00,2.2557,2.2913,2.2043,2.2582,1364000
1742477400,2025-03-20 00:00:00,2.1718,2.2177,2.1550,2.2019,1570000
1742563800,2025-03-21 00:00:00,2.2414,2.2478,2.2019,2.2192,1308000
1742823000,2025-03-24 00:00:00,2.2379,2.2715,2.2369,2.2686,2132000
1742909400,2025-03-25 00:00:00,2.2361,2.2494,2.2257,2.2385,1404000
1742995800,2025-03-26 00:00:00,2.2746,2.2816,2.1931,2.2074,1294000
1743082200,2025-03-27 00:00:00,2.1748,2.1975,2.1545,2.1683,1300000
1743168600,2025-03-28 00:00:00,2.0482,2.0501,1.9572,1.9695,2702000
1743427800,2025-03-31 00:00:00,1.8281,1.8988,1.7999,1.8860,3452000
1743514200,2025-04-01 00:00:00,1.9389,1.9839,1.9142,1.9775,2122000
1743600600,2025-04-02 00:00:00,1.9137,1.9824,1.9102,1.9552,3754000
1743687000,2025-04-03 00:00:00,1.8558,1.8741,1.7856,1.7930,3010000
1743773400,2025-04-04 00:00:00,1.7312,1.7317,1.5794,1.6031,5046000
1744032600,2025-04-07 00:00:00,1.4968,1.7045,1.4736,1.5542,3828000
1744119000,2025-04-08 00:00:00,1.6125,1.6125,1.3430,1.3890,8538000
1744205400,2025-04-09 00:00:00,1.3885,1.7831,1.3697,1.7312,10044000
1744291800,2025-04-10 00:00:00,1.6516,1.6674,1.5205,1.6071,3144000
1744378200,2025-04-11 00:00:00,1.7109,1.8370,1.7109,1.8355,2792000
1744637400,2025-04-14 00:00:00,1.8326,1.8662,1.8064,1.8326,1984000
1744723800,2025-04-15 00:00:00,1.8568,1.8746,1.8390,1.8405,1156000
1744810200,2025-04-16 00:00:00,1.8177,1.8543,1.7653,1.8004,1400000
1744896600,2025-04-17 00:00:00,1.8548,1.8697,1.8291,1.8296,1058000
1745242200,2025-04-21 00:00:00,1.8791,1.8845,1.8064,1.8370,900000
1745328600,2025-04-22 00:00:00,1.8692,1.9117,1.8662,1.8766,996000
1745415000,2025-04-23 00:00:00,1.9849,2.0249,1.9483,1.9542,1786000
1745501400,2025-04-24 00:00:00,1.9137,1.9967,1.9137,1.9943,1462000
1745587800,2025-04-25 00:00:00,1.9409,1.9779,1.9221,1.9760,1592000
1745847000,2025-04-28 00:00:00,1.9344,1.9710,1.9285,1.9641,954000
1745933400,2025-04-29 00:00:00,1.9903,2.0190,1.9878,2.0076,1262000
1746019800,2025-04-30 00:00:00,2.0017,2.0274,1.9641,2.0225,1208000
1746106200,2025-05-01 00:00:00,2.0274,2.0333,1.9527,1.9582,1384000
1746192600,2025-05-02 00:00:00,2.1970,2.2148,2.1594,2.1733,3412000
1746451800,2025-05-05 00:00:00,2.2568,2.2796,2.2316,2.2578,2412000
1746538200,2025-05-06 00:00:00,2.1856,2.2746,2.1762,2.2578,950000
1746624600,2025-05-07 00:00:00,2.2064,2.2104,2.1525,2.1802,824000
1746711000,2025-05-08 00:00:00,2.1812,2.1861,2.1120,2.1134,2816000
1746797400,2025-05-09 00:00:00,2.1421,2.1683,2.1401,2.1654,1150000
1747056600,2025-05-12 00:00:00,2.1955,2.2104,2.1708,2.2044,2816000
1747143000,2025-05-13 00:00:00,2.1515,2.2356,2.1362,2.2064,1442000
1747229400,2025-05-14 00:00:00,2.3211,2.3300,2.2539,2.2682,1934000
1747315800,2025-05-15 00:00:00,2.2865,2.3013,2.2559,2.2880,960000
1747402200,2025-05-16 00:00:00,2.2875,2.2875,2.2554,2.2865,588000
1747661400,2025-05-19 00:00:00,2.2198,2.2964,2.2198,2.2880,1166000
1747747800,2025-05-20 00:00:00,2.2331,2.2455,2.2222,2.2395,572000
1747834200,2025-05-21 00:00:00,2.3646,2.4116,2.3137,2.3187,2942000
1747920600,2025-05-22 00:00:00,2.2291,2.2474,2.2109,2.2262,1150000
1748007000,2025-05-23 00:00:00,2.2534,2.3177,2.2470,2.2969,1354000
1748352600,2025-05-27 00:00:00,2.4032,2.4141,2.3899,2.4136,2018000
1748439000,2025-05-28 00:00:00,2.4927,2.5244,2.4897,2.5001,3188000
1748525400,2025-05-29 00:00:00,2.6500,2.6574,2.5881,2.6317,3540000
1748611800,2025-05-30 00:00:00,2.5115,2.5150,2.4383,2.4774,3274000
1748871000,2025-06-02 00:00:00,2.5649,2.6208,2.5471,2.6208,2836000
1748957400,2025-06-03 00:00:00,2.6420,2.6678,2.6129,2.6475,4680000
1749043800,2025-06-04 00:00:00,2.8532,2.9175,2.8448,2.9007,7372000
1749130200,2025-06-05 00:00:00,3.0930,3.1331,3.0594,3.0925,9070000
1749216600,2025-06-06 00:00:00,3.0772,3.1237,3.0772,3.1148,4736000
1749475800,2025-06-09 00:00:00,3.2161,3.2780,3.2058,3.2547,9532000
1749562200,2025-06-10 00:00:00,3.1830,3.2072,3.1509,3.2043,6610000
1749648600,2025-06-11 00:00:00,3.3254,3.3615,3.2898,3.3230,6956000
1749735000,2025-06-12 00:00:00,3.3942,3.4293,3.3828,3.4278,6158000
1749821400,2025-06-13 00:00:00,3.1924,3.3076,3.1870,3.2275,8788000
1750080600,2025-06-16 00:00:00,3.4797,3.5608,3.4733,3.4896,6402000
1750167000,2025-06-17 00:00:00,3.3798,3.4031,3.2404,3.2478,6130000
1750253400,2025-06-18 00:00:00,3.4080,3.4664,3.3833,3.4223,5138000
1750426200,2025-06-20 00:00:00,3.6839,3.6938,3.4876,3.5203,8228000
1750685400,2025-06-23 00:00:00,3.4510,3.6632,3.4312,3.6518,7832000
1750771800,2025-06-24 00:00:00,4.0375,4.1682,4.0326,4.1662,8494000
1750858200,2025-06-25 00:00:00,4.0464,4.1286,3.9930,4.1232,6740000
1750944600,2025-06-26 00:00:00,4.0068,4.0870,3.9880,4.0449,5370000
1751031000,2025-06-27 00:00:00,3.8717,3.9123,3.7835,3.8380,6320000
1751290200,2025-06-30 00:00:00,3.9761,4.0043,3.9444,4.0034,3580000
1751376600,2025-07-01 00:00:00,4.0058,4.0311,3.9291,3.9756,4692000
1751463000,2025-07-02 00:00:00,3.9053,4.0336,3.8850,4.0336,3628000
1751549400,2025-07-03 00:00:00,4.0860,4.1682,4.0781,4.1440,5238000
1751895000,2025-07-07 00:00:00,3.8449,3.8811,3.6612,3.7108,9992000
1751981400,2025-07-08 00:00:00,4.0009,4.0142,3.9588,4.0103,4320000
1752067800,2025-07-09 00:00:00,4.0034,4.0435,3.9741,4.0138,2562000
1752154200,2025-07-10 00:00:00,4.1662,4.1910,4.1227,4.1885,3510000
1752240600,2025-07-11 00:00:00,4.1152,4.1217,4.0831,4.0850,2444000
1752499800,2025-07-14 00:00:00,4.1702,4.1984,4.1450,4.1915,3308000
1752586200,2025-07-15 00:00:00,4.3009,4.3088,4.1603,4.1702,3130000
1752672600,2025-07-16 00:00:00,4.0984,4.1757,4.0202,4.1677,3174000
1752759000,2025-07-17 00:00:00,4.0657,4.1613,4.0553,4.1578,2696000
1752845400,2025-07-18 00:00:00,4.1296,4.1430,4.0400,4.0454,2110000
1753104600,2025-07-21 00:00:00,4.2306,4.3291,4.2306,4.2880,3970000
1753191000,2025-07-22 00:00:00,4.0618,4.1331,4.0053,4.1252,3240000
1753277400,2025-07-23 00:00:00,4.1940,4.2870,4.1811,4.2771,2650000
1753363800,2025-07-24 00:00:00,4.2370,4.2484,4.1821,4.1870,2408000
1753450200,2025-07-25 00:00:00,4.1563,4.1717,4.1266,4.1707,1208000
1753709400,2025-07-28 00:00:00,4.1459,4.1504,4.0712,4.0806,2822000
1753795800,2025-07-29 00:00:00,4.1771,4.2519,4.1771,4.2054,3080000
1753882200,2025-07-30 00:00:00,4.2940,4.3569,4.1885,4.2460,3242000
1753968600,2025-07-31 00:00:00,4.1464,4.1464,4.0420,4.0860,3716000
1754055000,2025-08-01 00:00:00,3.8162,3.8241,3.6796,3.7221,6044000
1754314200,2025-08-04 00:00:00,3.9781,3.9999,3.9534,3.9915,2348000
1754400600,2025-08-05 00:00:00,4.0479,4.0945,4.0063,4.0751,2510000
1754487000,2025-08-06 00:00:00,4.0459,4.1222,4.0430,4.1207,1604000
1754573400,2025-08-07 00:00:00,4.1989,4.2148,4.1118,4.1643,1650000
1754659800,2025-08-08 00:00:00,4.0994,4.1836,4.0945,4.1662,1194000
1754919000,2025-08-11 00:00:00,4.1192,4.1341,4.0747,4.0875,1148000
1755005400,2025-08-12 00:00:00,4.1256,4.2717,4.1256,4.2648,2002000
1755091800,2025-08-13 00:00:00,4.3643,4.4133,4.3519,4.3702,2234000
1755178200,2025-08-14 00:00:00,4.1890,4.2088,4.1529,4.1885,1284000
1755264600,2025-08-15 00:00:00,4.2172,4.2276,4.1311,4.1360,1080000
1755523800,2025-08-18 00:00:00,4.0326,4.0425,4.0133,4.0355,1062000
1755610200,2025-08-19 00:00:00,3.9345,3.9345,3.8073,3.8162,2588000
1755696600,2025-08-20 00:00:00,3.8014,3.8098,3.7261,3.7989,1794000
1755783000,2025-08-21 00:00:00,3.7682,3.7756,3.7246,3.7736,1000000
1755869400,2025-08-22 00:00:00,3.9811,4.1653,3.9667,4.1351,2634000
1756128600,2025-08-25 00:00:00,4.0667,4.0727,3.9984,4.0034,2310000
1756215000,2025-08-26 00:00:00,3.9435,3.9667,3.9326,3.9444,960000
1756301400,2025-08-27 00:00:00,3.8835,3.9608,3.8603,3.9553,1022000
1756387800,2025-08-28 00:00:00,4.0702,4.1440,4.0702,4.1395,1596000
1756474200,2025-08-29 00:00:00,3.9128,3.9202,3.8618,3.9098,1618000
1756819800,2025-09-02 00:00:00,3.7989,3.8751,3.7637,3.8543,1010000
1756906200,2025-09-03 00:00:00,4.0063,4.0420,3.9761,4.0048,1318000
1756992600,2025-09-04 00:00:00,3.9935,4.0365,3.9558,4.0316,876000
1757079000,2025-09-05 00:00:00,4.1316,4.1662,4.0440,4.1177,1506000
1757338200,2025-09-08 00:00:00,4.1563,4.2098,4.1563,4.2044,1524000
1757424600,2025-09-09 00:00:00,4.3138,4.3643,4.3088,4.3296,1778000
1757511000,2025-09-10 00:00:00,4.5767,4.6683,4.5767,4.6297,2586000
1757597400,2025-09-11 00:00:00,4.7569,4.9594,4.7569,4.8500,2336000
1757683800,2025-09-12 00:00:00,4.9683,5.0114,4.9510,4.9960,1696000
1757943000,2025-09-15 00:00:00,5.0683,5.1099,5.0554,5.0970,1378000
1758029400,2025-09-16 00:00:00,5.3312,5.3956,5.2807,5.3931,1858000
1758115800,2025-09-17 00:00:00,5.2020,5.3807,5.1233,5.2109,2220000
1758202200,2025-09-18 00:00:00,5.3238,5.4079,5.2673,5.3961,1582000
1758288600,2025-09-19 00:00:00,5.2119,5.2515,5.1837,5.2416,1680000
1758547800,2025-09-22 00:00:00,5.4188,5.5461,5.3837,5.5461,1556000
1758634200,2025-09-23 00:00:00,5.5743,5.6124,5.5099,5.5243,1256000
1758720600,2025-09-24 00:00:00,5.3471,5.3574,5.2074,5.2277,1724000
1758807000,2025-09-25 00:00:00,5.1901,5.2475,5.1361,5.2025,1568000
1758893400,2025-09-26 00:00:00,4.9213,5.0020,4.8836,5.0020,1804000
1759152600,2025-09-29 00:00:00,5.2465,5.2966,5.2347,5.2510,1152000
1759239000,2025-09-30 00:00:00,5.1530,5.2297,5.1530,5.2272,640000
1759325400,2025-10-01 00:00:00,5.4208,5.5783,5.4208,5.5693,1624000
1759411800,2025-10-02 00:00:00,5.9248,5.9456,5.7748,5.9110,2214000
1759498200,2025-10-03 00:00:00,5.9852,6.0501,5.9110,5.9773,1082000
1759757400,2025-10-06 00:00:00,6.1511,6.2254,6.1442,6.1699,1644000
1759843800,2025-10-07 00:00:00,6.2065,6.2065,5.8521,5.8659,2150000
1759930200,2025-10-08 00:00:00,5.8154,6.0441,5.8154,6.0278,1580000
1760016600,2025-10-09 00:00:00,6.0902,6.0902,5.7912,5.8709,4030000
1760103000,2025-10-10 00:00:00,6.0456,6.0595,5.2659,5.2990,5742000
1760362200,2025-10-13 00:00:00,5.7926,5.9154,5.7441,5.8511,1716000
1760448600,2025-10-14 00:00:00,5.4649,5.7857,5.4312,5.6614,1386000
1760535000,2025-10-15 00:00:00,6.0932,6.1635,6.0194,6.1570,1974000
1760621400,2025-10-16 00:00:00,6.7408,6.8903,6.6497,6.7487,2680000
1760707800,2025-10-17 00:00:00,6.7952,6.9205,6.7190,6.8883,1900000
1760967000,2025-10-20 00:00:00,7.2136,7.3690,7.2136,7.3467,2016000
1761053400,2025-10-21 00:00:00,7.0824,7.0824,6.8972,6.9041,1956000
1761139800,2025-10-22 00:00:00,7.2235,7.3497,6.9432,7.0943,2528000
1761226200,2025-10-23 00:00:00,6.9833,7.2928,6.9715,7.2309,1448000
1761312600,2025-10-24 00:00:00,7.6205,7.7201,7.5676,7.7077,1854000
1761571800,2025-10-27 00:00:00,8.3686,8.3686,8.1651,8.2790,2888000
1761658200,2025-10-28 00:00:00,8.0255,8.3345,8.0122,8.3132,3624000
1761744600,2025-10-29 00:00:00,8.9984,9.1227,8.7766,8.9568,4652000
1761831000,2025-10-30 00:00:00,8.4894,8.6424,8.4320,8.5127,3082000
1761917400,2025-10-31 00:00:00,8.9746,8.9746,8.7746,8.9538,2476000
1762180200,2025-11-03 00:00:00,9.9460,9.9970,9.6782,9.9921,4180000
1762266600,2025-11-04 00:00:00,8.6667,8.9771,8.4840,8.5117,6008000
1762353000,2025-11-05 00:00:00,8.1340,8.7711,8.1260,8.7221,6678000
1762439400,2025-11-06 00:00:00,8.1008,8.2018,7.6958,7.8914,5146000
1762525800,2025-11-07 00:00:00,7.3086,7.4398,6.9314,7.4398,5886000
1762785000,2025-11-10 00:00:00,8.2057,8.4102,8.1196,8.3726,5118000
1762871400,2025-11-11 00:00:00,8.2696,8.3830,8.1439,8.2691,2060000
1762957800,2025-11-12 00:00:00,8.4498,8.4498,8.3038,8.4399,1482000
1763044200,2025-11-13 00:00:00,8.4865,8.5157,7.8349,7.9389,3760000
1763130600,2025-11-14 00:00:00,7.5166,8.1646,7.4304,7.9706,3196000
1763389800,2025-11-17 00:00:00,7.8646,8.1374,7.6092,7.6740,2998000
1763476200,2025-11-18 00:00:00,7.2883,7.4601,7.1032,7.3106,2868000
1763562600,2025-11-19 00:00:00,7.0101,7.2680,6.8893,7.0740,2830000
1763649000,2025-11-20 00:00:00,7.5007,7.5255,6.5823,6.5902,3748000
1763735400,2025-11-21 00:00:00,6.4783,6.8551,6.2224,6.7403,3190000
1763994600,2025-11-24 00:00:00,6.4729,7.0111,6.4729,6.9868,3268000
1764081000,2025-11-25 00:00:00,6.6467,6.8531,6.4417,6.8521,2254000
1764167400,2025-11-26 00:00:00,7.0655,7.2764,6.9878,7.2586,1744000
1764340200,2025-11-28 00:00:00,7.0170,7.1170,6.9982,7.0962,878000
1764599400,2025-12-01 00:00:00,6.9784,7.0888,6.9606,7.0319,770000
1764685800,2025-12-02 00:00:00,7.4532,7.4997,7.2977,7.3581,1052000
1764772200,2025-12-03 00:00:00,7.4398,7.5859,7.3770,7.5809,902000
1764858600,2025-12-04 00:00:00,7.3997,7.3997,7.2393,7.3146,922000
1764945000,2025-12-05 00:00:00,7.7720,8.0052,7.7503,7.8711,1916000
1765204200,2025-12-08 00:00:00,8.2731,8.2810,8.0211,8.0627,1192000
1765290600,2025-12-09 00:00:00,8.0800,8.1953,8.0438,8.1830,858000
1765377000,2025-12-10 00:00:00,8.0800,8.4954,8.0523,8.4790,1150000
1765463400,2025-12-11 00:00:00,8.0399,8.0637,7.8285,8.0344,1294000
1765549800,2025-12-12 00:00:00,7.9339,7.9409,7.3953,7.4438,1726000
1765809000,2025-12-15 00:00:00,7.7809,7.7993,7.4438,7.4438,982000
1765895400,2025-12-16 00:00:00,7.1269,7.2557,7.0309,7.1443,1410000
1765981800,2025-12-17 00:00:00,7.4126,7.4146,6.8957,6.9269,1612000
1766068200,2025-12-18 00:00:00,7.4309,7.5052,7.2660,7.2660,1714000
1766154600,2025-12-19 00:00:00,7.3121,7.5963,7.3121,7.5656,1146000
1766413800,2025-12-22 00:00:00,7.7047,7.7196,7.6191,7.6819,1146000
1766500200,2025-12-23 00:00:00,7.7392,7.9336,7.6742,7.9286,1152000
1766586600,2025-12-24 00:00:00,8.2475,8.4015,8.2375,8.3940,1610000
1766759400,2025-12-26 00:00:00,8.5809,8.7644,8.5109,8.7214,1976000
1767018600,2025-12-29 00:00:00,9.2437,9.5266,9.2222,9.5056,2522000
1767105000,2025-12-30 00:00:00,9.3647,9.5426,9.3377,9.4636,1404000
1767191400,2025-12-31 00:00:00,9.3972,9.4681,9.0773,9.0778,3046000
1767364200,2026-01-02 00:00:00,10.0970,10.4718,10.0715,10.4249,3526000
1767623400,2026-01-05 00:00:00,11.3256,11.3886,11.0187,11.2416,3214000
1767709800,2026-01-06 00:00:00,11.4820,12.1653,11.4820,12.1613,3496000
1767796200,2026-01-07 00:00:00,12.0754,12.1473,11.8804,11.9454,3076000
1767882600,2026-01-08 00:00:00,12.2073,12.2463,11.6005,11.8149,2264000
1767969000,2026-01-09 00:00:00,12.2688,12.5897,12.1408,12.5242,2068000
1768228200,2026-01-12 00:00:00,12.0809,12.5827,12.0809,12.5827,2276000
1768314600,2026-01-13 00:00:00,12.5622,12.5622,12.0369,12.0669,2566000
1768401000,2026-01-14 00:00:00,12.5467,12.7801,12.4342,12.7581,2310000
1768487400,2026-01-15 00:00:00,13.4624,13.6034,13.2280,13.2685,5636000
1768573800,2026-01-16 00:00:00,13.5024,13.6869,13.1765,13.6869,2722000
1768919400,2026-01-20 00:00:00,13.0121,13.6959,13.0121,13.2090,3474000
1769005800,2026-01-21 00:00:00,14.3007,15.0764,14.2342,14.8690,3756000
1769092200,2026-01-22 00:00:00,14.9325,15.1469,14.5301,15.0240,2524000
1769178600,2026-01-23 00:00:00,14.7331,15.9327,14.6456,15.7657,3534000
1769437800,2026-01-26 00:00:00,15.4638,15.7487,15.4388,15.5448,2752000
1769524200,2026-01-27 00:00:00,17.0359,17.6652,16.9809,17.6192,3570000
1769610600,2026-01-28 00:00:00,18.7443,18.8943,17.9691,18.8943,5406000
1769697000,2026-01-29 00:00:00,18.8863,18.8863,17.1163,18.3814,7242000
1769783400,2026-01-30 00:00:00,18.6509,19.1552,17.3183,17.3897,5846000
1770042600,2026-02-02 00:00:00,15.8727,17.0129,15.7942,16.8404,7428000
1770129000,2026-02-03 00:00:00,18.8728,18.9653,17.4422,18.1470,6074000
1770215400,2026-02-04 00:00:00,19.1827,19.1942,16.0392,16.4780,6998000
1770301800,2026-02-05 00:00:00,15.8402,16.9794,15.5173,16.3841,4704000
1770388200,2026-02-06 00:00:00,16.8779,18.2495,16.8779,18.1565,5196000
1770647400,2026-02-09 00:00:00,17.8991,18.9268,17.6947,18.7718,5394000
1770733800,2026-02-10 00:00:00,18.5154,18.5154,17.7696,18.1005,2274000
1770820200,2026-02-11 00:00:00,19.3257,20.7907,18.9253,20.6648,5370000
1770906600,2026-02-12 00:00:00,21.9949,22.5047,20.2814,20.8777,6848000
1770993000,2026-02-13 00:00:00,21.1936,22.5027,19.6801,22.3677,4328000
1771338600,2026-02-17 00:00:00,21.5415,21.8254,20.2184,20.8527,3968000
1771425000,2026-02-18 00:00:00,21.0646,22.2983,20.7947,21.7834,3436000
1771511400,2026-02-19 00:00:00,22.3752,22.9366,22.0293,22.8731,3616000
1771597800,2026-02-20 00:00:00,24.2207,26.2656,24.0033,26.2191,8418000
1771857000,2026-02-23 00:00:00,25.4923,25.9927,24.6056,24.9035,10606000
1771943400,2026-02-24 00:00:00,27.1713,28.1450,26.6729,27.6322,7806000
1772029800,2026-02-25 00:00:00,30.1409,30.5658,29.6780,30.1404,10096000
1772116200,2026-02-26 00:00:00,32.7756,33.2600,28.6538,30.9756,23926000
1772202600,2026-02-27 00:00:00,29.4866,31.6404,29.4251,31.4905,9012000
1772461800,2026-03-02 00:00:00,27.0093,30.2834,26.7304,29.2407,18380000
1772548200,2026-03-03 00:00:00,18.9198,21.8544,16.1236,20.1469,62818000
1772634600,2026-03-04 00:00:00,18.8143,23.8928,18.4944,21.0302,64844000
1772721000,2026-03-05 00:00:00,18.9033,20.1124,15.6263,17.1473,59144000
1772807400,2026-03-06 00:00:00,15.7482,18.0321,15.2974,17.4127,25150000
1773063000,2026-03-09 00:00:00,16.0402,20.3394,15.4953,20.1444,43294000
1773149400,2026-03-10 00:00:00,19.6026,21.9934,18.6264,18.6804,30520000
1773235800,2026-03-11 00:00:00,19.0732,20.1939,18.6914,19.6961,18822000
1773322200,2026-03-12 00:00:00,17.8406,17.9511,15.6528,15.7148,38282000
1773408600,2026-03-13 00:00:00,17.1988,17.7946,15.6118,15.8112,23190000
1773667800,2026-03-16 00:00:00,18.3390,19.5301,18.3290,19.1322,22894000
1773754200,2026-03-17 00:00:00,19.9095,20.4758,19.1947,19.7765,12726000
1773840600,2026-03-18 00:00:00,19.6076,20.2184,18.7348,18.7878,23740000
1773927000,2026-03-19 00:00:00,17.1368,20.2409,16.6695,19.8815,21942000
1774013400,2026-03-20 00:00:00,18.8448,19.0198,15.8142,16.0442,30010000
1774272600,2026-03-23 00:00:00,18.0985,19.2942,17.3178,18.8798,50914000
1774359000,2026-03-24 00:00:00,16.3000,17.6800,16.1490,16.7820,35870000
1774445400,2026-03-25 00:00:00,17.0765,17.4990,16.1500,16.3800,24224000
1774531800,2026-03-26 00:00:00,15.1730,15.3900,13.3015,13.4965,31150000
1774618200,2026-03-27 00:00:00,14.0405,14.4435,13.3055,13.7015,22292000
1774877400,2026-03-30 00:00:00,13.8500,13.8555,11.6665,12.1580,28548000
1774963800,2026-03-31 00:00:00,11.7655,14.3100,11.6750,14.2060,42690000
1775050200,2026-04-01 00:00:00,15.1130,16.1500,14.7020,15.2980,38556000
1775136600,2026-04-02 00:00:00,12.1395,14.8450,11.9255,14.1105,40378000
1775482200,2026-04-06 00:00:00,15.0595,15.4050,14.5850,15.1030,16812000
1775568600,2026-04-07 00:00:00,15.2765,15.7000,13.9150,15.5545,29168000
1775655000,2026-04-08 00:00:00,20.3390,20.6120,18.8000,20.2505,31468000
1775741400,2026-04-09 00:00:00,18.6535,20.2830,18.0900,19.9740,28034000
1775827800,2026-04-10 00:00:00,19.4630,19.9990,19.1715,19.6985,12364000
1776087000,2026-04-13 00:00:00,18.5070,21.0000,18.5070,20.7010,18076000
1776173400,2026-04-14 00:00:00,21.2555,23.2500,21.1170,23.1840,16116000
1776259800,2026-04-15 00:00:00,22.1155,22.4750,21.4300,22.2940,17592000
1776346200,2026-04-16 00:00:00,23.0910,23.9655,22.5005,23.4500,10770000
1776432600,2026-04-17 00:00:00,25.4085,27.0140,24.7000,25.7925,20116000
1776691800,2026-04-20 00:00:00,24.7500,25.1790,24.0000,24.6975,9792000
1776778200,2026-04-21 00:00:00,25.6415,25.8800,22.9120,23.0870,13236000
1776864600,2026-04-22 00:00:00,25.3490,27.2955,25.1570,27.1370,13908000
1776951000,2026-04-23 00:00:00,25.9335,26.6990,23.1800,24.5230,14154000
1777037400,2026-04-24 00:00:00,25.7345,26.8125,25.3710,26.3220,12784000
1777296600,2026-04-27 00:00:00,27.6500,28.1850,27.0210,27.5500,7982000
1777383000,2026-04-28 00:00:00,25.9395,26.9260,25.2500,26.2905,8286000
1777469400,2026-04-29 00:00:00,27.1585,27.4000,25.5000,26.0805,8004000
1777555800,2026-04-30 00:00:00,28.0000,29.8500,26.8190,29.3880,8958000
1777642200,2026-05-01 00:00:00,29.0000,31.3445,28.8560,30.1340,6384000
1777901400,2026-05-04 00:00:00,31.9250,33.3510,30.3015,31.0885,12950000
1777987800,2026-05-05 00:00:00,33.6995,37.6090,33.6525,36.5935,13746000
1778074200,2026-05-06 00:00:00,41.0355,42.2000,38.8000,41.9500,12830000
1778160600,2026-05-07 00:00:00,41.5125,41.9000,38.1175,38.4225,9930000
1778247000,2026-05-08 00:00:00,42.6955,47.2425,42.6955,47.1090,10384000
1778506200,2026-05-11 00:00:00,47.6900,50.3900,46.9995,49.1545,9480000
1778592600,2026-05-12 00:00:00,40.8000,43.3680,34.5000,38.0645,30022000
1778679000,2026-05-13 00:00:00,43.9205,45.0780,41.5005,44.6925,14008000
1778765400,2026-05-14 00:00:00,44.8055,46.3615,44.1535,45.9940,6026000
1778851800,2026-05-15 00:00:00,37.5000,39.2500,36.0000,37.5670,18552000
1779111000,2026-05-18 00:00:00,39.7500,39.9500,33.8815,35.6910,14204000
1779197400,2026-05-19 00:00:00,30.8960,37.1500,30.3500,34.4925,24420000
1779283800,2026-05-20 00:00:00,34.4995,38.1500,34.2500,38.0350,17818000
1779370200,2026-05-21 00:00:00,39.7455,42.5000,39.0335,41.9500,28472000
1779456600,2026-05-22 00:00:00,41.7060,41.8000,38.7400,39.0175,9270000
1779802200,2026-05-26 00:00:00,46.7500,51.3835,46.7125,50.7490,17812000
1779888600,2026-05-27 00:00:00,51.8505,52.2895,46.3430,48.9395,13258000
1779975000,2026-05-28 00:00:00,48.4665,55.3765,47.5660,55.0065,10534000
1780061400,2026-05-29 00:00:00,54.9120,56.4105,53.4660,54.5000,5506000
1780320600,2026-06-01 00:00:00,58.9605,63.9850,57.1585,63.2450,8680000
1780407000,2026-06-02 00:00:00,58.5750,61.3500,57.0050,61.2405,8752000
1780493400,2026-06-03 00:00:00,60.8245,61.0000,56.2350,59.8360,7712000
1780579800,2026-06-04 00:00:00,48.9410,54.0200,46.1130,52.4850,14980000
1780666200,2026-06-05 00:00:00,41.0005,42.1735,30.5005,30.5005,47138000
1780925400,2026-06-08 00:00:00,36.3145,37.1695,34.3125,35.4720,35184000
1781011800,2026-06-09 00:00:00,39.8920,40.0675,29.4505,34.6010,43118000
1781098200,2026-06-10 00:00:00,33.9580,37.3280,31.3065,31.4675,31974000
1781184600,2026-06-11 00:00:00,35.0125,42.3765,34.4125,42.1005,33628000
1781271000,2026-06-12 00:00:00,39.6425,42.7480,38.1530,41.2440,20812000
1781530200,2026-06-15 00:00:00,47.8750,49.9970,46.8500,49.9625,13938000
1781616600,2026-06-16 00:00:00,48.8700,51.4000,44.9000,45.9520,14454000
1781703000,2026-06-17 00:00:00,48.9465,50.8140,45.2965,45.7200,14614000
1781789400,2026-06-18 00:00:00,51.6980,55.5500,51.2500,54.5370,14298000
1782135000,2026-06-22 00:00:00,54.0000,55.5500,52.8500,54.4310,11594000
1782221400,2026-06-23 00:00:00,35.5265,41.2210,35.0000,35.0005,46322000
1782307800,2026-06-24 00:00:00,38.1355,38.6660,34.2360,37.0640,30888000
1782394200,2026-06-25 00:00:00,43.8220,44.5000,38.1265,41.4545,22476000
1782480600,2026-06-26 00:00:00,35.1500,39.5175,34.9425,36.9275,18446000
1782739800,2026-06-29 00:00:00,35.9010,36.9240,32.0000,36.9240,21584000
1782826200,2026-06-30 00:00:00,36.6525,39.5000,36.4080,39.0675,12458000
1782912600,2026-07-01 00:00:00,32.1790,33.5250,30.0000,30.0005,36214000
1782999000,2026-07-02 00:00:00,29.1430,31.0815,24.2745,27.0715,48652000
1783344600,2026-07-06 00:00:00,31.2815,32.3250,30.7505,31.2325,17674000
1783431000,2026-07-07 00:00:00,26.9695,28.3375,25.1130,27.2415,29074000
1783517400,2026-07-08 00:00:00,24.0620,27.7860,24.0000,27.6675,49478000
1783603800,2026-07-09 00:00:00,28.0915,28.8500,27.2500,28.4955,34666000
1783690200,2026-07-10 00:00:00,26.9320,28.5725,25.9930,27.8500,25092000
1783949400,2026-07-13 00:00:00,21.8945,22.7165,20.5695,20.9595,43306000
1784035800,2026-07-14 00:00:00,22.9585,24.3250,22.1105,24.0670,52938000
1784122200,2026-07-15 00:00:00,23.5800,23.7100,19.5000,21.8700,30652300
1784208600,2026-07-16 00:00:00,19.9800,20.3000,18.0600,18.6500,26129800
1784295000,2026-07-17 00:00:00,16.3500,20.4900,15.4500,18.2600,41101300
1784554200,2026-07-20 00:00:00,19.2100,19.9800,18.3200,18.4100,23105800
1784640600,2026-07-21 00:00:00,20.7700,22.2000,20.4100,21.7300,21649200
1784727000,2026-07-22 00:00:00,19.8700,21.4400,19.8500,20.7600,19792600
1784813400,2026-07-23 00:00:00,21.0200,22.4800,20.3300,22.0100,23109700
1784899800,2026-07-24 00:00:00,19.9100,20.0900,17.7700,17.8500,29177800
1785159000,2026-07-27 00:00:00,18.9700,19.1200,15.8300,17.2100,30813800
1785245400,2026-07-28 00:00:00,14.3100,15.3100,13.2000,14.1500,58076100
1785331800,2026-07-29 00:00:00,13.3700,14.8200,11.6500,12.0800,93790800
1785418200,2026-07-30 00:00:00,14.0400,16.3500,13.9400,16.2800,73107500
1785504600,2026-07-31 00:00:00,17.3300,17.7400,14.8300,14.9900,70820600
1785763800,2026-08-03 00:00:00,14.7700,16.1100,13.4200,15.8700,36954300
1785850200,2026-08-04 00:00:00,17.7100,19.5600,17.6000,19.1200,36860400
1785936600,2026-08-05 00:00:00,18.4800,19.3200,18.2600,18.4400,30672100
1786023000,2026-08-06 00:00:00,16.0400,18.0400,15.5100,16.8100,35365000
1786109400,2026-08-07 00:00:00,18.1500,18.2600,16.0500,17.3600,29245900
1786368600,2026-08-10 00:00:00,16.3700,16.9800,16.1100,16.4100,21725800
1786455000,2026-08-11 00:00:00,17.6100,18.1000,17.2000,17.6400,22584500
1786541400,2026-08-12 00:00:00,20.0500,20.3500,19.6200,20.3200,25245700
1786627800,2026-08-13 00:00:00,20.1800,22.0900,20.0000,21.2700,29069900
1786714200,2026-08-14 00:00:00,22.4500,22.9800,21.1700,21.6000,20152821
