time,datetime_kst,open,high,low,close,volume
1473687000,2016-09-12 00:00:00,1.4408,1.4933,1.4062,1.4904,598260000
1473773400,2016-09-13 00:00:00,1.4867,1.5039,1.4604,1.4688,471768000
1473859800,2016-09-14 00:00:00,1.4722,1.4867,1.4599,1.4818,319048000
1473946200,2016-09-15 00:00:00,1.4842,1.5397,1.4808,1.5380,515212000
1474032600,2016-09-16 00:00:00,1.5434,1.5517,1.5240,1.5416,902444000
1474291800,2016-09-19 00:00:00,1.5578,1.6010,1.5507,1.5620,417128000
1474378200,2016-09-20 00:00:00,1.5799,1.5799,1.5392,1.5478,331112000
1474464600,2016-09-21 00:00:00,1.5524,1.5941,1.5522,1.5912,336212000
1474551000,2016-09-22 00:00:00,1.6005,1.6054,1.5860,1.5951,308732000
1474637400,2016-09-23 00:00:00,1.5971,1.6017,1.5863,1.5934,276132000
1474896600,2016-09-26 00:00:00,1.5753,1.5848,1.5586,1.5784,230040000
1474983000,2016-09-27 00:00:00,1.5723,1.6349,1.5716,1.6324,402752000
1475069400,2016-09-28 00:00:00,1.6349,1.6395,1.6175,1.6383,319788000
1475155800,2016-09-29 00:00:00,1.6356,1.6587,1.6204,1.6535,336684000
1475242200,2016-09-30 00:00:00,1.6626,1.6974,1.6528,1.6810,429932000
1475501400,2016-10-03 00:00:00,1.6810,1.7053,1.6763,1.6793,242596000
1475587800,2016-10-04 00:00:00,1.6817,1.7099,1.6631,1.6756,281624000
1475674200,2016-10-05 00:00:00,1.6898,1.7070,1.6687,1.6739,305440000
1475760600,2016-10-06 00:00:00,1.6538,1.6641,1.6255,1.6520,360212000
1475847000,2016-10-07 00:00:00,1.6631,1.6675,1.6354,1.6400,286260000
1476106200,2016-10-10 00:00:00,1.6486,1.6574,1.6307,1.6462,287876000
1476192600,2016-10-11 00:00:00,1.6408,1.6432,1.6098,1.6224,388540000
1476279000,2016-10-12 00:00:00,1.6157,1.6383,1.6022,1.6297,419920000
1476365400,2016-10-13 00:00:00,1.6106,1.6143,1.5627,1.6032,390116000
1476451800,2016-10-14 00:00:00,1.6228,1.6339,1.6094,1.6189,330636000
1476711000,2016-10-17 00:00:00,1.6187,1.6339,1.6074,1.6096,195328000
1476797400,2016-10-18 00:00:00,1.6319,1.6435,1.6253,1.6341,269372000
1476883800,2016-10-19 00:00:00,1.6231,1.6383,1.6148,1.6307,199060000
1476970200,2016-10-20 00:00:00,1.6498,1.6670,1.6265,1.6616,312084000
1477056600,2016-10-21 00:00:00,1.6557,1.6599,1.6412,1.6569,279508000
1477315800,2016-10-24 00:00:00,1.6682,1.7367,1.6680,1.7347,339836000
1477402200,2016-10-25 00:00:00,1.7318,1.7737,1.7234,1.7632,397460000
1477488600,2016-10-26 00:00:00,1.7485,1.7897,1.7467,1.7703,333792000
1477575000,2016-10-27 00:00:00,1.7838,1.7872,1.7269,1.7340,388664000
1477661400,2016-10-28 00:00:00,1.7423,1.7688,1.7278,1.7310,290856000
1477920600,2016-10-31 00:00:00,1.7367,1.7573,1.7357,1.7458,252388000
1478007000,2016-11-01 00:00:00,1.7521,1.7617,1.6753,1.6940,473224000
1478093400,2016-11-02 00:00:00,1.7070,1.7301,1.6839,1.6869,295848000
1478179800,2016-11-03 00:00:00,1.6947,1.6962,1.6349,1.6673,309664000
1478266200,2016-11-04 00:00:00,1.6562,1.6861,1.6334,1.6577,328780000
1478529000,2016-11-07 00:00:00,1.7063,1.7595,1.7050,1.7485,487580000
1478615400,2016-11-08 00:00:00,1.7551,1.7607,1.7296,1.7458,429884000
1478701800,2016-11-09 00:00:00,1.6984,1.7394,1.6859,1.7163,456532000
1478788200,2016-11-10 00:00:00,1.7539,1.7541,1.6378,1.6626,869280000
1478874600,2016-11-11 00:00:00,1.9506,2.1778,1.9258,2.1582,2175344000
1479133800,2016-11-14 00:00:00,2.1611,2.1636,2.0514,2.0519,1348796000
1479220200,2016-11-15 00:00:00,2.0679,2.1454,2.0590,2.1145,626092000
1479306600,2016-11-16 00:00:00,2.1427,2.2708,2.1184,2.2479,987984000
1479393000,2016-11-17 00:00:00,2.2646,2.3255,2.2239,2.2666,832988000
1479479400,2016-11-18 00:00:00,2.2666,2.3142,2.2521,2.2904,576060000
1479738600,2016-11-21 00:00:00,2.3083,2.3147,2.2668,2.2811,436436000
1479825000,2016-11-22 00:00:00,2.2889,2.2997,2.2663,2.2975,330368000
1479911400,2016-11-23 00:00:00,2.3027,2.3403,2.2793,2.3088,443236000
1480084200,2016-11-25 00:00:00,2.3199,2.3366,2.2950,2.3135,195564000
1480343400,2016-11-28 00:00:00,2.3063,2.3277,2.2997,2.3122,278736000
1480429800,2016-11-29 00:00:00,2.3095,2.3204,2.2734,2.2911,444568000
1480516200,2016-11-30 00:00:00,2.2997,2.3135,2.2629,2.2653,440500000
1480602600,2016-12-01 00:00:00,2.2629,2.2646,2.0828,2.1533,1035524000
1480689000,2016-12-02 00:00:00,2.1191,2.1818,2.0914,2.1732,478292000
1480948200,2016-12-05 00:00:00,2.2110,2.2754,2.1867,2.2575,602284000
1481034600,2016-12-06 00:00:00,2.2656,2.3029,2.2498,2.2946,498796000
1481121000,2016-12-07 00:00:00,2.2810,2.3415,2.2629,2.3358,480804000
1481207400,2016-12-08 00:00:00,2.3388,2.3739,2.2862,2.2968,381544000
1481293800,2016-12-09 00:00:00,2.3145,2.3162,2.2287,2.2560,382312000
1481553000,2016-12-12 00:00:00,2.2076,2.2100,2.1508,2.2012,601332000
1481639400,2016-12-13 00:00:00,2.2135,2.2675,2.2125,2.2400,387796000
1481725800,2016-12-14 00:00:00,2.2737,2.3860,2.2498,2.3697,983980000
1481812200,2016-12-15 00:00:00,2.3808,2.4555,2.3734,2.4253,746548000
1481898600,2016-12-16 00:00:00,2.4528,2.4742,2.4012,2.4670,1089528000
1482157800,2016-12-19 00:00:00,2.4496,2.5172,2.4324,2.4970,744656000
1482244200,2016-12-20 00:00:00,2.5695,2.6076,2.5582,2.5840,848056000
1482330600,2016-12-21 00:00:00,2.5955,2.6031,2.5481,2.6002,576136000
1482417000,2016-12-22 00:00:00,2.6245,2.6749,2.6174,2.6316,718612000
1482503400,2016-12-23 00:00:00,2.6137,2.6987,2.6110,2.6972,647692000
1482849000,2016-12-27 00:00:00,2.7533,2.8835,2.7326,2.8825,1194272000
1482935400,2016-12-28 00:00:00,2.9385,2.9466,2.6705,2.6842,2295764000
1483021800,2016-12-29 00:00:00,2.5773,2.7393,2.5258,2.7378,2175368000
1483108200,2016-12-30 00:00:00,2.7358,2.7498,2.6117,2.6226,1212932000
1483453800,2017-01-03 00:00:00,2.5651,2.6135,2.4417,2.5063,1501996000
1483540200,2017-01-04 00:00:00,2.5405,2.5921,2.4945,2.5648,1199220000
1483626600,2017-01-05 00:00:00,2.5683,2.6000,2.4828,2.4997,984296000
1483713000,2017-01-06 00:00:00,2.5270,2.5614,2.4864,2.5331,822856000
1483972200,2017-01-09 00:00:00,2.5430,2.6535,2.5430,2.6358,916248000
1484058600,2017-01-10 00:00:00,2.6488,2.6828,2.5953,2.6159,880920000
1484145000,2017-01-11 00:00:00,2.6044,2.6093,2.5589,2.5837,525664000
1484231400,2017-01-12 00:00:00,2.5609,2.5724,2.4968,2.5415,625616000
1484317800,2017-01-13 00:00:00,2.5454,2.5798,2.5321,2.5412,457820000
1484663400,2017-01-17 00:00:00,2.5307,2.5356,2.4710,2.4842,580612000
1484749800,2017-01-18 00:00:00,2.4629,2.5363,2.4351,2.5294,654424000
1484836200,2017-01-19 00:00:00,2.5324,2.6157,2.5302,2.5837,644872000
1484922600,2017-01-20 00:00:00,2.6063,2.6240,2.5336,2.5555,492024000
1485181800,2017-01-23 00:00:00,2.5503,2.6019,2.5479,2.5820,369904000
1485268200,2017-01-24 00:00:00,2.5921,2.6432,2.5773,2.6371,428052000
1485354600,2017-01-25 00:00:00,2.6793,2.6855,2.6125,2.6484,522760000
1485441000,2017-01-26 00:00:00,2.6511,2.7014,2.6216,2.6941,458800000
1485527400,2017-01-27 00:00:00,2.7009,2.7491,2.6744,2.7461,471996000
1485786600,2017-01-30 00:00:00,2.7253,2.7275,2.6513,2.7031,496004000
1485873000,2017-01-31 00:00:00,2.6769,2.7039,2.6584,2.6825,362756000
1485959400,2017-02-01 00:00:00,2.7169,2.8039,2.6992,2.7997,590004000
1486045800,2017-02-02 00:00:00,2.7837,2.8437,2.7533,2.8351,483240000
1486132200,2017-02-03 00:00:00,2.8366,2.8476,2.7985,2.8103,372744000
1486391400,2017-02-06 00:00:00,2.8009,2.8827,2.8009,2.8823,506768000
1486477800,2017-02-07 00:00:00,2.9164,2.9710,2.8968,2.9270,746224000
1486564200,2017-02-08 00:00:00,2.9090,2.9314,2.8594,2.9142,449580000
1486650600,2017-02-09 00:00:00,2.9203,2.9253,2.8402,2.8594,842568000
1486737000,2017-02-10 00:00:00,2.9466,2.9655,2.7665,2.7916,1651092000
1486996200,2017-02-13 00:00:00,2.7859,2.8004,2.6584,2.6629,1180724000
1487082600,2017-02-14 00:00:00,2.6533,2.7063,2.6115,2.6727,850632000
1487169000,2017-02-15 00:00:00,2.6756,2.6977,2.6476,2.6781,373020000
1487255400,2017-02-16 00:00:00,2.6877,2.6889,2.5960,2.6351,647176000
1487341800,2017-02-17 00:00:00,2.6216,2.6390,2.5746,2.6346,563740000
1487687400,2017-02-21 00:00:00,2.6592,2.7329,2.6589,2.7289,551952000
1487773800,2017-02-22 00:00:00,2.7410,2.7503,2.7058,2.7248,433772000
1487860200,2017-02-23 00:00:00,2.5954,2.6173,2.4522,2.4721,1592888000
1487946600,2017-02-24 00:00:00,2.3880,2.5093,2.3543,2.4960,1029904000
1488205800,2017-02-27 00:00:00,2.5142,2.5836,2.4984,2.5685,715400000
1488292200,2017-02-28 00:00:00,2.5781,2.5880,2.4792,2.4965,625360000
1488378600,2017-03-01 00:00:00,2.5533,2.5676,2.4874,2.5287,504804000
1488465000,2017-03-02 00:00:00,2.5159,2.5299,2.4328,2.4355,754332000
1488551400,2017-03-03 00:00:00,2.4249,2.4298,2.3671,2.4214,864692000
1488810600,2017-03-06 00:00:00,2.3853,2.4133,2.3412,2.4027,883568000
1488897000,2017-03-07 00:00:00,2.4027,2.4485,2.3899,2.4291,603400000
1488983400,2017-03-08 00:00:00,2.4773,2.4920,2.4224,2.4246,638712000
1489069800,2017-03-09 00:00:00,2.4086,2.4465,2.3961,2.4241,478060000
1489156200,2017-03-10 00:00:00,2.4505,2.4623,2.4202,2.4384,499740000
1489411800,2017-03-13 00:00:00,2.4487,2.5154,2.4480,2.5056,774136000
1489498200,2017-03-14 00:00:00,2.5184,2.5277,2.4716,2.5038,522016000
1489584600,2017-03-15 00:00:00,2.5154,2.5336,2.4679,2.5228,615036000
1489671000,2017-03-16 00:00:00,2.5334,2.5543,2.5193,2.5538,523100000
1489757400,2017-03-17 00:00:00,2.5713,2.6106,2.5538,2.6094,1119688000
1490016600,2017-03-20 00:00:00,2.6269,2.6965,2.6109,2.6925,748568000
1490103000,2017-03-21 00:00:00,2.6753,2.7051,2.5976,2.6054,913484000
1490189400,2017-03-22 00:00:00,2.5944,2.6633,2.5904,2.6586,616764000
1490275800,2017-03-23 00:00:00,2.6507,2.6706,2.6249,2.6345,533940000
1490362200,2017-03-24 00:00:00,2.6807,2.6886,2.6180,2.6438,439500000
1490621400,2017-03-27 00:00:00,2.5973,2.6669,2.5481,2.6630,506644000
1490707800,2017-03-28 00:00:00,2.6642,2.6788,2.6389,2.6492,432444000
1490794200,2017-03-29 00:00:00,2.6566,2.6689,2.6384,2.6406,349992000
1490880600,2017-03-30 00:00:00,2.6478,2.7061,2.6421,2.6913,525532000
1490967000,2017-03-31 00:00:00,2.6817,2.7034,2.6667,2.6797,440808000
1491226200,2017-04-03 00:00:00,2.6802,2.6975,2.6426,2.6662,445232000
1491312600,2017-04-04 00:00:00,2.5437,2.5688,2.4684,2.4792,1271280000
1491399000,2017-04-05 00:00:00,2.4606,2.5184,2.4478,2.4608,747048000
1491485400,2017-04-06 00:00:00,2.4660,2.4908,2.4209,2.4788,635120000
1491571800,2017-04-07 00:00:00,2.4852,2.5026,2.4532,2.4682,429068000
1491831000,2017-04-10 00:00:00,2.4689,2.4756,2.4010,2.4052,756332000
1491917400,2017-04-11 00:00:00,2.3752,2.4330,2.3703,2.4138,618148000
1492003800,2017-04-12 00:00:00,2.4138,2.4281,2.3887,2.3939,414092000
1492090200,2017-04-13 00:00:00,2.3698,2.3914,2.3491,2.3491,506892000
1492435800,2017-04-17 00:00:00,2.3619,2.4414,2.3567,2.4411,497292000
1492522200,2017-04-18 00:00:00,2.4268,2.4487,2.4010,2.4426,370116000
1492608600,2017-04-19 00:00:00,2.4601,2.4842,2.4455,2.4522,380828000
1492695000,2017-04-20 00:00:00,2.4667,2.4957,2.4455,2.4911,404016000
1492781400,2017-04-21 00:00:00,2.4807,2.5041,2.4689,2.5014,341896000
1493040600,2017-04-24 00:00:00,2.5329,2.5457,2.5120,2.5326,371820000
1493127000,2017-04-25 00:00:00,2.5471,2.5912,2.5257,2.5767,388440000
1493213400,2017-04-26 00:00:00,2.5902,2.5927,2.5570,2.5590,327004000
1493299800,2017-04-27 00:00:00,2.5663,2.6072,2.5484,2.5988,319700000
1493386200,2017-04-28 00:00:00,2.5919,2.5988,2.5602,2.5658,348248000
1493645400,2017-05-01 00:00:00,2.5767,2.6286,2.5695,2.6234,307732000
1493731800,2017-05-02 00:00:00,2.5966,2.5978,2.5230,2.5457,629972000
1493818200,2017-05-03 00:00:00,2.5388,2.5742,2.5240,2.5646,336904000
1493904600,2017-05-04 00:00:00,2.5708,2.5818,2.5469,2.5548,209788000
1493991000,2017-05-05 00:00:00,2.5432,2.5622,2.5277,2.5550,228428000
1494250200,2017-05-08 00:00:00,2.5668,2.5683,2.5169,2.5282,365240000
1494336600,2017-05-09 00:00:00,2.5339,2.5813,2.5255,2.5324,847672000
1494423000,2017-05-10 00:00:00,2.8116,2.9968,2.8050,2.9838,2129096000
1494509400,2017-05-11 00:00:00,2.9533,3.2087,2.9499,3.1120,1939792000
1494595800,2017-05-12 00:00:00,3.1152,3.1882,3.0943,3.1462,962620000
1494855000,2017-05-15 00:00:00,3.1873,3.3066,3.1828,3.3041,1087540000
1494941400,2017-05-16 00:00:00,3.3550,3.3811,3.2807,3.3656,1120700000
1495027800,2017-05-17 00:00:00,3.2989,3.3176,3.1378,3.1420,1271368000
1495114200,2017-05-18 00:00:00,3.1858,3.2825,3.1255,3.2736,1156032000
1495200600,2017-05-19 00:00:00,3.3746,3.4039,3.3300,3.3492,1018372000
1495459800,2017-05-22 00:00:00,3.3928,3.4349,3.3820,3.4206,836608000
1495546200,2017-05-23 00:00:00,3.4403,3.4425,3.3421,3.3746,681248000
1495632600,2017-05-24 00:00:00,3.4714,3.4741,3.4004,3.4125,815996000
1495719000,2017-05-25 00:00:00,3.4477,3.4484,3.3600,3.4049,608228000
1495805400,2017-05-26 00:00:00,3.3967,3.5777,3.3765,3.4930,779140000
1496151000,2017-05-30 00:00:00,3.5388,3.6026,3.5228,3.5676,989652000
1496237400,2017-05-31 00:00:00,3.6125,3.6201,3.4982,3.5548,887316000
1496323800,2017-06-01 00:00:00,3.5706,3.5716,3.5098,3.5551,503340000
1496410200,2017-06-02 00:00:00,3.5521,3.5782,3.5314,3.5373,487456000
1496669400,2017-06-05 00:00:00,3.5211,3.6578,3.5095,3.6450,817376000
1496755800,2017-06-06 00:00:00,3.6403,3.6863,3.6152,3.6285,758728000
1496842200,2017-06-07 00:00:00,3.6528,3.6910,3.6373,3.6723,612612000
1496928600,2017-06-08 00:00:00,3.7792,3.9402,3.7381,3.9388,1161744000
1497015000,2017-06-09 00:00:00,4.0570,4.1496,3.5154,3.6841,3692928000
1497274200,2017-06-12 00:00:00,3.5925,3.7358,3.4997,3.6932,1697532000
1497360600,2017-06-13 00:00:00,3.8023,3.8114,3.5868,3.7285,1672504000
1497447000,2017-06-14 00:00:00,3.7314,3.7940,3.6570,3.7363,1184640000
1497533400,2017-06-15 00:00:00,3.6191,3.7826,3.6078,3.7523,963824000
1497619800,2017-06-16 00:00:00,3.7619,3.8097,3.6999,3.7339,924960000
1497879000,2017-06-19 00:00:00,3.7779,3.8794,3.7743,3.8742,778176000
1497965400,2017-06-20 00:00:00,3.9164,3.9831,3.8644,3.8686,1095444000
1498051800,2017-06-21 00:00:00,3.8962,3.9309,3.8343,3.9272,682652000
1498138200,2017-06-22 00:00:00,3.9353,3.9486,3.8762,3.9001,469132000
1498224600,2017-06-23 00:00:00,3.9077,3.9235,3.7733,3.7883,1088588000
1498483800,2017-06-26 00:00:00,3.8210,3.8565,3.6528,3.7469,1063960000
1498570200,2017-06-27 00:00:00,3.7294,3.7381,3.6041,3.6098,999492000
1498656600,2017-06-28 00:00:00,3.6772,3.7417,3.5893,3.7371,994948000
1498743000,2017-06-29 00:00:00,3.7087,3.7117,3.5482,3.6122,1064424000
1498829400,2017-06-30 00:00:00,3.6295,3.6430,3.5339,3.5600,731060000
1499088600,2017-07-03 00:00:00,3.5721,3.5868,3.4127,3.4312,709072000
1499261400,2017-07-05 00:00:00,3.4945,3.5516,3.4755,3.5228,820188000
1499347800,2017-07-06 00:00:00,3.4938,3.5802,3.4418,3.5334,746284000
1499434200,2017-07-07 00:00:00,3.5900,3.6324,3.5671,3.6142,654972000
1499693400,2017-07-10 00:00:00,3.6876,3.7925,3.6615,3.7851,958492000
1499779800,2017-07-11 00:00:00,3.7888,3.8464,3.7469,3.8388,757956000
1499866200,2017-07-12 00:00:00,3.8984,4.0141,3.8555,4.0021,1145208000
1499952600,2017-07-13 00:00:00,4.0141,4.0954,3.9095,3.9558,1369132000
1500039000,2017-07-14 00:00:00,3.9720,4.0636,3.9651,4.0621,941948000
1500298200,2017-07-17 00:00:00,4.0961,4.1249,3.9833,4.0449,930792000
1500384600,2017-07-18 00:00:00,3.9841,4.1015,3.9723,4.0870,776640000
1500471000,2017-07-19 00:00:00,4.0961,4.1225,4.0538,4.0658,687044000
1500557400,2017-07-20 00:00:00,4.0863,4.1252,4.0365,4.1249,699596000
1500643800,2017-07-21 00:00:00,4.1045,4.1693,4.0902,4.1397,648332000
1500903000,2017-07-24 00:00:00,4.1469,4.1565,4.0811,4.0917,652524000
1500989400,2017-07-25 00:00:00,4.0688,4.0863,4.0284,4.0720,496556000
1501075800,2017-07-26 00:00:00,4.1294,4.1848,4.0843,4.1190,640404000
1501162200,2017-07-27 00:00:00,4.1439,4.1555,3.8802,3.9831,782856000
1501248600,2017-07-28 00:00:00,3.9474,4.0727,3.9225,4.0483,513348000
1501507800,2017-07-31 00:00:00,4.0619,4.0978,3.9555,4.0021,559672000
1501594200,2017-08-01 00:00:00,3.9927,4.0525,3.9649,4.0508,431384000
1501680600,2017-08-02 00:00:00,4.0818,4.0858,3.9715,4.0483,478444000
1501767000,2017-08-03 00:00:00,4.0479,4.1035,4.0309,4.0998,442420000
1501853400,2017-08-04 00:00:00,4.1225,4.1882,4.0998,4.1178,589096000
1502112600,2017-08-07 00:00:00,4.1469,4.2449,4.1373,4.2444,717412000
1502199000,2017-08-08 00:00:00,4.2823,4.2988,4.1547,4.1939,755336000
1502285400,2017-08-09 00:00:00,4.1478,4.2409,4.1291,4.2385,530784000
1502371800,2017-08-10 00:00:00,4.2397,4.2520,4.0469,4.0570,1328088000
1502458200,2017-08-11 00:00:00,3.8698,3.9156,3.7656,3.8407,1497196000
1502717400,2017-08-14 00:00:00,3.9321,4.1508,3.9205,4.1471,1279020000
1502803800,2017-08-15 00:00:00,4.1523,4.1784,4.0779,4.1121,764532000
1502890200,2017-08-16 00:00:00,4.1272,4.1505,4.0348,4.0671,596632000
1502976600,2017-08-17 00:00:00,4.0587,4.0757,3.9742,3.9764,525444000
1503063000,2017-08-18 00:00:00,4.0306,4.0476,3.9314,3.9772,601204000
1503322200,2017-08-21 00:00:00,4.0016,4.0129,3.8755,3.9193,623672000
1503408600,2017-08-22 00:00:00,3.9558,4.0125,3.9366,4.0066,450456000
1503495000,2017-08-23 00:00:00,3.9733,4.0978,3.9647,4.0867,579520000
1503581400,2017-08-24 00:00:00,4.1187,4.1231,4.0453,4.0716,469700000
1503667800,2017-08-25 00:00:00,4.0958,4.1059,4.0312,4.0376,357200000
1503927000,2017-08-28 00:00:00,4.0566,4.0694,4.0011,4.0662,389496000
1504013400,2017-08-29 00:00:00,4.0075,4.0812,3.9994,4.0596,324096000
1504099800,2017-08-30 00:00:00,4.0793,4.0948,4.0490,4.0837,384400000
1504186200,2017-08-31 00:00:00,4.1039,4.1803,4.0965,4.1764,612684000
1504272600,2017-09-01 00:00:00,4.1890,4.2370,4.1803,4.2015,445432000
1504618200,2017-09-05 00:00:00,4.1503,4.1552,4.0315,4.0894,695364000
1504704600,2017-09-06 00:00:00,4.1222,4.1360,4.0522,4.0869,397672000
1504791000,2017-09-07 00:00:00,4.1037,4.1382,4.0657,4.1059,352868000
1504877400,2017-09-08 00:00:00,4.0943,4.1091,4.0105,4.0347,498856000
1505136600,2017-09-11 00:00:00,4.0803,4.1761,4.0748,4.1655,567444000
1505223000,2017-09-12 00:00:00,4.1902,4.1902,4.1155,4.1806,411488000
1505309400,2017-09-13 00:00:00,4.1554,4.2281,4.1231,4.1993,580960000
1505395800,2017-09-14 00:00:00,4.1604,4.2533,4.1360,4.1754,513712000
1505482200,2017-09-15 00:00:00,4.2607,4.4394,4.2555,4.4394,1364792000
1505741400,2017-09-18 00:00:00,4.5634,4.7127,4.5565,4.6228,1684460000
1505827800,2017-09-19 00:00:00,4.5725,4.6795,4.5505,4.6178,874280000
1505914200,2017-09-20 00:00:00,4.6215,4.6689,4.5404,4.5806,724920000
1506000600,2017-09-21 00:00:00,4.4771,4.5032,4.3778,4.4554,1075600000
1506087000,2017-09-22 00:00:00,4.4441,4.4936,4.4022,4.4120,491232000
1506346200,2017-09-25 00:00:00,4.3812,4.3824,4.1941,4.2148,874580000
1506432600,2017-09-26 00:00:00,4.3492,4.4041,4.1988,4.2385,1125620000
1506519000,2017-09-27 00:00:00,4.3287,4.3447,4.2580,4.3314,713720000
1506605400,2017-09-28 00:00:00,4.3386,4.3425,4.2829,4.3302,435244000
1506691800,2017-09-29 00:00:00,4.4140,4.4300,4.3689,4.4064,619092000
1506951000,2017-10-02 00:00:00,4.4564,4.4855,4.3627,4.4120,503480000
1507037400,2017-10-03 00:00:00,4.4182,4.4510,4.3770,4.4211,390332000
1507123800,2017-10-04 00:00:00,4.4273,4.4803,4.3908,4.4581,427848000
1507210200,2017-10-05 00:00:00,4.4825,4.4860,4.4258,4.4557,437364000
1507296600,2017-10-06 00:00:00,4.4280,4.4820,4.4120,4.4687,318800000
1507555800,2017-10-09 00:00:00,4.5054,4.6026,4.4867,4.5695,563492000
1507642200,2017-10-10 00:00:00,4.7184,4.7559,4.6156,4.6568,974876000
1507728600,2017-10-11 00:00:00,4.6733,4.7078,4.6274,4.7063,529508000
1507815000,2017-10-12 00:00:00,4.7098,4.7593,4.6814,4.7085,528292000
1507901400,2017-10-13 00:00:00,4.7707,4.8064,4.7238,4.7963,628728000
1508160600,2017-10-16 00:00:00,4.8261,4.8816,4.7630,4.8786,576640000
1508247000,2017-10-17 00:00:00,4.8579,4.9025,4.8397,4.8742,478596000
1508333400,2017-10-18 00:00:00,4.8830,4.8838,4.7650,4.8700,567316000
1508419800,2017-10-19 00:00:00,4.7926,4.8803,4.7435,4.8754,570772000
1508506200,2017-10-20 00:00:00,4.8924,4.9195,4.8444,4.8532,451620000
1508765400,2017-10-23 00:00:00,4.8749,4.9013,4.8261,4.8463,428696000
1508851800,2017-10-24 00:00:00,4.8554,4.8988,4.8296,4.8971,407244000
1508938200,2017-10-25 00:00:00,4.8577,4.9104,4.7120,4.7734,828160000
1509024600,2017-10-26 00:00:00,4.8010,4.8350,4.7771,4.8234,322744000
1509111000,2017-10-27 00:00:00,4.8754,4.9757,4.8495,4.9755,572192000
1509370200,2017-10-30 00:00:00,4.9755,5.0797,4.9597,5.0243,504056000
1509456600,2017-10-31 00:00:00,5.0561,5.1241,5.0504,5.0975,411908000
1509543000,2017-11-01 00:00:00,5.1601,5.1754,5.0430,5.1071,502576000
1509629400,2017-11-02 00:00:00,5.0775,5.1221,5.0196,5.0760,342308000
1509715800,2017-11-03 00:00:00,5.1071,5.1438,5.0613,5.1438,353640000
1509978600,2017-11-06 00:00:00,5.1071,5.1756,5.0948,5.1670,389944000
1510065000,2017-11-07 00:00:00,5.1897,5.2476,5.1776,5.2262,427700000
1510151400,2017-11-08 00:00:00,5.2217,5.2254,5.1081,5.1554,522988000
1510237800,2017-11-09 00:00:00,5.0595,5.0857,4.9388,5.0608,978564000
1510324200,2017-11-10 00:00:00,5.2520,5.3898,5.2163,5.3275,1253256000
1510583400,2017-11-13 00:00:00,5.3275,5.3528,5.2257,5.2409,582376000
1510669800,2017-11-14 00:00:00,5.2501,5.2944,5.2064,5.2791,529292000
1510756200,2017-11-15 00:00:00,5.2242,5.2254,5.1219,5.1756,501948000
1510842600,2017-11-16 00:00:00,5.2496,5.2796,5.2069,5.2158,441768000
1510929000,2017-11-17 00:00:00,5.2727,5.3080,5.1946,5.2096,515664000
1511188200,2017-11-20 00:00:00,5.2252,5.2888,5.1884,5.2767,396100000
1511274600,2017-11-21 00:00:00,5.3164,5.3368,5.2846,5.3252,399176000
1511361000,2017-11-22 00:00:00,5.3524,5.3524,5.2688,5.3013,356640000
1511533800,2017-11-24 00:00:00,5.3176,5.3524,5.2932,5.3514,180752000
1511793000,2017-11-27 00:00:00,5.3600,5.3612,5.2786,5.2818,422896000
1511879400,2017-11-28 00:00:00,5.2870,5.2964,5.1363,5.1972,512752000
1511965800,2017-11-29 00:00:00,5.1800,5.1827,4.7167,4.8448,1396788000
1512052200,2017-11-30 00:00:00,4.9133,4.9992,4.8504,4.9506,823768000
1512138600,2017-12-01 00:00:00,4.9160,4.9363,4.7473,4.8758,811548000
1512397800,2017-12-04 00:00:00,4.9343,4.9405,4.5507,4.6040,1240844000
1512484200,2017-12-05 00:00:00,4.4989,4.7530,4.4541,4.6307,981488000
1512570600,2017-12-06 00:00:00,4.5803,4.6899,4.5591,4.6682,467032000
1512657000,2017-12-07 00:00:00,4.7348,4.7752,4.6894,4.7355,542600000
1512743400,2017-12-08 00:00:00,4.7853,4.8043,4.7148,4.7232,466876000
1513002600,2017-12-11 00:00:00,4.7372,4.8043,4.7214,4.8013,372748000
1513089000,2017-12-12 00:00:00,4.7579,4.7811,4.6837,4.7071,455016000
1513175400,2017-12-13 00:00:00,4.7481,4.7493,4.5848,4.5922,554280000
1513261800,2017-12-14 00:00:00,4.5858,4.6701,4.5532,4.5993,438164000
1513348200,2017-12-15 00:00:00,4.6432,4.7451,4.5784,4.7249,670036000
1513607400,2017-12-18 00:00:00,4.7653,4.8842,4.7357,4.8813,477704000
1513693800,2017-12-19 00:00:00,4.8719,4.8771,4.8087,4.8371,373100000
1513780200,2017-12-20 00:00:00,4.8763,4.8855,4.7986,4.8541,288820000
1513866600,2017-12-21 00:00:00,4.8576,4.8825,4.8233,4.8317,300904000
1513953000,2017-12-22 00:00:00,4.7949,4.8258,4.7172,4.8164,466276000
1514298600,2017-12-26 00:00:00,4.7611,4.8776,4.7313,4.8699,355080000
1514385000,2017-12-27 00:00:00,4.8566,4.9323,4.8420,4.8633,329488000
1514471400,2017-12-28 00:00:00,4.8869,4.9178,4.8628,4.8689,240248000
1514557800,2017-12-29 00:00:00,4.8951,4.8951,4.7727,4.7727,279964000
1514903400,2018-01-02 00:00:00,4.8290,4.9207,4.7974,4.9170,355616000
1514989800,2018-01-03 00:00:00,5.0342,5.2710,5.0256,5.2406,914704000
1515076200,2018-01-04 00:00:00,5.3218,5.3783,5.2461,5.2683,583268000
1515162600,2018-01-05 00:00:00,5.2831,5.3501,5.2064,5.3129,580124000
1515421800,2018-01-08 00:00:00,5.4362,5.5497,5.3913,5.4757,881216000
1515508200,2018-01-09 00:00:00,5.4811,5.5206,5.3928,5.4742,497000000
1515594600,2018-01-10 00:00:00,5.3820,5.5206,5.3277,5.5171,582664000
1515681000,2018-01-11 00:00:00,5.5497,5.5810,5.5055,5.5270,406032000
1515767400,2018-01-12 00:00:00,5.5152,5.5494,5.4594,5.4999,359916000
1516113000,2018-01-16 00:00:00,5.5263,5.6116,5.3447,5.4291,702348000
1516199400,2018-01-17 00:00:00,5.4436,5.5527,5.3499,5.5428,538408000
1516285800,2018-01-18 00:00:00,5.5235,5.5901,5.4925,5.5359,408632000
1516372200,2018-01-19 00:00:00,5.6259,5.6999,5.5990,5.6757,609380000
1516631400,2018-01-22 00:00:00,5.6836,5.7658,5.6262,5.7640,550944000
1516717800,2018-01-23 00:00:00,5.8173,5.9155,5.7988,5.8928,475228000
1516804200,2018-01-24 00:00:00,5.8960,5.9318,5.7606,5.8161,579972000
1516890600,2018-01-25 00:00:00,5.8703,5.9135,5.8148,5.8296,409884000
1516977000,2018-01-26 00:00:00,5.8733,6.0021,5.8605,6.0018,516356000
1517236200,2018-01-29 00:00:00,5.9873,6.1197,5.9347,6.0886,455116000
1517322600,2018-01-30 00:00:00,5.9471,6.0780,5.8805,5.9868,570832000
1517409000,2018-01-31 00:00:00,6.0620,6.1483,6.0294,6.0627,478576000
1517495400,2018-02-01 00:00:00,5.8832,6.0899,5.8718,5.9320,519224000
1517581800,2018-02-02 00:00:00,5.8457,5.8696,5.7019,5.7598,718464000
1517841000,2018-02-05 00:00:00,5.5990,5.7527,5.0564,5.2710,1165204000
1517927400,2018-02-06 00:00:00,5.0416,5.5670,5.0317,5.5640,1114800000
1518013800,2018-02-07 00:00:00,5.6627,5.7956,5.5916,5.6434,802932000
1518100200,2018-02-08 00:00:00,5.7687,5.8018,5.3649,5.3652,1144000000
1518186600,2018-02-09 00:00:00,5.8765,5.8923,5.3652,5.7243,1674604000
1518445800,2018-02-12 00:00:00,5.8052,5.8082,5.5504,5.6244,1093172000
1518532200,2018-02-13 00:00:00,5.5882,5.7840,5.5559,5.7379,625524000
1518618600,2018-02-14 00:00:00,5.6977,5.9836,5.6866,5.9547,744988000
1518705000,2018-02-15 00:00:00,6.0378,6.1261,5.9572,6.0800,698900000
1518791400,2018-02-16 00:00:00,6.0529,6.1663,6.0053,6.0144,637656000
1519137000,2018-02-20 00:00:00,6.0368,6.2124,6.0331,6.1436,686240000
1519223400,2018-02-21 00:00:00,6.2080,6.2149,5.9532,5.9569,892292000
1519309800,2018-02-22 00:00:00,5.9907,6.0623,5.9110,5.9764,534364000
1519396200,2018-02-23 00:00:00,6.0361,6.0697,5.9855,6.0697,415300000
1519655400,2018-02-26 00:00:00,6.1159,6.1203,6.0236,6.0857,469312000
1519741800,2018-02-27 00:00:00,6.0591,6.1433,6.0500,6.0729,455436000
1519828200,2018-02-28 00:00:00,6.0838,6.1233,5.9611,5.9727,523116000
1519914600,2018-03-01 00:00:00,5.9705,6.0243,5.6301,5.7311,1040120000
1520001000,2018-03-02 00:00:00,5.6237,5.8444,5.4754,5.8380,913428000
1520260200,2018-03-05 00:00:00,5.7879,5.8555,5.6647,5.8160,620776000
1520346600,2018-03-06 00:00:00,5.9011,5.9959,5.8582,5.9767,636808000
1520433000,2018-03-07 00:00:00,5.8740,6.0208,5.8728,5.9688,581208000
1520519400,2018-03-08 00:00:00,5.9962,5.9962,5.9083,5.9525,411912000
1520605800,2018-03-09 00:00:00,5.9999,6.0677,5.9838,6.0549,505524000
1520861400,2018-03-12 00:00:00,6.0961,6.2442,6.0880,6.1642,605060000
1520947800,2018-03-13 00:00:00,6.2069,6.2812,6.0724,6.1136,619772000
1521034200,2018-03-14 00:00:00,6.1566,6.1837,6.0769,6.1391,505496000
1521120600,2018-03-15 00:00:00,6.1526,6.2348,6.1119,6.1539,401952000
1521207000,2018-03-16 00:00:00,6.1702,6.2010,6.1326,6.1820,399456000
1521466200,2018-03-19 00:00:00,6.1252,6.1541,5.8493,5.9480,713772000
1521552600,2018-03-20 00:00:00,5.9510,6.1985,5.9510,6.1598,554696000
1521639000,2018-03-21 00:00:00,6.1534,6.2195,6.1043,6.1346,438688000
1521725400,2018-03-22 00:00:00,6.0714,6.1178,5.9317,5.9690,551196000
1521811800,2018-03-23 00:00:00,5.9826,5.9851,5.7387,5.7498,735620000
1522071000,2018-03-26 00:00:00,5.8740,6.0352,5.8222,6.0339,611424000
1522157400,2018-03-27 00:00:00,6.1146,6.1702,5.4260,5.5660,1409000000
1522243800,2018-03-28 00:00:00,5.5317,5.6615,5.3557,5.4631,945904000
1522330200,2018-03-29 00:00:00,5.5312,5.8123,5.4470,5.7158,916628000
1522675800,2018-04-02 00:00:00,5.6454,5.7913,5.3680,5.4557,922092000
1522762200,2018-04-03 00:00:00,5.6222,5.6852,5.4631,5.5618,667432000
1522848600,2018-04-04 00:00:00,5.3066,5.5941,5.2817,5.5837,789168000
1522935000,2018-04-05 00:00:00,5.6420,5.6551,5.3925,5.4638,701240000
1523021400,2018-04-06 00:00:00,5.3614,5.4692,5.2587,5.2878,662988000
1523280600,2018-04-09 00:00:00,5.3508,5.4784,5.2965,5.3165,499524000
1523367000,2018-04-10 00:00:00,5.5462,5.6519,5.4892,5.6250,761676000
1523453400,2018-04-11 00:00:00,5.6102,5.6514,5.5512,5.5837,460244000
1523539800,2018-04-12 00:00:00,5.6765,5.8078,5.6324,5.7901,593920000
1523626200,2018-04-13 00:00:00,5.8535,5.8619,5.6654,5.7136,503036000
1523885400,2018-04-16 00:00:00,5.7202,5.7466,5.6193,5.7133,350792000
1523971800,2018-04-17 00:00:00,5.7654,5.8839,5.7099,5.8626,447224000
1524058200,2018-04-18 00:00:00,5.8123,5.9048,5.7449,5.8338,391364000
1524144600,2018-04-19 00:00:00,5.7197,5.7531,5.5976,5.6529,471996000
1524231000,2018-04-20 00:00:00,5.6442,5.7284,5.6136,5.6447,386200000
1524490200,2018-04-23 00:00:00,5.6625,5.7136,5.4996,5.5255,427508000
1524576600,2018-04-24 00:00:00,5.5512,5.6469,5.3942,5.4594,414596000
1524663000,2018-04-25 00:00:00,5.4297,5.4687,5.1903,5.3473,588492000
1524749400,2018-04-26 00:00:00,5.5087,5.5667,5.4428,5.5586,375824000
1524835800,2018-04-27 00:00:00,5.6642,5.6839,5.5438,5.5860,400848000
1525095000,2018-04-30 00:00:00,5.6023,5.6519,5.5314,5.5507,327844000
1525181400,2018-05-01 00:00:00,5.5425,5.6087,5.4840,5.6060,253788000
1525267800,2018-05-02 00:00:00,5.6025,5.6469,5.5593,5.5855,268248000
1525354200,2018-05-03 00:00:00,5.6173,5.7765,5.5721,5.7503,443144000
1525440600,2018-05-04 00:00:00,5.7217,5.9034,5.7044,5.9002,400660000
1525699800,2018-05-07 00:00:00,6.0045,6.1946,5.9947,6.1376,687616000
1525786200,2018-05-08 00:00:00,6.1378,6.1827,6.0890,6.1800,506616000
1525872600,2018-05-09 00:00:00,6.2000,6.3150,6.1729,6.3128,596760000
1525959000,2018-05-10 00:00:00,6.3656,6.4293,6.3479,6.4202,994080000
1526045400,2018-05-11 00:00:00,6.2388,6.4118,6.1835,6.2820,1214456000
1526304600,2018-05-14 00:00:00,6.3200,6.3797,6.2788,6.3024,523140000
1526391000,2018-05-15 00:00:00,6.2390,6.2417,5.9604,6.0606,963528000
1526477400,2018-05-16 00:00:00,6.0221,6.1336,5.9853,6.0717,553828000
1526563800,2018-05-17 00:00:00,6.0734,6.2072,6.0574,6.1136,519784000
1526650200,2018-05-18 00:00:00,6.1655,6.2286,6.0650,6.0700,483716000
1526909400,2018-05-21 00:00:00,6.1672,6.1709,5.9354,6.0280,640624000
1526995800,2018-05-22 00:00:00,6.0413,6.0665,5.9295,5.9900,518264000
1527082200,2018-05-23 00:00:00,5.9339,6.1145,5.9332,6.1132,442956000
1527168600,2018-05-24 00:00:00,6.1095,6.1592,6.0564,6.1169,437372000
1527255000,2018-05-25 00:00:00,6.1295,6.1725,6.0940,6.1562,292112000
1527600600,2018-05-29 00:00:00,6.1382,6.2071,6.0925,6.1392,352684000
1527687000,2018-05-30 00:00:00,6.1727,6.2565,6.1480,6.2478,390996000
1527773400,2018-05-31 00:00:00,6.2160,6.3024,6.2053,6.2281,493868000
1527859800,2018-06-01 00:00:00,6.2728,6.3683,6.2641,6.3622,421968000
1528119000,2018-06-04 00:00:00,6.3962,6.5627,6.3641,6.5407,642024000
1528205400,2018-06-05 00:00:00,6.5439,6.5837,6.4992,6.5461,391712000
1528291800,2018-06-06 00:00:00,6.4562,6.5513,6.4399,6.5481,371356000
1528378200,2018-06-07 00:00:00,6.5444,6.5563,6.4024,6.4925,369448000
1528464600,2018-06-08 00:00:00,6.4199,6.5197,6.4012,6.4772,360456000
1528723800,2018-06-11 00:00:00,6.4646,6.5061,6.4234,6.4362,265372000
1528810200,2018-06-12 00:00:00,6.4627,6.4967,6.4125,6.4846,319160000
1528896600,2018-06-13 00:00:00,6.4861,6.5610,6.4711,6.4802,338208000
1528983000,2018-06-14 00:00:00,6.5251,6.6481,6.5103,6.5916,430016000
1529069400,2018-06-15 00:00:00,6.5345,6.6057,6.5037,6.5508,432260000
1529328600,2018-06-18 00:00:00,6.5069,6.5642,6.4797,6.5466,356268000
1529415000,2018-06-19 00:00:00,6.4437,6.5108,6.2979,6.4251,594932000
1529501400,2018-06-20 00:00:00,6.4661,6.5308,6.4278,6.4780,369780000
1529587800,2018-06-21 00:00:00,6.5098,6.5281,6.3419,6.3496,359516000
1529674200,2018-06-22 00:00:00,6.3703,6.3836,6.1821,6.1974,434160000
1529933400,2018-06-25 00:00:00,6.0912,6.0949,5.8169,5.9053,665816000
1530019800,2018-06-26 00:00:00,6.0184,6.0665,5.9248,5.9762,478884000
1530106200,2018-06-27 00:00:00,6.0196,6.0858,5.8159,5.8213,453892000
1530192600,2018-06-28 00:00:00,5.8114,5.9601,5.8038,5.9483,338012000
1530279000,2018-06-29 00:00:00,6.0132,6.0258,5.8492,5.8505,392300000
1530538200,2018-07-02 00:00:00,5.7811,5.9860,5.7606,5.9823,357572000
1530624600,2018-07-03 00:00:00,6.0169,6.0228,5.8406,5.8490,222732000
1530797400,2018-07-05 00:00:00,5.9040,5.9994,5.8653,5.9944,306216000
1530883800,2018-07-06 00:00:00,5.9700,6.1164,5.9487,6.1080,296352000
1531143000,2018-07-09 00:00:00,6.1821,6.1918,6.0769,6.1555,303880000
1531229400,2018-07-10 00:00:00,6.1678,6.2762,6.1275,6.2542,360016000
1531315800,2018-07-11 00:00:00,6.1616,6.1962,6.1024,6.1130,367508000
1531402200,2018-07-12 00:00:00,6.1582,6.2523,6.1483,6.2043,345508000
1531488600,2018-07-13 00:00:00,6.2229,6.2229,6.1152,6.1572,246988000
1531747800,2018-07-16 00:00:00,6.1295,6.1824,6.1172,6.1295,197036000
1531834200,2018-07-17 00:00:00,6.0804,6.2802,6.0549,6.2651,362136000
1531920600,2018-07-18 00:00:00,6.2577,6.2715,6.1651,6.2160,277640000
1532007000,2018-07-19 00:00:00,6.1972,6.2577,6.1821,6.2241,235752000
1532093400,2018-07-20 00:00:00,6.2216,6.2604,6.1851,6.1960,222352000
1532352600,2018-07-23 00:00:00,6.1695,6.1713,6.0080,6.1594,301584000
1532439000,2018-07-24 00:00:00,6.2073,6.2937,6.1246,6.1421,354620000
1532525400,2018-07-25 00:00:00,6.1515,6.2327,6.0937,6.2202,319112000
1532611800,2018-07-26 00:00:00,6.2001,6.3303,6.1834,6.2935,325124000
1532698200,2018-07-27 00:00:00,6.3301,6.3370,6.1700,6.2239,295420000
1532957400,2018-07-30 00:00:00,6.2379,6.2439,5.9942,6.0290,340340000
1533043800,2018-07-31 00:00:00,6.0186,6.1216,5.9799,6.0470,283988000
1533130200,2018-08-01 00:00:00,6.0784,6.1335,6.0231,6.0868,283556000
1533216600,2018-08-02 00:00:00,6.0157,6.1932,5.9569,6.1893,269668000
1533303000,2018-08-03 00:00:00,6.2137,6.2495,6.1969,6.2258,214288000
1533562200,2018-08-06 00:00:00,6.2132,6.2770,6.1668,6.2735,207508000
1533648600,2018-08-07 00:00:00,6.3221,6.3641,6.2955,6.3456,258132000
1533735000,2018-08-08 00:00:00,6.3468,6.4269,6.3120,6.3819,262100000
1533821400,2018-08-09 00:00:00,6.3997,6.4024,6.3259,6.3335,204280000
1533907800,2018-08-10 00:00:00,6.2518,6.3246,6.2407,6.2923,256396000
1534167000,2018-08-13 00:00:00,6.3009,6.4456,6.2992,6.3251,375208000
1534253400,2018-08-14 00:00:00,6.4303,6.4703,6.3473,6.4562,466220000
1534339800,2018-08-15 00:00:00,6.4770,6.5108,6.3197,6.3982,591136000
1534426200,2018-08-16 00:00:00,6.4679,6.4703,6.2977,6.3577,801260000
1534512600,2018-08-17 00:00:00,6.2466,6.2473,6.0191,6.0460,1143188000
1534771800,2018-08-20 00:00:00,6.0055,6.2530,5.8954,6.1206,854388000
1534858200,2018-08-21 00:00:00,6.1369,6.2604,6.1172,6.2560,673988000
1534944600,2018-08-22 00:00:00,6.2234,6.4955,6.2199,6.4906,749856000
1535031000,2018-08-23 00:00:00,6.4520,6.6550,6.4382,6.5899,720684000
1535117400,2018-08-24 00:00:00,6.5982,6.7373,6.5938,6.7227,531512000
1535376600,2018-08-27 00:00:00,6.7523,6.8877,6.7210,6.8136,505776000
1535463000,2018-08-28 00:00:00,6.8077,6.8304,6.6563,6.7761,475384000
1535549400,2018-08-29 00:00:00,6.7684,6.9063,6.7476,6.8813,420108000
1535635800,2018-08-30 00:00:00,6.8502,6.9611,6.8277,6.8645,346608000
1535722200,2018-08-31 00:00:00,6.8445,6.9483,6.8346,6.9354,306592000
1536067800,2018-09-04 00:00:00,6.9223,7.0476,6.8939,7.0101,391720000
1536154200,2018-09-05 00:00:00,6.9925,7.0278,6.7988,6.8796,393156000
1536240600,2018-09-06 00:00:00,6.8633,6.8658,6.7059,6.7387,322796000
1536327000,2018-09-07 00:00:00,6.6468,6.8428,6.6021,6.7175,295420000
1536586200,2018-09-10 00:00:00,6.7400,6.8181,6.6962,6.7884,220140000
1536672600,2018-09-11 00:00:00,6.7422,6.8297,6.7214,6.7407,243112000
1536759000,2018-09-12 00:00:00,6.7009,6.7205,6.4719,6.6271,419092000
1536845400,2018-09-13 00:00:00,6.6928,6.7951,6.6755,6.7046,305536000
1536931800,2018-09-14 00:00:00,6.7948,6.8964,6.7580,6.8304,386936000
1537191000,2018-09-17 00:00:00,6.8050,6.8539,6.7494,6.7686,205528000
1537277400,2018-09-18 00:00:00,6.7726,6.8751,6.6901,6.6967,299520000
1537363800,2018-09-19 00:00:00,6.6782,6.7383,6.6283,6.7205,224860000
1537450200,2018-09-20 00:00:00,6.5986,6.6409,6.5258,6.5796,430584000
1537536600,2018-09-21 00:00:00,6.5915,6.6369,6.4766,6.5097,435128000
1537795800,2018-09-24 00:00:00,6.4788,6.5687,6.3918,6.5653,293912000
1537882200,2018-09-25 00:00:00,6.6313,6.6572,6.5458,6.6322,280388000
1537968600,2018-09-26 00:00:00,6.6372,6.6775,6.5796,6.5954,268548000
1538055000,2018-09-27 00:00:00,6.6305,6.6518,6.5759,6.6073,214428000
1538141400,2018-09-28 00:00:00,6.7390,6.9661,6.7111,6.9438,709396000
1538400600,2018-10-01 00:00:00,7.0214,7.2166,6.9829,7.1499,622060000
1538487000,2018-10-02 00:00:00,7.1225,7.2339,7.0565,7.0787,383964000
1538573400,2018-10-03 00:00:00,7.1489,7.1563,6.9811,7.0849,320552000
1538659800,2018-10-04 00:00:00,7.0489,7.0731,6.8242,6.9011,391220000
1538746200,2018-10-05 00:00:00,6.8764,6.9384,6.6108,6.6681,426636000
1539005400,2018-10-08 00:00:00,6.5851,6.7002,6.4264,6.5670,408612000
1539091800,2018-10-09 00:00:00,6.5465,6.6409,6.4936,6.5613,273500000
1539178200,2018-10-10 00:00:00,6.4556,6.5013,6.0686,6.0709,684940000
1539264600,2018-10-11 00:00:00,5.9839,6.1171,5.7884,5.8099,725436000
1539351000,2018-10-12 00:00:00,6.0664,6.1660,5.9216,6.0919,608236000
1539610200,2018-10-15 00:00:00,6.0785,6.0785,5.8151,5.8161,449760000
1539696600,2018-10-16 00:00:00,5.9285,6.0854,5.8794,6.0743,408712000
1539783000,2018-10-17 00:00:00,6.1363,6.1744,5.9569,6.0059,329668000
1539869400,2018-10-18 00:00:00,6.0751,6.1134,5.8584,5.9186,524020000
1539955800,2018-10-19 00:00:00,5.9737,5.9933,5.6263,5.6627,613608000
1540215000,2018-10-22 00:00:00,5.7148,5.8146,5.6108,5.7133,368844000
1540301400,2018-10-23 00:00:00,5.4467,5.5396,5.3548,5.4623,626436000
1540387800,2018-10-24 00:00:00,5.4240,5.4704,4.9135,4.9273,884288000
1540474200,2018-10-25 00:00:00,4.8299,5.1828,4.7857,5.1356,951720000
1540560600,2018-10-26 00:00:00,4.9001,5.0615,4.7719,4.8996,664784000
1540819800,2018-10-29 00:00:00,5.0405,5.0439,4.3491,4.5866,758016000
1540906200,2018-10-30 00:00:00,4.6095,5.0259,4.5866,5.0160,807192000
1540992600,2018-10-31 00:00:00,5.1803,5.2530,5.0410,5.2095,745772000
1541079000,2018-11-01 00:00:00,5.2458,5.3988,5.1195,5.3894,566528000
1541165400,2018-11-02 00:00:00,5.3800,5.4855,5.1942,5.3105,452960000
1541428200,2018-11-05 00:00:00,5.2974,5.3207,5.0723,5.2327,379332000
1541514600,2018-11-06 00:00:00,5.2248,5.3088,5.1781,5.2152,299012000
1541601000,2018-11-07 00:00:00,5.2816,5.3721,5.2181,5.2826,483812000
1541687400,2018-11-08 00:00:00,5.2236,5.2243,5.0365,5.0899,511352000
1541773800,2018-11-09 00:00:00,5.0012,5.1722,4.9676,5.0820,413240000
1542033000,2018-11-12 00:00:00,4.9908,5.0128,4.6617,4.6834,617116000
1542119400,2018-11-13 00:00:00,4.7810,5.0459,4.7748,4.9248,644712000
1542205800,2018-11-14 00:00:00,5.0975,5.1119,4.7647,4.8724,526580000
1542292200,2018-11-15 00:00:00,4.8665,5.0728,4.8307,5.0009,840708000
1542378600,2018-11-16 00:00:00,4.0355,4.2169,3.9933,4.0630,1963520000
1542637800,2018-11-19 00:00:00,3.9977,3.9985,3.5737,3.5755,1697820000
1542724200,2018-11-20 00:00:00,3.3125,3.8117,3.2940,3.6837,1692032000
1542810600,2018-11-21 00:00:00,3.8206,3.8374,3.5485,3.5757,1025496000
1542983400,2018-11-23 00:00:00,3.5411,3.6963,3.5283,3.5829,411968000
1543242600,2018-11-26 00:00:00,3.7037,3.7922,3.6214,3.7818,814832000
1543329000,2018-11-27 00:00:00,3.7558,3.8796,3.7200,3.7986,738060000
1543415400,2018-11-28 00:00:00,3.9159,3.9604,3.7837,3.9552,804524000
1543501800,2018-11-29 00:00:00,3.9575,3.9946,3.8620,3.8922,549172000
1543588200,2018-11-30 00:00:00,3.9018,4.0529,3.8516,4.0423,729564000
1543847400,2018-12-03 00:00:00,4.2691,4.3206,4.1390,4.2058,890804000
1543933800,2018-12-04 00:00:00,4.1613,4.1662,3.8709,3.8860,812112000
1544106600,2018-12-06 00:00:00,3.7457,3.9201,3.7302,3.9152,692308000
1544193000,2018-12-07 00:00:00,3.9194,3.9295,3.6018,3.6510,681676000
1544452200,2018-12-10 00:00:00,3.6062,3.7809,3.6025,3.7561,629472000
1544538600,2018-12-11 00:00:00,3.8476,3.8558,3.5864,3.6653,671912000
1544625000,2018-12-12 00:00:00,3.6710,3.7789,3.5820,3.6829,654136000
1544711400,2018-12-13 00:00:00,3.7297,3.7937,3.6468,3.6827,471384000
1544797800,2018-12-14 00:00:00,3.6411,3.7247,3.5988,3.6223,471820000
1545057000,2018-12-17 00:00:00,3.5924,3.6644,3.4934,3.5513,662868000
1545143400,2018-12-18 00:00:00,3.5951,3.7183,3.5679,3.6344,564372000
1545229800,2018-12-19 00:00:00,3.6008,3.6542,3.3745,3.4259,745364000
1545316200,2018-12-20 00:00:00,3.4175,3.5073,3.2820,3.3416,749588000
1545402600,2018-12-21 00:00:00,3.3680,3.4009,3.1773,3.2048,863740000
1545661800,2018-12-24 00:00:00,3.1286,3.2149,3.0794,3.1432,463840000
1545834600,2018-12-26 00:00:00,3.1892,3.2931,3.0784,3.2921,695100000
1545921000,2018-12-27 00:00:00,3.2399,3.2743,3.0962,3.2444,637044000
1546007400,2018-12-28 00:00:00,3.2649,3.3982,3.2231,3.3057,628728000
1546266600,2018-12-31 00:00:00,3.3490,3.3814,3.2713,3.3020,465140000
1546439400,2019-01-02 00:00:00,3.2313,3.4252,3.2167,3.3693,508752000
1546525800,2019-01-03 00:00:00,3.3092,3.3431,3.1583,3.1657,705552000
1546612200,2019-01-04 00:00:00,3.2387,3.4066,3.2080,3.3685,585620000
1546871400,2019-01-07 00:00:00,3.4257,3.5837,3.3745,3.5469,709160000
1546957800,2019-01-08 00:00:00,3.6282,3.6305,3.3861,3.4586,786016000
1547044200,2019-01-09 00:00:00,3.5098,3.5738,3.4593,3.5266,617260000
1547130600,2019-01-10 00:00:00,3.5073,3.6008,3.4469,3.5921,523156000
1547217000,2019-01-11 00:00:00,3.5699,3.7039,3.5422,3.6812,874764000
1547476200,2019-01-14 00:00:00,3.6290,3.7462,3.6055,3.7210,730168000
1547562600,2019-01-15 00:00:00,3.7537,3.7930,3.6886,3.7069,617012000
1547649000,2019-01-16 00:00:00,3.7341,3.7670,3.6760,3.6814,470104000
1547735400,2019-01-17 00:00:00,3.6485,3.7925,3.6213,3.7527,493436000
1547821800,2019-01-18 00:00:00,3.8024,3.9075,3.7509,3.8815,651336000
1548167400,2019-01-22 00:00:00,3.8513,3.8630,3.6495,3.6797,661552000
1548253800,2019-01-23 00:00:00,3.7349,3.8234,3.6614,3.6926,591020000
1548340200,2019-01-24 00:00:00,3.7769,3.9216,3.7722,3.9040,708972000
1548426600,2019-01-25 00:00:00,3.8447,3.9792,3.7423,3.9612,1154572000
1548685800,2019-01-28 00:00:00,3.3774,3.5033,3.2402,3.4136,2511528000
1548772200,2019-01-29 00:00:00,3.3676,3.4158,3.2404,3.2550,1153932000
1548858600,2019-01-30 00:00:00,3.3309,3.4126,3.2515,3.3982,974228000
1548945000,2019-01-31 00:00:00,3.3950,3.5911,3.3732,3.5555,842852000
1549031400,2019-02-01 00:00:00,3.5741,3.6307,3.5266,3.5798,625048000
1549290600,2019-02-04 00:00:00,3.5956,3.7269,3.5736,3.6898,528592000
1549377000,2019-02-05 00:00:00,3.7017,3.7455,3.6681,3.7089,542424000
1549463400,2019-02-06 00:00:00,3.7420,3.8486,3.7366,3.7843,702464000
1549549800,2019-02-07 00:00:00,3.7381,3.7403,3.6035,3.6463,637120000
1549636200,2019-02-08 00:00:00,3.5793,3.6755,3.5649,3.6649,461604000
1549895400,2019-02-11 00:00:00,3.6208,3.6750,3.5741,3.6223,495180000
1549981800,2019-02-12 00:00:00,3.6607,3.7546,3.6463,3.7391,591060000
1550068200,2019-02-13 00:00:00,3.7685,3.8543,3.7549,3.7814,605372000
1550154600,2019-02-14 00:00:00,3.7804,3.8504,3.7373,3.8222,827264000
1550241000,2019-02-15 00:00:00,4.0304,4.0532,3.8689,3.8917,1516748000
1550586600,2019-02-19 00:00:00,3.8810,3.9547,3.8620,3.8744,551892000
1550673000,2019-02-20 00:00:00,3.9035,3.9886,3.8924,3.9216,540988000
1550759400,2019-02-21 00:00:00,3.9342,3.9587,3.8382,3.8528,448548000
1550845800,2019-02-22 00:00:00,3.9045,3.9562,3.8909,3.9374,401740000
1551105000,2019-02-25 00:00:00,4.0208,4.0881,3.9164,3.9251,656020000
1551191400,2019-02-26 00:00:00,3.9204,3.9763,3.8523,3.8857,488464000
1551277800,2019-02-27 00:00:00,3.8714,3.8979,3.7870,3.8439,500256000
1551364200,2019-02-28 00:00:00,3.8377,3.8600,3.7971,3.8194,324944000
1551450600,2019-03-01 00:00:00,3.8692,3.9157,3.8110,3.8736,357188000
1551709800,2019-03-04 00:00:00,3.9120,3.9348,3.8254,3.8818,409992000
1551796200,2019-03-05 00:00:00,3.8662,3.9135,3.8120,3.8754,362924000
1551882600,2019-03-06 00:00:00,3.8665,3.8749,3.7620,3.7647,403524000
1551969000,2019-03-07 00:00:00,3.7412,3.7508,3.6496,3.6956,450104000
1552055400,2019-03-08 00:00:00,3.6065,3.7404,3.5852,3.7298,422416000
1552311000,2019-03-11 00:00:00,3.7533,4.0125,3.7063,3.9898,859728000
1552397400,2019-03-12 00:00:00,4.0175,4.0702,3.9415,4.0239,579576000
1552483800,2019-03-13 00:00:00,4.0613,4.2042,4.0539,4.1750,768900000
1552570200,2019-03-14 00:00:00,4.1841,4.1960,4.0915,4.0992,519384000
1552656600,2019-03-15 00:00:00,4.1423,4.2470,4.1388,4.2044,661484000
1552915800,2019-03-18 00:00:00,4.2359,4.2896,4.1561,4.1831,486992000
1553002200,2019-03-19 00:00:00,4.2775,4.3948,4.2606,4.3505,854972000
1553088600,2019-03-20 00:00:00,4.3795,4.4327,4.2834,4.3181,719148000
1553175000,2019-03-21 00:00:00,4.3411,4.5805,4.3362,4.5543,824312000
1553261400,2019-03-22 00:00:00,4.5270,4.5756,4.3810,4.3948,747644000
1553520600,2019-03-25 00:00:00,4.3542,4.4184,4.2366,4.3027,525212000
1553607000,2019-03-26 00:00:00,4.4441,4.5001,4.3230,4.3792,703508000
1553693400,2019-03-27 00:00:00,4.4047,4.4510,4.3007,4.3701,474372000
1553779800,2019-03-28 00:00:00,4.3961,4.4543,4.3357,4.3886,480264000
1553866200,2019-03-29 00:00:00,4.4552,4.4701,4.4050,4.4458,456896000
1554125400,2019-04-01 00:00:00,4.5374,4.5434,4.4659,4.5132,483824000
1554211800,2019-04-02 00:00:00,4.5372,4.5753,4.4944,4.5310,440920000
1554298200,2019-04-03 00:00:00,4.5805,4.7291,4.5756,4.6702,783504000
1554384600,2019-04-04 00:00:00,4.6548,4.7036,4.5986,4.6612,457376000
1554471000,2019-04-05 00:00:00,4.7043,4.7452,4.6679,4.7278,481744000
1554730200,2019-04-08 00:00:00,4.6974,4.7737,4.6734,4.7486,424192000
1554816600,2019-04-09 00:00:00,4.7152,4.7264,4.6439,4.6860,439972000
1554903000,2019-04-10 00:00:00,4.6853,4.7821,4.6808,4.7563,444772000
1554989400,2019-04-11 00:00:00,4.7588,4.7902,4.6932,4.7425,374600000
1555075800,2019-04-12 00:00:00,4.7811,4.7850,4.6959,4.7046,471708000
1555335000,2019-04-15 00:00:00,4.6969,4.7019,4.5335,4.5731,440092000
1555421400,2019-04-16 00:00:00,4.6122,4.6788,4.5795,4.6600,394964000
1555507800,2019-04-17 00:00:00,4.6949,4.7157,4.6149,4.6372,351004000
1555594200,2019-04-18 00:00:00,4.6439,4.6778,4.5850,4.6127,380988000
1555939800,2019-04-22 00:00:00,4.5892,4.6820,4.5577,4.6664,279936000
1556026200,2019-04-23 00:00:00,4.6796,4.7521,4.6699,4.7209,346856000
1556112600,2019-04-24 00:00:00,4.7313,4.7739,4.6707,4.7333,318204000
1556199000,2019-04-25 00:00:00,4.6932,4.7155,4.5483,4.6278,499296000
1556285400,2019-04-26 00:00:00,4.4743,4.4788,4.2908,4.4094,868988000
1556544600,2019-04-29 00:00:00,4.4174,4.4679,4.3453,4.4401,391920000
1556631000,2019-04-30 00:00:00,4.4080,4.5070,4.3889,4.4815,362920000
1556717400,2019-05-01 00:00:00,4.5337,4.5758,4.4681,4.4684,354280000
1556803800,2019-05-02 00:00:00,4.4780,4.5773,4.4349,4.5357,394684000
1556890200,2019-05-03 00:00:00,4.5441,4.5540,4.4699,4.5313,336824000
1557149400,2019-05-06 00:00:00,4.3453,4.4651,4.3082,4.4530,422176000
1557235800,2019-05-07 00:00:00,4.4047,4.4047,4.2381,4.2861,555220000
1557322200,2019-05-08 00:00:00,4.2587,4.3862,4.2468,4.3062,419168000
1557408600,2019-05-09 00:00:00,4.2374,4.2470,4.0952,4.2138,660248000
1557495000,2019-05-10 00:00:00,4.1831,4.2485,4.0606,4.1799,569500000
1557754200,2019-05-13 00:00:00,4.0482,4.0712,3.9073,3.9232,656912000
1557840600,2019-05-14 00:00:00,3.9628,4.0472,3.9242,4.0120,524880000
1557927000,2019-05-15 00:00:00,3.9566,3.9875,3.8974,3.9511,502320000
1558013400,2019-05-16 00:00:00,3.9457,4.0088,3.9034,3.9662,781088000
1558099800,2019-05-17 00:00:00,3.9244,4.0534,3.8363,3.8756,1022068000
1558359000,2019-05-20 00:00:00,3.7771,3.8320,3.7325,3.7573,572064000
1558445400,2019-05-21 00:00:00,3.8179,3.8551,3.7793,3.8392,361848000
1558531800,2019-05-22 00:00:00,3.8006,3.8266,3.7575,3.7684,325868000
1558618200,2019-05-23 00:00:00,3.7063,3.7063,3.5879,3.6476,591844000
1558704600,2019-05-24 00:00:00,3.6664,3.7016,3.5872,3.5939,357584000
1559050200,2019-05-28 00:00:00,3.6114,3.6441,3.5468,3.5488,428356000
1559136600,2019-05-29 00:00:00,3.5013,3.5362,3.4401,3.4748,559800000
1559223000,2019-05-30 00:00:00,3.4780,3.5137,3.4101,3.4482,394300000
1559309400,2019-05-31 00:00:00,3.3994,3.4666,3.3560,3.3578,389720000
1559568600,2019-06-03 00:00:00,3.3689,3.4076,3.2869,3.3161,478644000
1559655000,2019-06-04 00:00:00,3.3801,3.5499,3.3580,3.5447,641836000
1559741400,2019-06-05 00:00:00,3.6183,3.6237,3.4658,3.5020,511616000
1559827800,2019-06-06 00:00:00,3.5062,3.5885,3.5038,3.5640,408140000
1559914200,2019-06-07 00:00:00,3.5700,3.6408,3.5509,3.6066,348856000
1560173400,2019-06-10 00:00:00,3.6627,3.7477,3.6627,3.6793,402780000
1560259800,2019-06-11 00:00:00,3.7390,3.7767,3.6974,3.7368,383872000
1560346200,2019-06-12 00:00:00,3.6934,3.6996,3.6089,3.6240,358892000
1560432600,2019-06-13 00:00:00,3.6460,3.6934,3.6284,3.6751,308080000
1560519000,2019-06-14 00:00:00,3.5821,3.6064,3.5407,3.5853,394428000
1560778200,2019-06-17 00:00:00,3.5836,3.6319,3.5608,3.5950,276040000
1560864600,2019-06-18 00:00:00,3.6562,3.8448,3.6453,3.7896,581920000
1560951000,2019-06-19 00:00:00,3.8248,3.8362,3.7695,3.7955,331644000
1561037400,2019-06-20 00:00:00,3.8860,3.8999,3.8054,3.8198,350168000
1561123800,2019-06-21 00:00:00,3.8049,3.8540,3.7554,3.7618,434428000
1561383000,2019-06-24 00:00:00,3.7831,3.8136,3.7360,3.7841,282948000
1561469400,2019-06-25 00:00:00,3.7891,3.8639,3.7521,3.7549,311868000
1561555800,2019-06-26 00:00:00,3.8820,4.0087,3.8691,3.9477,584072000
1561642200,2019-06-27 00:00:00,4.0332,4.0652,3.9973,4.0461,445440000
1561728600,2019-06-28 00:00:00,4.0900,4.0992,4.0243,4.0709,397668000
1561987800,2019-07-01 00:00:00,4.2776,4.3118,4.0816,4.1190,709756000
1562074200,2019-07-02 00:00:00,4.1024,4.1235,4.0082,4.0213,400228000
1562160600,2019-07-03 00:00:00,4.0446,4.0503,3.9745,4.0342,246636000
1562333400,2019-07-05 00:00:00,3.9760,3.9804,3.9086,3.9718,396552000
1562592600,2019-07-08 00:00:00,3.9123,3.9311,3.8669,3.8969,329788000
1562679000,2019-07-09 00:00:00,3.8548,3.9274,3.8421,3.8994,342860000
1562765400,2019-07-10 00:00:00,3.9428,4.0248,3.9289,3.9675,452076000
1562851800,2019-07-11 00:00:00,4.0404,4.1624,4.0032,4.1217,682560000
1562938200,2019-07-12 00:00:00,4.1495,4.2256,4.1495,4.1547,506392000
1563197400,2019-07-15 00:00:00,4.1758,4.1919,4.1180,4.1463,289840000
1563283800,2019-07-16 00:00:00,4.1314,4.1686,4.0860,4.1416,341444000
1563370200,2019-07-17 00:00:00,4.1433,4.2137,4.1140,4.2068,348204000
1563456600,2019-07-18 00:00:00,4.2172,4.2811,4.1606,4.2184,442192000
1563543000,2019-07-19 00:00:00,4.2566,4.2630,4.1693,4.1753,344896000
1563802200,2019-07-22 00:00:00,4.1966,4.2595,4.1892,4.2467,315940000
1563888600,2019-07-23 00:00:00,4.2858,4.3562,4.2702,4.3542,428176000
1563975000,2019-07-24 00:00:00,4.3974,4.4343,4.3215,4.4286,366236000
1564061400,2019-07-25 00:00:00,4.3872,4.3998,4.2744,4.2977,392700000
1564147800,2019-07-26 00:00:00,4.3247,4.3862,4.3247,4.3396,274160000
1564407000,2019-07-29 00:00:00,4.3324,4.3495,4.2454,4.3334,248160000
1564493400,2019-07-30 00:00:00,4.2871,4.3612,4.2727,4.3490,197772000
1564579800,2019-07-31 00:00:00,4.3176,4.3185,4.1401,4.1822,359416000
1564666200,2019-08-01 00:00:00,4.1926,4.2828,4.0360,4.0880,421212000
1564752600,2019-08-02 00:00:00,3.9956,4.0647,3.9482,3.9956,428348000
1565011800,2019-08-05 00:00:00,3.8124,3.8136,3.6909,3.7378,589156000
1565098200,2019-08-06 00:00:00,3.8124,3.8577,3.7288,3.7764,361272000
1565184600,2019-08-07 00:00:00,3.7157,3.8265,3.6984,3.8146,372560000
1565271000,2019-08-08 00:00:00,3.8721,3.9242,3.8149,3.9229,309300000
1565357400,2019-08-09 00:00:00,3.8820,3.8855,3.7715,3.8218,341816000
1565616600,2019-08-12 00:00:00,3.7697,3.8218,3.7323,3.7541,279200000
1565703000,2019-08-13 00:00:00,3.7526,3.9140,3.7137,3.8681,351956000
1565789400,2019-08-14 00:00:00,3.7802,3.7913,3.6763,3.7199,419880000
1565875800,2019-08-15 00:00:00,3.7388,3.7586,3.6535,3.6877,477200000
1565962200,2019-08-16 00:00:00,3.9499,4.0042,3.8887,3.9552,1007960000
1566221400,2019-08-19 00:00:00,4.0682,4.2491,4.0521,4.2333,815112000
1566307800,2019-08-20 00:00:00,4.2278,4.2283,4.1401,4.1611,463188000
1566394200,2019-08-21 00:00:00,4.2271,4.2995,4.2055,4.2444,427244000
1566480600,2019-08-22 00:00:00,4.2541,4.2965,4.2115,4.2506,303488000
1566567000,2019-08-23 00:00:00,4.1743,4.2286,4.0067,4.0265,568056000
1566826200,2019-08-26 00:00:00,4.1051,4.1292,4.0630,4.1012,318208000
1566912600,2019-08-27 00:00:00,4.1393,4.1421,3.9814,4.0107,290968000
1566999000,2019-08-28 00:00:00,3.9844,4.0529,3.9452,4.0003,255612000
1567085400,2019-08-29 00:00:00,4.0916,4.1759,4.0881,4.1437,357976000
1567171800,2019-08-30 00:00:00,4.1898,4.2394,4.1382,4.1563,290616000
1567517400,2019-09-03 00:00:00,4.0836,4.1166,4.0506,4.0735,296140000
1567603800,2019-09-04 00:00:00,4.1340,4.1948,4.1340,4.1873,227728000
1567690200,2019-09-05 00:00:00,4.2893,4.4660,4.2876,4.4598,695676000
1567776600,2019-09-06 00:00:00,4.4365,4.4933,4.3948,4.4327,376976000
1568035800,2019-09-09 00:00:00,4.4638,4.5650,4.4623,4.4786,417524000
1568122200,2019-09-10 00:00:00,4.4459,4.5717,4.4362,4.5451,352812000
1568208600,2019-09-11 00:00:00,4.5598,4.6218,4.5307,4.5737,361512000
1568295000,2019-09-12 00:00:00,4.6201,4.6747,4.5642,4.5722,327840000
1568381400,2019-09-13 00:00:00,4.5057,4.5427,4.4707,4.5144,324592000
1568640600,2019-09-16 00:00:00,4.4394,4.5059,4.4290,4.4714,231832000
1568727000,2019-09-17 00:00:00,4.4781,4.4970,4.4317,4.4928,223048000
1568813400,2019-09-18 00:00:00,4.4858,4.5015,4.3794,4.4657,258152000
1568899800,2019-09-19 00:00:00,4.4717,4.4901,4.3796,4.3903,245476000
1568986200,2019-09-20 00:00:00,4.3893,4.4129,4.2747,4.2849,350244000
1569245400,2019-09-23 00:00:00,4.2851,4.3836,4.2814,4.3382,249712000
1569331800,2019-09-24 00:00:00,4.3695,4.3990,4.2454,4.2809,317268000
1569418200,2019-09-25 00:00:00,4.2804,4.4419,4.2357,4.4223,308432000
1569504600,2019-09-26 00:00:00,4.4126,4.4213,4.3494,4.4002,234564000
1569591000,2019-09-27 00:00:00,4.3585,4.4092,4.2012,4.2618,362056000
1569850200,2019-09-30 00:00:00,4.2876,4.3293,4.2563,4.3191,186184000
1569936600,2019-10-01 00:00:00,4.3422,4.4910,4.3126,4.3174,366008000
1570023000,2019-10-02 00:00:00,4.2955,4.3074,4.2213,4.2935,293372000
1570109400,2019-10-03 00:00:00,4.2980,4.5049,4.2677,4.4987,450588000
1570195800,2019-10-04 00:00:00,4.5010,4.5444,4.4360,4.5151,265524000
1570455000,2019-10-07 00:00:00,4.5799,4.6732,4.5712,4.5737,480984000
1570541400,2019-10-08 00:00:00,4.4821,4.4821,4.3794,4.3975,444436000
1570627800,2019-10-09 00:00:00,4.4742,4.5332,4.4454,4.4839,292412000
1570714200,2019-10-10 00:00:00,4.4816,4.5923,4.4764,4.5414,309124000
1570800600,2019-10-11 00:00:00,4.6253,4.6980,4.6064,4.6149,446404000
1571059800,2019-10-14 00:00:00,4.6062,4.6491,4.5752,4.6283,200040000
1571146200,2019-10-15 00:00:00,4.7183,4.9449,4.7044,4.8724,664124000
1571232600,2019-10-16 00:00:00,4.8384,4.9431,4.8074,4.8188,428944000
1571319000,2019-10-17 00:00:00,4.8632,4.9081,4.7665,4.8208,263436000
1571405400,2019-10-18 00:00:00,4.8213,4.8538,4.6523,4.7265,307440000
1571664600,2019-10-21 00:00:00,4.7878,4.8769,4.7689,4.8635,261868000
1571751000,2019-10-22 00:00:00,4.9203,5.0253,4.8459,4.8536,328720000
1571837400,2019-10-23 00:00:00,4.7717,4.8548,4.7399,4.8407,279916000
1571923800,2019-10-24 00:00:00,4.8818,4.9181,4.8479,4.8846,232020000
1572010200,2019-10-25 00:00:00,4.9650,5.0960,4.9573,5.0751,423092000
1572269400,2019-10-28 00:00:00,5.1188,5.1833,5.0895,5.1310,330792000
1572355800,2019-10-29 00:00:00,5.1171,5.1235,5.0156,5.0349,211236000
1572442200,2019-10-30 00:00:00,5.0617,5.0674,4.9689,5.0369,205960000
1572528600,2019-10-31 00:00:00,5.0161,5.0369,4.9081,4.9878,209732000
1572615000,2019-11-01 00:00:00,4.9526,5.0590,4.9275,5.0267,283640000
1572877800,2019-11-04 00:00:00,5.1076,5.2354,5.0846,5.2230,376716000
1572964200,2019-11-05 00:00:00,5.2228,5.2488,5.1530,5.2009,300868000
1573050600,2019-11-06 00:00:00,5.1769,5.2024,5.0645,5.1518,269012000
1573137000,2019-11-07 00:00:00,5.2381,5.2528,5.1248,5.1694,280340000
1573223400,2019-11-08 00:00:00,5.1525,5.1870,5.1151,5.1555,189100000
1573482600,2019-11-11 00:00:00,5.1548,5.1885,5.0687,5.1654,243436000
1573569000,2019-11-12 00:00:00,5.2037,5.2568,5.1687,5.2009,283504000
1573655400,2019-11-13 00:00:00,5.1697,5.1972,5.1089,5.1751,300188000
1573741800,2019-11-14 00:00:00,5.1841,5.2076,5.1243,5.2054,518080000
1573828200,2019-11-15 00:00:00,5.2032,5.2548,4.9784,5.0664,1053628000
1574087400,2019-11-18 00:00:00,5.0590,5.2937,5.0560,5.2672,574588000
1574173800,2019-11-19 00:00:00,5.2362,5.2597,5.1027,5.1607,414564000
1574260200,2019-11-20 00:00:00,5.1379,5.3235,5.1253,5.2399,472588000
1574346600,2019-11-21 00:00:00,5.2354,5.2910,5.1935,5.2151,288388000
1574433000,2019-11-22 00:00:00,5.2377,5.2840,5.2091,5.2327,224100000
1574692200,2019-11-25 00:00:00,5.3605,5.4937,5.3476,5.4888,506476000
1574778600,2019-11-26 00:00:00,5.4711,5.4759,5.3778,5.3843,385244000
1574865000,2019-11-27 00:00:00,5.4297,5.4640,5.3927,5.4191,215784000
1575037800,2019-11-29 00:00:00,5.3883,5.4166,5.3580,5.3818,141556000
1575297000,2019-12-02 00:00:00,5.3749,5.3883,5.1807,5.1958,372036000
1575383400,2019-12-03 00:00:00,5.0126,5.1603,4.9753,5.1563,465232000
1575469800,2019-12-04 00:00:00,5.2398,5.2621,5.1715,5.2000,273424000
1575556200,2019-12-05 00:00:00,5.2219,5.2375,5.1526,5.1832,184884000
1575642600,2019-12-06 00:00:00,5.2522,5.3011,5.2423,5.2683,232236000
1575901800,2019-12-09 00:00:00,5.2455,5.3230,5.2368,5.2683,211880000
1575988200,2019-12-10 00:00:00,5.2984,5.3649,5.2457,5.3133,256388000
1576074600,2019-12-11 00:00:00,5.3237,5.4022,5.3212,5.3967,233796000
1576161000,2019-12-12 00:00:00,5.3679,5.5819,5.3590,5.5638,404348000
1576247400,2019-12-13 00:00:00,5.5668,5.6857,5.5079,5.5618,454704000
1576506600,2019-12-16 00:00:00,5.6093,5.6629,5.5812,5.5906,320976000
1576593000,2019-12-17 00:00:00,5.6093,5.6912,5.5998,5.6686,321196000
1576679400,2019-12-18 00:00:00,5.7034,5.7592,5.6949,5.6989,343548000
1576765800,2019-12-19 00:00:00,5.7334,5.8600,5.7284,5.8466,445360000
1576852200,2019-12-20 00:00:00,5.9129,5.9691,5.8938,5.9437,603044000
1577111400,2019-12-23 00:00:00,5.9723,6.0043,5.9194,5.9301,355060000
1577197800,2019-12-24 00:00:00,5.9147,5.9422,5.8804,5.9251,138864000
1577370600,2019-12-26 00:00:00,5.9286,5.9673,5.9097,5.9393,182852000
1577457000,2019-12-27 00:00:00,5.9544,5.9678,5.8553,5.8817,254644000
1577716200,2019-12-30 00:00:00,5.8598,5.8650,5.7374,5.7687,258056000
1577802600,2019-12-31 00:00:00,5.7334,5.8521,5.7143,5.8427,231004000
1577975400,2020-01-02 00:00:00,5.9283,5.9571,5.8779,5.9571,237536000
1578061800,2020-01-03 00:00:00,5.8377,5.9055,5.8129,5.8618,205384000
1578321000,2020-01-06 00:00:00,5.7687,5.8916,5.7426,5.8864,262636000
1578407400,2020-01-07 00:00:00,5.9147,6.0033,5.8697,5.9576,314856000
1578493800,2020-01-08 00:00:00,5.9534,6.0100,5.9134,5.9688,277108000
1578580200,2020-01-09 00:00:00,6.0550,6.1066,5.9807,6.0344,255112000
1578666600,2020-01-10 00:00:00,6.1414,6.1717,6.0525,6.0666,316296000
1578925800,2020-01-13 00:00:00,6.1496,6.2819,6.1270,6.2568,319840000
1579012200,2020-01-14 00:00:00,6.2141,6.2395,6.1270,6.1401,359088000
1579098600,2020-01-15 00:00:00,6.1528,6.1752,6.0719,6.0977,263104000
1579185000,2020-01-16 00:00:00,6.1511,6.1871,6.1277,6.1811,284192000
1579271400,2020-01-17 00:00:00,6.2002,6.2077,6.1424,6.1898,253792000
1579617000,2020-01-21 00:00:00,6.1533,6.1900,6.1225,6.1565,217916000
1579703400,2020-01-22 00:00:00,6.2017,6.2968,6.1828,6.2104,239240000
1579789800,2020-01-23 00:00:00,6.2504,6.2871,6.1617,6.2787,244516000
1579876200,2020-01-24 00:00:00,6.3939,6.4436,6.1655,6.2196,373512000
1580135400,2020-01-27 00:00:00,5.9157,6.0152,5.7664,5.9643,470536000
1580221800,2020-01-28 00:00:00,6.0301,6.1896,5.9770,6.1573,310976000
1580308200,2020-01-29 00:00:00,6.1429,6.1789,6.0572,6.0969,258848000
1580394600,2020-01-30 00:00:00,5.9993,6.1170,5.9445,6.1036,290504000
1580481000,2020-01-31 00:00:00,6.0580,6.0699,5.8290,5.8707,370420000
1580740200,2020-02-03 00:00:00,5.8526,5.9869,5.8464,5.9676,255564000
1580826600,2020-02-04 00:00:00,6.1091,6.1555,6.0592,6.1364,271544000
1580913000,2020-02-05 00:00:00,6.2571,6.2673,6.1434,6.2266,208220000
1580999400,2020-02-06 00:00:00,6.2608,6.3132,6.1799,6.3132,218284000
1581085800,2020-02-07 00:00:00,6.2732,6.2953,6.2218,6.2472,189752000
1581345000,2020-02-10 00:00:00,6.2698,6.5305,6.2648,6.5297,529608000
1581431400,2020-02-11 00:00:00,6.6377,6.7664,6.5759,6.6519,638556000
1581517800,2020-02-12 00:00:00,6.7045,6.7738,6.6658,6.7674,374644000
1581604200,2020-02-13 00:00:00,6.7095,6.7907,6.6822,6.7237,528016000
1581690600,2020-02-14 00:00:00,7.1329,7.3243,7.1016,7.1957,1041924000
1582036200,2020-02-18 00:00:00,7.0926,7.3824,7.0733,7.3640,620164000
1582122600,2020-02-19 00:00:00,7.4862,7.8319,7.4862,7.8142,694332000
1582209000,2020-02-20 00:00:00,7.7663,7.8545,7.3586,7.6652,810052000
1582295400,2020-02-21 00:00:00,7.5533,7.5783,7.2173,7.3020,768180000
1582554600,2020-02-24 00:00:00,6.7090,6.9990,6.6546,6.7857,856916000
1582641000,2020-02-25 00:00:00,6.8607,6.9226,6.4053,6.5069,1055496000
1582727400,2020-02-26 00:00:00,6.5071,6.8396,6.5056,6.6459,747732000
1582813800,2020-02-27 00:00:00,6.3331,6.6338,6.1838,6.2760,906416000
1582900200,2020-02-28 00:00:00,6.0241,6.7694,6.0074,6.7100,1133252000
1583159400,2020-03-02 00:00:00,6.8797,6.8969,6.4847,6.8681,890744000
1583245800,2020-03-03 00:00:00,6.9237,6.9833,6.5210,6.6062,652792000
1583332200,2020-03-04 00:00:00,6.7133,7.0783,6.6387,7.0688,597408000
1583418600,2020-03-05 00:00:00,6.8698,7.0363,6.7456,6.7900,540328000
1583505000,2020-03-06 00:00:00,6.6109,6.6683,6.4102,6.6099,515412000
1583760600,2020-03-09 00:00:00,5.9605,6.4449,5.9177,6.0981,614160000
1583847000,2020-03-10 00:00:00,6.3739,6.4867,6.1118,6.4867,580648000
1583933400,2020-03-11 00:00:00,6.3471,6.3754,6.0268,6.1237,499964000
1584019800,2020-03-12 00:00:00,5.6017,5.8665,5.3617,5.3743,816540000
1584106200,2020-03-13 00:00:00,5.7269,5.9883,5.4563,5.9838,634836000
1584365400,2020-03-16 00:00:00,5.2774,5.6176,4.8200,4.8797,726972000
1584451800,2020-03-17 00:00:00,4.9917,5.4874,4.7455,5.3982,833632000
1584538200,2020-03-18 00:00:00,4.9716,5.2161,4.4891,5.0392,874268000
1584624600,2020-03-19 00:00:00,5.0178,5.3848,4.8049,5.2914,765512000
1584711000,2020-03-20 00:00:00,5.4412,5.7224,5.0966,5.1120,804636000
1584970200,2020-03-23 00:00:00,5.1110,5.3786,4.9323,5.2844,643876000
1585056600,2020-03-24 00:00:00,5.6896,6.2775,5.6660,6.1910,1101644000
1585143000,2020-03-25 00:00:00,6.3058,6.5051,6.0539,6.1026,793432000
1585229400,2020-03-26 00:00:00,6.3093,6.5150,6.2114,6.3913,696108000
1585315800,2020-03-27 00:00:00,6.2114,6.5374,6.1786,6.2792,638828000
1585575000,2020-03-30 00:00:00,6.3446,6.6079,6.3006,6.5987,602252000
1585661400,2020-03-31 00:00:00,6.6387,6.8425,6.4039,6.5493,949960000
1585747800,2020-04-01 00:00:00,6.3518,6.4979,5.9947,6.0392,656912000
1585834200,2020-04-02 00:00:00,6.0683,6.3605,6.0203,6.3473,675764000
1585920600,2020-04-03 00:00:00,6.3098,6.3513,5.9229,6.0601,663212000
1586179800,2020-04-06 00:00:00,6.3416,6.7053,6.2842,6.6686,727884000
1586266200,2020-04-07 00:00:00,6.8897,6.9133,6.3928,6.4357,784520000
1586352600,2020-04-08 00:00:00,6.5446,6.6574,6.4748,6.6325,542444000
1586439000,2020-04-09 00:00:00,6.7580,6.7809,6.4703,6.5331,525564000
1586784600,2020-04-13 00:00:00,6.4735,6.7133,6.3853,6.7046,398408000
1586871000,2020-04-14 00:00:00,6.8325,7.0889,6.8050,7.0549,530948000
1586957400,2020-04-15 00:00:00,6.8872,7.0604,6.8420,6.9776,366148000
1587043800,2020-04-16 00:00:00,7.1327,7.4288,7.1195,7.3220,745620000
1587130200,2020-04-17 00:00:00,7.4040,7.4253,7.1292,7.2629,539120000
1587389400,2020-04-20 00:00:00,7.1366,7.2922,7.0877,7.1319,449388000
1587475800,2020-04-21 00:00:00,7.0142,7.0753,6.6365,6.6961,735160000
1587562200,2020-04-22 00:00:00,6.8879,7.1523,6.8425,7.1096,483356000
1587648600,2020-04-23 00:00:00,7.1515,7.2832,7.0313,7.0564,424160000
1587735000,2020-04-24 00:00:00,7.0462,7.1970,6.9717,7.1950,352328000
1587994200,2020-04-27 00:00:00,7.3292,7.5406,7.3046,7.3811,479388000
1588080600,2020-04-28 00:00:00,7.5282,7.5580,7.2335,7.2390,442904000
1588167000,2020-04-29 00:00:00,7.3734,7.4681,7.2984,7.4154,379160000
1588253400,2020-04-30 00:00:00,7.3615,7.4154,7.2480,7.2619,375916000
1588339800,2020-05-01 00:00:00,7.0648,7.1779,6.9776,7.0258,342096000
1588599000,2020-05-04 00:00:00,6.9786,7.2509,6.9786,7.2373,317556000
1588685400,2020-05-05 00:00:00,7.3411,7.4604,7.2373,7.2981,368896000
1588771800,2020-05-06 00:00:00,7.3774,7.5034,7.3396,7.3988,323464000
1588858200,2020-05-07 00:00:00,7.5377,7.6378,7.4865,7.5747,373732000
1588944600,2020-05-08 00:00:00,7.6462,7.7705,7.6124,7.7642,339216000
1589203800,2020-05-11 00:00:00,7.7593,8.0624,7.7307,8.0157,469060000
1589290200,2020-05-12 00:00:00,8.0733,8.1220,7.7446,7.7543,493060000
1589376600,2020-05-13 00:00:00,7.8686,8.0286,7.5478,7.7319,625852000
1589463000,2020-05-14 00:00:00,7.7933,7.9864,7.6400,7.9809,602312000
1589549400,2020-05-15 00:00:00,7.8410,8.4480,7.8254,8.4383,987660000
1589808600,2020-05-18 00:00:00,8.7064,8.8614,8.6269,8.6962,774460000
1589895000,2020-05-19 00:00:00,8.7360,9.0314,8.7086,8.7511,717320000
1589981400,2020-05-20 00:00:00,8.9355,8.9871,8.8338,8.9146,587536000
1590067800,2020-05-21 00:00:00,8.9956,8.9966,8.6835,8.7210,761068000
1590154200,2020-05-22 00:00:00,8.7707,9.0368,8.6594,8.9705,1038764000
1590499800,2020-05-26 00:00:00,9.1002,9.1250,8.6184,8.6639,770780000
1590586200,2020-05-27 00:00:00,8.5717,8.5794,7.9474,8.4726,1175892000
1590672600,2020-05-28 00:00:00,8.3603,8.7064,8.3275,8.4346,734896000
1590759000,2020-05-29 00:00:00,8.5017,8.8207,8.4326,8.8207,745256000
1591018200,2020-06-01 00:00:00,8.7787,8.7861,8.6358,8.7519,389876000
1591104600,2020-06-02 00:00:00,8.7419,8.7827,8.6045,8.7707,391320000
1591191000,2020-06-03 00:00:00,8.7678,8.8115,8.6463,8.7153,365440000
1591277400,2020-06-04 00:00:00,8.6780,8.8921,8.6278,8.7163,424280000
1591363800,2020-06-05 00:00:00,8.7442,8.9455,8.6582,8.8689,481748000
1591623000,2020-06-08 00:00:00,8.8264,8.8389,8.6360,8.7546,387736000
1591709400,2020-06-09 00:00:00,8.7496,9.0576,8.7012,8.9942,468488000
1591795800,2020-06-10 00:00:00,9.1153,9.4456,9.1011,9.3131,632180000
1591882200,2020-06-11 00:00:00,9.0976,9.2082,8.7357,8.7459,583652000
1591968600,2020-06-12 00:00:00,9.1101,9.1347,8.6534,8.8814,570908000
1592227800,2020-06-15 00:00:00,8.7648,9.1297,8.6937,9.1212,400004000
1592314200,2020-06-16 00:00:00,9.1722,9.2137,8.7882,9.0166,535716000
1592400600,2020-06-17 00:00:00,9.0616,9.2458,9.0183,9.1831,408304000
1592487000,2020-06-18 00:00:00,9.1742,9.2294,9.0623,9.1652,254408000
1592573400,2020-06-19 00:00:00,9.1896,9.3909,9.1744,9.2082,524160000
1592832600,2020-06-22 00:00:00,9.2468,9.4767,9.2202,9.4722,398468000
1592919000,2020-06-23 00:00:00,9.4963,9.5873,9.3537,9.3959,375108000
1593005400,2020-06-24 00:00:00,9.4220,9.5018,9.0922,9.1826,449372000
1593091800,2020-06-25 00:00:00,9.3022,9.4506,9.1297,9.4357,376072000
1593178200,2020-06-26 00:00:00,9.4456,9.4456,9.0728,9.1026,592084000
1593437400,2020-06-29 00:00:00,9.1173,9.1518,8.8491,9.1473,342248000
1593523800,2020-06-30 00:00:00,9.2607,9.4717,9.2135,9.4434,367892000
1593610200,2020-07-01 00:00:00,9.4663,9.5209,9.3591,9.4755,326648000
1593696600,2020-07-02 00:00:00,9.5838,9.6818,9.5234,9.5572,364056000
1594042200,2020-07-06 00:00:00,9.6860,9.8520,9.6569,9.7829,315892000
1594128600,2020-07-07 00:00:00,9.8893,10.0124,9.7944,9.8152,357800000
1594215000,2020-07-08 00:00:00,9.9365,10.1665,9.9085,10.1575,365480000
1594301400,2020-07-09 00:00:00,10.3208,10.5095,10.1749,10.4489,494548000
1594387800,2020-07-10 00:00:00,10.5281,10.5943,10.3193,10.4193,497676000
1594647000,2020-07-13 00:00:00,10.5344,10.7305,9.9676,9.9947,457076000
1594733400,2020-07-14 00:00:00,10.0173,10.3432,9.7295,10.3176,542676000
1594819800,2020-07-15 00:00:00,10.3546,10.3733,9.9982,10.1687,403984000
1594906200,2020-07-16 00:00:00,9.9577,10.1483,9.8389,10.0767,344964000
1594992600,2020-07-17 00:00:00,10.1670,10.1898,10.0300,10.1431,266284000
1595251800,2020-07-20 00:00:00,10.2154,10.4710,10.0986,10.4506,284852000
1595338200,2020-07-21 00:00:00,10.4528,10.4996,10.2279,10.2694,277036000
1595424600,2020-07-22 00:00:00,10.3082,10.5418,10.2326,10.3790,367292000
1595511000,2020-07-23 00:00:00,10.3902,10.4866,9.9738,10.0718,411660000
1595597400,2020-07-24 00:00:00,9.8185,10.3054,9.7210,10.1362,473292000
1595856600,2020-07-27 00:00:00,10.1737,10.3820,10.1593,10.3619,292132000
1595943000,2020-07-28 00:00:00,10.3149,10.3226,10.1508,10.1570,271636000
1596029400,2020-07-29 00:00:00,10.3313,10.4561,10.2878,10.4056,284508000
1596115800,2020-07-30 00:00:00,10.3156,10.5622,10.2363,10.5532,308880000
1596202200,2020-07-31 00:00:00,10.5028,10.7049,10.3733,10.5540,386080000
1596461400,2020-08-03 00:00:00,10.6711,11.0352,10.6539,10.9472,412720000
1596547800,2020-08-04 00:00:00,10.9868,11.1635,10.8436,11.1635,310336000
1596634200,2020-08-05 00:00:00,11.1796,11.3067,11.1023,11.2221,249924000
1596720600,2020-08-06 00:00:00,11.2848,11.2930,11.1148,11.2706,244316000
1596807000,2020-08-07 00:00:00,11.2478,11.4389,10.9743,11.1354,342516000
1597066200,2020-08-10 00:00:00,11.2694,11.3430,10.7944,11.1011,427796000
1597152600,2020-08-11 00:00:00,11.0104,11.0730,10.7340,10.7879,354512000
1597239000,2020-08-12 00:00:00,10.9278,11.4014,10.8955,11.3748,464412000
1597325400,2020-08-13 00:00:00,11.4799,11.6547,11.2908,11.3775,374460000
1597411800,2020-08-14 00:00:00,11.4640,11.6378,11.3750,11.4978,366436000
1597671000,2020-08-17 00:00:00,11.7834,12.3387,11.7496,12.2664,621300000
1597757400,2020-08-18 00:00:00,12.3787,12.4245,12.0171,12.1906,503448000
1597843800,2020-08-19 00:00:00,12.2261,12.2445,12.0288,12.0690,622624000
1597930200,2020-08-20 00:00:00,11.9065,12.3042,11.8108,12.0715,921388000
1598016600,2020-08-21 00:00:00,12.1319,12.7354,12.1254,12.6109,999868000
1598275800,2020-08-24 00:00:00,12.8100,12.8386,12.4359,12.6474,490564000
1598362200,2020-08-25 00:00:00,12.5585,12.6882,12.5018,12.6770,289076000
1598448600,2020-08-26 00:00:00,12.7260,12.7948,12.6052,12.6999,321244000
1598535000,2020-08-27 00:00:00,12.7083,12.7765,12.4946,12.5560,317604000
1598621400,2020-08-28 00:00:00,12.6025,13.0727,12.5701,13.0725,537160000
1598880600,2020-08-31 00:00:00,13.1073,13.4973,12.9631,13.2979,500840000
1598967000,2020-09-01 00:00:00,13.4069,13.9178,13.3636,13.7460,511316000
1599053400,2020-09-02 00:00:00,14.6240,14.6468,13.8246,14.2687,874012000
1599139800,2020-09-03 00:00:00,13.7537,13.8092,12.8089,12.9449,945128000
1599226200,2020-09-04 00:00:00,12.7144,13.1035,11.6412,12.5540,1463684000
1599571800,2020-09-08 00:00:00,11.6708,12.4819,11.6407,11.8484,795728000
1599658200,2020-09-09 00:00:00,12.3327,12.7397,12.1654,12.6460,736200000
1599744600,2020-09-10 00:00:00,12.9188,12.9944,12.1010,12.2449,698684000
1599831000,2020-09-11 00:00:00,12.4178,12.5838,11.8312,12.0985,636928000
1600090200,2020-09-14 00:00:00,13.0100,13.2428,12.5627,12.8024,1201744000
1600176600,2020-09-15 00:00:00,13.2079,13.2266,12.7581,12.9205,727556000
1600263000,2020-09-16 00:00:00,12.8869,13.0217,12.4458,12.4466,556384000
1600349400,2020-09-17 00:00:00,12.0664,12.5214,11.9694,12.3959,792512000
1600435800,2020-09-18 00:00:00,12.5254,12.5640,11.9237,12.1231,698460000
1600695000,2020-09-21 00:00:00,11.8603,12.4545,11.8399,12.4493,721044000
1600781400,2020-09-22 00:00:00,12.5068,12.5794,12.0895,12.5692,646452000
1600867800,2020-09-23 00:00:00,12.5073,12.6579,12.0137,12.0580,647012000
1600954200,2020-09-24 00:00:00,12.0067,12.5013,11.9488,12.2810,731240000
1601040600,2020-09-25 00:00:00,12.3800,12.8136,12.1793,12.8039,588016000
1601299800,2020-09-28 00:00:00,12.9695,12.9809,12.6808,12.9643,573808000
1601386200,2020-09-29 00:00:00,12.8673,13.3698,12.8631,13.1540,621460000
1601472600,2020-09-30 00:00:00,13.0861,13.5486,13.0789,13.4571,689184000
1601559000,2020-10-01 00:00:00,13.6833,13.6881,13.3877,13.5406,525004000
1601645400,2020-10-02 00:00:00,13.1532,13.4461,12.9802,12.9914,552496000
1601904600,2020-10-05 00:00:00,13.1642,13.5702,13.1510,13.5685,479820000
1601991000,2020-10-06 00:00:00,13.7550,14.0653,13.5909,13.6620,784420000
1602077400,2020-10-07 00:00:00,13.9238,14.0426,13.7883,13.8882,418084000
1602163800,2020-10-08 00:00:00,13.9986,14.0081,13.6833,13.7637,378900000
1602250200,2020-10-09 00:00:00,13.6923,13.7492,13.5866,13.6881,346892000
1602509400,2020-10-12 00:00:00,13.9136,14.2692,13.8370,14.1488,434744000
1602595800,2020-10-13 00:00:00,14.2189,14.2706,13.9427,14.1709,344604000
1602682200,2020-10-14 00:00:00,14.2130,14.2649,13.8843,14.0188,276100000
1602768600,2020-10-15 00:00:00,13.7358,13.9298,13.6930,13.8942,267224000
1602855000,2020-10-16 00:00:00,13.9606,14.0449,13.7177,13.7366,242392000
1603114200,2020-10-19 00:00:00,13.8276,13.9076,13.3340,13.4245,298068000
1603200600,2020-10-20 00:00:00,13.5098,13.7249,13.4337,13.5715,229212000
1603287000,2020-10-21 00:00:00,13.5511,13.7167,13.4044,13.4514,219596000
1603373400,2020-10-22 00:00:00,13.4491,13.5379,13.1600,13.2885,290480000
1603459800,2020-10-23 00:00:00,13.3770,13.5195,13.2191,13.5165,233484000
1603719000,2020-10-26 00:00:00,13.3541,13.6185,12.9678,13.0699,336896000
1603805400,2020-10-27 00:00:00,13.2338,13.3691,13.1199,13.3241,250520000
1603891800,2020-10-28 00:00:00,13.1264,13.1880,12.5406,12.5585,376520000
1603978200,2020-10-29 00:00:00,12.7688,13.1212,12.6808,12.9533,320080000
1604064600,2020-10-30 00:00:00,12.7803,12.8663,12.2333,12.4660,416820000
1604327400,2020-11-02 00:00:00,12.5891,12.7671,12.3277,12.5125,299652000
1604413800,2020-11-03 00:00:00,12.6395,13.0339,12.5344,12.9489,272900000
1604500200,2020-11-04 00:00:00,13.3166,13.7525,13.2646,13.7194,410228000
1604586600,2020-11-05 00:00:00,14.0857,14.2612,13.9151,14.0832,319028000
1604673000,2020-11-06 00:00:00,14.0332,14.5096,13.8196,14.4830,383348000
1604932200,2020-11-09 00:00:00,14.4735,14.6118,13.5369,13.5568,582976000
1605018600,2020-11-10 00:00:00,13.5327,13.5327,12.5597,12.7007,644068000
1605105000,2020-11-11 00:00:00,12.9829,13.3621,12.8780,13.3452,404744000
1605191400,2020-11-12 00:00:00,13.4059,13.6913,13.2437,13.3837,365812000
1605277800,2020-11-13 00:00:00,13.5533,13.5946,12.9884,13.2248,346312000
1605537000,2020-11-16 00:00:00,13.1010,13.5754,13.0846,13.4419,413776000
1605623400,2020-11-17 00:00:00,13.4790,13.5225,13.2316,13.3494,312028000
1605709800,2020-11-18 00:00:00,13.3922,13.5319,13.1135,13.3559,510924000
1605796200,2020-11-19 00:00:00,13.1411,13.4143,13.0289,13.3673,565936000
1605882600,2020-11-20 00:00:00,13.3810,13.4213,12.9941,13.0167,341088000
1606141800,2020-11-23 00:00:00,13.0998,13.3099,12.9449,13.0687,361356000
1606228200,2020-11-24 00:00:00,13.0712,13.0906,12.8151,12.8874,346500000
1606314600,2020-11-25 00:00:00,12.9618,13.1975,12.9494,13.1629,259916000
1606487400,2020-11-27 00:00:00,13.3024,13.3348,13.0990,13.1893,167276000
1606746600,2020-11-30 00:00:00,13.1930,13.3397,12.9019,13.3288,286952000
1606833000,2020-12-01 00:00:00,13.4190,13.4553,13.1565,13.3173,296948000
1606919400,2020-12-02 00:00:00,13.2781,13.5993,13.1624,13.4710,283360000
1607005800,2020-12-03 00:00:00,13.5178,13.5899,13.2606,13.3272,199520000
1607092200,2020-12-04 00:00:00,13.3795,13.4904,13.3200,13.4887,202244000
1607351400,2020-12-07 00:00:00,13.5314,13.6608,13.4307,13.5369,223244000
1607437800,2020-12-08 00:00:00,13.5153,13.5290,13.2133,13.2815,271920000
1607524200,2020-12-09 00:00:00,13.2322,13.3452,12.8022,12.8644,401300000
1607610600,2020-12-10 00:00:00,12.8030,13.0017,12.7836,12.9057,207764000
1607697000,2020-12-11 00:00:00,12.9007,12.9532,12.7572,12.9465,209264000
1607956200,2020-12-14 00:00:00,13.0208,13.3200,13.0104,13.2404,270156000
1608042600,2020-12-15 00:00:00,13.3708,13.3949,13.1191,13.2919,193016000
1608129000,2020-12-16 00:00:00,13.3536,13.3683,13.1447,13.1745,223116000
1608215400,2020-12-17 00:00:00,13.2981,13.3108,13.1109,13.2728,231384000
1608301800,2020-12-18 00:00:00,13.3103,13.3362,13.0034,13.2039,342064000
1608561000,2020-12-21 00:00:00,13.0076,13.3014,12.9009,13.2638,302332000
1608647400,2020-12-22 00:00:00,13.2509,13.2688,12.9870,13.2101,185580000
1608733800,2020-12-23 00:00:00,13.1880,13.2069,12.9383,12.9425,179144000
1608820200,2020-12-24 00:00:00,12.9703,13.0651,12.8723,12.9271,97884000
1609165800,2020-12-28 00:00:00,12.9955,12.9955,12.6977,12.8338,212564000
1609252200,2020-12-29 00:00:00,12.8587,13.0054,12.7763,12.8768,170372000
1609338600,2020-12-30 00:00:00,12.9236,13.1459,12.8306,13.0783,225396000
1609425000,2020-12-31 00:00:00,13.0691,13.0835,12.8487,12.9880,192424000
1609770600,2021-01-04 00:00:00,13.0370,13.5824,12.8960,13.0462,560640000
1609857000,2021-01-05 00:00:00,13.0325,13.3745,13.0198,13.3360,322760000
1609943400,2021-01-06 00:00:00,13.1546,13.1770,12.5214,12.5498,580424000
1610029800,2021-01-07 00:00:00,12.9009,13.3091,12.8204,13.2755,461480000
1610116200,2021-01-08 00:00:00,13.2939,13.3521,12.9751,13.2086,292528000
1610375400,2021-01-11 00:00:00,13.3499,13.8893,13.2939,13.5516,518344000
1610461800,2021-01-12 00:00:00,13.6819,13.6839,13.2765,13.4155,291476000
1610548200,2021-01-13 00:00:00,13.4208,13.5551,13.3163,13.4623,210028000
1610634600,2021-01-14 00:00:00,13.5053,13.5300,13.1129,13.1325,283120000
1610721000,2021-01-15 00:00:00,13.1601,13.2569,12.7826,12.7935,277780000
1611066600,2021-01-19 00:00:00,12.9494,13.0268,12.7781,12.9584,226188000
1611153000,2021-01-20 00:00:00,13.0445,13.3616,12.9897,13.2972,258572000
1611239400,2021-01-21 00:00:00,13.3496,13.9274,13.1850,13.7963,337780000
1611325800,2021-01-22 00:00:00,13.6695,13.7707,13.5573,13.6421,246820000
1611585000,2021-01-25 00:00:00,13.7110,13.7575,13.1686,13.5832,251112000
1611671400,2021-01-26 00:00:00,13.5108,13.5747,13.3188,13.3663,163980000
1611757800,2021-01-27 00:00:00,13.1621,13.1648,12.7281,12.8515,371272000
1611844200,2021-01-28 00:00:00,12.9295,13.2713,12.8940,12.9840,228316000
1611930600,2021-01-29 00:00:00,13.0079,13.2663,12.8452,12.9231,271552000
1612189800,2021-02-01 00:00:00,12.9863,13.2026,12.8365,13.1691,217204000
1612276200,2021-02-02 00:00:00,13.3300,13.5023,13.2173,13.4872,220440000
1612362600,2021-02-03 00:00:00,13.5660,13.8602,13.4471,13.4611,245408000
1612449000,2021-02-04 00:00:00,13.4616,13.6033,13.2693,13.5941,201340000
1612535400,2021-02-05 00:00:00,13.6546,13.6667,13.4762,13.5212,169152000
1612794600,2021-02-08 00:00:00,13.6568,14.3995,13.6568,14.3646,434624000
1612881000,2021-02-09 00:00:00,14.2671,14.5084,14.1495,14.1900,287560000
1612967400,2021-02-10 00:00:00,14.3890,14.8285,14.2679,14.6885,485352000
1613053800,2021-02-11 00:00:00,14.9034,15.1939,14.8484,15.1725,450828000
1613140200,2021-02-12 00:00:00,14.9728,15.2128,14.6992,14.8845,374756000
1613485800,2021-02-16 00:00:00,14.9869,15.2936,14.8733,15.2516,321960000
1613572200,2021-02-17 00:00:00,15.0931,15.1454,14.7041,14.8295,274756000
1613658600,2021-02-18 00:00:00,14.6534,14.7969,14.5002,14.7529,233868000
1613745000,2021-02-19 00:00:00,14.9474,15.0991,14.7706,14.8499,271724000
1614004200,2021-02-22 00:00:00,14.6989,15.0556,14.2515,14.2821,325884000
1614090600,2021-02-23 00:00:00,14.0030,14.1657,13.3208,14.0694,391780000
1614177000,2021-02-24 00:00:00,14.0503,14.4323,13.6854,14.4246,448320000
1614263400,2021-02-25 00:00:00,13.9734,14.3010,13.1484,13.2392,824436000
1614349800,2021-02-26 00:00:00,13.6819,13.7834,13.2924,13.6441,500932000
1614609000,2021-03-01 00:00:00,13.8038,13.8535,13.4837,13.7707,353184000
1614695400,2021-03-02 00:00:00,13.8287,13.8491,13.3272,13.3374,264116000
1614781800,2021-03-03 00:00:00,13.3573,13.3825,12.7331,12.7390,377592000
1614868200,2021-03-04 00:00:00,12.7351,12.9084,12.0217,12.3068,573344000
1614954600,2021-03-05 00:00:00,12.4856,12.4856,11.6193,12.3975,542840000
1615213800,2021-03-08 00:00:00,12.3861,12.4072,11.5071,11.5338,543112000
1615300200,2021-03-09 00:00:00,12.0722,12.5563,12.0015,12.4603,521824000
1615386600,2021-03-10 00:00:00,12.7790,12.9178,12.3978,12.4085,384376000
1615473000,2021-03-11 00:00:00,12.8880,12.9838,12.6735,12.9313,299916000
1615559400,2021-03-12 00:00:00,12.5877,12.8270,12.5297,12.7944,243964000
1615815000,2021-03-15 00:00:00,12.8031,13.1435,12.7061,13.1281,221988000
1615901400,2021-03-16 00:00:00,13.2925,13.4478,13.0539,13.2276,272128000
1615987800,2021-03-17 00:00:00,12.9773,13.3888,12.9273,13.2774,243864000
1616074200,2021-03-18 00:00:00,13.0736,13.1209,12.6561,12.6616,293896000
1616160600,2021-03-19 00:00:00,12.6889,12.8596,12.5521,12.7842,299208000
1616419800,2021-03-22 00:00:00,12.8509,13.3304,12.8449,13.1231,297804000
1616506200,2021-03-23 00:00:00,13.1908,13.2806,12.9589,13.0082,222048000
1616592600,2021-03-24 00:00:00,13.0883,13.0962,12.5762,12.5825,245840000
1616679000,2021-03-25 00:00:00,12.4396,12.6539,12.2132,12.4752,295144000
1616765400,2021-03-26 00:00:00,12.4944,12.7947,12.3142,12.7778,363968000
1617024600,2021-03-29 00:00:00,12.7589,12.9999,12.6392,12.8862,273520000
1617111000,2021-03-30 00:00:00,12.7805,12.9131,12.6442,12.8101,200204000
1617197400,2021-03-31 00:00:00,12.9532,13.4060,12.9203,13.2843,314776000
1617283800,2021-04-01 00:00:00,13.5073,13.8036,13.4465,13.7456,308276000
1617629400,2021-04-05 00:00:00,13.8011,13.9469,13.6672,13.9205,255672000
1617715800,2021-04-06 00:00:00,13.9327,13.9869,13.7075,13.7951,191744000
1617802200,2021-04-07 00:00:00,13.8143,14.1753,13.6458,14.0758,251284000
1617888600,2021-04-08 00:00:00,14.1845,14.4022,14.1808,14.2484,244416000
1617975000,2021-04-09 00:00:00,14.1459,14.3390,14.1071,14.3310,195172000
1618234200,2021-04-12 00:00:00,14.2213,15.2790,14.0715,15.1362,869324000
1618320600,2021-04-13 00:00:00,15.1586,15.6248,15.0533,15.6044,676212000
1618407000,2021-04-14 00:00:00,15.5502,15.6452,15.1546,15.2038,385500000
1618493400,2021-04-15 00:00:00,15.5875,16.1366,15.5566,16.0600,598480000
1618579800,2021-04-16 00:00:00,15.9761,16.0883,15.7893,15.8363,335208000
1618839000,2021-04-19 00:00:00,15.4621,15.7318,15.1601,15.2882,404420000
1618925400,2021-04-20 00:00:00,15.2499,15.4228,14.8913,15.0986,334132000
1619011800,2021-04-21 00:00:00,15.0463,15.2889,15.0299,15.2869,216776000
1619098200,2021-04-22 00:00:00,15.3014,15.3646,14.7127,14.7791,277788000
1619184600,2021-04-23 00:00:00,14.8627,15.2616,14.8289,15.1921,227500000
1619443800,2021-04-26 00:00:00,15.1123,15.4049,15.0526,15.4039,197796000
1619530200,2021-04-27 00:00:00,15.5039,15.5955,15.2810,15.3081,164572000
1619616600,2021-04-28 00:00:00,15.2909,15.4579,15.1426,15.2036,209416000
1619703000,2021-04-29 00:00:00,15.3263,15.3626,14.9993,15.2514,173196000
1619789400,2021-04-30 00:00:00,15.1018,15.2914,14.9252,14.9376,201912000
1620048600,2021-05-03 00:00:00,15.0526,15.1737,14.7167,14.7657,203912000
1620135000,2021-05-04 00:00:00,14.5672,14.5674,13.9432,14.2825,405324000
1620221400,2021-05-05 00:00:00,14.6386,14.7426,14.3186,14.3893,292024000
1620307800,2021-05-06 00:00:00,14.4258,14.5015,14.1499,14.4535,193380000
1620394200,2021-05-07 00:00:00,14.7373,14.8991,14.6015,14.7413,229328000
1620653400,2021-05-10 00:00:00,14.7164,14.7351,14.1818,14.1974,268904000
1620739800,2021-05-11 00:00:00,13.7588,14.2860,13.6842,14.2377,285584000
1620826200,2021-05-12 00:00:00,13.9424,14.1920,13.6436,13.6926,303408000
1620912600,2021-05-13 00:00:00,13.9665,14.0133,13.3945,13.5998,285404000
1620999000,2021-05-14 00:00:00,13.8235,14.2594,13.6827,14.1748,258616000
1621258200,2021-05-17 00:00:00,14.0892,14.1014,13.7872,14.0977,216980000
1621344600,2021-05-18 00:00:00,14.1987,14.3353,13.9369,13.9486,186256000
1621431000,2021-05-19 00:00:00,13.5015,14.0121,13.4784,13.9984,344000000
1621517400,2021-05-20 00:00:00,14.2340,14.6134,14.2022,14.5425,321592000
1621603800,2021-05-21 00:00:00,15.0911,15.1491,14.7983,14.9200,672992000
1621863000,2021-05-24 00:00:00,15.1396,15.6696,15.1033,15.5372,554816000
1621949400,2021-05-25 00:00:00,15.6905,15.7427,15.4084,15.5728,435408000
1622035800,2021-05-26 00:00:00,15.6589,15.7181,15.5116,15.6248,370440000
1622122200,2021-05-27 00:00:00,15.6246,15.6746,15.3860,15.4138,581476000
1622208600,2021-05-28 00:00:00,15.4268,16.1995,15.4268,16.1667,644536000
1622554200,2021-06-01 00:00:00,16.1921,16.3098,15.8271,16.1866,472804000
1622640600,2021-06-02 00:00:00,16.1744,16.8377,16.1577,16.6979,594168000
1622727000,2021-06-03 00:00:00,16.6208,17.1764,16.5036,16.8885,580008000
1622813400,2021-06-04 00:00:00,17.0305,17.5764,17.0136,17.4941,617120000
1623072600,2021-06-07 00:00:00,17.4871,17.7272,17.1104,17.5346,575756000
1623159000,2021-06-08 00:00:00,17.4433,17.5371,17.1684,17.3734,323848000
1623245400,2021-06-09 00:00:00,17.4359,17.4948,17.1771,17.2791,381656000
1623331800,2021-06-10 00:00:00,17.2709,17.4122,17.0977,17.3455,287772000
1623418200,2021-06-11 00:00:00,17.3998,17.8574,17.3642,17.7440,416308000
1623677400,2021-06-14 00:00:00,17.8243,17.9572,17.5822,17.9366,321376000
1623763800,2021-06-15 00:00:00,17.8333,17.9341,17.6471,17.7074,243032000
1623850200,2021-06-16 00:00:00,17.7096,17.8729,17.5043,17.7290,307124000
1623936600,2021-06-17 00:00:00,17.6934,18.7491,17.6753,18.5722,809656000
1624023000,2021-06-18 00:00:00,18.6983,19.2866,18.4992,18.5537,968856000
1624282200,2021-06-21 00:00:00,18.3512,18.4520,17.7415,18.3432,672384000
1624368600,2021-06-22 00:00:00,18.3873,18.8773,18.3021,18.8006,580144000
1624455000,2021-06-23 00:00:00,18.9211,19.0654,18.8215,18.9703,332356000
1624541400,2021-06-24 00:00:00,19.1401,19.3314,19.0012,19.1179,320924000
1624627800,2021-06-25 00:00:00,19.1926,19.2573,18.8083,18.9442,278364000
1624887000,2021-06-28 00:00:00,19.2729,19.9872,19.2309,19.8939,495436000
1624973400,2021-06-29 00:00:00,19.7918,20.0071,19.5673,19.9354,367632000
1625059800,2021-06-30 00:00:00,19.9080,20.0705,19.7732,19.9113,326568000
1625146200,2021-07-01 00:00:00,20.0332,20.3627,19.9277,20.1198,480136000
1625232600,2021-07-02 00:00:00,20.3470,20.4117,20.1952,20.3936,342764000
1625578200,2021-07-06 00:00:00,20.6429,20.7469,20.2574,20.6041,446708000
1625664600,2021-07-07 00:00:00,20.7584,20.7798,20.2393,20.2788,418428000
1625751000,2021-07-08 00:00:00,19.7659,20.0412,19.6109,19.8120,503300000
1625837400,2021-07-09 00:00:00,19.8715,19.9887,19.6642,19.9588,296624000
1626096600,2021-07-12 00:00:00,20.1477,20.4391,20.0957,20.4189,321984000
1626183000,2021-07-13 00:00:00,20.3075,20.3679,20.0223,20.1576,290708000
1626269400,2021-07-14 00:00:00,20.2649,20.3246,19.6627,19.7510,380100000
1626355800,2021-07-15 00:00:00,19.7214,19.7565,18.7725,18.8797,550564000
1626442200,2021-07-16 00:00:00,18.9437,19.0696,17.9906,18.0782,688224000
1626701400,2021-07-19 00:00:00,17.8335,18.9552,17.7840,18.6941,749060000
1626787800,2021-07-20 00:00:00,18.6446,18.7521,18.0812,18.5271,434687000
1626874200,2021-07-21 00:00:00,18.7959,19.4379,18.6565,19.3215,371017000
1626960600,2021-07-22 00:00:00,19.5524,19.7963,19.1881,19.5046,323826000
1627047000,2021-07-23 00:00:00,19.5664,19.6102,19.1622,19.4688,195672000
1627306200,2021-07-26 00:00:00,19.2229,19.3533,18.8277,19.2060,203943000
1627392600,2021-07-27 00:00:00,19.1771,19.5325,18.6555,19.1204,248863000
1627479000,2021-07-28 00:00:00,19.2309,19.5564,18.9084,19.4141,202191000
1627565400,2021-07-29 00:00:00,19.4300,19.7625,19.2398,19.5723,190781000
1627651800,2021-07-30 00:00:00,19.3294,19.5405,19.1751,19.4101,183497000
1627911000,2021-08-02 00:00:00,19.6102,19.8700,19.2727,19.6599,217444000
1627997400,2021-08-03 00:00:00,19.6500,20.1298,19.1323,19.7246,301811000
1628083800,2021-08-04 00:00:00,19.8988,20.2253,19.7376,20.1815,231309000
1628170200,2021-08-05 00:00:00,20.4065,20.6384,20.2492,20.5429,211435000
1628256600,2021-08-06 00:00:00,20.4304,20.4762,20.1178,20.2731,178497000
1628515800,2021-08-09 00:00:00,20.3527,20.4145,20.0511,20.2024,146443000
1628602200,2021-08-10 00:00:00,20.2293,20.3368,19.7445,19.8451,179238000
1628688600,2021-08-11 00:00:00,19.9516,19.9576,19.3414,19.6092,185925000
1628775000,2021-08-12 00:00:00,19.7794,19.9376,19.5305,19.8142,151652000
1628861400,2021-08-13 00:00:00,19.8142,20.1218,19.7605,20.0959,183063000
1629120600,2021-08-16 00:00:00,20.0432,20.1945,19.3643,19.8590,210876000
1629207000,2021-08-17 00:00:00,19.5952,19.6798,19.1791,19.3693,204585000
1629293400,2021-08-18 00:00:00,19.4111,19.5444,18.9133,18.9532,285913000
1629379800,2021-08-19 00:00:00,19.4051,20.4015,18.6764,19.7077,766555000
1629466200,2021-08-20 00:00:00,19.8998,20.7698,19.8421,20.7211,675741000
1629725400,2021-08-23 00:00:00,20.8754,21.8967,20.8545,21.8579,575807000
1629811800,2021-08-24 00:00:00,21.6538,21.8588,21.4368,21.6936,297299000
1629898200,2021-08-25 00:00:00,21.6379,22.3675,21.6229,22.1117,347701000
1629984600,2021-08-26 00:00:00,22.0988,22.2381,21.6906,21.9674,237940000
1630071000,2021-08-27 00:00:00,22.0828,22.6184,22.0659,22.5328,304722000
1630330200,2021-08-30 00:00:00,22.7259,22.9379,22.4481,22.5845,262580000
1630416600,2021-08-31 00:00:00,22.5955,22.5955,22.0230,22.2868,259850000
1630503000,2021-09-01 00:00:00,22.3864,22.5975,22.2590,22.3426,201767000
1630589400,2021-09-02 00:00:00,22.4192,22.4939,22.1972,22.2978,187834000
1630675800,2021-09-03 00:00:00,22.2271,22.8852,22.1026,22.7428,280532000
1631021400,2021-09-07 00:00:00,22.7329,22.7986,22.4232,22.5626,198107000
1631107800,2021-09-08 00:00:00,22.4143,22.5108,21.8806,22.2410,254434000
1631194200,2021-09-09 00:00:00,22.2142,22.4392,22.0340,22.0797,196856000
1631280600,2021-09-10 00:00:00,22.2500,22.5268,22.1723,22.3794,248376000
1631539800,2021-09-13 00:00:00,22.5845,22.8633,21.7621,22.0549,297500000
1631626200,2021-09-14 00:00:00,22.1773,22.3117,21.9891,22.1445,199755000
1631712600,2021-09-15 00:00:00,22.2112,22.2689,21.8697,22.2430,166538000
1631799000,2021-09-16 00:00:00,22.0857,22.1793,21.8308,22.1445,156033000
1631885400,2021-09-17 00:00:00,22.2022,22.2231,21.7343,21.8040,294503000
1632144600,2021-09-20 00:00:00,21.0533,21.3390,20.5714,21.0204,349440000
1632231000,2021-09-21 00:00:00,21.3231,21.3310,20.8581,21.1528,204688000
1632317400,2021-09-22 00:00:00,21.2723,21.8637,21.1030,21.8448,268726000
1632403800,2021-09-23 00:00:00,22.0429,22.4362,21.7940,22.3834,248555000
1632490200,2021-09-24 00:00:00,21.9732,22.0519,21.7651,21.9842,217655000
1632749400,2021-09-27 00:00:00,21.6148,21.7034,21.2315,21.5650,245215000
1632835800,2021-09-28 00:00:00,21.1210,21.3251,20.5604,20.6082,343069000
1632922200,2021-09-29 00:00:00,20.8482,20.9248,20.3772,20.4270,218394000
1633008600,2021-09-30 00:00:00,20.6769,20.9736,20.5973,20.6252,221009000
1633095000,2021-10-01 00:00:00,20.6590,20.7675,20.1144,20.6510,240978000
1633354200,2021-10-04 00:00:00,20.4141,20.4519,19.4692,19.6455,345635000
1633440600,2021-10-05 00:00:00,19.8625,20.5574,19.7669,20.3613,279282000
1633527000,2021-10-06 00:00:00,20.0318,20.6291,19.9919,20.6092,297202000
1633613400,2021-10-07 00:00:00,20.9995,21.2285,20.8800,20.9826,256919000
1633699800,2021-10-08 00:00:00,21.0085,21.1130,20.6839,20.7396,151258000
1633959000,2021-10-11 00:00:00,20.4848,20.9706,20.4210,20.6042,163388000
1634045400,2021-10-12 00:00:00,20.7367,20.9647,20.4380,20.5804,162134000
1634131800,2021-10-13 00:00:00,20.8263,20.8980,20.6222,20.8472,180652000
1634218200,2021-10-14 00:00:00,21.1946,21.6596,21.0294,21.6506,243589000
1634304600,2021-10-15 00:00:00,21.7144,21.8348,21.5670,21.7661,226994000
1634563800,2021-10-18 00:00:00,21.6536,22.1933,21.5491,22.1246,189494000
1634650200,2021-10-19 00:00:00,22.1783,22.2809,21.9404,22.1923,161473000
1634736600,2021-10-20 00:00:00,22.2072,22.3346,21.8856,22.0061,146276000
1634823000,2021-10-21 00:00:00,22.0001,22.6114,21.9862,22.5925,187590000
1634909400,2021-10-22 00:00:00,22.7229,23.0286,22.4621,22.6263,249384000
1635168600,2021-10-25 00:00:00,22.8723,23.2526,22.6701,23.0644,230235000
1635255000,2021-10-26 00:00:00,23.8838,25.1482,23.8191,24.6086,485898000
1635341400,2021-10-27 00:00:00,24.3667,24.9800,24.1755,24.3438,245990000
1635427800,2021-10-28 00:00:00,24.7689,24.8406,24.4155,24.8316,234204000
1635514200,2021-10-29 00:00:00,24.8914,25.5963,24.8904,25.4549,292503000
1635773400,2021-11-01 00:00:00,25.5365,25.7804,25.1164,25.7137,265740000
1635859800,2021-11-02 00:00:00,25.7088,26.5610,25.6869,26.2852,294112000
1635946200,2021-11-03 00:00:00,26.5530,26.6665,26.1200,26.4814,239910000
1636032600,2021-11-04 00:00:00,27.1096,31.2275,26.9991,29.6703,1153631000
1636119000,2021-11-05 00:00:00,30.0546,31.2623,29.2810,29.6215,851260000
1636381800,2021-11-08 00:00:00,30.0168,30.9636,29.7758,30.6689,503101000
1636468200,2021-11-09 00:00:00,32.1404,32.1683,29.8326,30.5226,646746000
1636554600,2021-11-10 00:00:00,29.2273,30.7147,28.6518,29.3298,636206000
1636641000,2021-11-11 00:00:00,30.3344,30.4559,29.6464,30.2567,332172000
1636727400,2021-11-12 00:00:00,29.8784,30.5455,29.5001,30.2567,413054000
1636986600,2021-11-15 00:00:00,30.4180,30.5096,29.1187,29.8933,384909000
1637073000,2021-11-16 00:00:00,29.6285,30.2567,29.5757,30.0705,264484000
1637159400,2021-11-17 00:00:00,30.2846,30.3752,28.6737,29.1327,428508000
1637245800,2021-11-18 00:00:00,32.2251,32.6163,31.1836,31.5361,781711000
1637332200,2021-11-19 00:00:00,32.1016,32.9429,31.7651,32.8403,533867000
1637591400,2021-11-22 00:00:00,33.3700,34.4951,31.7601,31.8159,754335000
1637677800,2021-11-23 00:00:00,31.3967,32.2181,30.7446,31.6068,532163000
1637764200,2021-11-24 00:00:00,31.3230,32.7109,30.7924,32.5307,435162000
1637937000,2021-11-26 00:00:00,32.4570,32.5666,31.2125,31.3649,283069000
1638196200,2021-11-29 00:00:00,32.2241,33.2655,31.8955,33.2296,454964000
1638282600,2021-11-30 00:00:00,33.0235,33.2067,31.7243,32.5327,622066000
1638369000,2021-12-01 00:00:00,33.0774,33.1471,31.2462,31.3010,484368000
1638455400,2021-12-02 00:00:00,31.0809,32.3395,30.8927,31.9890,472890000
1638541800,2021-12-03 00:00:00,31.8636,31.9920,30.0015,30.5621,544325000
1638801000,2021-12-06 00:00:00,29.7526,30.1121,27.9185,29.9089,658938000
1638887400,2021-12-07 00:00:00,30.8250,32.3107,30.5203,32.2887,593053000
1638973800,2021-12-08 00:00:00,31.8626,32.1523,31.2870,31.6903,475551000
1639060200,2021-12-09 00:00:00,31.5987,32.0677,30.2983,30.3600,488507000
1639146600,2021-12-10 00:00:00,31.0172,31.1715,29.7337,30.0693,488825000
1639405800,2021-12-13 00:00:00,30.1200,30.1648,27.9961,28.0409,598344000
1639492200,2021-12-14 00:00:00,27.5809,28.5557,27.1338,28.2162,667035000
1639578600,2021-12-15 00:00:00,28.2789,30.3700,27.7193,30.3291,698297000
1639665000,2021-12-16 00:00:00,31.0192,31.0272,27.9732,28.2660,707366000
1639751400,2021-12-17 00:00:00,27.8657,28.7987,27.6416,27.6825,713758000
1640010600,2021-12-20 00:00:00,27.1886,28.0240,27.0293,27.6008,461847000
1640097000,2021-12-21 00:00:00,28.2530,28.9959,27.2842,28.9510,524385000
1640183400,2021-12-22 00:00:00,28.7678,29.4290,28.3277,29.2747,395184000
1640269800,2021-12-23 00:00:00,29.6281,29.9308,29.3055,29.5136,343022000
1640615400,2021-12-27 00:00:00,29.5335,30.9545,29.5136,30.8131,403686000
1640701800,2021-12-28 00:00:00,31.1785,31.1964,29.8840,30.1927,420591000
1640788200,2021-12-29 00:00:00,30.1439,30.4178,29.2408,29.8731,343139000
1640874600,2021-12-30 00:00:00,29.6998,30.3272,29.4141,29.4599,308864000
1640961000,2021-12-31 00:00:00,29.5475,29.9020,29.2060,29.2856,266530000
1641220200,2022-01-03 00:00:00,29.6879,30.5801,29.6580,29.9926,391547000
1641306600,2022-01-04 00:00:00,30.1479,30.3381,28.2281,29.1651,527154000
1641393000,2022-01-05 00:00:00,28.8256,29.2906,27.4156,27.4863,498064000
1641479400,2022-01-06 00:00:00,27.5222,28.3168,26.9496,28.0579,454186000
1641565800,2022-01-07 00:00:00,28.0210,28.3008,26.9416,27.1308,409939000
1641825000,2022-01-10 00:00:00,26.4677,27.3519,25.5347,27.2832,594681000
1641911400,2022-01-11 00:00:00,27.2065,27.9454,26.7246,27.6984,404089000
1641997800,2022-01-12 00:00:00,27.9473,28.4731,27.4903,27.8796,383413000
1642084200,2022-01-13 00:00:00,28.2580,28.3586,26.3850,26.4617,540171000
1642170600,2022-01-14 00:00:00,26.1879,27.0810,26.0983,26.8271,395832000
1642516200,2022-01-18 00:00:00,26.1480,26.5244,25.6601,25.7926,424270000
1642602600,2022-01-19 00:00:00,25.9678,26.4298,24.9452,24.9601,488315000
1642689000,2022-01-20 00:00:00,25.1961,25.4700,23.9753,24.0470,435181000
1642775400,2022-01-21 00:00:00,23.4068,24.7172,23.1638,23.2743,718958000
1643034600,2022-01-24 00:00:00,22.2348,23.2803,20.7989,23.2724,913982000
1643121000,2022-01-25 00:00:00,22.4499,22.8452,21.9062,22.2288,664616000
1643207400,2022-01-26 00:00:00,23.1409,23.9544,22.2049,22.6749,755959000
1643293800,2022-01-27 00:00:00,23.4675,23.8927,21.5826,21.8504,573353000
1643380200,2022-01-28 00:00:00,21.9182,22.7605,21.2052,22.7426,543774000
1643639400,2022-01-31 00:00:00,23.0832,24.4045,22.9537,24.3816,564680000
1643725800,2022-02-01 00:00:00,24.9970,25.0378,23.7881,24.5330,518925000
1643812200,2022-02-02 00:00:00,25.6840,25.7069,24.4483,25.1344,543419000
1643898600,2022-02-03 00:00:00,24.3537,24.9701,23.6786,23.8459,410178000
1643985000,2022-02-04 00:00:00,23.8698,24.5300,23.5312,24.2153,354829000
1644244200,2022-02-07 00:00:00,24.2681,25.0746,24.0988,24.6226,376868000
1644330600,2022-02-08 00:00:00,24.2552,25.1224,23.8778,25.0010,410359000
1644417000,2022-02-09 00:00:00,25.5128,26.6111,25.2449,26.5911,524282000
1644503400,2022-02-10 00:00:00,25.8842,26.8102,25.4909,25.7139,513200000
1644589800,2022-02-11 00:00:00,25.8055,26.0405,23.6716,23.8469,605472000
1644849000,2022-02-14 00:00:00,23.8320,24.7689,23.6537,24.1635,440424000
1644935400,2022-02-15 00:00:00,24.8426,26.4318,24.6783,26.3820,699869000
1645021800,2022-02-16 00:00:00,26.1470,26.4687,25.4431,26.3980,732676000
1645108200,2022-02-17 00:00:00,25.5207,25.6751,24.0620,24.4025,810595000
1645194600,2022-02-18 00:00:00,24.5628,24.8795,23.0015,23.5412,761255000
1645540200,2022-02-22 00:00:00,22.9368,23.9614,22.9019,23.2903,633422000
1645626600,2022-02-23 00:00:00,23.7005,24.0520,22.2059,22.2916,566511000
1645713000,2022-02-24 00:00:00,20.9254,23.6985,20.8009,23.6467,735801000
1645799400,2022-02-25 00:00:00,23.6199,24.1138,23.2813,24.0540,528866000
1646058600,2022-02-28 00:00:00,23.8897,24.5598,23.6059,24.2810,477319000
1646145000,2022-03-01 00:00:00,24.1874,24.2731,23.0334,23.3769,412056000
1646231400,2022-03-02 00:00:00,23.6587,24.3091,23.3191,24.1208,389642000
1646317800,2022-03-03 00:00:00,24.1627,24.2264,23.3729,23.6169,365095000
1646404200,2022-03-04 00:00:00,23.2883,23.5831,22.3900,22.8421,431415000
1646663400,2022-03-07 00:00:00,22.7236,22.9387,21.2427,21.2646,450821000
1646749800,2022-03-08 00:00:00,21.2218,22.2814,20.5655,21.4259,557467000
1646836200,2022-03-09 00:00:00,22.2954,23.1249,22.1559,22.9198,492742000
1646922600,2022-03-10 00:00:00,22.4388,22.6947,21.7924,22.5652,428066000
1647009000,2022-03-11 00:00:00,22.9278,23.0503,21.9558,22.0095,367209000
1647264600,2022-03-14 00:00:00,21.7795,22.1709,21.0724,21.2427,385354000
1647351000,2022-03-15 00:00:00,21.4299,22.9437,21.2347,22.8790,491996000
1647437400,2022-03-16 00:00:00,23.4038,24.4963,23.0771,24.3957,671422000
1647523800,2022-03-17 00:00:00,24.0213,24.7403,23.8081,24.6646,471941000
1647610200,2022-03-18 00:00:00,24.6975,26.4602,24.5232,26.3447,730719000
1647869400,2022-03-21 00:00:00,26.3985,27.0409,25.8607,26.6246,591727000
1647955800,2022-03-22 00:00:00,26.6176,27.1265,25.9653,26.4154,547007000
1648042200,2022-03-23 00:00:00,26.0190,26.5031,25.4703,25.5291,502120000
1648128600,2022-03-24 00:00:00,26.0589,28.2041,25.8009,28.0348,877379000
1648215000,2022-03-25 00:00:00,27.7718,28.2419,27.1594,27.5786,579016000
1648474200,2022-03-28 00:00:00,27.6424,28.1344,27.0946,28.1035,425494000
1648560600,2022-03-29 00:00:00,28.5775,28.8275,27.8655,28.5387,488984000
1648647000,2022-03-30 00:00:00,28.1881,28.3793,27.3904,27.5766,463487000
1648733400,2022-03-31 00:00:00,27.6683,28.1324,27.1584,27.1743,523440000
1648819800,2022-04-01 00:00:00,27.2629,27.3834,26.1595,26.6026,517235000
1649079000,2022-04-04 00:00:00,26.6186,27.4452,26.5041,27.2480,397120000
1649165400,2022-04-05 00:00:00,27.1424,27.2072,25.7143,25.8248,436615000
1649251800,2022-04-06 00:00:00,24.8319,25.1964,23.9047,24.3071,703833000
1649338200,2022-04-07 00:00:00,24.3409,24.6208,23.3819,24.1089,557992000
1649424600,2022-04-08 00:00:00,23.8191,23.8251,22.9676,23.0244,524781000
1649683800,2022-04-11 00:00:00,22.1231,22.2286,21.5713,21.8273,575207000
1649770200,2022-04-12 00:00:00,22.4447,22.6320,21.1949,21.4160,662258000
1649856600,2022-04-13 00:00:00,21.6391,22.4079,21.3672,22.1121,516943000
1649943000,2022-04-14 00:00:00,22.4129,22.6838,21.0764,21.1710,569097000
1650288600,2022-04-18 00:00:00,21.1132,21.9976,20.9927,21.6938,525701000
1650375000,2022-04-19 00:00:00,21.6311,22.2814,21.2267,22.1071,512781000
1650461400,2022-04-20 00:00:00,22.4248,22.5772,21.1132,21.3941,468974000
1650547800,2022-04-21 00:00:00,21.6201,22.3003,19.9181,20.1004,656209000
1650634200,2022-04-22 00:00:00,20.2199,20.4021,19.4202,19.4351,624713000
1650893400,2022-04-25 00:00:00,19.1234,19.8634,19.0178,19.8205,641566000
1650979800,2022-04-26 00:00:00,19.6373,19.7070,18.5936,18.7111,653143000
1651066200,2022-04-27 00:00:00,18.5219,19.0885,18.2151,18.3396,499460000
1651152600,2022-04-28 00:00:00,18.8894,19.9550,18.4143,19.7010,570327000
1651239000,2022-04-29 00:00:00,19.3226,20.0456,18.4412,18.4711,500435000
1651498200,2022-05-02 00:00:00,18.4651,19.4939,18.3157,19.4530,572049000
1651584600,2022-05-03 00:00:00,19.3206,19.7438,19.0547,19.5218,475751000
1651671000,2022-05-04 00:00:00,19.8414,20.3165,18.6742,20.2508,648855000
1651757400,2022-05-05 00:00:00,19.7857,19.8434,18.4243,18.7669,626331000
1651843800,2022-05-06 00:00:00,18.6593,19.4321,17.9164,18.5985,633297000
1652103000,2022-05-09 00:00:00,17.9602,18.1803,16.7581,16.8806,644455000
1652189400,2022-05-10 00:00:00,17.6166,18.1235,16.9553,17.5230,761474000
1652275800,2022-05-11 00:00:00,17.2760,17.6803,16.5002,16.5619,670167000
1652362200,2022-05-12 00:00:00,16.1526,16.7193,15.5033,16.1088,708728000
1652448600,2022-05-13 00:00:00,16.7193,17.8546,16.5251,17.6335,670437000
1652707800,2022-05-16 00:00:00,17.4373,17.7152,17.0360,17.1933,521446000
1652794200,2022-05-17 00:00:00,18.0000,18.2958,17.5618,18.1026,585830000
1652880600,2022-05-18 00:00:00,17.6325,18.0438,16.7950,16.8687,545161000
1652967000,2022-05-19 00:00:00,16.8677,17.6146,16.6655,17.0539,621310000
1653053400,2022-05-20 00:00:00,17.2610,17.3387,15.6905,16.6257,739105000
1653312600,2022-05-23 00:00:00,16.2074,16.8458,16.1128,16.8288,639889000
1653399000,2022-05-24 00:00:00,16.4424,16.5291,15.7154,16.0879,588550000
1653485400,2022-05-25 00:00:00,15.9544,17.0410,15.9345,16.9055,781132000
1653571800,2022-05-26 00:00:00,15.9703,18.0179,15.9564,17.7779,996575000
1653658200,2022-05-27 00:00:00,18.1116,18.8037,18.0259,18.7340,738379000
1654003800,2022-05-31 00:00:00,18.9023,19.1214,18.2749,18.5956,664100000
1654090200,2022-06-01 00:00:00,18.6473,18.9750,18.0478,18.2450,544514000
1654176600,2022-06-02 00:00:00,18.2171,19.5387,18.1235,19.5118,648656000
1654263000,2022-06-03 00:00:00,19.0039,19.2529,18.4462,18.6434,598779000
1654522200,2022-06-06 00:00:00,19.0606,19.2578,18.4880,18.7091,422406000
1654608600,2022-06-07 00:00:00,18.3964,18.9222,18.1135,18.8485,388914000
1654695000,2022-06-08 00:00:00,18.7260,19.1055,18.4630,18.5756,363252000
1654781400,2022-06-09 00:00:00,18.4092,18.8595,17.9709,17.9779,395574000
1654867800,2022-06-10 00:00:00,17.5317,17.6283,16.8035,16.9081,465248000
1655127000,2022-06-13 00:00:00,15.9379,16.2487,15.5454,15.5862,604153000
1655213400,2022-06-14 00:00:00,15.6699,16.0036,15.3522,15.7745,469680000
1655299800,2022-06-15 00:00:00,16.0325,16.8025,15.8642,16.4628,563936000
1655386200,2022-06-16 00:00:00,15.7984,15.8801,15.3412,15.5404,545749000
1655472600,2022-06-17 00:00:00,15.5872,15.9329,15.2685,15.8183,630334000
1655818200,2022-06-21 00:00:00,16.4110,16.9420,16.3433,16.5017,483089000
1655904600,2022-06-22 00:00:00,16.1630,16.5973,16.1172,16.2965,437135000
1655991000,2022-06-23 00:00:00,16.4549,16.5206,15.7914,16.1620,463680000
1656077400,2022-06-24 00:00:00,16.4359,17.0734,16.2467,17.0595,472153000
1656336600,2022-06-27 00:00:00,17.2448,17.2627,16.5614,16.8035,427968000
1656423000,2022-06-28 00:00:00,16.8344,17.1352,15.8831,15.9199,461149000
1656509400,2022-06-29 00:00:00,15.7526,15.7586,15.1111,15.4816,482352000
1656595800,2022-06-30 00:00:00,15.3014,15.5066,14.8043,15.1001,686070000
1656682200,2022-07-01 00:00:00,14.8411,15.0045,14.3361,14.4666,577610000
1657027800,2022-07-05 00:00:00,14.1200,14.9129,14.0004,14.9059,651397000
1657114200,2022-07-06 00:00:00,14.9517,15.2595,14.7316,15.0712,529066000
1657200600,2022-07-07 00:00:00,15.3960,15.8831,15.3292,15.7964,492903000
1657287000,2022-07-08 00:00:00,15.3701,15.9747,15.3292,15.7765,467972000
1657546200,2022-07-11 00:00:00,15.4657,15.4667,14.9796,15.0932,437321000
1657632600,2022-07-12 00:00:00,15.2087,15.3711,14.8192,15.0234,458483000
1657719000,2022-07-13 00:00:00,14.5333,15.3153,14.4088,15.1051,521918000
1657805400,2022-07-14 00:00:00,15.0493,15.4129,14.6708,15.3123,456235000
1657891800,2022-07-15 00:00:00,15.5982,15.7207,15.3850,15.7008,385935000
1658151000,2022-07-18 00:00:00,16.2387,16.8314,15.9399,16.0385,670517000
1658237400,2022-07-19 00:00:00,16.4220,17.0436,16.1092,16.9260,702366000
1658323800,2022-07-20 00:00:00,16.8812,17.8634,16.7358,17.7378,760538000
1658410200,2022-07-21 00:00:00,17.8155,18.0735,17.4769,17.9799,557049000
1658496600,2022-07-22 00:00:00,17.8235,17.8972,17.0705,17.2517,536671000
1658755800,2022-07-25 00:00:00,16.9529,17.0575,16.5843,16.9579,480748000
1658842200,2022-07-26 00:00:00,16.8234,16.8533,16.4140,16.4688,397865000
1658928600,2022-07-27 00:00:00,16.9659,17.8664,16.8473,17.7209,569776000
1659015000,2022-07-28 00:00:00,17.9052,18.0696,17.3723,17.9142,474646000
1659101400,2022-07-29 00:00:00,17.7438,18.1732,17.6233,18.0925,435460000
1659360600,2022-08-01 00:00:00,18.1114,18.7728,17.9201,18.3694,476469000
1659447000,2022-08-02 00:00:00,18.0516,18.8645,18.0217,18.4541,489527000
1659533400,2022-08-03 00:00:00,18.1134,18.8943,18.0666,18.8196,418146000
1659619800,2022-08-04 00:00:00,18.7758,19.1992,18.6871,19.1404,409652000
1659706200,2022-08-05 00:00:00,18.7370,19.1543,18.5935,18.9153,386068000
1659965400,2022-08-08 00:00:00,17.4340,18.1682,17.1750,17.7239,981859000
1660051800,2022-08-09 00:00:00,17.1850,17.3792,16.6591,17.0196,668263000
1660138200,2022-08-10 00:00:00,17.6293,18.0476,17.2498,18.0267,597422000
1660224600,2022-08-11 00:00:00,18.0606,18.6344,17.8066,17.8723,509327000
1660311000,2022-08-12 00:00:00,18.0895,18.6453,17.8833,18.6364,478094000
1660570200,2022-08-15 00:00:00,18.6284,19.0896,18.5407,18.9581,457666000
1660656600,2022-08-16 00:00:00,18.8465,19.0677,18.4292,18.8057,451240000
1660743000,2022-08-17 00:00:00,18.4511,18.6154,18.0745,18.2638,446799000
1660829400,2022-08-18 00:00:00,18.2299,18.7917,18.1124,18.7001,415447000
1660915800,2022-08-19 00:00:00,18.3345,18.4481,17.7010,17.7797,441588000
1661175000,2022-08-22 00:00:00,17.4221,17.4898,16.9001,16.9679,409593000
1661261400,2022-08-23 00:00:00,16.9230,17.3972,16.9041,17.1143,369986000
1661347800,2022-08-24 00:00:00,16.9459,17.3384,16.8294,17.1551,522661000
1661434200,2022-08-25 00:00:00,16.7786,17.8773,16.7676,17.8434,770691000
1661520600,2022-08-26 00:00:00,17.7877,17.8544,16.1739,16.1969,769127000
1661779800,2022-08-29 00:00:00,15.9578,16.2746,15.7058,15.7396,496132000
1661866200,2022-08-30 00:00:00,15.8980,15.9767,15.1230,15.4079,530181000
1661952600,2022-08-31 00:00:00,15.3243,15.4797,14.9009,15.0354,573710000
1662039000,2022-09-01 00:00:00,14.1538,14.3242,13.2185,13.8829,1178865000
1662125400,2022-09-02 00:00:00,14.0452,14.1160,13.5382,13.5940,743157000
1662471000,2022-09-06 00:00:00,13.6777,13.7255,13.2992,13.4127,535751000
1662557400,2022-09-07 00:00:00,13.5143,13.7884,13.2981,13.6648,512657000
1662643800,2022-09-08 00:00:00,13.4107,13.9577,13.3210,13.9398,624873000
1662730200,2022-09-09 00:00:00,14.1062,14.4221,14.0753,14.3354,486612000
1662989400,2022-09-12 00:00:00,14.3175,14.4948,14.1471,14.4530,484159000
1663075800,2022-09-13 00:00:00,13.7525,13.8721,13.0520,13.0839,714956000
1663162200,2022-09-14 00:00:00,13.2065,13.2423,12.8667,13.0809,588507000
1663248600,2022-09-15 00:00:00,12.9683,13.1855,12.7441,12.8826,523625000
1663335000,2022-09-16 00:00:00,12.6963,13.1646,12.5717,13.1507,670751000
1663594200,2022-09-19 00:00:00,12.9653,13.4147,12.9633,13.3340,569685000
1663680600,2022-09-20 00:00:00,13.1676,13.4346,13.0102,13.1287,524818000
1663767000,2022-09-21 00:00:00,13.1656,13.9807,13.0630,13.2134,807679000
1663853400,2022-09-22 00:00:00,13.0231,13.1018,12.3834,12.5159,759162000
1663939800,2022-09-23 00:00:00,12.3754,12.5658,12.2130,12.4711,663309000
1664199000,2022-09-26 00:00:00,12.4462,12.6136,12.1702,12.1841,547343000
1664285400,2022-09-27 00:00:00,12.4621,12.6903,12.2140,12.3685,553854000
1664371800,2022-09-28 00:00:00,12.3655,12.7770,12.3097,12.6903,542414000
1664458200,2022-09-29 00:00:00,12.4033,12.4552,11.9031,12.1762,532763000
1664544600,2022-09-30 00:00:00,12.0436,12.5877,12.0317,12.0955,565638000
1664803800,2022-10-03 00:00:00,12.3027,12.6325,12.0616,12.4671,547478000
1664890200,2022-10-04 00:00:00,12.8328,13.1726,12.8328,13.1198,584182000
1664976600,2022-10-05 00:00:00,12.8647,13.2732,12.5757,13.1616,507131000
1665063000,2022-10-06 00:00:00,13.1726,13.6070,13.0560,13.0829,644157000
1665149400,2022-10-07 00:00:00,12.4601,12.6246,11.9789,12.0327,672478000
1665408600,2022-10-10 00:00:00,11.9938,12.0805,11.3671,11.6281,698699000
1665495000,2022-10-11 00:00:00,11.5195,11.8035,11.2425,11.5444,667482000
1665581400,2022-10-12 00:00:00,11.5375,11.6929,11.3043,11.4587,492590000
1665667800,2022-10-13 00:00:00,10.9316,12.0347,10.7742,11.9171,850103000
1665754200,2022-10-14 00:00:00,12.0137,12.0676,11.1638,11.1867,713432000
1666013400,2022-10-17 00:00:00,11.4767,11.9051,11.4757,11.8454,580774000
1666099800,2022-10-18 00:00:00,12.2997,12.4472,11.5763,11.9241,659362000
1666186200,2022-10-19 00:00:00,11.8364,12.3057,11.7915,12.0078,523131000
1666272600,2022-10-20 00:00:00,12.0695,12.7232,12.0616,12.1503,652398000
1666359000,2022-10-21 00:00:00,12.0546,12.4532,11.8444,12.4213,609494000
1666618200,2022-10-24 00:00:00,12.4631,12.6644,12.0207,12.5538,517457000
1666704600,2022-10-25 00:00:00,12.6485,13.2523,12.6186,13.2134,505482000
1666791000,2022-10-26 00:00:00,12.8228,13.3400,12.6624,12.8497,532953000
1666877400,2022-10-27 00:00:00,13.5811,13.7884,13.0749,13.1287,583113000
1666963800,2022-10-28 00:00:00,13.0570,13.8003,13.0141,13.7844,521040000
1667223000,2022-10-31 00:00:00,13.7286,13.7884,13.2493,13.4486,486341000
1667309400,2022-11-01 00:00:00,13.7615,13.8750,13.4705,13.4944,432817000
1667395800,2022-11-02 00:00:00,13.8003,14.1590,13.1636,13.1716,672628000
1667482200,2022-11-03 00:00:00,12.9962,13.7316,12.9095,13.3729,500065000
1667568600,2022-11-04 00:00:00,13.9358,14.1780,13.6479,14.1052,612576000
1667831400,2022-11-07 00:00:00,14.1770,14.3603,13.9039,14.2497,410061000
1667917800,2022-11-08 00:00:00,14.7479,14.8376,14.1650,14.5496,595292000
1668004200,2022-11-09 00:00:00,14.1112,14.1600,13.7096,13.7266,454414000
1668090600,2022-11-10 00:00:00,14.7469,15.7164,14.4948,15.6935,700819000
1668177000,2022-11-11 00:00:00,15.7503,16.3302,15.4265,16.2684,655487000
1668436200,2022-11-14 00:00:00,16.1598,16.4807,15.8649,16.2365,527852000
1668522600,2022-11-15 00:00:00,16.6620,16.9370,16.3232,16.6062,545876000
1668609000,2022-11-16 00:00:00,16.1040,16.3033,15.8161,15.8529,649547000
1668695400,2022-11-17 00:00:00,15.6586,16.2077,15.4793,15.6208,710894000
1668781800,2022-11-18 00:00:00,15.9087,15.9446,15.0658,15.3537,492072000
1669041000,2022-11-21 00:00:00,15.0927,15.4215,15.0259,15.2621,404739000
1669127400,2022-11-22 00:00:00,15.2730,16.0004,15.0678,15.9805,472866000
1669213800,2022-11-23 00:00:00,16.0403,16.4677,15.9904,16.4597,427241000
1669386600,2022-11-25 00:00:00,16.2595,16.4279,16.1140,16.2116,167934000
1669645800,2022-11-28 00:00:00,15.9685,16.2983,15.6686,15.7702,303741000
1669732200,2022-11-29 00:00:00,15.7702,15.8749,15.4643,15.5829,298384000
1669818600,2022-11-30 00:00:00,15.6447,16.8736,15.5450,16.8666,565298000
1669905000,2022-12-01 00:00:00,16.9424,17.2075,16.5796,17.0779,470977000
1669991400,2022-12-02 00:00:00,16.6035,16.8766,16.3902,16.8198,371389000
1670250600,2022-12-05 00:00:00,16.6234,16.9384,16.4171,16.5547,352255000
1670337000,2022-12-06 00:00:00,16.4749,16.5178,15.7663,15.9337,352694000
1670423400,2022-12-07 00:00:00,15.7194,16.1321,15.6148,16.0663,372388000
1670509800,2022-12-08 00:00:00,16.2188,17.1218,15.9058,17.1118,515456000
1670596200,2022-12-09 00:00:00,17.1028,17.5244,16.9184,16.9443,465338000
1670855400,2022-12-12 00:00:00,16.9802,17.4796,16.7410,17.4766,457328000
1670941800,2022-12-13 00:00:00,18.4692,18.7274,17.6520,18.0118,656589000
1671028200,2022-12-14 00:00:00,17.9271,18.1912,17.3620,17.6151,496888000
1671114600,2022-12-15 00:00:00,17.0889,17.2623,16.6444,16.8955,478542000
1671201000,2022-12-16 00:00:00,16.8078,16.9842,16.3553,16.5158,478232000
1671460200,2022-12-19 00:00:00,16.5168,16.5537,16.0912,16.1998,354039000
1671546600,2022-12-20 00:00:00,16.0105,16.2556,15.7992,16.0314,403260000
1671633000,2022-12-21 00:00:00,16.0603,16.5716,16.0483,16.4460,325025000
1671719400,2022-12-22 00:00:00,16.0404,16.0842,14.8324,15.2879,565045000
1671805800,2022-12-23 00:00:00,15.1454,15.2879,14.8334,15.1553,349326000
1672151400,2022-12-27 00:00:00,15.0238,15.0497,14.0092,14.0739,464902000
1672237800,2022-12-28 00:00:00,13.8806,14.2145,13.8377,13.9892,351066000
1672324200,2022-12-29 00:00:00,14.3540,14.6341,14.1796,14.5543,354923000
1672410600,2022-12-30 00:00:00,14.2862,14.5803,14.1856,14.5653,310490000
1672756200,2023-01-03 00:00:00,14.8015,14.9460,14.0490,14.2673,401277000
1672842600,2023-01-04 00:00:00,14.5185,14.8035,14.1935,14.6999,431324000
1672929000,2023-01-05 00:00:00,14.4427,14.5155,14.1009,14.2175,389168000
1673015400,2023-01-06 00:00:00,14.4258,14.9600,13.9872,14.8095,405044000
1673274600,2023-01-09 00:00:00,15.2331,16.0025,15.0905,15.5759,504231000
1673361000,2023-01-10 00:00:00,15.4553,15.9088,15.4204,15.8560,384101000
1673447400,2023-01-11 00:00:00,15.7872,15.9746,15.5111,15.9477,353285000
1673533800,2023-01-12 00:00:00,16.0464,16.5816,15.4404,16.4560,551409000
1673620200,2023-01-13 00:00:00,16.2238,16.8656,16.1111,16.8427,447287000
1673965800,2023-01-17 00:00:00,16.8427,17.6689,16.8427,17.6430,511102000
1674052200,2023-01-18 00:00:00,17.6081,17.8134,17.2244,17.3191,439624000
1674138600,2023-01-19 00:00:00,16.9792,17.1397,16.6752,16.7091,452932000
1674225000,2023-01-20 00:00:00,16.9543,17.7965,16.7689,17.7796,564967000
1674484200,2023-01-23 00:00:00,18.0038,19.1809,17.7586,19.1290,655163000
1674570600,2023-01-24 00:00:00,18.7643,19.4300,18.7573,19.2008,496204000
1674657000,2023-01-25 00:00:00,18.8500,19.3055,18.5181,19.2586,449537000
1674743400,2023-01-26 00:00:00,19.6354,20.0988,19.2138,19.7360,489535000
1674829800,2023-01-27 00:00:00,19.3971,20.5593,19.3403,20.2971,542142000
1675089000,2023-01-30 00:00:00,19.8835,20.0729,19.0862,19.0981,488611000
1675175400,2023-01-31 00:00:00,19.1061,19.6214,18.8869,19.4719,498017000
1675261800,2023-02-01 00:00:00,19.6254,21.1214,19.5457,20.8732,660477000
1675348200,2023-02-02 00:00:00,20.9300,21.8759,20.6310,21.6367,564276000
1675434600,2023-02-03 00:00:00,20.9300,21.6725,20.7197,21.0297,429366000
1675693800,2023-02-06 00:00:00,20.7367,21.4981,20.7167,21.0187,452197000
1675780200,2023-02-07 00:00:00,21.3107,22.1848,21.0795,22.0991,664150000
1675866600,2023-02-08 00:00:00,22.3124,22.8018,21.9347,22.1310,559651000
1675953000,2023-02-09 00:00:00,22.5307,22.9433,22.0463,22.2626,523876000
1676039400,2023-02-10 00:00:00,21.6177,22.0044,20.7417,21.1941,550737000
1676298600,2023-02-13 00:00:00,21.4662,21.9745,20.8921,21.7154,474919000
1676385000,2023-02-14 00:00:00,21.5061,22.9722,21.2948,22.8945,675474000
1676471400,2023-02-15 00:00:00,22.4739,22.7788,22.0323,22.6881,420575000
1676557800,2023-02-16 00:00:00,22.0592,22.4749,21.8539,21.9287,412026000
1676644200,2023-02-17 00:00:00,21.5589,21.6676,20.9051,21.3167,465888000
1676989800,2023-02-21 00:00:00,20.9300,21.4224,20.5493,20.5862,410015000
1677076200,2023-02-22 00:00:00,20.6380,21.0337,20.3530,20.6848,513184000
1677162600,2023-02-23 00:00:00,23.3619,23.8084,22.9483,23.5851,1117995000
1677249000,2023-02-24 00:00:00,23.1476,23.3958,22.8705,23.2084,589716000
1677508200,2023-02-27 00:00:00,23.5911,23.8004,23.3758,23.4227,452994000
1677594600,2023-02-28 00:00:00,23.2941,23.7456,23.1287,23.1386,455963000
1677681000,2023-03-01 00:00:00,23.1147,23.1785,22.4330,22.6224,460026000
1677767400,2023-03-02 00:00:00,22.4131,23.3021,22.3573,23.2363,389415000
1677853800,2023-03-03 00:00:00,23.2423,23.8204,23.0529,23.8104,412393000
1678113000,2023-03-06 00:00:00,23.8114,24.1672,23.4087,23.4755,437429000
1678199400,2023-03-07 00:00:00,23.5254,24.0487,23.1675,23.2143,515154000
1678285800,2023-03-08 00:00:00,23.4127,24.1235,23.3499,24.1045,513573000
1678372200,2023-03-09 00:00:00,24.0985,24.3766,23.3090,23.3619,501257000
1678458600,2023-03-10 00:00:00,23.3350,23.5523,22.6541,22.8924,474866000
1678714200,2023-03-13 00:00:00,22.6800,23.2243,22.2265,22.8934,421890000
1678800600,2023-03-14 00:00:00,23.4217,24.1424,23.3858,23.9869,474910000
1678887000,2023-03-15 00:00:00,23.6858,24.2092,23.2861,24.1514,524486000
1678973400,2023-03-16 00:00:00,23.9510,25.5071,23.8184,25.4602,583253000
1679059800,2023-03-17 00:00:00,25.8998,26.3155,25.5868,25.6436,848547000
1679319000,2023-03-20 00:00:00,25.5340,25.9417,25.0505,25.8181,432747000
1679405400,2023-03-21 00:00:00,26.0972,26.3085,25.3007,26.1161,547408000
1679491800,2023-03-22 00:00:00,26.3414,27.5017,26.1540,26.3843,797295000
1679578200,2023-03-23 00:00:00,27.0292,27.4120,26.6056,27.1050,564889000
1679664600,2023-03-24 00:00:00,26.9455,27.0811,26.2716,26.6943,454920000
1679923800,2023-03-27 00:00:00,26.7521,26.9146,26.2816,26.4471,361026000
1680010200,2023-03-28 00:00:00,26.3633,26.4291,25.7682,26.3265,356104000
1680096600,2023-03-29 00:00:00,26.7401,26.9923,26.5129,26.8986,393694000
1680183000,2023-03-30 00:00:00,27.1429,27.4120,27.0163,27.2964,364516000
1680269400,2023-03-31 00:00:00,27.0542,27.7460,27.0193,27.6891,433933000
1680528600,2023-04-03 00:00:00,27.4220,27.9114,27.2495,27.8765,398716000
1680615000,2023-04-04 00:00:00,27.8775,27.9114,27.2206,27.3662,368592000
1680701400,2023-04-05 00:00:00,26.7441,26.9126,26.3115,26.7960,515015000
1680787800,2023-04-06 00:00:00,26.4999,26.9943,26.3434,26.9515,397654000
1681133400,2023-04-10 00:00:00,26.7382,27.5336,26.5846,27.4918,395279000
1681219800,2023-04-11 00:00:00,27.6363,27.7021,27.0402,27.0831,314378000
1681306200,2023-04-12 00:00:00,27.2834,27.3811,26.3643,26.4112,446259000
1681392600,2023-04-13 00:00:00,26.6494,26.8020,26.2457,26.3793,353615000
1681479000,2023-04-14 00:00:00,26.4202,26.7980,26.1371,26.6734,395660000
1681738200,2023-04-17 00:00:00,26.4810,26.9206,26.3494,26.9166,321471000
1681824600,2023-04-18 00:00:00,27.4459,28.0211,27.2705,27.5795,604812000
1681911000,2023-04-19 00:00:00,27.2745,27.9114,27.1459,27.8427,358660000
1681997400,2023-04-20 00:00:00,27.5835,27.9413,26.9146,27.0183,427713000
1682083800,2023-04-21 00:00:00,26.8668,27.0970,26.6375,27.0332,345103000
1682343000,2023-04-24 00:00:00,26.9276,27.2794,26.5866,26.9565,339282000
1682429400,2023-04-25 00:00:00,26.9923,27.1608,26.1420,26.1580,378527000
1682515800,2023-04-26 00:00:00,26.9166,27.2436,26.6205,26.8707,406337000
1682602200,2023-04-27 00:00:00,27.2764,27.4080,26.5408,27.1399,377161000
1682688600,2023-04-28 00:00:00,27.1389,27.6702,26.9854,27.6612,292216000
1682947800,2023-05-01 00:00:00,27.7519,28.9661,27.6921,28.8186,570329000
1683034200,2023-05-02 00:00:00,28.5893,28.7448,27.9942,28.1208,402730000
1683120600,2023-05-03 00:00:00,27.7519,28.2773,27.3851,27.7141,383387000
1683207000,2023-05-04 00:00:00,27.5635,27.7709,27.1538,27.4748,321850000
1683293400,2023-05-05 00:00:00,27.7380,28.6640,27.6433,28.5893,361494000
1683552600,2023-05-08 00:00:00,28.4318,29.1276,28.2603,29.0588,344979000
1683639000,2023-05-09 00:00:00,28.8076,28.8814,28.3600,28.4806,314869000
1683725400,2023-05-10 00:00:00,28.9133,29.0209,28.3710,28.7936,369350000
1683811800,2023-05-11 00:00:00,28.8046,28.8584,28.1567,28.4876,322149000
1683898200,2023-05-12 00:00:00,28.4388,28.6890,27.9573,28.2504,274222000
1684157400,2023-05-15 00:00:00,28.4178,28.8774,28.0630,28.8614,293926000
1684243800,2023-05-16 00:00:00,28.7498,29.7755,28.7408,29.1206,449405000
1684330200,2023-05-17 00:00:00,29.4904,30.1035,29.3369,30.0825,432535000
1684416600,2023-05-18 00:00:00,30.3138,31.7273,30.2241,31.5778,748725000
1684503000,2023-05-19 00:00:00,31.4363,31.4801,30.8182,31.1651,473908000
1684762200,2023-05-22 00:00:00,30.8033,31.4203,30.5830,31.0774,372000000
1684848600,2023-05-23 00:00:00,30.9019,31.1890,30.5341,30.5909,356253000
1684935000,2023-05-24 00:00:00,30.1144,30.5102,29.7117,30.4414,721419000
1685021400,2023-05-25 00:00:00,38.4011,39.3551,36.5191,37.8599,1543911000
1685107800,2023-05-26 00:00:00,37.7702,39.0461,37.4312,38.8228,714397000
1685453400,2023-05-30 00:00:00,40.4666,41.8054,39.8226,39.9841,923401000
1685539800,2023-05-31 00:00:00,39.3631,40.1675,37.7024,37.7143,1002580000
1685626200,2023-06-01 00:00:00,38.3673,39.9233,38.2187,39.6442,635873000
1685712600,2023-06-02 00:00:00,39.9702,40.3719,38.9345,39.2026,482731000
1685971800,2023-06-05 00:00:00,38.7859,39.4398,38.5846,39.0471,396094000
1686058200,2023-06-06 00:00:00,38.7072,39.0361,38.0273,38.5317,388729000
1686144600,2023-06-07 00:00:00,38.7959,39.3781,37.2417,37.3603,511998000
1686231000,2023-06-08 00:00:00,37.6086,38.7451,37.3902,38.3922,417772000
1686317400,2023-06-09 00:00:00,38.9175,39.5895,38.4490,38.6514,427717000
1686576600,2023-06-12 00:00:00,39.0801,39.4090,38.4998,39.3612,388701000
1686663000,2023-06-13 00:00:00,40.0630,40.9752,39.6184,40.8965,613208000
1686749400,2023-06-14 00:00:00,40.6991,42.8684,40.4279,42.8654,740465000
1686835800,2023-06-15 00:00:00,42.4717,43.1566,42.0180,42.5225,568622000
1686922200,2023-06-16 00:00:00,43.3171,43.5872,42.5305,42.5614,655709000
1687267800,2023-06-20 00:00:00,42.8664,43.8554,42.5434,43.6740,451153000
1687354200,2023-06-21 00:00:00,43.3679,43.4816,41.9512,42.9133,551603000
1687440600,2023-06-22 00:00:00,42.1237,43.2931,42.1048,42.8934,417737000
1687527000,2023-06-23 00:00:00,42.3341,42.6780,41.8864,42.0798,358140000
1687786200,2023-06-26 00:00:00,42.3311,42.6331,39.9773,40.5077,594322000
1687872600,2023-06-27 00:00:00,40.6742,41.8117,40.3242,41.7479,462175000
1687959000,2023-06-28 00:00:00,40.5356,41.7170,40.3940,40.9912,582639000
1688045400,2023-06-29 00:00:00,41.4308,41.4727,40.4758,40.6971,380514000
1688131800,2023-06-30 00:00:00,41.5525,42.4198,41.3740,42.1726,501148000
1688391000,2023-07-03 00:00:00,42.3869,42.7667,42.0729,42.2832,198209000
1688563800,2023-07-05 00:00:00,42.0061,43.0449,41.9562,42.1875,323618000
1688650200,2023-07-06 00:00:00,41.7160,42.0499,41.2195,41.9742,303582000
1688736600,2023-07-07 00:00:00,42.1925,43.0818,42.0509,42.3729,355881000
1688995800,2023-07-10 00:00:00,42.5265,42.6800,41.5216,42.0509,353908000
1689082200,2023-07-11 00:00:00,42.3510,42.6272,41.9383,42.2752,298244000
1689168600,2023-07-12 00:00:00,42.9013,43.8006,42.6461,43.7677,481277000
1689255000,2023-07-13 00:00:00,44.3818,46.0138,44.3559,45.8363,478204000
1689341400,2023-07-14 00:00:00,46.4405,47.9409,44.9221,45.3299,772075000
1689600600,2023-07-17 00:00:00,46.1474,46.3537,45.1235,46.3188,510488000
1689687000,2023-07-18 00:00:00,46.5581,47.7494,45.5941,47.3487,569164000
1689773400,2023-07-19 00:00:00,47.3188,47.6717,46.5990,46.9329,427502000
1689859800,2023-07-20 00:00:00,46.3647,46.9429,44.9241,45.3807,537865000
1689946200,2023-07-21 00:00:00,45.6479,45.7257,43.9651,44.1734,963769000
1690205400,2023-07-24 00:00:00,44.5941,44.9710,43.9052,44.4755,382516000
1690291800,2023-07-25 00:00:00,44.8035,46.0417,44.7855,45.5392,348081000
1690378200,2023-07-26 00:00:00,45.8802,45.9121,44.4934,45.3129,364237000
1690464600,2023-07-27 00:00:00,46.3767,47.2500,45.6100,45.7596,455976000
1690551000,2023-07-28 00:00:00,46.5252,46.8831,46.2391,46.6070,331194000
1690810200,2023-07-31 00:00:00,46.6109,46.9858,46.3637,46.5860,251055000
1690896600,2023-08-01 00:00:00,46.3178,46.7565,45.8862,46.3647,237858000
1690983000,2023-08-02 00:00:00,45.6908,45.6997,43.2542,44.1335,530142000
1691069400,2023-08-03 00:00:00,43.6660,44.9799,43.6660,44.3788,324176000
1691155800,2023-08-04 00:00:00,44.8474,45.5023,44.2572,44.5433,362666000
1691415000,2023-08-07 00:00:00,44.9730,45.4007,44.4267,45.2780,322154000
1691501400,2023-08-08 00:00:00,44.7158,45.1036,43.9212,44.5273,353843000
1691587800,2023-08-09 00:00:00,44.1385,44.1764,42.0051,42.4238,586449000
1691674200,2023-08-10 00:00:00,42.0310,43.4407,41.7070,42.2583,492705000
1691760600,2023-08-11 00:00:00,41.6233,41.8894,40.5147,40.7300,533085000
1692019800,2023-08-14 00:00:00,40.3621,43.6660,40.1877,43.6191,690286000
1692106200,2023-08-15 00:00:00,44.4237,45.1295,43.5763,43.8055,676512000
1692192600,2023-08-16 00:00:00,44.3838,44.5383,43.2732,43.3529,527451000
1692279000,2023-08-17 00:00:00,43.8355,43.9272,42.8694,43.2114,452395000
1692365400,2023-08-18 00:00:00,42.5045,43.4447,41.5325,43.1665,583768000
1692624600,2023-08-21 00:00:00,44.3579,46.9210,44.0867,46.8233,692573000
1692711000,2023-08-22 00:00:00,47.9877,48.0396,45.1943,45.5283,755293000
1692797400,2023-08-23 00:00:00,45.7257,47.0556,45.0697,46.9718,779046000
1692883800,2023-08-24 00:00:00,50.0623,50.1122,47.0147,47.0187,1156044000
1692970200,2023-08-25 00:00:00,46.8682,47.6587,44.8862,45.8772,925341000
1693229400,2023-08-28 00:00:00,46.3398,46.8363,44.7507,46.6917,685192000
1693315800,2023-08-29 00:00:00,46.5232,48.9308,46.2490,48.6347,701397000
1693402200,2023-08-30 00:00:00,48.8939,49.7742,48.2768,49.1133,735206000
1693488600,2023-08-31 00:00:00,49.2289,49.5918,48.8082,49.2040,528570000
1693575000,2023-09-01 00:00:00,49.6097,49.6476,47.9947,48.3606,463830000
1693920600,2023-09-05 00:00:00,48.0754,48.7015,47.7136,48.3994,382653000
1694007000,2023-09-06 00:00:00,48.2968,48.4044,46.4413,46.9209,468670000
1694093400,2023-09-07 00:00:00,45.3894,46.2060,45.0176,46.1033,433330000
1694179800,2023-09-08 00:00:00,45.8052,46.4672,45.1362,45.4363,473069000
1694439000,2023-09-11 00:00:00,46.0106,46.0255,44.1801,45.0435,473966000
1694525400,2023-09-12 00:00:00,44.6048,45.5370,44.3984,44.7364,349256000
1694611800,2023-09-13 00:00:00,44.4672,45.7932,44.3705,45.3496,398355000
1694698200,2023-09-14 00:00:00,45.8132,45.8501,44.9966,45.4453,370097000
1694784600,2023-09-15 00:00:00,45.2060,45.4632,43.6775,43.7693,506831000
1695043800,2023-09-18 00:00:00,42.6207,44.1103,41.8749,43.8351,500271000
1695130200,2023-09-19 00:00:00,43.7025,43.8351,42.8740,43.3904,373064000
1695216600,2023-09-20 00:00:00,43.4702,43.7723,42.0973,42.1132,367108000
1695303000,2023-09-21 00:00:00,41.4592,41.9746,40.8580,40.8949,450736000
1695389400,2023-09-22 00:00:00,41.4482,41.9896,41.1082,41.4861,479236000
1695648600,2023-09-25 00:00:00,41.4672,42.4093,41.0544,42.0963,419091000
1695735000,2023-09-26 00:00:00,41.8759,42.6925,41.5310,41.7862,402282000
1695821400,2023-09-27 00:00:00,42.2040,42.7443,41.5050,42.3415,444935000
1695907800,2023-09-28 00:00:00,42.3336,43.3166,41.9896,42.9607,424663000
1695994200,2023-09-29 00:00:00,43.6965,44.0125,43.1780,43.3695,397830000
1696253400,2023-10-02 00:00:00,43.8989,45.0405,43.7304,44.6487,433298000
1696339800,2023-10-03 00:00:00,44.6746,44.9956,43.1172,43.3874,470850000
1696426200,2023-10-04 00:00:00,43.6117,44.0116,43.1631,43.9099,361821000
1696512600,2023-10-05 00:00:00,43.9188,44.7663,43.7573,44.5549,393483000
1696599000,2023-10-06 00:00:00,44.0614,45.6527,43.8949,45.6257,434436000
1696858200,2023-10-09 00:00:00,44.7085,45.4692,44.2359,45.1382,409675000
1696944600,2023-10-10 00:00:00,45.1751,46.1213,44.9537,45.6616,368582000
1697031000,2023-10-11 00:00:00,46.0584,46.7195,45.9129,46.6666,378137000
1697117400,2023-10-12 00:00:00,46.6377,47.4672,46.1920,46.8052,481325000
1697203800,2023-10-13 00:00:00,46.8202,46.9757,45.1452,45.3256,474115000
1697463000,2023-10-16 00:00:00,44.9288,46.0874,44.7783,45.9577,375099000
1697549400,2023-10-17 00:00:00,43.8690,44.6207,42.3535,43.8072,812333000
1697635800,2023-10-18 00:00:00,42.4642,43.0903,41.7005,42.0703,627294000
1697722200,2023-10-19 00:00:00,42.6835,43.1681,41.7573,41.9756,501233000
1697808600,2023-10-20 00:00:00,41.7653,42.3435,40.9557,41.2638,477266000
1698067800,2023-10-23 00:00:00,41.1062,43.1192,40.8231,42.8470,478530000
1698154200,2023-10-24 00:00:00,42.9487,43.5669,42.5639,43.5330,401463000
1698240600,2023-10-25 00:00:00,43.2688,43.5200,41.4313,41.6546,398379000
1698327000,2023-10-26 00:00:00,41.7284,42.1302,39.7613,40.2059,541001000
1698413400,2023-10-27 00:00:00,41.0075,41.0833,39.8958,40.3794,416784000
1698672600,2023-10-30 00:00:00,40.9647,41.6416,40.3605,41.0384,388028000
1698759000,2023-10-31 00:00:00,40.3296,40.7573,39.1132,40.6586,517969000
1698845400,2023-11-01 00:00:00,40.7623,42.2548,40.7473,42.1990,437593000
1698931800,2023-11-02 00:00:00,43.1990,43.7533,42.7663,43.3764,409172000
1699018200,2023-11-03 00:00:00,43.8889,45.1741,43.5928,44.8710,424610000
1699281000,2023-11-06 00:00:00,45.1501,45.7982,44.7653,45.6148,400733000
1699367400,2023-11-07 00:00:00,45.5829,46.0804,45.0235,45.8182,343165000
1699453800,2023-11-08 00:00:00,45.9627,46.7274,45.8311,46.4353,346719000
1699540200,2023-11-09 00:00:00,47.3257,48.0864,46.6108,46.8102,540496000
1699626600,2023-11-10 00:00:00,47.3586,48.3277,47.1422,48.1911,421245000
1699885800,2023-11-13 00:00:00,48.1761,48.9697,47.9558,48.4752,384136000
1699972200,2023-11-14 00:00:00,49.5321,49.6856,48.8940,49.5081,416954000
1700058600,2023-11-15 00:00:00,49.7863,49.8112,48.0565,48.7424,475497000
1700145000,2023-11-16 00:00:00,48.5340,49.3775,48.1861,49.3327,339756000
1700231400,2023-11-17 00:00:00,49.3765,49.5690,48.8611,49.1512,325205000
1700490600,2023-11-20 00:00:00,49.1652,50.3975,49.0346,50.2589,414120000
1700577000,2023-11-21 00:00:00,49.9767,50.3666,49.0754,49.7953,565747000
1700663400,2023-11-22 00:00:00,49.7036,50.1851,47.5480,48.5709,899420000
1700836200,2023-11-24 00:00:00,48.3257,48.7753,47.6028,47.6337,294645000
1701095400,2023-11-27 00:00:00,47.6577,48.3855,47.5101,48.0984,395662000
1701181800,2023-11-28 00:00:00,48.0924,48.1791,47.3316,47.6786,401491000
1701268200,2023-11-29 00:00:00,48.2349,48.6168,47.7175,47.9966,382005000
1701354600,2023-11-30 00:00:00,47.8810,47.9667,46.2838,46.6307,526247000
1701441000,2023-12-01 00:00:00,46.3865,47.0595,46.0495,46.6258,369317000
1701700200,2023-12-04 00:00:00,45.9398,45.9398,44.8760,45.3745,437543000
1701786600,2023-12-05 00:00:00,45.3346,46.4653,45.1402,46.4314,371718000
1701873000,2023-12-06 00:00:00,47.0785,47.2500,45.2808,45.3715,380590000
1701959400,2023-12-07 00:00:00,45.5679,46.4942,45.4722,46.4613,350823000
1702045800,2023-12-08 00:00:00,46.4603,47.6030,46.4155,47.3687,359224000
1702305000,2023-12-11 00:00:00,47.3538,47.3936,45.6976,46.4923,509728000
1702391400,2023-12-12 00:00:00,45.9129,47.5282,45.9129,47.5193,372387000
1702477800,2023-12-13 00:00:00,47.4914,48.4536,47.4704,47.9490,447792000
1702564200,2023-12-14 00:00:00,48.2501,48.5293,47.2849,48.2103,391232000
1702650600,2023-12-15 00:00:00,48.0547,49.2612,47.9809,48.7487,479948000
1702909800,2023-12-18 00:00:00,49.2572,50.2872,49.0080,49.9323,412587000
1702996200,2023-12-19 00:00:00,49.2812,49.5564,48.7537,49.4606,464444000
1703082600,2023-12-20 00:00:00,49.5115,49.8545,47.9590,47.9720,397894000
1703169000,2023-12-21 00:00:00,48.6699,48.9531,48.2791,48.8484,300425000
1703255400,2023-12-22 00:00:00,49.0528,49.2403,48.3269,48.6889,252507000
1703601000,2023-12-26 00:00:00,48.8265,49.4567,48.8185,49.1366,244200000
1703687400,2023-12-27 00:00:00,49.3679,49.5364,48.9432,49.2742,233648000
1703773800,2023-12-28 00:00:00,49.4995,49.7398,49.2692,49.3789,246587000
1703860200,2023-12-29 00:00:00,49.6690,49.8525,48.6101,49.3789,389293000
1704205800,2024-01-02 00:00:00,49.1017,49.1525,47.4575,48.0288,411254000
1704292200,2024-01-03 00:00:00,47.3478,48.0447,47.1832,47.4315,320896000
1704378600,2024-01-04 00:00:00,47.6290,48.3598,47.3707,47.8593,306535000
1704465000,2024-01-05 00:00:00,48.3219,49.4038,48.1664,48.9551,415039000
1704724200,2024-01-08 00:00:00,49.3689,52.1239,49.3360,52.1020,642510000
1704810600,2024-01-09 00:00:00,52.2496,54.1680,51.5406,52.9864,773100000
1704897000,2024-01-10 00:00:00,53.4611,54.4422,53.3344,54.1929,533796000
1704983400,2024-01-11 00:00:00,54.8400,55.1860,53.4052,54.6636,596759000
1705069800,2024-01-12 00:00:00,54.4621,54.8111,54.1730,54.5519,352994000
1705415400,2024-01-16 00:00:00,54.8590,56.6707,54.7413,56.2191,449580000
1705501800,2024-01-17 00:00:00,56.1842,56.3078,54.5818,55.8910,474394000
1705588200,2024-01-18 00:00:00,57.0945,57.4335,55.9448,56.9420,491650000
1705674600,2024-01-19 00:00:00,57.8214,59.3280,57.0596,59.3191,543501000
1705933800,2024-01-22 00:00:00,59.8754,60.1566,58.8993,59.4816,452955000
1706020200,2024-01-23 00:00:00,59.3978,59.7369,58.4157,59.7000,294654000
1706106600,2024-01-24 00:00:00,60.1297,62.6674,59.7648,61.1847,560271000
1706193000,2024-01-25 00:00:00,62.1698,62.5377,60.6741,61.4389,482777000
1706279400,2024-01-26 00:00:00,60.7838,61.6044,60.3979,60.8546,390309000
1706538600,2024-01-29 00:00:00,61.0550,62.3084,60.7310,62.2845,348733000
1706625000,2024-01-30 00:00:00,62.7182,63.3095,62.0801,62.5926,410735000
1706711400,2024-01-31 00:00:00,61.2624,62.0890,60.5246,61.3492,453795000
1706797800,2024-02-01 00:00:00,61.9205,63.0084,61.4718,62.8448,369146000
1706884200,2024-02-02 00:00:00,63.7891,66.4075,63.5059,65.9688,476578000
1707143400,2024-02-05 00:00:00,68.0278,69.2962,67.0108,69.1316,680078000
1707229800,2024-02-06 00:00:00,69.4288,69.5524,66.1084,68.0258,683111000
1707316200,2024-02-07 00:00:00,68.1216,70.0171,67.4046,69.8964,495575000
1707402600,2024-02-08 00:00:00,69.8715,70.5894,69.2543,69.4397,414422000
1707489000,2024-02-09 00:00:00,70.3291,71.9764,70.0091,71.9245,436637000
1707748200,2024-02-12 00:00:00,72.3902,74.3954,71.0441,72.0392,613710000
1707834600,2024-02-13 00:00:00,70.1966,73.2377,69.4188,71.9196,602580000
1707921000,2024-02-14 00:00:00,72.9905,74.0215,71.7301,73.6864,504917000
1708007400,2024-02-15 00:00:00,73.6555,73.7612,72.1908,72.4480,420122000
1708093800,2024-02-16 00:00:00,73.8858,74.1870,72.2915,72.4031,495327000
1708439400,2024-02-20 00:00:00,71.7391,71.7480,67.5382,69.2513,704833000
1708525800,2024-02-21 00:00:00,67.8095,68.6889,66.0565,67.2770,673755000
1708612200,2024-02-22 00:00:00,74.8082,78.3479,74.0055,78.3110,865100000
1708698600,2024-02-23 00:00:00,80.5565,82.1559,77.3458,78.5892,829388000
1708957800,2024-02-26 00:00:00,79.4697,80.4129,78.2781,78.8634,503973000
1709044200,2024-02-27 00:00:00,79.1516,79.2503,76.9390,78.4735,391705000
1709130600,2024-02-28 00:00:00,77.3957,78.7049,76.9021,77.4386,393110000
1709217000,2024-02-29 00:00:00,78.8654,79.7588,78.1236,78.8834,507289000
1709303400,2024-03-01 00:00:00,79.7688,82.0621,79.2054,82.0412,479135000
1709562600,2024-03-04 00:00:00,83.8869,87.4416,83.4770,84.9907,615616000
1709649000,2024-03-05 00:00:00,85.0276,85.8522,83.1798,85.7196,520639000
1709735400,2024-03-06 00:00:00,87.7717,89.4689,86.7825,88.4478,582520000
1709821800,2024-03-07 00:00:00,89.9017,92.5032,89.3472,92.4055,608119000
1709908200,2024-03-08 00:00:00,94.8675,97.1231,86.2600,87.2791,1142269000
1710163800,2024-03-11 00:00:00,86.1833,88.5445,83.9267,85.5301,678364000
1710250200,2024-03-12 00:00:00,87.7987,91.6985,85.9051,91.6517,668075000
1710336600,2024-03-13 00:00:00,90.7961,91.2438,88.1835,90.6296,635713000
1710423000,2024-03-14 00:00:00,89.3223,90.3883,86.3538,87.6940,602318000
1710509400,2024-03-15 00:00:00,86.6828,89.2914,86.0118,87.5873,642086000
1710768600,2024-03-18 00:00:00,90.1310,92.1423,86.8374,88.2035,668976000
1710855000,2024-03-19 00:00:00,86.4535,90.2866,84.7683,89.1438,672171000
1710941400,2024-03-20 00:00:00,89.5417,90.1529,87.9722,90.1150,479063000
1711027800,2024-03-21 00:00:00,92.0376,92.3846,90.1480,91.1750,480372000
1711114200,2024-03-22 00:00:00,90.8819,94.5085,90.5757,94.0209,586719000
1711373400,2024-03-25 00:00:00,93.6739,96.4909,93.2441,94.7319,552136000
1711459800,2024-03-26 00:00:00,95.5785,96.1010,92.2390,92.2978,513648000
1711546200,2024-03-27 00:00:00,92.8473,92.9749,88.8696,89.9934,586067000
1711632600,2024-03-28 00:00:00,89.7441,91.0404,88.9394,90.0991,435212000
1711978200,2024-04-01 00:00:00,90.0423,91.9628,88.9504,90.1061,452441000
1712064600,2024-04-02 00:00:00,88.1965,89.8378,87.3709,89.1977,433064000
1712151000,2024-04-03 00:00:00,88.2324,90.1170,88.1487,88.7110,370067000
1712237400,2024-04-04 00:00:00,90.1489,90.3763,85.6358,85.6607,434965000
1712323800,2024-04-05 00:00:00,86.6190,88.2294,85.6817,87.7578,399678000
1712583000,2024-04-08 00:00:00,88.4478,88.5774,86.4854,86.8853,283220000
1712669400,2024-04-09 00:00:00,87.1934,87.3858,82.7860,85.1113,501700000
1712755800,2024-04-10 00:00:00,83.6874,87.1515,83.4710,86.7915,431929000
1712842200,2024-04-11 00:00:00,87.1714,90.4810,86.6788,90.3584,431637000
1712928600,2024-04-12 00:00:00,89.4440,89.9186,87.2811,87.9353,426805000
1713187800,2024-04-15 00:00:00,88.8447,90.3553,85.6847,85.7565,443077000
1713274200,2024-04-16 00:00:00,86.1873,87.8675,85.8193,87.1665,370453000
1713360600,2024-04-17 00:00:00,88.0888,88.5226,83.7113,83.7961,495400000
1713447000,2024-04-18 00:00:00,84.7284,85.9449,82.1677,84.4303,447260000
1713533400,2024-04-19 00:00:00,82.9136,84.0842,75.3910,75.9833,875198000
1713792600,2024-04-22 00:00:00,77.8819,79.8453,76.1828,79.2919,596341000
1713879000,2024-04-23 00:00:00,80.5394,82.5337,80.0358,82.1887,438559000
1713965400,2024-04-24 00:00:00,83.7113,83.8429,78.9579,79.4505,512208000
1714051800,2024-04-25 00:00:00,78.6438,83.0861,78.0006,82.3971,424641000
1714138200,2024-04-26 00:00:00,83.5797,88.0799,83.1499,87.4855,551011000
1714397400,2024-04-29 00:00:00,87.3460,87.7418,85.0236,87.5075,388971000
1714483800,2024-04-30 00:00:00,86.9920,88.5665,86.0546,86.1563,363709000
1714570200,2024-05-01 00:00:00,84.8351,85.7555,81.0240,82.8049,559863000
1714656600,2024-05-02 00:00:00,84.2089,85.9918,82.9634,85.5730,377898000
1714743000,2024-05-03 00:00:00,87.5394,89.0271,86.7925,88.5365,398341000
1715002200,2024-05-06 00:00:00,89.1358,91.9578,88.8018,91.8780,376203000
1715088600,2024-05-07 00:00:00,90.8390,91.5200,88.7579,90.2965,437342000
1715175000,2024-05-08 00:00:00,89.2286,90.9347,89.1658,90.1549,325721000
1715261400,2024-05-09 00:00:00,90.2716,90.8131,87.9801,88.4947,378013000
1715347800,2024-05-10 00:00:00,90.0482,91.1411,88.9733,89.6224,335325000
1715607000,2024-05-13 00:00:00,90.2207,90.7393,88.2773,90.1420,289680000
1715693400,2024-05-14 00:00:00,89.3442,91.3904,88.6811,91.0963,296507000
1715779800,2024-05-15 00:00:00,92.2091,94.5923,91.3386,94.3609,417735000
1715866200,2024-05-16 00:00:00,94.6401,95.5466,93.8354,94.0907,323952000
1715952600,2024-05-17 00:00:00,94.1007,94.4706,91.5450,92.2161,359691000
1716211800,2024-05-20 00:00:00,93.4834,94.9293,93.1743,94.5105,318764000
1716298200,2024-05-21 00:00:00,93.3329,95.1288,92.9151,95.1148,328946000
1716384600,2024-05-22 00:00:00,95.1876,95.7470,92.9839,94.6800,548648000
1716471000,2024-05-23 00:00:00,101.7379,106.0177,101.2314,103.5039,835065000
1716557400,2024-05-24 00:00:00,104.1520,106.1723,102.7071,106.1663,429494000
1716903000,2024-05-28 00:00:00,109.9305,114.6122,109.5706,113.5771,652728000
1716989400,2024-05-29 00:00:00,112.7286,115.1636,110.5857,114.4985,557442000
1717075800,2024-05-30 00:00:00,114.3240,115.4897,109.3512,110.1858,484553000
1717162200,2024-05-31 00:00:00,112.2001,112.3965,106.6359,109.3213,613263000
1717421400,2024-06-03 00:00:00,113.2980,114.6730,111.6846,114.6730,438392000
1717507800,2024-06-04 00:00:00,115.3870,116.2685,113.7207,116.1059,403324000
1717594200,2024-06-05 00:00:00,118.0344,122.1008,117.1340,122.0919,528402000
1717680600,2024-06-06 00:00:00,123.6953,125.2299,117.9836,120.6540,664696000
1717767000,2024-06-07 00:00:00,119.4295,121.3460,117.6864,120.5443,412386000
1718026200,2024-06-10 00:00:00,120.0278,122.7500,116.6773,121.4437,313434100
1718112600,2024-06-11 00:00:00,121.4337,122.5307,118.4121,120.5761,222551200
1718199000,2024-06-12 00:00:00,122.7202,126.5296,122.2315,124.8543,299595000
1718285400,2024-06-13 00:00:00,129.0327,129.4416,126.8089,129.2521,260704500
1718371800,2024-06-14 00:00:00,129.6011,132.4732,127.9657,131.5158,309320400
1718631000,2024-06-17 00:00:00,132.6228,133.3607,129.2222,130.6183,288504400
1718717400,2024-06-18 00:00:00,130.7779,135.9535,130.3291,135.2056,294335100
1718890200,2024-06-20 00:00:00,139.4140,140.3713,129.1624,130.4189,517768400
1718976600,2024-06-21 00:00:00,126.7690,130.2693,123.9568,126.2205,649445800
1719235800,2024-06-24 00:00:00,122.8997,124.1163,117.7140,117.7839,476060900
1719322200,2024-06-25 00:00:00,120.8653,126.1507,118.9905,125.7418,414192600
1719408600,2024-06-26 00:00:00,125.7817,127.7662,122.2615,126.0510,362975900
1719495000,2024-06-27 00:00:00,123.7573,126.0609,122.5806,123.6476,252571700
1719581400,2024-06-28 00:00:00,124.2360,127.3574,122.4110,123.1989,315516700
1719840600,2024-07-01 00:00:00,123.1291,124.4953,118.5019,123.9568,284885500
1719927000,2024-07-02 00:00:00,120.7955,123.0692,120.6958,122.3313,218374000
1720013400,2024-07-03 00:00:00,121.3241,127.9258,121.0249,127.9258,215749000
1720186200,2024-07-05 00:00:00,127.0282,128.4942,125.3329,125.4825,214176700
1720445400,2024-07-08 00:00:00,127.1379,130.4089,126.6892,127.8460,237677300
1720531800,2024-07-09 00:00:00,129.9901,133.4505,128.2947,131.0172,285366600
1720618200,2024-07-10 00:00:00,133.6599,134.7270,132.0543,134.5375,248978600
1720704600,2024-07-11 00:00:00,135.3752,135.7740,126.6992,127.0482,374782700
1720791000,2024-07-12 00:00:00,127.9058,131.5557,126.8687,128.8831,252680500
1721050200,2024-07-15 00:00:00,130.1995,131.0272,126.8288,128.0853,208326200
1721136600,2024-07-16 00:00:00,128.0853,128.6837,124.2360,126.0111,214769500
1721223000,2024-07-17 00:00:00,121.0149,121.5135,116.3977,117.6642,390086200
1721309400,2024-07-18 00:00:00,121.5135,122.0620,116.2381,120.7556,320979500
1721395800,2024-07-19 00:00:00,120.0177,121.2642,117.0459,117.6044,217223800
1721655000,2024-07-22 00:00:00,120.0177,123.7274,119.5290,123.1989,258068900
1721741400,2024-07-23 00:00:00,122.4410,124.3457,121.7628,122.2515,173911000
1721827800,2024-07-24 00:00:00,118.8409,119.6188,113.1268,113.9345,327776900
1721914200,2024-07-25 00:00:00,112.7279,116.3080,106.0065,111.9700,460067000
1722000600,2024-07-26 00:00:00,115.8692,115.8791,111.2719,112.7478,293399100
1722259800,2024-07-29 00:00:00,113.3761,115.9589,110.9927,111.2819,248152100
1722346200,2024-07-30 00:00:00,111.2120,111.6808,102.2568,103.4436,486833300
1722432600,2024-07-31 00:00:00,112.5882,118.0132,110.5738,116.6969,473174200
1722519000,2024-08-01 00:00:00,117.2054,119.8282,106.5151,108.9084,523462300
1722605400,2024-08-02 00:00:00,103.4735,108.4198,101.0901,106.9738,482027500
1722864600,2024-08-05 00:00:00,91.8058,103.1244,90.4396,100.1726,552842400
1722951000,2024-08-06 00:00:00,103.5533,107.4126,100.2724,103.9621,409012100
1723037400,2024-08-07 00:00:00,107.5123,108.4996,98.4175,98.6369,411440400
1723123800,2024-08-08 00:00:00,101.7183,105.2087,97.2507,104.6801,391910000
1723210200,2024-08-09 00:00:00,105.3483,106.3056,103.1444,104.4607,290844200
1723469400,2024-08-12 00:00:00,106.0264,110.7633,105.9666,108.7190,325559900
1723555800,2024-08-13 00:00:00,112.1295,115.9090,111.2719,115.8193,312646700
1723642200,2024-08-14 00:00:00,118.2027,118.2725,113.7550,117.7539,339246400
1723728600,2024-08-15 00:00:00,118.4321,122.8997,117.1456,122.5207,318086700
1723815000,2024-08-16 00:00:00,121.6033,124.6548,120.8454,124.2360,302589900
1724074200,2024-08-19 00:00:00,123.9368,129.6410,123.0792,129.6410,318333600
1724160600,2024-08-20 00:00:00,128.0454,129.5214,125.5424,126.8986,300087400
1724247000,2024-08-21 00:00:00,126.9684,128.9928,126.3102,128.1452,257883600
1724333400,2024-08-22 00:00:00,129.6610,130.3890,122.7601,123.3983,376189100
1724419800,2024-08-23 00:00:00,125.5125,129.2421,124.8742,129.0128,323230300
1724679000,2024-08-26 00:00:00,129.2122,130.8975,124.0266,126.1108,331964700
1724765400,2024-08-27 00:00:00,124.7047,128.8432,123.5379,127.9457,303134600
1724851800,2024-08-28 00:00:00,127.7662,127.9756,122.3013,125.2631,448101100
1724938200,2024-08-29 00:00:00,121.0249,124.0864,116.3877,117.2653,453023300
1725024600,2024-08-30 00:00:00,119.1999,121.4138,116.8963,119.0404,333751600
1725370200,2024-09-03 00:00:00,115.6897,115.8891,106.9937,107.7018,477155100
1725456600,2024-09-04 00:00:00,105.1189,112.9572,103.8325,105.9167,372470300
1725543000,2024-09-05 00:00:00,104.7001,109.3472,104.4707,106.9140,306850700
1725629400,2024-09-06 00:00:00,107.7417,107.8514,100.6712,102.5460,413638100
1725888600,2024-09-09 00:00:00,104.5904,106.2558,103.4037,106.1760,273912000
1725975000,2024-09-10 00:00:00,107.5123,109.0979,104.6602,107.8015,268283700
1726061400,2024-09-11 00:00:00,109.0879,116.8664,107.1234,116.5872,441422400
1726147800,2024-09-12 00:00:00,116.5273,120.4668,115.0712,118.8212,366052700
1726234200,2024-09-13 00:00:00,118.7613,119.6390,117.2853,118.7813,238358300
1726493400,2024-09-16 00:00:00,116.4775,117.8637,114.0540,116.4675,248772300
1726579800,2024-09-17 00:00:00,117.8538,118.4821,114.5227,115.2807,231925900
1726666200,2024-09-18 00:00:00,115.5799,117.3850,112.9170,113.0666,310318900
1726752600,2024-09-19 00:00:00,117.0360,119.3398,116.9362,117.5546,293506400
1726839000,2024-09-20 00:00:00,116.7468,118.3026,115.0812,115.6896,382462400
1727098200,2024-09-23 00:00:00,116.2381,116.6769,114.5526,115.9489,206228500
1727184600,2024-09-24 00:00:00,116.2082,121.4741,115.0712,120.5465,354966800
1727271000,2024-09-25 00:00:00,121.6935,124.6056,121.2846,123.1795,284692900
1727357400,2024-09-26 00:00:00,126.4607,127.3283,121.4741,123.7081,302582900
1727443800,2024-09-27 00:00:00,123.6383,123.6981,118.9409,121.0751,271009200
1727703000,2024-09-30 00:00:00,117.9934,121.1749,117.8338,121.1150,226553700
1727789400,2024-10-01 00:00:00,121.4441,122.1123,115.4801,116.6869,302094500
1727875800,2024-10-02 00:00:00,116.1284,119.0605,114.8319,118.5320,221845900
1727962200,2024-10-03 00:00:00,120.5964,124.0272,120.0180,122.5212,277118000
1728048600,2024-10-04 00:00:00,124.6057,124.7054,121.5040,124.5857,243678100
1728307800,2024-10-07 00:00:00,124.6555,130.2904,124.6156,127.3782,346250200
1728394200,2024-10-08 00:00:00,129.9114,133.1228,129.0737,132.5344,285722500
1728480600,2024-10-09 00:00:00,133.7511,134.1600,131.0284,132.2950,246191600
1728567000,2024-10-10 00:00:00,131.5570,134.6387,130.6494,134.4492,242311300
1728653400,2024-10-11 00:00:00,133.6514,135.4166,133.3023,134.4393,170209500
1728912600,2024-10-14 00:00:00,136.1048,139.2264,135.9352,137.7005,232347700
1728999000,2024-10-15 00:00:00,137.5010,138.1992,128.3955,131.2478,377831000
1729085400,2024-10-16 00:00:00,133.6215,136.2544,131.2279,135.3568,264879700
1729171800,2024-10-17 00:00:00,138.9671,140.5130,136.5037,136.5636,306435900
1729258200,2024-10-18 00:00:00,138.2989,138.5283,136.9126,137.6307,176090200
1729517400,2024-10-21 00:00:00,137.7604,143.3254,137.6307,143.3254,264554500
1729603800,2024-10-22 00:00:00,142.5275,144.0335,141.4006,143.2057,226311600
1729690200,2024-10-23 00:00:00,141.6499,142.0489,137.0922,139.1865,285930000
1729776600,2024-10-24 00:00:00,140.4432,140.9718,138.0895,140.0343,172354900
1729863000,2024-10-25 00:00:00,140.5529,143.7443,140.4232,141.1612,205122100
1730122200,2024-10-28 00:00:00,142.6173,142.7569,139.6752,140.1439,173586700
1730208600,2024-10-29 00:00:00,139.9146,141.8793,138.5283,140.8720,157593600
1730295000,2024-10-30 00:00:00,139.1666,139.9545,136.4439,138.9671,179418100
1730381400,2024-10-31 00:00:00,137.2318,137.2418,131.7565,132.4047,270039600
1730467800,2024-11-01 00:00:00,134.3395,136.9425,134.2099,135.0376,207127800
1730730600,2024-11-04 00:00:00,136.8428,138.5881,135.2072,135.6859,187528200
1730817000,2024-11-05 00:00:00,137.0822,139.9944,136.9625,139.5356,160537400
1730903400,2024-11-06 00:00:00,142.5774,146.0980,141.5801,145.2204,242043900
1730989800,2024-11-07 00:00:00,145.9983,148.5315,145.7789,148.4816,207323300
1731076200,2024-11-08 00:00:00,148.3719,149.3692,145.8686,147.2349,175665800
1731335400,2024-11-11 00:00:00,148.2821,148.4517,143.1858,144.8713,182325600
1731421800,2024-11-12 00:00:00,146.3872,149.2495,145.6193,147.8932,198634700
1731508200,2024-11-13 00:00:00,148.6711,148.9304,145.5095,145.8786,191903300
1731594600,2024-11-14 00:00:00,147.2449,148.6013,145.1605,146.3672,194463300
1731681000,2024-11-15 00:00:00,144.4823,144.8513,139.7051,141.6000,250132900
1731940200,2024-11-18 00:00:00,139.1267,141.1712,136.7830,139.7750,221205300
1732026600,2024-11-19 00:00:00,140.9418,146.7363,140.6127,146.6166,227834900
1732113000,2024-11-20 00:00:00,147.0155,147.1651,142.3481,145.4996,309871700
1732199400,2024-11-21 00:00:00,148.9503,152.4809,140.3235,146.2775,400946600
1732285800,2024-11-22 00:00:00,145.5395,146.7662,140.7224,141.5701,236406200
1732545000,2024-11-25 00:00:00,141.6100,141.6699,135.4566,135.6560,344941900
1732631400,2024-11-26 00:00:00,137.3315,138.9272,135.3069,136.5536,190287700
1732717800,2024-11-27 00:00:00,134.6487,136.8528,131.4473,134.9778,226370900
1732890600,2024-11-29 00:00:00,136.4140,138.9771,135.6860,137.8801,141863200
1733149800,2024-12-02 00:00:00,138.4585,140.0741,137.4512,138.2590,171682800
1733236200,2024-12-03 00:00:00,137.8900,140.1639,137.5808,139.8846,164414000
1733322600,2024-12-04 00:00:00,141.6200,145.3998,139.9145,144.7516,231224300
1733409000,2024-12-05 00:00:00,144.7317,146.1579,143.5747,144.6818,172621200
1733495400,2024-12-06 00:00:00,144.2230,145.3201,140.9416,142.0686,188505600
1733754600,2024-12-09 00:00:00,138.6077,139.5851,136.7725,138.4481,189308600
1733841000,2024-12-10 00:00:00,138.6475,141.4502,133.4412,134.7178,210020900
1733927400,2024-12-11 00:00:00,137.0019,139.8046,134.8575,138.9468,184905200
1734013800,2024-12-12 00:00:00,136.7226,138.0790,135.4459,136.9819,159211400
1734100200,2024-12-13 00:00:00,138.5778,139.2360,132.1944,133.9000,231514900
1734359400,2024-12-16 00:00:00,133.8301,134.0496,130.0799,131.6558,237951100
1734445800,2024-12-17 00:00:00,128.7534,131.2469,126.5292,130.0500,259410300
1734532200,2024-12-18 00:00:00,133.5110,136.3436,127.9455,128.5739,277444500
1734618600,2024-12-19 00:00:00,131.4164,133.6805,129.2122,130.3393,209719200
1734705000,2024-12-20 00:00:00,129.4715,134.9273,127.8857,134.3488,306528600
1734964200,2024-12-23 00:00:00,135.9247,139.4255,134.7677,139.3058,176053500
1735050600,2024-12-24 00:00:00,139.6350,141.5300,138.2885,139.8544,105157000
1735223400,2024-12-26 00:00:00,139.3357,140.4828,137.3709,139.5651,116205600
1735309800,2024-12-27 00:00:00,138.1887,138.6575,134.3587,136.6527,170582600
1735569000,2024-12-30 00:00:00,134.4784,139.9043,133.6706,137.1315,167734700
1735655400,2024-12-31 00:00:00,137.6701,137.7100,133.4811,133.9399,155659200
1735828200,2025-01-02 00:00:00,135.6454,138.5179,134.2790,137.9494,198247200
1735914600,2025-01-03 00:00:00,139.6449,144.5222,139.3657,144.0933,229322500
1736173800,2025-01-06 00:00:00,148.2026,151.7633,147.4346,149.0404,265377400
1736260200,2025-01-07 00:00:00,152.6310,152.7307,139.6449,139.7746,351782200
1736346600,2025-01-08 00:00:00,142.2083,143.5747,137.2013,139.7447,227349900
1736519400,2025-01-10 00:00:00,137.0916,139.5552,133.8700,135.5556,207602500
1736778600,2025-01-13 00:00:00,129.6511,133.1419,129.1723,132.8826,204808900
1736865000,2025-01-14 00:00:00,135.6953,136.0244,129.7109,131.4165,195590500
1736951400,2025-01-15 00:00:00,133.3015,136.0942,130.9477,135.8848,185217300
1737037800,2025-01-16 00:00:00,138.2785,138.3882,133.1420,133.2218,209235600
1737124200,2025-01-17 00:00:00,136.3336,138.1389,135.1068,137.3510,201188800
1737469800,2025-01-21 00:00:00,138.7972,141.4602,136.7326,140.4628,197749000
1737556200,2025-01-22 00:00:00,144.2828,147.4046,143.2954,146.6865,237651400
1737642600,2025-01-23 00:00:00,144.6718,146.8461,143.3453,146.8362,155915500
1737729000,2025-01-24 00:00:00,147.9832,148.5816,141.5101,142.2482,234657600
1737988200,2025-01-27 00:00:00,124.4746,128.0652,116.3957,118.1112,818830900
1738074600,2025-01-28 00:00:00,121.4924,128.6637,115.9469,128.6537,579666400
1738161000,2025-01-29 00:00:00,126.1702,126.5592,119.7370,123.3775,467120600
1738247400,2025-01-30 00:00:00,122.7790,124.6741,117.7921,124.3250,392925500
1738333800,2025-01-31 00:00:00,123.4573,127.5167,118.8792,119.7569,388161100
1738593000,2025-02-03 00:00:00,114.4508,118.2609,112.7154,116.3558,371235700
1738679400,2025-02-04 00:00:00,116.6550,120.8840,116.3957,118.3406,256550000
1738765800,2025-02-05 00:00:00,121.4425,124.6741,120.4451,124.5045,262230800
1738852200,2025-02-06 00:00:00,127.0878,128.4343,124.8835,128.3445,251483600
1738938600,2025-02-07 00:00:00,128.8831,130.0301,124.6741,129.5014,228186300
1739197800,2025-02-10 00:00:00,129.7508,134.6480,129.6212,133.2218,216989100
1739284200,2025-02-11 00:00:00,132.2343,134.1293,130.6784,132.4537,178902400
1739370600,2025-02-12 00:00:00,129.6810,131.8952,128.7435,130.7981,160278600
1739457000,2025-02-13 00:00:00,131.2170,136.1441,130.8280,134.9372,197430000
1739543400,2025-02-14 00:00:00,136.1241,138.8869,135.1467,138.4880,195479600
1739889000,2025-02-18 00:00:00,140.9017,143.0660,137.5704,139.0365,219176600
1739975400,2025-02-19 00:00:00,139.1462,140.9914,136.8622,138.8670,167536000
1740061800,2025-02-20 00:00:00,139.6649,140.2933,136.4333,139.7447,143903600
1740148200,2025-02-21 00:00:00,139.6749,141.0912,133.6805,134.0795,228217600
1740407400,2025-02-24 00:00:00,136.2039,138.2287,129.7408,129.9403,251381100
1740493800,2025-02-25 00:00:00,129.6411,129.8605,124.1155,126.2998,271428700
1740580200,2025-02-26 00:00:00,129.6511,133.3813,128.1550,130.9377,322553800
1740666600,2025-02-27 00:00:00,134.6480,134.6580,119.6971,119.8367,443175800
1740753000,2025-02-28 00:00:00,117.7123,124.7638,116.0965,124.5943,389091100
1741012200,2025-03-03 00:00:00,123.1880,123.3775,111.9872,113.7626,411381400
1741098600,2025-03-04 00:00:00,110.3615,118.9989,109.8229,115.6876,398163300
1741185000,2025-03-05 00:00:00,117.2734,117.9716,114.2114,116.9942,284337900
1741271400,2025-03-06 00:00:00,113.2340,115.0492,109.9326,110.2817,321181900
1741357800,2025-03-07 00:00:00,110.9599,113.1841,107.2796,112.3962,341755500
1741613400,2025-03-10 00:00:00,109.6134,111.5584,105.1850,106.7011,366487400
1741699800,2025-03-11 00:00:00,106.7110,111.9473,104.4968,108.4764,354865700
1741786200,2025-03-12 00:00:00,113.8329,116.4663,112.5960,115.4488,323857500
1741872600,2025-03-13 00:00:00,116.7356,117.4638,113.5037,115.2892,299033100
1741959000,2025-03-14 00:00:00,118.3116,121.5734,117.8528,121.3639,277593500
1742218200,2025-03-17 00:00:00,122.4312,122.5809,117.7331,119.2293,255501500
1742304600,2025-03-18 00:00:00,117.7032,118.7206,114.2519,115.1396,299686900
1742391000,2025-03-19 00:00:00,116.9750,120.1470,115.3890,117.2244,273426200
1742477400,2025-03-20 00:00:00,116.2568,119.8976,116.1770,118.2318,248829700
1742563800,2025-03-21 00:00:00,116.6458,117.6932,115.1296,117.4039,266498500
1742823000,2025-03-24 00:00:00,119.5784,121.9125,119.0398,121.1046,228452500
1742909400,2025-03-25 00:00:00,120.2467,120.9849,118.6208,120.3864,167447200
1742995800,2025-03-26 00:00:00,118.4313,118.5410,112.4265,113.4738,293463300
1743082200,2025-03-27 00:00:00,111.0699,114.1621,110.3816,111.1497,236902100
1743168600,2025-03-28 00:00:00,111.2095,112.5861,108.7956,109.3941,229872500
1743427800,2025-03-31 00:00:00,104.8655,110.6809,103.3893,108.1074,299212700
1743514200,2025-04-01 00:00:00,108.2470,109.9228,106.2022,109.8729,222614000
1743600600,2025-04-02 00:00:00,107.0201,111.6983,106.5214,110.1422,220601200
1743687000,2025-04-03 00:00:00,103.2496,105.3643,101.3444,101.5439,338769400
1743773400,2025-04-04 00:00:00,98.6612,99.8781,91.8783,94.0728,532273800
1744032600,2025-04-07 00:00:00,87.2400,101.4940,86.4021,97.3944,611041300
1744119000,2025-04-08 00:00:00,103.5489,105.5837,94.2224,96.0578,476243400
1744205400,2025-04-09 00:00:00,98.6412,114.8105,97.2847,114.0424,612918300
1744291800,2025-04-10 00:00:00,109.0949,110.5811,98.9006,107.2994,437812400
1744378200,2025-04-11 00:00:00,108.2271,111.2694,107.2096,110.6509,313417300
1744637400,2025-04-14 00:00:00,113.8230,114.0025,108.7956,110.4315,264705000
1744723800,2025-04-15 00:00:00,110.6908,113.3342,110.2220,111.9177,228966900
1744810200,2025-04-16 00:00:00,104.2870,106.5214,100.1973,104.2271,397016900
1744896600,2025-04-17 00:00:00,104.1872,104.2072,99.7983,101.2347,292517500
1745242200,2025-04-21 00:00:00,98.5215,99.1899,94.8009,96.6662,288501100
1745328600,2025-04-22 00:00:00,98.5315,99.5589,97.0353,98.6412,241004800
1745415000,2025-04-23 00:00:00,104.2571,104.5364,101.7634,102.4516,247526000
1745501400,2025-04-24 00:00:00,103.2197,106.2720,102.8506,106.1623,220815000
1745587800,2025-04-25 00:00:00,106.5812,111.6385,105.4640,110.7308,251064700
1745847000,2025-04-28 00:00:00,109.4141,110.0924,105.7533,108.4565,207708500
1745933400,2025-04-29 00:00:00,107.3991,109.9228,107.1697,108.7457,170444300
1746019800,2025-04-30 00:00:00,104.2072,108.6460,103.8182,108.6460,235044600
1746106200,2025-05-01 00:00:00,112.7955,114.6509,111.0200,111.3292,236121500
1746192600,2025-05-02 00:00:00,113.8928,115.1097,113.0848,114.2120,190194800
1746451800,2025-05-05 00:00:00,112.6260,114.3815,112.3766,113.5337,133163200
1746538200,2025-05-06 00:00:00,111.1996,114.4514,110.5412,113.2544,158525600
1746624600,2025-05-07 00:00:00,112.7656,117.3840,111.9976,116.7655,206758800
1746711000,2025-05-08 00:00:00,117.9525,118.3814,115.5586,117.0747,198428100
1746797400,2025-05-09 00:00:00,117.0548,117.9326,114.9202,116.3566,132972200
1747056600,2025-05-12 00:00:00,121.6632,122.6906,119.9774,122.6906,225023300
1747143000,2025-05-13 00:00:00,124.6656,130.8899,124.1569,129.6031,330430100
1747229400,2025-05-14 00:00:00,132.8649,135.0993,131.3487,134.9995,281180800
1747315800,2025-05-15 00:00:00,133.9522,135.9571,132.3263,134.4908,226632600
1747402200,2025-05-16 00:00:00,135.8773,136.0070,133.1243,135.0594,226542500
1747661400,2025-05-19 00:00:00,132.0570,135.5282,132.0570,135.2290,193154600
1747747800,2025-05-20 00:00:00,133.9522,134.2414,132.2864,134.0419,161514200
1747834200,2025-05-21 00:00:00,132.7253,137.0544,130.2615,131.4685,270608700
1747920600,2025-05-22 00:00:00,131.8974,133.9123,131.2191,132.4958,187344000
1748007000,2025-05-23 00:00:00,129.6730,132.3462,128.8351,130.9597,198821300
1748352600,2025-05-27 00:00:00,133.8125,135.3187,132.9746,135.1591,192953600
1748439000,2025-05-28 00:00:00,135.6878,136.9047,134.4509,134.4709,304021100
1748525400,2025-05-29 00:00:00,141.8921,143.1290,137.5631,138.8398,369241900
1748611800,2025-05-30 00:00:00,138.3711,139.2688,132.5856,134.7901,333170900
1748871000,2025-06-02 00:00:00,135.1492,137.7726,135.0594,137.0344,197663100
1748957400,2025-06-03 00:00:00,138.4309,141.6428,137.6030,140.8647,225578800
1749043800,2025-06-04 00:00:00,141.8323,142.0318,139.1890,141.5630,167120800
1749130200,2025-06-05 00:00:00,141.8124,143.6378,138.4808,139.6378,231397900
1749216600,2025-06-06 00:00:00,142.1515,142.9096,141.1540,141.3635,153986200
1749475800,2025-06-09 00:00:00,142.8298,144.6353,141.5830,142.2712,185114500
1749562200,2025-06-10 00:00:00,142.3311,143.9270,141.1740,143.5979,155881900
1749648600,2025-06-11 00:00:00,144.2562,144.6353,141.5229,142.4806,167694000
1749735000,2025-06-12 00:00:00,141.6227,144.6453,141.5030,144.6453,162365000
1749821400,2025-06-13 00:00:00,142.1314,143.2288,140.5054,141.6227,180820600
1750080600,2025-06-16 00:00:00,142.9993,145.8224,142.8497,144.3360,183133700
1750167000,2025-06-17 00:00:00,144.1365,144.8647,143.4283,143.7674,139108000
1750253400,2025-06-18 00:00:00,143.6577,145.2937,142.7699,145.1241,161494100
1750426200,2025-06-20 00:00:00,145.0942,145.8423,142.3010,143.4981,242956200
1750685400,2025-06-23 00:00:00,142.1514,144.4258,141.6826,143.8173,154308900
1750771800,2025-06-24 00:00:00,145.2039,147.5980,145.1441,147.5382,187566100
1750858200,2025-06-25 00:00:00,148.9049,154.0722,148.8949,153.9325,269146500
1750944600,2025-06-26 00:00:00,155.5984,156.3366,153.6233,154.6408,198145700
1751031000,2025-06-27 00:00:00,155.6583,158.3217,154.8802,157.3641,263234500
1751290200,2025-06-30 00:00:00,158.0125,158.2719,155.5785,157.6035,194580300
1751376600,2025-07-01 00:00:00,155.9077,156.8154,151.1194,152.9250,213143600
1751463000,2025-07-02 00:00:00,152.6058,157.2145,152.5958,156.8653,171224100
1751549400,2025-07-03 00:00:00,157.9826,160.5862,157.3841,158.9502,143716100
1751895000,2025-07-07 00:00:00,157.8130,158.9203,156.9551,157.8529,140139000
1751981400,2025-07-08 00:00:00,158.9402,159.8281,158.0025,159.6086,138133000
1752067800,2025-07-09 00:00:00,160.8256,164.0178,160.7658,162.4816,183656400
1752154200,2025-07-10 00:00:00,163.9180,164.0976,161.2146,163.6986,167704100
1752240600,2025-07-11 00:00:00,163.3195,167.4793,163.0701,164.5165,193633300
1752499800,2025-07-14 00:00:00,164.9654,165.0851,161.6236,163.6686,136975800
1752586200,2025-07-15 00:00:00,170.7712,171.9782,168.7861,170.2824,230627400
1752672600,2025-07-16 00:00:00,170.6415,171.3299,168.4868,170.9508,158831500
1752759000,2025-07-17 00:00:00,171.5992,173.7340,170.4121,172.5768,160841100
1752845400,2025-07-18 00:00:00,173.2152,173.8237,170.8411,171.9883,146456400
1753104600,2025-07-21 00:00:00,172.3274,172.9559,170.5817,170.9608,123126100
1753191000,2025-07-22 00:00:00,170.9209,170.9707,164.1774,166.6214,193114300
1753277400,2025-07-23 00:00:00,169.1153,170.8410,167.5591,170.3622,154082200
1753363800,2025-07-24 00:00:00,172.0181,173.4047,170.8809,173.3150,128984600
1753450200,2025-07-25 00:00:00,173.1853,174.2926,172.5369,173.0756,122316800
1753709400,2025-07-28 00:00:00,173.5943,176.5670,173.5444,176.3176,140023500
1753795800,2025-07-29 00:00:00,177.5247,178.9412,174.5919,175.0806,154077500
1753882200,2025-07-30 00:00:00,176.0782,179.4499,175.6093,178.8314,174312200
1753968600,2025-07-31 00:00:00,182.4526,182.8516,175.4996,177.4349,221685400
1754055000,2025-08-01 00:00:00,173.6641,176.1081,170.4719,173.2950,204529000
1754314200,2025-08-04 00:00:00,174.7315,179.7592,174.0931,179.5597,148174600
1754400600,2025-08-05 00:00:00,179.1806,179.8190,175.4697,177.8239,156407600
1754487000,2025-08-06 00:00:00,175.8986,179.4599,175.8188,178.9811,137192300
1754573400,2025-08-07 00:00:00,181.1258,183.4302,178.3626,180.3278,151878400
1754659800,2025-08-08 00:00:00,181.1059,182.8516,179.9587,182.2531,123396700
1754919000,2025-08-11 00:00:00,181.6047,183.3903,179.8091,181.6146,138323200
1755005400,2025-08-12 00:00:00,182.5124,184.0287,179.0210,182.7119,145485700
1755091800,2025-08-13 00:00:00,182.1732,183.5199,178.9112,181.1458,179871700
1755178200,2025-08-14 00:00:00,179.3103,182.5723,179.0210,181.5747,129554000
1755264600,2025-08-15 00:00:00,181.4351,181.4550,177.6045,180.0086,156602200
1755523800,2025-08-18 00:00:00,180.1582,182.4925,180.1482,181.5647,132008000
1755610200,2025-08-19 00:00:00,181.9837,182.0535,175.0607,175.2103,185229200
1755696600,2025-08-20 00:00:00,174.7415,175.5695,168.3871,174.9709,215142700
1755783000,2025-08-21 00:00:00,174.4223,176.4672,173.3848,174.5519,140040900
1755869400,2025-08-22 00:00:00,172.1878,178.1531,170.7812,177.5546,172789400
1756128600,2025-08-25 00:00:00,177.9137,181.4650,176.1380,179.3701,163012800
1756215000,2025-08-26 00:00:00,179.6195,181.9438,178.3726,181.3253,168688200
1756301400,2025-08-27 00:00:00,181.5348,182.0436,178.6619,181.1557,235518900
1756387800,2025-08-28 00:00:00,180.3777,184.0187,175.9785,179.7292,281787800
1756474200,2025-08-29 00:00:00,177.6743,177.7142,172.7264,173.7539,243257900
1756819800,2025-09-02 00:00:00,169.5841,171.9583,166.8109,170.3622,231164900
1756906200,2025-09-03 00:00:00,170.6415,171.9882,168.4669,170.2026,164424900
1756992600,2025-09-04 00:00:00,170.1527,171.4396,168.9956,171.2401,141670100
1757079000,2025-09-05 00:00:00,167.6190,168.6165,163.6687,166.6114,224441400
1757338200,2025-09-08 00:00:00,167.1401,170.5418,166.9406,167.8983,163769100
1757424600,2025-09-09 00:00:00,168.6763,170.5617,166.3321,170.3423,157548400
1757511000,2025-09-10 00:00:00,176.2079,178.8514,175.0407,176.8962,226852000
1757597400,2025-09-11 00:00:00,179.2506,179.8491,176.0582,176.7466,151159300
1757683800,2025-09-12 00:00:00,177.3451,178.1731,176.0283,177.3950,124911000
1757943000,2025-09-15 00:00:00,175.2501,178.4225,174.0929,177.3251,147061600
1758029400,2025-09-16 00:00:00,176.5769,177.0758,173.9632,174.4620,140737800
1758115800,2025-09-17 00:00:00,172.2274,172.7860,168.0075,169.8830,211843800
1758202200,2025-09-18 00:00:00,173.5642,176.6767,172.5466,175.8188,191763300
1758288600,2025-09-19 00:00:00,175.3499,177.6544,174.7613,176.2477,237182100
1758547800,2025-09-22 00:00:00,174.8810,184.1089,174.2924,183.1712,269637000
1758634200,2025-09-23 00:00:00,181.5351,181.9840,175.7889,178.0035,192559600
1758720600,2025-09-24 00:00:00,179.3403,179.3503,174.9808,176.5470,143564100
1758807000,2025-09-25 00:00:00,174.0630,179.8292,172.7162,177.2653,191586700
1758893400,2025-09-26 00:00:00,177.7442,179.3403,174.5119,177.7641,148573700
1759152600,2025-09-29 00:00:00,179.9988,183.5602,179.8890,181.4154,193063500
1759239000,2025-09-30 00:00:00,181.6448,186.9022,181.0462,186.1340,236981000
1759325400,2025-10-01 00:00:00,184.7973,187.6903,183.4605,186.7925,173844900
1759411800,2025-10-02 00:00:00,189.1468,190.5934,187.6105,188.4385,136805800
1759498200,2025-10-03 00:00:00,188.7378,189.9050,184.9369,187.1716,137596900
1759757400,2025-10-06 00:00:00,185.0566,186.7825,182.8918,185.0965,157678100
1759843800,2025-10-07 00:00:00,185.7849,188.6081,183.5602,184.5977,140088000
1759930200,2025-10-08 00:00:00,186.1241,189.1468,186.0941,188.6580,130168900
1760016600,2025-10-09 00:00:00,191.7705,194.8332,190.6033,192.1097,182997200
1760103000,2025-10-10 00:00:00,193.0475,195.1525,181.6149,182.7222,268774400
1760362200,2025-10-13 00:00:00,187.5207,189.6556,185.5155,187.8699,153482800
1760448600,2025-10-14 00:00:00,184.3284,184.3583,179.2705,179.5997,205641400
1760535000,2025-10-15 00:00:00,184.3583,184.4281,176.8663,179.4002,214450500
1760621400,2025-10-16 00:00:00,181.7945,182.8419,179.3403,181.3755,179723300
1760707800,2025-10-17 00:00:00,179.7493,183.6600,179.3204,182.7821,173135200
1760967000,2025-10-20 00:00:00,182.6923,184.7574,181.2956,182.2035,128544700
1761053400,2025-10-21 00:00:00,182.3531,182.3531,179.3703,180.7270,124240200
1761139800,2025-10-22 00:00:00,180.7071,183.0016,176.3375,179.8491,162249600
1761226200,2025-10-23 00:00:00,179.9888,182.5925,179.3603,181.7246,111363700
1761312600,2025-10-24 00:00:00,183.4006,187.0219,183.0614,185.8148,131296700
1761571800,2025-10-27 00:00:00,189.5359,191.5411,187.9796,191.0323,153452700
1761658200,2025-10-28 00:00:00,192.5886,202.6645,191.4513,200.5495,297986200
1761744600,2025-10-29 00:00:00,207.4829,211.6829,204.2906,206.5452,308829600
1761831000,2025-10-30 00:00:00,204.6597,205.6673,200.9286,202.4051,178864400
1761917400,2025-10-31 00:00:00,205.9566,207.4729,201.5870,202.0060,179802200
1762180200,2025-11-03 00:00:00,207.5827,210.8349,205.0687,206.3855,180267300
1762266600,2025-11-04 00:00:00,202.5148,203.4825,197.4569,198.2151,188919300
1762353000,2025-11-05 00:00:00,198.2949,202.4350,194.1848,194.7434,171350300
1762439400,2025-11-06 00:00:00,195.9505,197.1477,185.9345,187.6305,223029800
1762525800,2025-11-07 00:00:00,184.4581,187.8699,178.4824,187.7003,264942300
1762785000,2025-11-10 00:00:00,194.6437,199.4621,193.3268,198.5743,198897100
1762871400,2025-11-11 00:00:00,194.6936,194.9529,190.8428,192.6983,176483300
1762957800,2025-11-12 00:00:00,195.2522,195.4218,190.6732,193.3368,154935300
1763044200,2025-11-13 00:00:00,190.5934,190.9824,183.4106,186.4134,207423100
1763130600,2025-11-14 00:00:00,182.4230,190.5535,180.1484,189.7155,186591900
1763389800,2025-11-17 00:00:00,185.5255,188.5483,183.8795,186.1540,173628900
1763476200,2025-11-18 00:00:00,182.9417,184.3583,179.2206,180.9265,213598900
1763562600,2025-11-19 00:00:00,184.3483,187.4110,182.3930,186.0742,247246400
1763649000,2025-11-20 00:00:00,195.4817,195.5315,179.4201,180.2083,343504800
1763735400,2025-11-21 00:00:00,180.8068,184.1189,172.5167,178.4525,346926200
1763994600,2025-11-24 00:00:00,179.0610,183.0614,176.0582,182.1137,256618300
1764081000,2025-11-25 00:00:00,174.4919,177.7342,169.1448,177.3950,320600300
1764167400,2025-11-26 00:00:00,181.1959,182.4728,177.8140,179.8292,183852000
1764340200,2025-11-28 00:00:00,178.5821,178.8615,176.0781,176.5770,121332800
1764599400,2025-12-01 00:00:00,174.3423,179.8691,173.2649,179.4900,188131000
1764685800,2025-12-02 00:00:00,181.3256,185.2162,179.5698,181.0263,182632200
1764772200,2025-12-03 00:00:00,180.6472,182.0139,178.6819,179.1608,165138000
1764858600,2025-12-04 00:00:00,181.1960,184.0892,179.5399,182.9519,167364900
1764945000,2025-12-05 00:00:00,183.4607,184.2289,180.4877,181.9842,143971100
1765204200,2025-12-08 00:00:00,182.2136,187.5611,181.9742,185.1168,204378100
1765290600,2025-12-09 00:00:00,185.1268,185.2864,182.8920,184.5382,144719700
1765377000,2025-12-10 00:00:00,184.5382,185.0470,181.6150,183.3510,162785400
1765463400,2025-12-11 00:00:00,179.8591,180.8967,176.2077,180.5076,182136600
1765549800,2025-12-12 00:00:00,180.6872,182.3932,174.2123,174.6114,204274900
1765809000,2025-12-15 00:00:00,177.5246,178.0035,174.6214,175.8784,164775600
1765895400,2025-12-16 00:00:00,175.8485,178.0733,174.4917,177.3051,148588100
1765981800,2025-12-17 00:00:00,175.6889,175.7188,169.9124,170.5409,222775500
1766068200,2025-12-18 00:00:00,174.1225,175.7388,171.4189,173.7335,176096000
1766154600,2025-12-19 00:00:00,176.2576,181.0264,175.9283,180.5675,324925900
1766413800,2025-12-22 00:00:00,183.4906,183.7301,181.9243,183.2612,129064400
1766500200,2025-12-23 00:00:00,182.5428,188.8880,182.4730,188.7683,174873600
1766586600,2025-12-24 00:00:00,187.5012,188.4690,186.1544,188.1697,65528500
1766759400,2025-12-26 00:00:00,189.4766,192.2402,187.5611,190.0852,139740300
1767018600,2025-12-29 00:00:00,187.2718,188.3193,185.4760,187.7806,120006100
1767105000,2025-12-30 00:00:00,187.8006,188.5488,186.4936,187.1022,97687300
1767191400,2025-12-31 00:00:00,189.1275,190.1151,186.0546,186.0646,120100500
1767364200,2026-01-02 00:00:00,189.3968,192.4796,187.8205,188.4091,148240500
1767623400,2026-01-05 00:00:00,191.3123,193.1780,185.7154,187.6808,183529700
1767709800,2026-01-06 00:00:00,190.0752,191.7214,186.3839,186.8029,176862600
1767796200,2026-01-07 00:00:00,188.1298,190.9232,186.1245,188.6685,153543200
1767882600,2026-01-08 00:00:00,188.6685,189.1075,183.2811,184.6080,172457000
1767969000,2026-01-09 00:00:00,184.6479,185.9050,183.2412,184.4284,131327500
1768228200,2026-01-12 00:00:00,182.7923,186.6832,182.5927,184.5083,137968500
1768314600,2026-01-13 00:00:00,184.5681,187.6709,182.9718,185.3762,160128900
1768401000,2026-01-14 00:00:00,183.8897,184.0294,180.3779,182.7124,159586100
1768487400,2026-01-15 00:00:00,186.0646,189.2571,185.8950,186.6133,206188600
1768573800,2026-01-16 00:00:00,188.6386,189.9954,185.6456,185.7952,187967200
1768919400,2026-01-20 00:00:00,181.4753,181.9542,177.1953,177.6543,223345300
1769005800,2026-01-21 00:00:00,178.6320,184.9472,177.9835,182.8920,200381000
1769092200,2026-01-22 00:00:00,184.3187,185.7354,183.5006,184.4085,139636600
1769178600,2026-01-23 00:00:00,187.0623,189.1574,186.3839,187.2319,142748100
1769437800,2026-01-26 00:00:00,186.7231,188.6785,185.5558,186.0347,124799600
1769524200,2026-01-27 00:00:00,186.8029,189.5564,185.2665,188.0799,143711600
1769610600,2026-01-28 00:00:00,190.8235,191.9010,189.3968,191.0729,148552700
1769697000,2026-01-29 00:00:00,190.8933,193.0283,185.6256,192.0606,171764400
1769783400,2026-01-30 00:00:00,190.7636,194.0360,189.0277,190.6838,179489500
1770042600,2026-02-02 00:00:00,186.7630,189.8558,184.4484,185.1767,165794100
1770129000,2026-02-03 00:00:00,185.8052,185.8351,175.8186,179.9190,204019600
1770215400,2026-02-04 00:00:00,179.0410,179.1608,171.5087,173.7833,207014100
1770301800,2026-02-05 00:00:00,174.5216,176.4072,170.6307,171.4787,206312900
1770388200,2026-02-06 00:00:00,176.2775,186.5634,174.1924,184.9771,231346200
1770647400,2026-02-09 00:00:00,183.8298,193.2079,183.5206,189.5963,196387400
1770733800,2026-02-10 00:00:00,190.9332,192.0306,187.6808,188.0998,136764800
1770820200,2026-02-11 00:00:00,192.0007,192.8088,188.3293,189.6063,144192700
1770906600,2026-02-12 00:00:00,192.5794,193.1580,186.0746,186.5036,189932500
1770993000,2026-02-13 00:00:00,187.0423,187.0623,181.1661,182.3832,161888000
1771338600,2026-02-17 00:00:00,181.3257,186.7131,178.7617,184.5382,162276900
1771425000,2026-02-18 00:00:00,188.3093,189.9256,186.3240,187.5411,164749100
1771511400,2026-02-19 00:00:00,186.6233,187.9901,185.2266,187.4613,126554500
1771597800,2026-02-20 00:00:00,186.1345,189.8857,185.5059,189.3769,178422300
1771857000,2026-02-23 00:00:00,190.9532,193.4972,189.1374,191.1028,171584800
1771943400,2026-02-24 00:00:00,191.0430,193.3176,186.9625,192.3998,175123600
1772029800,2026-02-25 00:00:00,193.9960,197.1686,193.3376,195.1035,250637100
1772116200,2026-02-26 00:00:00,193.8165,193.8364,183.8897,184.4584,360807900
1772202600,2026-02-27 00:00:00,180.8269,182.1637,175.9682,176.7764,311636500
1772461800,2026-03-02 00:00:00,174.6014,183.0317,174.2323,182.0540,209095300
1772548200,2026-03-03 00:00:00,178.0733,180.4777,176.5070,179.6297,178099400
1772634600,2026-03-04 00:00:00,180.0188,184.2688,179.6396,182.6127,177731200
1772721000,2026-03-05 00:00:00,180.7471,183.6303,177.4647,182.9120,198779700
1772807400,2026-03-06 00:00:00,179.4201,182.3333,176.4072,177.4049,189021900
1773063000,2026-03-09 00:00:00,176.4172,182.4830,175.1501,182.2236,177213600
1773149400,2026-03-10 00:00:00,181.9742,186.0048,181.5851,184.3387,179118500
1773235800,2026-03-11 00:00:00,185.4860,187.1921,184.0293,185.6057,145280400
1773322200,2026-03-12 00:00:00,183.6303,184.5182,181.3355,182.7224,155762700
1773408600,2026-03-13 00:00:00,184.4983,185.6656,179.5296,179.8389,160988400
1773667800,2026-03-16 00:00:00,182.5527,188.4493,180.9963,182.8022,217307400
1773754200,2026-03-17 00:00:00,184.6380,184.9772,181.2657,181.5151,182497800
1773840600,2026-03-18 00:00:00,182.0638,182.9618,179.9188,179.9886,156683100
1773927000,2026-03-19 00:00:00,177.6040,179.5695,175.3891,178.1528,170968500
1774013400,2026-03-20 00:00:00,177.5941,177.8535,171.3284,172.3061,241323500
1774272600,2026-03-23 00:00:00,176.8557,177.9632,174.3614,175.2394,182836300
1774359000,2026-03-24 00:00:00,174.4313,175.8181,173.5832,174.8004,147667800
1774445400,2026-03-25 00:00:00,176.6961,180.8067,176.4467,178.2725,162602100
1774531800,2026-03-26 00:00:00,175.6685,176.1075,170.7497,170.8495,186152200
1774618200,2026-03-27 00:00:00,169.6123,170.5801,166.6291,167.1380,196212700
1774877400,2026-03-30 00:00:00,168.3951,169.0636,163.8954,164.7933,185627000
1774963800,2026-03-31 00:00:00,166.5892,174.2218,166.5793,174.0023,226181300
1775050200,2026-04-01 00:00:00,175.5986,176.9655,174.3515,175.3492,168132000
1775136600,2026-04-02 00:00:00,171.7873,177.0852,170.9792,176.9854,143143200
1775482200,2026-04-06 00:00:00,176.7560,177.3845,175.3592,177.2349,107564300
1775568600,2026-04-07 00:00:00,175.3292,177.8235,173.2640,177.6938,132534900
1775655000,2026-04-08 00:00:00,184.0792,184.8375,179.8888,181.6648,147732700
1775741400,2026-04-09 00:00:00,181.4253,183.6602,180.2081,183.4906,116428500
1775827800,2026-04-10 00:00:00,183.8897,189.5667,183.8797,188.1998,160459500
1776087000,2026-04-13 00:00:00,185.6057,189.2275,185.3164,188.8783,133648200
1776173400,2026-04-14 00:00:00,190.4048,196.0618,190.3349,196.0618,161307000
1776259800,2026-04-15 00:00:00,196.0918,199.9430,195.2936,198.4165,185338400
1776346200,2026-04-16 00:00:00,196.9797,199.3942,195.3634,197.8977,134012900
1776432600,2026-04-17 00:00:00,199.4441,201.2400,198.8156,201.2200,160324400
1776691800,2026-04-20 00:00:00,199.5239,201.7089,197.3888,201.5992,119381400
1776778200,2026-04-21 00:00:00,201.6690,202.2876,198.5462,199.4242,107945300
1776864600,2026-04-22 00:00:00,200.5316,202.0382,198.5462,202.0382,107501000
1776951000,2026-04-23 00:00:00,201.9983,203.3652,196.7702,199.1847,113561800
1777037400,2026-04-24 00:00:00,199.5040,210.4689,199.3543,207.7950,214134400
1777296600,2026-04-27 00:00:00,209.1719,216.3355,206.9071,216.1160,187172400
1777383000,2026-04-28 00:00:00,209.0123,214.2403,207.7252,212.6839,180275400
1777469400,2026-04-29 00:00:00,212.2149,212.2349,207.1066,208.7728,123711800
1777555800,2026-04-30 00:00:00,209.4512,209.8204,198.2469,199.1149,225239200
1777642200,2026-05-01 00:00:00,200.8210,202.5370,196.6705,197.9974,128647000
1777901400,2026-05-04 00:00:00,199.0450,201.2699,194.2959,198.0273,125368100
1777987800,2026-05-05 00:00:00,198.8455,199.7833,195.5829,196.0519,113406600
1778074200,2026-05-06 00:00:00,199.4341,207.7950,198.1571,207.3560,188362800
1778160600,2026-05-07 00:00:00,207.8649,213.7115,206.0291,211.0177,168307900
1778247000,2026-05-08 00:00:00,212.5442,217.3033,212.4045,214.7092,136421400
1778506200,2026-05-11 00:00:00,213.5519,221.7930,213.4022,218.9396,160685800
1778592600,2026-05-12 00:00:00,218.0516,223.2397,214.4299,220.2765,159176600
1778679000,2026-05-13 00:00:00,224.4170,227.3204,221.0647,225.3150,150405400
1778765400,2026-05-14 00:00:00,229.3258,236.0006,228.7771,235.2024,180782900
1778851800,2026-05-15 00:00:00,229.2360,230.9721,223.7286,224.8062,180977600
1779111000,2026-05-18 00:00:00,229.3458,229.4755,217.8720,221.8130,146280900
1779197400,2026-05-19 00:00:00,219.1191,223.9681,217.4130,220.1069,140948200
1779283800,2026-05-20 00:00:00,222.6710,225.6143,219.9971,222.9604,184201600
1779370200,2026-05-21 00:00:00,221.7831,226.8814,217.4330,219.0094,203381800
1779456600,2026-05-22 00:00:00,220.3962,220.5060,214.3101,214.8389,169275700
1779802200,2026-05-26 00:00:00,216.0462,217.6824,211.5165,214.3700,187202600
1779888600,2026-05-27 00:00:00,213.6317,213.6616,208.3039,212.1152,167601200
1779975000,2026-05-28 00:00:00,210.7982,215.0285,210.7383,213.7614,143996000
1780061400,2026-05-29 00:00:00,214.0907,217.3632,210.6485,210.6585,289410600
1780320600,2026-06-01 00:00:00,215.2380,224.3572,215.2081,223.8483,212850700
1780407000,2026-06-02 00:00:00,226.6619,231.7503,220.8452,222.3118,193362900
1780493400,2026-06-03 00:00:00,221.2144,222.3119,214.0208,214.2603,160907000
1780579800,2026-06-04 00:00:00,213.6709,221.3523,210.7342,218.4156,169022200
1780666200,2026-06-05 00:00:00,214.2902,214.6298,204.1016,204.8708,219655500
1780925400,2026-06-08 00:00:00,209.9451,210.2348,205.7698,208.4068,138372800
1781011800,2026-06-09 00:00:00,210.3846,211.1637,199.1172,207.9573,180962500
1781098200,2026-06-10 00:00:00,204.2015,206.9884,199.6965,200.1960,161746600
1781184600,2026-06-11 00:00:00,201.2648,205.4301,199.3170,204.6410,158643200
1781271000,2026-06-12 00:00:00,204.6310,206.8386,203.2126,204.9607,112001800
1781530200,2026-06-15 00:00:00,208.6865,212.4723,208.1071,212.2125,149936700
1781616600,2026-06-16 00:00:00,210.9440,211.2536,207.0583,207.1782,125694100
1781703000,2026-06-17 00:00:00,208.2969,208.9762,202.8530,204.4212,128363500
1781789400,2026-06-18 00:00:00,207.0983,211.1537,206.2692,210.4545,241272000
1782135000,2026-06-22 00:00:00,211.2037,213.7508,207.4878,208.4168,122041400
1782221400,2026-06-23 00:00:00,201.9440,203.5422,199.7765,199.8164,153496200
1782307800,2026-06-24 00:00:00,199.8963,201.4446,196.3603,198.7776,151810700
1782394200,2026-06-25 00:00:00,199.8564,200.5756,191.9153,195.5212,149550000
1782480600,2026-06-26 00:00:00,192.9041,195.3314,191.0063,192.3148,179304100
1782739800,2026-06-29 00:00:00,193.6333,195.9607,189.5879,194.7521,148835700
1782826200,2026-06-30 00:00:00,197.0195,200.4058,194.8919,199.8663,166476700
1782912600,2026-07-01 00:00:00,195.9807,199.6266,193.2338,197.3592,146147600
1782999000,2026-07-02 00:00:00,196.9197,199.8364,192.1350,194.6122,142068700
1783344600,2026-07-06 00:00:00,194.2027,197.3292,193.7732,195.3314,108999000
1783431000,2026-07-07 00:00:00,192.1550,198.1882,190.9264,196.7099,124154600
1783517400,2026-07-08 00:00:00,194.9618,204.9307,194.8420,203.8918,147419100
1783603800,2026-07-09 00:00:00,204.2315,204.3613,198.7376,202.5533,132037400
1783690200,2026-07-10 00:00:00,201.7742,210.7642,201.6943,210.7242,148421000
1783949400,2026-07-13 00:00:00,208.3069,210.3346,202.7731,203.3025,121411000
1784035800,2026-07-14 00:00:00,207.9673,212.3124,203.5722,211.5633,124379600
1784122200,2026-07-15 00:00:00,211.7231,213.5710,205.8097,212.2625,124797200
1784208600,2026-07-16 00:00:00,209.9351,210.8441,205.6199,207.1682,122986100
1784295000,2026-07-17 00:00:00,202.4135,206.4190,197.7487,202.5833,144281900
1784554200,2026-07-20 00:00:00,205.6399,207.5078,202.0539,203.0528,88701500
1784640600,2026-07-21 00:00:00,207.3080,208.4168,203.7820,207.0583,108685600
1784727000,2026-07-22 00:00:00,205.5800,214.1504,204.7209,211.8230,137645600
1784813400,2026-07-23 00:00:00,209.2259,210.6343,205.7298,208.5267,110505300
1784899800,2026-07-24 00:00:00,207.2181,211.6732,204.5811,206.6088,114836800
1785159000,2026-07-27 00:00:00,207.9673,208.5167,195.2216,196.2904,154353700
1785245400,2026-07-28 00:00:00,194.7820,198.4779,192.5246,196.7898,134111500
1785331800,2026-07-29 00:00:00,195.6311,196.8497,189.7976,189.7976,147680800
1785418200,2026-07-30 00:00:00,193.2338,197.0295,191.3059,194.8220,129010200
1785504600,2026-07-31 00:00:00,198.2182,201.7742,194.7321,200.5256,139961200
1785763800,2026-08-03 00:00:00,197.4690,208.5067,196.6300,206.4090,128406900
1785850200,2026-08-04 00:00:00,211.0638,212.8219,208.8163,211.7031,134922000
1785936600,2026-08-05 00:00:00,216.6176,221.9716,216.1581,218.9750,158187400
1786023000,2026-08-06 00:00:00,221.2824,223.3801,216.7575,218.7452,113940600
1786109400,2026-08-07 00:00:00,221.2924,224.5088,220.4134,223.7097,105669400
1786368600,2026-08-10 00:00:00,223.1503,223.8895,216.5277,217.3068,115846600
1786455000,2026-08-11 00:00:00,221.9217,221.9516,215.9583,217.2569,101273100
1786541400,2026-08-12 00:00:00,220.7929,224.8484,219.9539,223.8395,108783600
1786627800,2026-08-13 00:00:00,224.8085,226.9760,223.4600,225.0482,98867200
1786714200,2026-08-14 00:00:00,226.5165,227.2357,224.2491,224.9083,75680900
1786973400,2026-08-17 00:00:00,225.7274,227.6653,224.6087,224.7585,93678700
1787059800,2026-08-18 00:00:00,220.2036,221.3923,218.4456,219.4944,103128200
1787146200,2026-08-19 00:00:00,221.4222,222.6209,216.5177,217.3168,96797300
1787232600,2026-08-20 00:00:00,218.1159,219.6143,215.4190,216.6076,92457000
1787319000,2026-08-21 00:00:00,218.1759,218.4955,214.2603,214.4800,98869300
1787578200,2026-08-24 00:00:00,215.2891,215.3490,207.0184,208.2470,135187300
1787664600,2026-08-25 00:00:00,210.7941,214.4900,209.8752,212.8119,122309000
1787751000,2026-08-26 00:00:00,212.4023,213.3613,208.9961,209.4257,179900000
1787837400,2026-08-27 00:00:00,222.6109,230.2124,220.6531,227.7252,298909800
1787923800,2026-08-28 00:00:00,227.1059,229.0037,216.5677,217.3068,195116400
1788183000,2026-08-31 00:00:00,218.6254,221.0527,215.9683,220.5332,124702700
1788269400,2026-09-01 00:00:00,216.5077,220.1637,214.8596,217.1970,109756200
1788355800,2026-09-02 00:00:00,218.5455,227.6952,218.2358,224.1592,157104700
1788442200,2026-09-03 00:00:00,225.7674,230.1425,224.4988,228.1947,134681600
1788528600,2026-09-04 00:00:00,230.8317,234.4976,229.3733,230.1025,135352400
1788874200,2026-09-08 00:00:00,232.8494,233.4488,224.5987,225.4777,122965600
1788960600,2026-09-09 00:00:00,225.0282,225.9272,223.2102,223.4200,82955500
1789047000,2026-09-10 00:00:00,220.5300,220.9900,217.2000,218.3600,105768000
1789133400,2026-09-11 00:00:00,221.2500,222.0000,218.1500,218.2900,86818741
