time,datetime_kst,open,high,low,close,volume
1476106200,2016-10-10 00:00:00,111.2804,111.6542,111.2336,111.4112,19687300
1476192600,2016-10-11 00:00:00,111.3177,111.3364,109.3366,109.8225,27774400
1476279000,2016-10-12 00:00:00,109.9253,110.1029,109.3927,109.7291,14267800
1476365400,2016-10-13 00:00:00,108.9815,109.6356,108.3460,109.3366,22821000
1476451800,2016-10-14 00:00:00,109.8786,110.3178,109.4020,109.4674,21313300
1476711000,2016-10-17 00:00:00,109.3740,109.6169,109.0282,109.1684,14182700
1476797400,2016-10-18 00:00:00,110.4673,110.6542,110.0842,110.1403,19276700
1476883800,2016-10-19 00:00:00,110.0562,110.2898,109.9347,110.1309,13702900
1476970200,2016-10-20 00:00:00,110.0188,110.2431,109.3646,110.0001,18132200
1477056600,2016-10-21 00:00:00,110.0842,110.4766,109.7197,110.4112,15707800
1477315800,2016-10-24 00:00:00,111.1215,111.8130,111.1028,111.7383,19143000
1477402200,2016-10-25 00:00:00,111.8037,111.8224,111.2149,111.3831,20341800
1477488600,2016-10-26 00:00:00,110.6636,111.2336,110.2991,110.6262,20463700
1477575000,2016-10-27 00:00:00,111.1028,111.1962,109.9627,110.1216,19099800
1477661400,2016-10-28 00:00:00,109.8038,110.3739,109.0936,109.4300,35369300
1477920600,2016-10-31 00:00:00,109.8319,109.8319,109.2712,109.3272,18749400
1478007000,2016-11-01 00:00:00,109.5141,109.5328,107.5610,108.5049,23498700
1478093400,2016-11-02 00:00:00,108.4301,108.6824,107.3648,107.6358,26960100
1478179800,2016-11-03 00:00:00,107.4582,107.8134,106.4583,106.5798,36205200
1478266200,2016-11-04 00:00:00,106.3182,107.0377,106.0191,106.2060,26997500
1478529000,2016-11-07 00:00:00,107.9255,108.8413,107.7479,108.7292,26591200
1478615400,2016-11-08 00:00:00,108.6170,109.9347,108.3647,109.4394,20777900
1478701800,2016-11-09 00:00:00,108.1591,110.1215,108.0283,109.9440,70234400
1478788200,2016-11-10 00:00:00,110.4767,110.6262,106.7200,108.1685,72825400
1478874600,2016-11-11 00:00:00,107.7012,108.4488,107.3181,108.2152,41115200
1479133800,2016-11-14 00:00:00,108.2432,108.3460,106.5611,107.1218,35906000
1479220200,2016-11-15 00:00:00,107.9348,108.9815,107.7760,108.6077,31796600
1479306600,2016-11-16 00:00:00,108.0937,109.3272,108.0937,109.2525,16538100
1479393000,2016-11-17 00:00:00,109.1964,110.0655,108.9721,110.0468,20598600
1479479400,2016-11-18 00:00:00,110.1776,110.3645,109.5328,109.6356,16428700
1479738600,2016-11-21 00:00:00,109.9066,110.8785,109.8692,110.7757,20268500
1479825000,2016-11-22 00:00:00,111.2149,111.3831,110.8411,111.1121,18850600
1479911400,2016-11-23 00:00:00,110.7477,110.8692,110.1776,110.6636,22926000
1480084200,2016-11-25 00:00:00,110.7944,111.0654,110.6636,111.0187,7162800
1480343400,2016-11-28 00:00:00,110.8785,111.2804,110.6542,110.7664,13479000
1480429800,2016-11-29 00:00:00,110.8692,111.6822,110.5514,111.1495,18553000
1480516200,2016-11-30 00:00:00,111.2897,111.3271,109.7664,109.8038,30405300
1480602600,2016-12-01 00:00:00,109.7664,109.7758,107.7386,107.9068,39796600
1480689000,2016-12-02 00:00:00,107.9722,108.5516,107.6732,108.1217,32876800
1480948200,2016-12-05 00:00:00,108.6825,109.3927,108.1872,108.9628,21419700
1481034600,2016-12-06 00:00:00,109.2711,109.4113,108.7665,109.2244,27293300
1481121000,2016-12-07 00:00:00,109.0002,110.7477,108.6731,110.6075,26622400
1481207400,2016-12-08 00:00:00,110.6543,111.0841,110.4393,110.8038,18578400
1481293800,2016-12-09 00:00:00,111.2150,111.7102,111.2056,111.6729,21863100
1481553000,2016-12-12 00:00:00,111.1776,111.4018,110.7103,111.1682,23259300
1481639400,2016-12-13 00:00:00,111.5046,113.1774,111.5046,112.5699,54477900
1481725800,2016-12-14 00:00:00,112.7102,113.0746,112.0093,112.3363,28746000
1481812200,2016-12-15 00:00:00,112.4858,113.1774,112.2148,112.5139,22762300
1481898600,2016-12-16 00:00:00,112.7904,113.0153,111.8718,112.0968,26283900
1482157800,2016-12-19 00:00:00,112.2093,113.2496,112.0499,112.5561,21138700
1482244200,2016-12-20 00:00:00,112.9122,113.1934,112.7810,112.9872,11461800
1482330600,2016-12-21 00:00:00,113.0341,113.1090,112.6498,112.9028,7079300
1482417000,2016-12-22 00:00:00,112.9122,112.9403,112.1437,112.5842,16645000
1482503400,2016-12-23 00:00:00,112.3967,112.7060,112.2936,112.6592,9007500
1482849000,2016-12-27 00:00:00,112.9029,113.8964,112.8560,113.2403,16110600
1482935400,2016-12-28 00:00:00,113.4840,113.5871,112.2843,112.3592,17975200
1483021800,2016-12-29 00:00:00,112.3311,112.5936,111.8438,112.1999,13267500
1483108200,2016-12-30 00:00:00,112.4155,112.4248,110.7284,111.0471,41749000
1483453800,2017-01-03 00:00:00,111.7875,112.4623,111.4313,112.0406,22307600
1483540200,2017-01-04 00:00:00,112.1624,112.8560,112.1530,112.6498,19749100
1483626600,2017-01-05 00:00:00,112.5654,113.3621,112.5654,113.2871,20644300
1483713000,2017-01-06 00:00:00,113.4090,114.5806,113.1184,114.2807,24074300
1483972200,2017-01-09 00:00:00,114.3744,114.8618,114.2994,114.6556,18909200
1484058600,2017-01-10 00:00:00,114.7024,115.2554,114.4400,114.9086,16176600
1484145000,2017-01-11 00:00:00,114.9555,115.2179,114.3650,115.2179,20686000
1484231400,2017-01-12 00:00:00,114.8055,115.1148,113.9713,115.0398,19622500
1484317800,2017-01-13 00:00:00,115.0960,115.6303,115.0960,115.4335,16930800
1484663400,2017-01-17 00:00:00,115.1335,115.3116,114.7493,115.0867,14538500
1484749800,2017-01-18 00:00:00,115.2554,115.4335,114.9648,115.3210,12499700
1484836200,2017-01-19 00:00:00,115.4897,115.8927,115.0210,115.2647,12710700
1484922600,2017-01-20 00:00:00,115.7709,116.0614,115.2085,115.5178,22091000
1485181800,2017-01-23 00:00:00,115.4429,115.7803,114.8805,115.6116,17434200
1485268200,2017-01-24 00:00:00,115.8365,116.5676,115.6397,116.3895,17640900
1485354600,2017-01-25 00:00:00,117.1205,117.5892,117.0174,117.5611,15036200
1485441000,2017-01-26 00:00:00,117.7204,117.9266,117.4767,117.6829,16052200
1485527400,2017-01-27 00:00:00,117.9360,118.0203,117.5236,117.9079,15053000
1485786600,2017-01-30 00:00:00,117.5142,117.5142,116.3426,116.9893,25006700
1485873000,2017-01-31 00:00:00,116.5769,116.7831,116.0802,116.7550,19091100
1485959400,2017-02-01 00:00:00,117.5798,117.7954,117.0268,117.5611,22861900
1486045800,2017-02-02 00:00:00,117.3549,117.8141,117.0268,117.4580,15101400
1486132200,2017-02-03 00:00:00,117.5798,117.9172,117.4673,117.7954,16957200
1486391400,2017-02-06 00:00:00,117.5985,117.9547,117.4860,117.9359,11630100
1486477800,2017-02-07 00:00:00,118.1797,118.6108,118.0672,118.3671,17541100
1486564200,2017-02-08 00:00:00,118.2078,118.7326,117.9828,118.5639,12569100
1486650600,2017-02-09 00:00:00,118.6858,119.2575,118.6202,118.9951,17542700
1486737000,2017-02-10 00:00:00,119.2575,119.5574,119.0513,119.3887,13915700
1486996200,2017-02-13 00:00:00,119.7542,120.2135,119.7074,120.0635,19120200
1487082600,2017-02-14 00:00:00,120.1104,120.4759,119.7261,120.4666,16333500
1487169000,2017-02-15 00:00:00,120.3822,121.2351,120.3166,121.1789,17891400
1487255400,2017-02-16 00:00:00,121.2539,121.4976,120.8321,121.1414,15098300
1487341800,2017-02-17 00:00:00,120.9633,121.6757,120.9446,121.6663,15563700
1487687400,2017-02-21 00:00:00,121.9006,122.3411,121.8350,122.2661,18479600
1487773800,2017-02-22 00:00:00,122.1536,122.3973,121.9474,122.3130,12110900
1487860200,2017-02-23 00:00:00,122.5004,122.5004,121.3664,121.8537,17489000
1487946600,2017-02-24 00:00:00,121.3007,122.0880,121.2633,122.0880,18624500
1488205800,2017-02-27 00:00:00,121.8631,122.2474,121.6569,122.2380,12008700
1488292200,2017-02-28 00:00:00,122.2099,122.2661,121.5257,121.8631,16598600
1488378600,2017-03-01 00:00:00,122.6410,123.4189,122.4067,123.1940,25813800
1488465000,2017-03-02 00:00:00,123.1659,123.1846,122.4255,122.5754,19951400
1488551400,2017-03-03 00:00:00,122.4911,122.8379,122.1630,122.8004,13722700
1488810600,2017-03-06 00:00:00,122.3973,122.7347,122.0412,122.5285,12026200
1488897000,2017-03-07 00:00:00,122.2849,122.8566,122.1068,122.3224,15500900
1488983400,2017-03-08 00:00:00,122.3974,122.9222,122.2755,122.5379,15776000
1489069800,2017-03-09 00:00:00,122.5098,122.8004,121.9756,122.6317,20855300
1489156200,2017-03-10 00:00:00,123.1940,123.3440,122.6129,123.1472,21922600
1489411800,2017-03-13 00:00:00,123.1003,123.3815,123.0347,123.3534,10731600
1489498200,2017-03-14 00:00:00,123.0722,123.1190,122.5567,123.0534,14019700
1489584600,2017-03-15 00:00:00,123.3065,124.1031,122.9128,123.8126,22709100
1489671000,2017-03-16 00:00:00,124.0469,124.0469,123.4471,123.7282,18457300
1489757400,2017-03-17 00:00:00,123.8823,124.0138,123.6193,123.6851,21234500
1490016600,2017-03-20 00:00:00,123.6475,124.0795,123.4690,123.7977,10105200
1490103000,2017-03-21 00:00:00,124.2674,124.3801,121.8442,121.9193,35841900
1490189400,2017-03-22 00:00:00,121.9569,122.8680,121.7972,122.7459,29177900
1490275800,2017-03-23 00:00:00,122.5862,122.9243,122.2292,122.4359,20311700
1490362200,2017-03-24 00:00:00,122.8304,123.3094,122.2199,122.6895,22967600
1490621400,2017-03-27 00:00:00,121.8160,123.1028,121.5343,122.8867,18472400
1490707800,2017-03-28 00:00:00,122.8867,124.0044,122.6144,123.6381,23721900
1490794200,2017-03-29 00:00:00,123.7226,124.2580,123.5911,124.2110,13710000
1490880600,2017-03-30 00:00:00,124.1640,124.5491,124.0513,124.4176,16092400
1490967000,2017-03-31 00:00:00,124.2392,124.6712,124.0983,124.3331,19841400
1491226200,2017-04-03 00:00:00,124.4365,124.7370,123.5630,124.2580,23700300
1491312600,2017-04-04 00:00:00,123.9011,124.4740,123.8541,124.4552,13400000
1491399000,2017-04-05 00:00:00,124.6337,125.3662,123.7132,123.9480,32011200
1491485400,2017-04-06 00:00:00,124.0701,124.3425,123.6944,124.0138,18832200
1491571800,2017-04-07 00:00:00,123.9762,124.3237,123.5066,123.9480,16743100
1491831000,2017-04-10 00:00:00,124.0701,124.5116,123.6569,123.9950,15619300
1491917400,2017-04-11 00:00:00,123.8823,124.0701,122.5674,123.4596,33778400
1492003800,2017-04-12 00:00:00,123.4408,123.5442,122.8304,122.9618,15955200
1492090200,2017-04-13 00:00:00,122.7928,123.5160,122.4547,122.4735,23683000
1492435800,2017-04-17 00:00:00,122.8210,123.5066,122.7740,123.4878,13325500
1492522200,2017-04-18 00:00:00,123.0745,123.6568,122.9900,123.2999,12841100
1492608600,2017-04-19 00:00:00,123.8353,124.2486,123.3281,123.4972,17764800
1492695000,2017-04-20 00:00:00,123.9950,124.8027,123.8071,124.5303,21977900
1492781400,2017-04-21 00:00:00,124.6431,124.6900,124.1829,124.5022,22454900
1493040600,2017-04-24 00:00:00,125.8828,126.1270,125.6668,126.0049,22469900
1493127000,2017-04-25 00:00:00,126.4181,127.1413,126.3054,126.9159,19384400
1493213400,2017-04-26 00:00:00,126.9629,127.2728,126.6624,126.7375,25398500
1493299800,2017-04-27 00:00:00,127.0475,127.4983,126.9723,127.4983,16136500
1493386200,2017-04-28 00:00:00,128.0054,128.0524,127.5170,127.7237,22771900
1493645400,2017-05-01 00:00:00,128.1463,129.0291,128.0899,128.8601,24815500
1493731800,2017-05-02 00:00:00,129.0198,129.1325,128.6910,129.0761,18345100
1493818200,2017-05-03 00:00:00,128.7850,128.8320,128.3154,128.6629,23827600
1493904600,2017-05-04 00:00:00,128.6441,129.0762,128.2591,128.7099,14630100
1493991000,2017-05-05 00:00:00,129.0386,129.1794,128.5596,129.1794,19330700
1494250200,2017-05-08 00:00:00,129.2452,129.4612,128.9822,129.4612,13279900
1494336600,2017-05-09 00:00:00,129.6585,130.2032,129.5458,129.9121,28426100
1494423000,2017-05-10 00:00:00,129.9872,130.0341,129.5270,129.9872,20499400
1494509400,2017-05-11 00:00:00,129.6303,129.9214,129.0292,129.8838,27232100
1494595800,2017-05-12 00:00:00,129.9402,130.2032,129.8275,130.1750,19738600
1494855000,2017-05-15 00:00:00,130.2314,130.6634,130.1093,130.5883,20481300
1494941400,2017-05-16 00:00:00,130.9264,131.1518,130.5413,131.1330,21786000
1495027800,2017-05-17 00:00:00,130.0905,130.3347,127.7800,127.7988,55642200
1495114200,2017-05-18 00:00:00,127.7518,129.3485,127.6109,128.9164,41319900
1495200600,2017-05-19 00:00:00,129.3767,130.0060,129.2922,129.4612,36730100
1495459800,2017-05-22 00:00:00,129.7524,130.6165,129.7055,130.5508,19509700
1495546200,2017-05-23 00:00:00,130.9358,130.9452,130.3441,130.6822,19687500
1495632600,2017-05-24 00:00:00,131.0766,131.3490,130.7103,131.2833,15891900
1495719000,2017-05-25 00:00:00,131.7811,132.7391,131.4993,132.4010,23928600
1495805400,2017-05-26 00:00:00,132.4291,132.6921,132.2507,132.6357,13851600
1496151000,2017-05-30 00:00:00,132.5700,132.9081,132.4855,132.7485,20306400
1496237400,2017-05-31 00:00:00,133.2181,133.2181,132.0253,132.7015,33229400
1496323800,2017-06-01 00:00:00,132.9739,133.2744,132.4104,133.2181,20120700
1496410200,2017-06-02 00:00:00,133.6877,134.7678,133.4717,134.7396,37222900
1496669400,2017-06-05 00:00:00,134.7302,134.9462,134.5236,134.7114,15727500
1496755800,2017-06-06 00:00:00,134.5518,134.9932,133.9788,134.1761,22393000
1496842200,2017-06-07 00:00:00,134.5517,134.8147,133.9318,134.7020,18842400
1496928600,2017-06-08 00:00:00,135.0026,135.0589,134.1103,134.8429,25417400
1497015000,2017-06-09 00:00:00,135.0026,135.1528,129.7148,131.4711,109783700
1497274200,2017-06-12 00:00:00,130.3629,131.0016,129.1138,130.7668,104454000
1497360600,2017-06-13 00:00:00,131.4994,132.0159,130.8137,131.8281,51193000
1497447000,2017-06-14 00:00:00,132.3634,132.3634,130.1938,131.2551,60093800
1497533400,2017-06-15 00:00:00,129.9308,130.8137,129.1325,130.6728,55145200
1497619800,2017-06-16 00:00:00,130.6050,130.6992,129.6256,130.1059,48087400
1497879000,2017-06-19 00:00:00,131.3679,132.4038,131.1701,132.2814,39626500
1497965400,2017-06-20 00:00:00,132.1496,132.3191,131.1984,131.2455,40935100
1498051800,2017-06-21 00:00:00,131.5468,132.6110,131.4620,132.5451,35743400
1498138200,2017-06-22 00:00:00,132.7522,132.9971,132.1683,132.5074,24099100
1498224600,2017-06-23 00:00:00,132.3567,133.1855,131.9894,133.0160,21654300
1498483800,2017-06-26 00:00:00,133.7787,134.0047,132.1024,132.3943,34411100
1498570200,2017-06-27 00:00:00,131.8952,132.0553,129.9834,129.9928,65957800
1498656600,2017-06-28 00:00:00,130.4731,131.9800,129.7197,131.8670,57427200
1498743000,2017-06-29 00:00:00,131.3208,131.3208,128.3165,129.5785,88769400
1498829400,2017-06-30 00:00:00,129.9457,130.5956,129.2018,129.6255,68898300
1499088600,2017-07-03 00:00:00,130.2189,130.3696,128.1753,128.2600,32797000
1499261400,2017-07-05 00:00:00,128.6649,129.8704,128.2317,129.5220,42116600
1499347800,2017-07-06 00:00:00,128.5331,129.0793,127.8927,128.3541,48430500
1499434200,2017-07-07 00:00:00,128.7874,130.0870,128.7780,129.7386,36970400
1499693400,2017-07-10 00:00:00,129.8233,130.8969,129.4937,130.5861,24853500
1499779800,2017-07-11 00:00:00,130.3978,131.1136,129.9081,130.9535,31517700
1499866200,2017-07-12 00:00:00,132.0742,132.6581,131.8105,132.5074,36045800
1499952600,2017-07-13 00:00:00,132.6675,133.1195,132.4132,132.7993,31073600
1500039000,2017-07-14 00:00:00,133.3926,134.0142,132.9688,133.8446,34544800
1500298200,2017-07-17 00:00:00,133.9860,134.3815,133.6563,133.9106,25343200
1500384600,2017-07-18 00:00:00,133.8165,134.8336,133.3927,134.8053,25748500
1500471000,2017-07-19 00:00:00,135.2009,135.7942,135.1444,135.5964,33752300
1500557400,2017-07-20 00:00:00,135.9449,136.0296,135.1632,135.7753,36139400
1500643800,2017-07-21 00:00:00,135.2762,135.7188,135.0031,135.7188,39697100
1500903000,2017-07-24 00:00:00,135.7000,136.4346,135.5399,136.3405,26712700
1500989400,2017-07-25 00:00:00,135.8884,136.3122,135.6247,135.9920,28120900
1501075800,2017-07-26 00:00:00,136.3309,136.5098,136.1143,136.4345,18610600
1501162200,2017-07-27 00:00:00,137.3292,137.4611,134.0142,135.5775,80665900
1501248600,2017-07-28 00:00:00,134.7676,135.6906,134.5510,135.4645,38013200
1501507800,2017-07-31 00:00:00,135.8507,136.0202,134.5981,134.8900,33848600
1501594200,2017-08-01 00:00:00,135.3516,135.3892,134.7865,135.2009,20149400
1501680600,2017-08-02 00:00:00,136.0767,136.1049,134.3062,135.5681,41769700
1501767000,2017-08-03 00:00:00,135.7000,135.7753,134.7959,135.0407,27112800
1501853400,2017-08-04 00:00:00,135.3421,135.5870,134.7300,135.2856,29472900
1502112600,2017-08-07 00:00:00,135.5305,136.1426,135.3421,136.1426,17933900
1502199000,2017-08-08 00:00:00,135.8789,136.9997,135.5211,135.9072,30810400
1502285400,2017-08-09 00:00:00,134.7865,135.7942,134.4757,135.7282,36169500
1502371800,2017-08-10 00:00:00,134.9560,135.0502,132.6863,132.8182,63331700
1502458200,2017-08-11 00:00:00,132.9971,134.1178,132.6957,133.8259,45862500
1502717400,2017-08-14 00:00:00,134.8901,135.7565,134.8524,135.5493,34161000
1502803800,2017-08-15 00:00:00,135.8883,135.8978,135.2762,135.6435,25509200
1502890200,2017-08-16 00:00:00,135.9825,136.5194,135.4269,135.8790,31913000
1502976600,2017-08-17 00:00:00,135.3515,135.5587,133.1007,133.1007,70191000
1503063000,2017-08-18 00:00:00,133.1760,133.9200,132.4603,133.0065,60751900
1503322200,2017-08-21 00:00:00,132.9971,133.2890,132.0176,132.8370,37111500
1503408600,2017-08-22 00:00:00,133.5528,135.0031,133.5057,134.8618,36294200
1503495000,2017-08-23 00:00:00,134.1837,134.6829,134.0896,134.3815,25702300
1503581400,2017-08-24 00:00:00,134.6829,134.8336,133.2326,133.9860,38160800
1503667800,2017-08-25 00:00:00,134.5039,134.8430,133.5245,133.7034,26380400
1503927000,2017-08-28 00:00:00,134.1084,134.4286,133.6846,134.1178,15362100
1504013400,2017-08-29 00:00:00,132.9689,134.8712,132.8464,134.6452,24498300
1504099800,2017-08-30 00:00:00,134.7582,136.4534,134.6735,136.2274,33642700
1504186200,2017-08-31 00:00:00,136.6135,137.6965,136.5381,137.6871,38480700
1504272600,2017-09-01 00:00:00,137.8661,138.0544,137.1315,137.4988,22293600
1504618200,2017-09-05 00:00:00,137.0938,137.3858,135.2385,136.2651,44794300
1504704600,2017-09-06 00:00:00,136.6135,136.9902,135.6906,136.6794,30722700
1504791000,2017-09-07 00:00:00,136.9337,137.3481,136.5005,136.9996,22721100
1504877400,2017-09-08 00:00:00,136.8207,136.8866,135.6717,135.8130,27890100
1505136600,2017-09-11 00:00:00,136.8772,137.6118,136.8396,137.3764,27126300
1505223000,2017-09-12 00:00:00,137.7625,137.8849,137.0561,137.7059,30256700
1505309400,2017-09-13 00:00:00,137.4705,137.9131,137.2444,137.8943,28450900
1505395800,2017-09-14 00:00:00,137.3575,137.7719,136.9996,137.0844,35296400
1505482200,2017-09-15 00:00:00,137.0561,138.0544,136.8301,137.5553,46422400
1505741400,2017-09-18 00:00:00,137.7148,138.1489,136.9597,137.3750,24858200
1505827800,2017-09-19 00:00:00,137.6204,137.8092,137.1485,137.6110,20871200
1505914200,2017-09-20 00:00:00,137.5638,137.7148,136.1292,137.1863,34236200
1506000600,2017-09-21 00:00:00,137.0919,137.1013,135.8649,136.3463,28841800
1506087000,2017-09-22 00:00:00,135.9121,136.4123,135.7705,136.2141,21702400
1506346200,2017-09-25 00:00:00,135.6761,135.7516,134.1188,134.7794,54947700
1506432600,2017-09-26 00:00:00,135.4684,135.7233,134.6567,135.1286,29628800
1506519000,2017-09-27 00:00:00,135.8460,136.8559,135.5062,136.3463,33249400
1506605400,2017-09-28 00:00:00,136.0159,136.4406,135.7044,136.2990,24149400
1506691800,2017-09-29 00:00:00,136.5727,137.3844,136.2141,137.2806,43102400
1506951000,2017-10-02 00:00:00,137.4882,137.9601,136.7898,137.4033,27351300
1507037400,2017-10-03 00:00:00,137.5827,137.8564,137.2806,137.6959,19715200
1507123800,2017-10-04 00:00:00,137.4316,138.1206,137.2995,137.8280,26381100
1507210200,2017-10-05 00:00:00,138.3283,139.2533,138.1868,139.1778,31562400
1507296600,2017-10-06 00:00:00,138.7058,139.3665,138.7058,139.3665,23561100
1507555800,2017-10-09 00:00:00,139.5459,139.6969,139.0268,139.2061,13704800
1507642200,2017-10-10 00:00:00,139.6780,139.8195,138.6964,139.3099,19223100
1507728600,2017-10-11 00:00:00,139.2439,139.7535,139.0645,139.7252,12439100
1507815000,2017-10-12 00:00:00,139.5175,140.0177,139.3287,139.4703,14513500
1507901400,2017-10-13 00:00:00,140.0366,140.1688,139.4798,140.0083,18409900
1508160600,2017-10-16 00:00:00,140.3575,140.5274,140.0555,140.4896,21809400
1508247000,2017-10-17 00:00:00,140.4425,140.6879,140.2254,140.6690,13138200
1508333400,2017-10-18 00:00:00,140.8106,140.8295,140.2915,140.4992,17218200
1508419800,2017-10-19 00:00:00,139.6780,139.9989,138.9984,139.9800,27680300
1508506200,2017-10-20 00:00:00,140.5463,140.6690,140.1876,140.3575,30173300
1508765400,2017-10-23 00:00:00,140.6501,140.6595,139.2438,139.4420,29297100
1508851800,2017-10-24 00:00:00,139.7158,139.9706,139.1589,139.6780,20289500
1508938200,2017-10-25 00:00:00,139.4043,139.8573,138.1112,139.1494,36179100
1509024600,2017-10-26 00:00:00,139.0644,139.4137,138.6680,138.7058,28230200
1509111000,2017-10-27 00:00:00,141.0371,143.0097,140.8200,142.7454,60165100
1509370200,2017-10-30 00:00:00,142.6416,143.6421,142.5095,143.0663,31733400
1509456600,2017-10-31 00:00:00,143.5288,143.8120,143.1135,143.6043,26319300
1509543000,2017-11-01 00:00:00,144.1800,144.2461,142.9908,143.5571,29481600
1509629400,2017-11-02 00:00:00,143.3966,143.4533,142.3018,143.2834,31017400
1509715800,2017-11-03 00:00:00,143.8025,144.6802,143.3117,144.6614,26199200
1509978600,2017-11-06 00:00:00,144.5481,145.2088,144.5009,145.1522,28693900
1510065000,2017-11-07 00:00:00,145.0389,145.4259,144.7275,145.2371,21333100
1510151400,2017-11-08 00:00:00,145.1616,145.8600,144.9917,145.8223,17373500
1510237800,2017-11-09 00:00:00,144.6237,145.1334,143.5666,145.0578,40594500
1510324200,2017-11-10 00:00:00,144.7180,145.1616,144.4631,145.0483,20150800
1510583400,2017-11-13 00:00:00,144.5009,145.4165,144.5009,145.2277,12522400
1510669800,2017-11-14 00:00:00,144.7180,144.8785,144.0007,144.6992,25173800
1510756200,2017-11-15 00:00:00,144.0763,144.4066,143.2551,144.0196,24808000
1510842600,2017-11-16 00:00:00,144.7464,146.1904,144.7180,145.8601,34790600
1510929000,2017-11-17 00:00:00,145.8978,146.0016,145.1616,145.3032,28725800
1511188200,2017-11-20 00:00:00,145.4070,145.5391,144.9823,145.1899,21143900
1511274600,2017-11-21 00:00:00,145.8790,146.8322,145.8129,146.7662,20147800
1511361000,2017-11-22 00:00:00,146.8983,147.0871,146.6151,146.9455,17299000
1511533800,2017-11-24 00:00:00,147.0965,147.5307,147.0116,147.4835,8280600
1511793000,2017-11-27 00:00:00,147.4362,147.7666,147.0776,147.4173,22653400
1511879400,2017-11-28 00:00:00,147.7478,147.8894,146.9550,147.7950,25227300
1511965800,2017-11-29 00:00:00,147.6250,147.6628,144.5198,145.2182,71986300
1512052200,2017-11-30 00:00:00,145.8317,146.7189,145.4920,146.4358,56595500
1512138600,2017-12-01 00:00:00,145.5391,146.5207,143.7081,145.8129,59015800
1512397800,2017-12-04 00:00:00,146.7284,146.8888,143.9913,144.1328,51319100
1512484200,2017-12-05 00:00:00,144.1046,145.8695,143.5572,144.2273,40604200
1512570600,2017-12-06 00:00:00,143.6892,145.1049,143.5193,144.8784,28647800
1512657000,2017-12-07 00:00:00,144.8690,145.7845,144.7180,145.3692,32666200
1512743400,2017-12-08 00:00:00,146.4358,146.7944,145.7845,146.0110,28081700
1513002600,2017-12-11 00:00:00,146.0772,147.1909,146.0677,147.1437,20821500
1513089000,2017-12-12 00:00:00,147.0776,147.3797,146.6340,146.9455,20310300
1513175400,2017-12-13 00:00:00,147.5402,147.7006,147.0116,147.2287,24418500
1513261800,2017-12-14 00:00:00,147.4835,147.8610,146.9644,147.1248,24594700
1513348200,2017-12-15 00:00:00,147.7006,148.9559,147.4552,148.7954,49816200
1513607400,2017-12-18 00:00:00,149.7781,150.1659,149.5038,150.0429,26844500
1513693800,2017-12-19 00:00:00,149.7592,149.9105,148.7377,149.1539,31415000
1513780200,2017-12-20 00:00:00,149.6740,149.7024,148.4067,148.9931,38972600
1513866600,2017-12-21 00:00:00,149.2012,149.6741,148.8418,149.0120,18638700
1513953000,2017-12-22 00:00:00,148.7850,148.8985,148.4445,148.8417,23330400
1514298600,2017-12-26 00:00:00,148.0095,148.2270,147.4987,148.0378,21918700
1514385000,2017-12-27 00:00:00,148.0472,148.4540,147.9148,148.0567,22388200
1514471400,2017-12-28 00:00:00,148.5296,148.5580,148.0567,148.2364,25393800
1514557800,2017-12-29 00:00:00,148.3689,148.3972,147.2623,147.3190,33186000
1514903400,2018-01-02 00:00:00,148.0756,149.9389,147.7068,149.9010,32573300
1514989800,2018-01-03 00:00:00,150.0429,151.4900,150.0145,151.3576,29383600
1515076200,2018-01-04 00:00:00,151.8778,152.0764,151.4049,151.6224,24776100
1515162600,2018-01-05 00:00:00,152.3413,153.2492,152.0575,153.1452,26992300
1515421800,2018-01-08 00:00:00,153.1451,153.8167,153.0884,153.7410,23159100
1515508200,2018-01-09 00:00:00,154.0437,154.2045,153.2870,153.7505,24782400
1515594600,2018-01-10 00:00:00,153.0695,153.4195,152.3885,153.3911,34004000
1515681000,2018-01-11 00:00:00,153.6559,154.4504,153.4195,154.4409,20473500
1515767400,2018-01-12 00:00:00,154.3085,155.7367,154.1099,155.5759,37762700
1516113000,2018-01-16 00:00:00,156.6068,157.4012,154.6679,155.1313,41231800
1516199400,2018-01-17 00:00:00,155.8691,157.0419,155.1125,156.8055,33849900
1516285800,2018-01-18 00:00:00,156.5595,157.1932,156.1906,156.8338,26432200
1516372200,2018-01-19 00:00:00,157.2973,157.5810,156.5690,157.3257,38937600
1516631400,2018-01-22 00:00:00,157.2689,159.0092,157.0892,159.0092,26081400
1516717800,2018-01-23 00:00:00,159.5010,160.4657,159.4254,160.3239,37989700
1516804200,2018-01-24 00:00:00,160.6643,161.0143,158.3660,159.2834,54287400
1516890600,2018-01-25 00:00:00,160.3806,160.4373,158.7160,159.2267,28925000
1516977000,2018-01-26 00:00:00,160.1157,161.6858,159.8036,161.6669,32038200
1517236200,2018-01-29 00:00:00,161.3264,161.6480,160.5414,160.8819,37277800
1517322600,2018-01-30 00:00:00,159.4159,160.2387,158.7254,159.5577,44987700
1517409000,2018-01-31 00:00:00,160.4562,160.7778,159.2172,160.2198,42449200
1517495400,2018-02-01 00:00:00,158.9902,160.5319,158.3471,158.8578,38037900
1517581800,2018-02-02 00:00:00,158.2336,158.6119,155.5569,155.6894,68478100
1517841000,2018-02-05 00:00:00,154.2329,156.7677,149.4376,149.5511,105372200
1517927400,2018-02-06 00:00:00,147.3662,153.7031,146.6947,153.5140,118537900
1518013800,2018-02-07 00:00:00,153.0222,154.6868,151.5184,151.5278,91028300
1518100200,2018-02-08 00:00:00,151.9156,152.0859,145.1342,145.1342,94184800
1518186600,2018-02-09 00:00:00,147.1866,148.7188,141.9941,147.6406,113836600
1518445800,2018-02-12 00:00:00,149.1539,151.2820,147.9811,150.2605,63050600
1518532200,2018-02-13 00:00:00,149.3998,151.3387,149.1728,151.0360,31785600
1518618600,2018-02-14 00:00:00,150.1470,154.1004,149.4376,153.8640,52107400
1518705000,2018-02-15 00:00:00,155.2448,156.7203,153.6370,156.7203,51633900
1518791400,2018-02-16 00:00:00,156.2095,157.7228,155.7555,156.0204,62256300
1519137000,2018-02-20 00:00:00,155.4719,157.6472,155.4056,156.3325,36785600
1519223400,2018-02-21 00:00:00,157.0986,158.6309,155.7934,155.8880,41161800
1519309800,2018-02-22 00:00:00,156.5690,157.4013,155.4719,155.8691,37074400
1519396200,2018-02-23 00:00:00,157.1271,159.0565,156.4839,159.0565,50096900
1519655400,2018-02-26 00:00:00,159.8036,161.1656,159.6712,161.1656,39266700
1519741800,2018-02-27 00:00:00,161.2129,161.4777,159.0943,159.1699,42209900
1519828200,2018-02-28 00:00:00,160.0779,160.5981,158.0445,158.1485,42936300
1519914600,2018-03-01 00:00:00,158.2336,158.9619,154.1666,155.5664,76809900
1520001000,2018-03-02 00:00:00,153.6937,157.2689,153.1830,156.9946,57445100
1520260200,2018-03-05 00:00:00,156.2569,159.1416,155.6705,158.7349,38540200
1520346600,2018-03-06 00:00:00,159.5104,159.9455,158.4038,159.4064,29480900
1520433000,2018-03-07 00:00:00,158.1863,159.9077,157.9120,159.7753,34609400
1520519400,2018-03-08 00:00:00,160.4373,160.7684,159.7942,160.6549,25828400
1520605800,2018-03-09 00:00:00,161.7993,163.7760,161.5629,163.7760,38310500
1520861400,2018-03-12 00:00:00,164.2585,165.0246,163.8896,164.6462,37635000
1520947800,2018-03-13 00:00:00,165.0245,165.7149,161.9884,162.4046,55638900
1521034200,2018-03-14 00:00:00,163.2558,163.3788,161.6669,162.3762,40536400
1521120600,2018-03-15 00:00:00,162.4898,163.1802,161.6385,162.2344,28810400
1521207000,2018-03-16 00:00:00,162.5087,162.8681,161.6764,161.7520,31176700
1521466200,2018-03-19 00:00:00,160.1956,160.3092,156.9178,158.3009,71395100
1521552600,2018-03-20 00:00:00,158.3671,159.1913,157.8366,158.8219,34075700
1521639000,2018-03-21 00:00:00,158.4050,159.8734,157.4388,158.1303,43863500
1521725400,2018-03-22 00:00:00,155.9420,157.0409,154.0283,154.2273,66607300
1521811800,2018-03-23 00:00:00,154.0473,154.7010,150.0874,150.1632,80110400
1522071000,2018-03-26 00:00:00,153.2042,155.9325,150.7790,155.7430,57481500
1522157400,2018-03-27 00:00:00,156.8988,156.8988,149.3769,150.7032,78889100
1522243800,2018-03-28 00:00:00,149.8411,151.3663,147.8232,148.9695,89369700
1522330200,2018-03-29 00:00:00,149.7747,153.1946,148.3821,151.6978,68692600
1522675800,2018-04-02 00:00:00,150.6179,151.3284,145.7770,147.3211,85549400
1522762200,2018-04-03 00:00:00,148.6095,149.6042,146.3075,148.9790,64090000
1522848600,2018-04-04 00:00:00,146.0991,151.7926,145.9285,151.3284,65768700
1522935000,2018-04-05 00:00:00,152.8347,153.0716,151.0821,152.1905,43054900
1523021400,2018-04-06 00:00:00,150.5138,152.0106,147.6717,148.3822,59870900
1523280600,2018-04-09 00:00:00,149.6611,152.4084,149.1685,149.4242,41810400
1523367000,2018-04-10 00:00:00,151.7736,153.2136,150.6937,152.7210,48296800
1523453400,2018-04-11 00:00:00,151.7641,153.4694,151.6694,151.8399,41622100
1523539800,2018-04-12 00:00:00,152.7589,154.1989,152.6737,153.6684,30467900
1523626200,2018-04-13 00:00:00,154.4357,154.6630,152.2094,152.8726,44604900
1523885400,2018-04-16 00:00:00,153.9431,154.5967,152.9768,154.0378,28180800
1523971800,2018-04-17 00:00:00,155.5915,157.6946,155.2788,157.3535,35536100
1524058200,2018-04-18 00:00:00,157.3535,158.2061,156.6051,157.6756,29573900
1524144600,2018-04-19 00:00:00,156.8798,157.2493,155.6862,156.2262,34705700
1524231000,2018-04-20 00:00:00,155.8283,155.9420,153.2136,153.7536,49197100
1524490200,2018-04-23 00:00:00,154.5020,155.1083,152.5410,153.3652,33040600
1524576600,2018-04-24 00:00:00,154.0947,154.3315,149.1022,150.1159,70256800
1524663000,2018-04-25 00:00:00,150.3811,150.9211,148.2306,150.2958,52089300
1524749400,2018-04-26 00:00:00,152.2378,153.9715,151.7452,153.4599,43005500
1524835800,2018-04-27 00:00:00,155.7145,155.7525,152.6831,153.5546,51043400
1525095000,2018-04-30 00:00:00,153.9146,154.8714,152.0862,152.4652,35615300
1525181400,2018-05-01 00:00:00,152.0673,154.2273,151.7073,154.2083,36513500
1525267800,2018-05-02 00:00:00,154.4736,154.9568,153.1189,153.2989,38646800
1525354200,2018-05-03 00:00:00,152.5220,153.8483,150.8358,153.2799,60337100
1525440600,2018-05-04 00:00:00,152.6168,156.5482,152.5031,156.1882,41543200
1525699800,2018-05-07 00:00:00,156.9177,157.9977,156.7945,157.4861,32500200
1525786200,2018-05-08 00:00:00,157.1546,157.6661,156.1788,157.3251,26040200
1525872600,2018-05-09 00:00:00,157.6092,159.1534,157.0503,159.0397,29122700
1525959000,2018-05-10 00:00:00,159.5513,160.8018,159.4281,160.6881,27067600
1526045400,2018-05-11 00:00:00,160.4987,160.9155,159.8356,160.5366,24688800
1526304600,2018-05-14 00:00:00,160.9061,161.8250,160.5461,160.8113,21821700
1526391000,2018-05-15 00:00:00,159.5418,159.6271,158.1871,159.0303,49361600
1526477400,2018-05-16 00:00:00,159.2388,160.4514,159.1630,160.0819,22941200
1526563800,2018-05-17 00:00:00,159.5229,160.6786,158.6892,159.4660,27480200
1526650200,2018-05-18 00:00:00,158.8503,159.3998,158.4051,158.6419,26217900
1526909400,2018-05-21 00:00:00,159.8734,160.5744,158.8503,159.5324,22954600
1526995800,2018-05-22 00:00:00,160.2619,160.5271,159.0398,159.3240,19477700
1527082200,2018-05-23 00:00:00,158.1114,160.6881,158.0924,160.6692,26557800
1527168600,2018-05-24 00:00:00,160.6218,160.9060,159.0018,160.6218,27696500
1527255000,2018-05-25 00:00:00,160.6029,161.3608,160.2998,160.7829,27460500
1527600600,2018-05-29 00:00:00,160.0534,160.9723,159.1155,160.0724,41220500
1527687000,2018-05-30 00:00:00,160.6502,161.5028,160.3092,161.2186,22665800
1527773400,2018-05-31 00:00:00,161.2186,162.1849,160.6976,161.1144,35670900
1527859800,2018-06-01 00:00:00,161.9197,163.7386,161.8724,163.6439,45543300
1528119000,2018-06-04 00:00:00,164.0607,165.1596,163.9565,165.1217,20459600
1528205400,2018-06-05 00:00:00,165.5101,165.9080,164.9038,165.6333,24779300
1528291800,2018-06-06 00:00:00,165.8038,166.6280,164.9701,166.5995,25036600
1528378200,2018-06-07 00:00:00,166.6280,166.6659,164.4112,165.2448,39600300
1528464600,2018-06-08 00:00:00,164.4681,165.6712,164.0607,165.2544,31780300
1528723800,2018-06-11 00:00:00,165.1312,166.1069,165.1028,165.6996,22319700
1528810200,2018-06-12 00:00:00,165.9269,166.7322,165.7470,166.5711,22511800
1528896600,2018-06-13 00:00:00,166.8269,167.8121,166.1922,166.5616,37858600
1528983000,2018-06-14 00:00:00,167.3290,168.5227,167.2059,168.2480,35916000
1529069400,2018-06-15 00:00:00,167.6132,167.9922,166.8364,167.6606,49615700
1529328600,2018-06-18 00:00:00,166.6049,167.7062,166.0828,167.5638,31633200
1529415000,2018-06-19 00:00:00,165.4466,167.1270,164.9150,167.0890,38236000
1529501400,2018-06-20 00:00:00,167.8580,168.9688,167.7061,168.2758,33038000
1529587800,2018-06-21 00:00:00,168.7030,168.8739,166.4909,166.8137,43469400
1529674200,2018-06-22 00:00:00,167.3739,167.4403,165.8454,166.4435,30073200
1529933400,2018-06-25 00:00:00,164.9340,165.1808,161.2125,162.6935,77799700
1530019800,2018-06-26 00:00:00,163.2916,164.2979,162.6935,163.3580,39008100
1530106200,2018-06-27 00:00:00,164.0511,164.7916,161.0226,161.1365,52843500
1530192600,2018-06-28 00:00:00,160.9371,163.0732,160.6048,162.5226,46407700
1530279000,2018-06-29 00:00:00,163.3010,164.1650,162.7219,162.9593,36408500
1530538200,2018-07-02 00:00:00,161.4308,164.0985,161.0795,164.0510,31770000
1530624600,2018-07-03 00:00:00,164.6681,164.6681,161.9909,162.1523,25512700
1530797400,2018-07-05 00:00:00,163.2061,164.2979,162.3707,164.1650,31626200
1530883800,2018-07-06 00:00:00,164.5447,166.8422,164.2409,166.7188,37005600
1531143000,2018-07-09 00:00:00,167.5827,168.2568,166.9182,168.2188,27362100
1531229400,2018-07-10 00:00:00,168.5321,168.7220,167.7631,168.3422,23902500
1531315800,2018-07-11 00:00:00,167.0226,168.1049,166.8992,167.4878,30280600
1531402200,2018-07-12 00:00:00,168.2283,170.3739,168.1144,170.3739,27930100
1531488600,2018-07-13 00:00:00,170.3644,170.7916,169.8897,170.5163,28049800
1531747800,2018-07-16 00:00:00,170.5543,170.8391,169.8233,170.1081,21405300
1531834200,2018-07-17 00:00:00,168.3042,171.5036,168.3042,171.1428,31034100
1531920600,2018-07-18 00:00:00,171.1618,171.3042,170.2979,170.8200,23220800
1532007000,2018-07-19 00:00:00,170.2030,170.7726,169.7663,169.9657,31094100
1532093400,2018-07-20 00:00:00,170.4783,171.0479,169.7378,169.9277,35897300
1532352600,2018-07-23 00:00:00,169.4245,170.5448,168.7410,170.4688,22184700
1532439000,2018-07-24 00:00:00,172.2252,172.8328,170.4689,171.1714,36900300
1532525400,2018-07-25 00:00:00,171.2473,173.6682,171.1618,173.5638,35026600
1532611800,2018-07-26 00:00:00,171.2093,171.7600,170.7062,170.9340,40873500
1532698200,2018-07-27 00:00:00,172.0163,172.1302,167.6587,168.6270,59456100
1532957400,2018-07-30 00:00:00,168.6366,168.7315,165.4467,166.2441,60193000
1533043800,2018-07-31 00:00:00,166.8992,168.1618,165.9688,167.5162,47285100
1533130200,2018-08-01 00:00:00,167.9055,168.6555,167.1840,168.1524,37101900
1533216600,2018-08-02 00:00:00,166.9656,170.6397,166.8897,170.4403,47178200
1533303000,2018-08-03 00:00:00,170.7631,170.9719,170.0131,170.9624,28934400
1533562200,2018-08-06 00:00:00,170.8485,172.0163,170.6397,171.9688,24808800
1533648600,2018-08-07 00:00:00,172.4530,172.9182,172.0827,172.5954,29895700
1533735000,2018-08-08 00:00:00,172.3580,173.1175,171.8928,172.8042,22680700
1533821400,2018-08-09 00:00:00,172.6998,173.3834,172.4435,172.6998,18852900
1533907800,2018-08-10 00:00:00,171.5321,172.0448,170.7346,171.3802,33818500
1534167000,2018-08-13 00:00:00,171.6935,172.7948,171.1144,171.1903,26089200
1534253400,2018-08-14 00:00:00,171.8453,172.4624,170.9244,172.2631,20913000
1534339800,2018-08-15 00:00:00,170.8960,171.4372,169.1017,170.1555,58528000
1534426200,2018-08-16 00:00:00,171.4656,171.8264,170.3834,170.7157,27711800
1534512600,2018-08-17 00:00:00,170.2694,171.1808,169.2441,170.7536,36092600
1534771800,2018-08-20 00:00:00,171.1334,171.1998,169.9372,170.6017,24939000
1534858200,2018-08-21 00:00:00,171.1144,172.2537,171.0100,171.2283,26258700
1534944600,2018-08-22 00:00:00,170.8675,172.0922,170.6492,171.8929,18042400
1535031000,2018-08-23 00:00:00,171.5891,172.8327,171.3612,171.6460,25776200
1535117400,2018-08-24 00:00:00,172.2156,173.3834,172.1776,173.2409,23136100
1535376600,2018-08-27 00:00:00,174.1144,175.0068,173.8391,175.0068,29343600
1535463000,2018-08-28 00:00:00,175.4720,175.6524,174.8929,175.2632,20277000
1535549400,2018-08-29 00:00:00,175.5669,177.3802,175.5004,177.2853,29175600
1535635800,2018-08-30 00:00:00,176.9435,178.0258,176.3833,176.9720,29315500
1535722200,2018-08-31 00:00:00,176.7537,177.7030,176.5638,177.1999,28653200
1536067800,2018-09-04 00:00:00,176.6587,176.9625,175.4910,176.4403,29063500
1536154200,2018-09-05 00:00:00,176.1271,176.1556,173.5638,174.1619,42623300
1536240600,2018-09-06 00:00:00,174.2378,174.4467,171.4372,172.6049,46091400
1536327000,2018-09-07 00:00:00,171.3612,173.4213,171.3042,171.9403,46629500
1536586200,2018-09-10 00:00:00,172.9277,173.0226,171.5796,172.5195,26132000
1536672600,2018-09-11 00:00:00,171.8265,174.1334,171.3802,173.8486,30116500
1536759000,2018-09-12 00:00:00,173.5923,173.7157,171.8455,173.3360,36204000
1536845400,2018-09-13 00:00:00,174.4182,175.5195,174.3423,175.1872,31133200
1536931800,2018-09-14 00:00:00,175.3106,175.5859,173.9814,174.6745,31224100
1537191000,2018-09-17 00:00:00,174.3802,174.5036,171.9973,172.1587,33071200
1537277400,2018-09-18 00:00:00,172.3011,174.4277,172.2157,173.5827,31877300
1537363800,2018-09-19 00:00:00,173.6112,174.0194,172.3200,173.4498,31843400
1537450200,2018-09-20 00:00:00,174.6461,175.6049,174.2283,175.3676,33295800
1537536600,2018-09-21 00:00:00,175.8423,176.0891,174.1904,174.4087,38605400
1537795800,2018-09-24 00:00:00,173.1438,174.9603,172.4305,174.8938,34945600
1537882200,2018-09-25 00:00:00,174.8177,175.2647,174.2185,175.1315,25277500
1537968600,2018-09-26 00:00:00,175.2837,176.8910,174.9128,175.2552,36210600
1538055000,2018-09-27 00:00:00,175.9685,177.3665,175.8733,176.7388,33113300
1538141400,2018-09-28 00:00:00,176.2443,177.1669,175.9209,176.7008,28076800
1538400600,2018-10-01 00:00:00,177.7279,178.3557,176.6152,177.0622,27371300
1538487000,2018-10-02 00:00:00,176.9100,178.0228,176.2538,176.6627,25618600
1538573400,2018-10-03 00:00:00,177.4046,177.8231,176.5772,176.8530,29128700
1538659800,2018-10-04 00:00:00,176.1397,176.2538,172.2022,173.4576,80557300
1538746200,2018-10-05 00:00:00,173.4386,174.0188,169.7009,171.3367,83325600
1539005400,2018-10-08 00:00:00,170.7375,171.8027,168.2742,170.2905,66864500
1539091800,2018-10-09 00:00:00,170.4142,172.1642,170.0052,170.8422,49097900
1539178200,2018-10-10 00:00:00,169.7769,169.8816,163.1099,163.3286,114471100
1539264600,2018-10-11 00:00:00,162.6534,164.9169,159.6004,161.3028,143084500
1539351000,2018-10-12 00:00:00,165.6493,166.3055,162.5678,165.7919,102078400
1539610200,2018-10-15 00:00:00,165.2118,165.5256,163.1670,163.7852,64885300
1539696600,2018-10-16 00:00:00,165.5066,168.9590,165.2023,168.5500,71979700
1539783000,2018-10-17 00:00:00,169.3680,169.5392,166.8857,168.6166,66987600
1539869400,2018-10-18 00:00:00,167.9794,168.0365,164.0039,164.7077,82486200
1539955800,2018-10-19 00:00:00,166.0392,167.4563,163.9563,164.5555,82923700
1540215000,2018-10-22 00:00:00,165.5447,166.6765,164.1466,165.4020,52909300
1540301400,2018-10-23 00:00:00,162.2920,165.6112,160.5610,164.7933,77567000
1540387800,2018-10-24 00:00:00,164.6030,164.8789,156.9659,157.2512,102997400
1540474200,2018-10-25 00:00:00,159.6955,163.6615,158.9822,162.6914,83481100
1540560600,2018-10-26 00:00:00,157.1181,161.6452,156.1955,158.5066,130970900
1540819800,2018-10-29 00:00:00,160.9319,161.5501,152.2581,155.2444,111871900
1540906200,2018-10-30 00:00:00,154.7880,157.9170,154.0842,157.8029,92584000
1540992600,2018-10-31 00:00:00,160.3708,162.8721,160.2947,161.5121,73828600
1541079000,2018-11-01 00:00:00,161.7499,163.8137,160.5230,163.6425,52706800
1541165400,2018-11-02 00:00:00,163.1385,164.1086,159.9904,161.0936,75966800
1541428200,2018-11-05 00:00:00,161.3028,161.3599,158.9061,160.6942,39573500
1541514600,2018-11-06 00:00:00,160.7036,162.8150,160.4659,161.9115,34410400
1541601000,2018-11-07 00:00:00,163.8517,166.9903,163.4618,166.9903,51169600
1541687400,2018-11-08 00:00:00,166.2104,166.7240,165.1357,165.9250,40296500
1541773800,2018-11-09 00:00:00,164.3748,164.7743,161.8354,163.1289,50602700
1542033000,2018-11-12 00:00:00,161.9876,162.2919,158.0501,158.1928,62578400
1542119400,2018-11-13 00:00:00,158.9346,161.1887,157.8790,158.3260,64128100
1542205800,2018-11-14 00:00:00,159.8953,160.4469,156.2146,157.1181,75270700
1542292200,2018-11-15 00:00:00,156.8328,160.2947,155.4632,159.8667,73254300
1542378600,2018-11-16 00:00:00,158.3069,160.0759,157.6697,159.3056,65390700
1542637800,2018-11-19 00:00:00,158.5447,158.7350,153.6372,154.1317,67280500
1542724200,2018-11-20 00:00:00,150.6222,153.4850,149.4429,151.3736,102652800
1542810600,2018-11-21 00:00:00,153.4564,154.0461,151.4401,152.5244,42965800
1542983400,2018-11-23 00:00:00,151.3070,152.9714,151.3070,151.4211,23503700
1543242600,2018-11-26 00:00:00,153.5421,154.9972,152.8953,154.9211,42012600
1543329000,2018-11-27 00:00:00,154.0747,155.8342,153.2948,155.4442,36608100
1543415400,2018-11-28 00:00:00,156.5665,160.4469,155.4727,160.4469,70141000
1543501800,2018-11-29 00:00:00,159.7716,160.9794,158.6588,159.9237,44885700
1543588200,2018-11-30 00:00:00,160.1425,161.1792,159.3436,161.0841,36722800
1543847400,2018-12-03 00:00:00,164.6411,164.8314,161.2173,163.8993,50771700
1543933800,2018-12-04 00:00:00,163.0433,163.4999,157.4225,157.6127,70594700
1544106600,2018-12-06 00:00:00,154.4361,158.7444,153.8559,158.7254,71715500
1544193000,2018-12-07 00:00:00,158.0311,158.9441,152.9904,153.4850,80432200
1544452200,2018-12-10 00:00:00,153.1997,155.7676,151.6114,155.0923,73960800
1544538600,2018-12-11 00:00:00,157.6222,157.6602,154.2934,155.6059,59058300
1544625000,2018-12-12 00:00:00,157.8790,159.4007,156.8899,156.9755,53780000
1544711400,2018-12-13 00:00:00,158.0026,158.6589,156.0053,157.0230,46378500
1544797800,2018-12-14 00:00:00,155.2255,155.7961,152.8383,153.1997,56547400
1545057000,2018-12-17 00:00:00,152.5434,153.7608,148.5298,149.7282,74834100
1545143400,2018-12-18 00:00:00,150.8885,152.1249,149.3573,150.6698,63642100
1545229800,2018-12-19 00:00:00,150.4415,152.8572,145.8383,146.9700,81856500
1545316200,2018-12-20 00:00:00,146.6087,148.2445,143.0326,144.8397,99002100
1545402600,2018-12-21 00:00:00,145.5625,146.5516,139.5422,140.3506,141129400
1545661800,2018-12-24 00:00:00,139.3310,141.1432,136.8320,136.8701,56163300
1545834600,2018-12-26 00:00:00,138.3772,145.4926,137.4329,145.4163,98982100
1545921000,2018-12-27 00:00:00,143.4227,146.1029,140.2847,145.9789,85824300
1546007400,2018-12-28 00:00:00,147.0281,148.4016,144.7104,145.9027,77856600
1546266600,2018-12-31 00:00:00,147.3333,147.8198,145.6546,147.1330,53015300
1546439400,2019-01-02 00:00:00,144.0142,148.5542,143.9092,147.7244,58576700
1546525800,2019-01-03 00:00:00,145.5497,146.1792,142.5834,142.8982,74820200
1546612200,2019-01-04 00:00:00,145.3017,149.7464,144.7294,149.0120,74709300
1546871400,2019-01-07 00:00:00,149.3840,151.5205,148.8976,150.7861,52059300
1546957800,2019-01-08 00:00:00,152.1691,152.7128,149.9372,152.1500,49388700
1547044200,2019-01-09 00:00:00,152.7414,154.0576,152.1023,153.3900,46491700
1547130600,2019-01-10 00:00:00,152.2264,153.9146,151.3679,153.8287,38943400
1547217000,2019-01-11 00:00:00,152.9226,153.4282,152.4076,153.2660,30176600
1547476200,2019-01-14 00:00:00,151.9688,152.5697,151.2630,151.9116,30710200
1547562600,2019-01-15 00:00:00,152.6079,155.0877,152.5220,154.8779,40874200
1547649000,2019-01-16 00:00:00,155.1355,156.2133,154.7921,154.8493,33812200
1547735400,2019-01-17 00:00:00,154.3533,156.7664,154.1053,156.0701,39329000
1547821800,2019-01-18 00:00:00,157.1670,158.3497,156.2514,157.6153,57183200
1548167400,2019-01-22 00:00:00,156.4803,156.5566,153.3327,154.4582,56711700
1548253800,2019-01-23 00:00:00,155.2499,155.9557,152.9131,154.6585,38106100
1548340200,2019-01-24 00:00:00,155.1640,155.8889,154.5727,155.6600,32417800
1548426600,2019-01-25 00:00:00,156.9095,157.9968,156.3754,157.5199,36515900
1548685800,2019-01-28 00:00:00,155.4883,155.5837,154.2770,155.5742,33491200
1548772200,2019-01-29 00:00:00,155.6600,155.6982,153.5521,154.1053,30784200
1548858600,2019-01-30 00:00:00,155.8508,158.5977,155.3643,158.0254,41346500
1548945000,2019-01-31 00:00:00,158.9983,161.1825,158.7790,160.3909,37258400
1549031400,2019-02-01 00:00:00,159.5992,160.8105,159.2749,159.7137,32143700
1549290600,2019-02-04 00:00:00,159.7423,161.6976,159.5992,161.6976,26718800
1549377000,2019-02-05 00:00:00,161.9169,163.3190,161.8501,163.1282,28156400
1549463400,2019-02-06 00:00:00,163.1664,163.4526,161.9074,162.6418,27970000
1549549800,2019-02-07 00:00:00,161.2207,161.6213,159.2368,160.4576,42036200
1549636200,2019-02-08 00:00:00,159.0555,160.8010,158.8743,160.7724,29020700
1549895400,2019-02-11 00:00:00,161.3542,161.7452,160.2192,160.6198,21434100
1549981800,2019-02-12 00:00:00,161.7930,163.2332,161.5068,162.9947,29722100
1550068200,2019-02-13 00:00:00,163.7196,164.2061,162.9280,163.1092,26094100
1550154600,2019-02-14 00:00:00,162.5274,163.8913,161.9837,163.3095,30326800
1550241000,2019-02-15 00:00:00,164.5494,164.5876,163.2332,163.9962,32521700
1550586600,2019-02-19 00:00:00,163.4907,164.8165,163.4621,164.3205,19487700
1550673000,2019-02-20 00:00:00,164.4350,165.0836,163.4049,164.2919,32593000
1550759400,2019-02-21 00:00:00,163.8532,164.3014,162.8231,163.6910,25207400
1550845800,2019-02-22 00:00:00,164.0439,165.0168,163.9581,164.9023,27735400
1551105000,2019-02-25 00:00:00,166.1613,166.5905,165.3888,165.5032,32608800
1551191400,2019-02-26 00:00:00,165.1026,166.1995,164.8260,165.6749,21939700
1551277800,2019-02-27 00:00:00,164.9119,165.7703,163.8245,165.5700,25162000
1551364200,2019-02-28 00:00:00,165.0549,165.7798,164.7211,165.1884,25085500
1551450600,2019-03-01 00:00:00,166.3807,166.5810,165.1789,166.3330,31431200
1551709800,2019-03-04 00:00:00,167.4299,167.6683,164.5017,166.3616,38063500
1551796200,2019-03-05 00:00:00,166.4856,167.0007,165.6654,166.4856,22319900
1551882600,2019-03-06 00:00:00,166.6477,166.6763,165.2743,165.5413,27194600
1551969000,2019-03-07 00:00:00,165.1217,165.1789,162.8993,163.5098,39407400
1552055400,2019-03-08 00:00:00,161.6785,163.3476,161.5164,163.2618,39303200
1552311000,2019-03-11 00:00:00,163.9390,166.7718,163.9104,166.6573,30518400
1552397400,2019-03-12 00:00:00,167.0961,168.0022,166.6955,167.5730,33953500
1552483800,2019-03-13 00:00:00,168.4409,169.7094,168.2025,168.8320,42426100
1552570200,2019-03-14 00:00:00,168.9465,169.1468,168.4982,168.5459,23751500
1552656600,2019-03-15 00:00:00,169.2040,170.6156,169.0895,170.1101,38192000
1552915800,2019-03-18 00:00:00,170.0375,171.0313,169.6935,170.5153,32935100
1553002200,2019-03-19 00:00:00,171.2128,171.9963,170.3623,171.0886,36893300
1553088600,2019-03-20 00:00:00,171.0981,172.8181,170.3146,171.7670,50105000
1553175000,2019-03-21 00:00:00,171.2510,174.7005,171.2319,174.4520,42428500
1553261400,2019-03-22 00:00:00,173.6971,174.1653,170.4387,170.6203,70794500
1553520600,2019-03-25 00:00:00,169.9992,170.8879,169.0628,170.2954,46336500
1553607000,2019-03-26 00:00:00,171.6141,172.6556,170.2190,171.0886,33248100
1553693400,2019-03-27 00:00:00,171.3465,171.7287,168.7475,169.9897,37096700
1553779800,2019-03-28 00:00:00,170.4292,171.0216,169.3590,170.3814,30368200
1553866200,2019-03-29 00:00:00,171.7001,171.8339,170.6490,171.6714,35205500
1554125400,2019-04-01 00:00:00,173.4392,174.1558,172.7321,173.9456,30969500
1554211800,2019-04-02 00:00:00,174.1367,174.7769,173.6972,174.6049,22645200
1554298200,2019-04-03 00:00:00,175.5891,176.6975,175.0636,175.6082,31633500
1554384600,2019-04-04 00:00:00,175.6560,176.2962,174.5285,175.5414,28530800
1554471000,2019-04-05 00:00:00,176.0478,176.5542,175.8375,176.4491,25674700
1554730200,2019-04-08 00:00:00,176.1625,177.0415,175.4649,176.8982,22697500
1554816600,2019-04-09 00:00:00,176.2962,176.8790,175.9044,176.2770,25631900
1554903000,2019-04-10 00:00:00,176.5064,177.2804,176.3153,177.2231,24563000
1554989400,2019-04-11 00:00:00,177.5193,177.5193,176.4778,176.8026,20654100
1555075800,2019-04-12 00:00:00,177.5862,177.6817,176.8313,177.5671,24989100
1555335000,2019-04-15 00:00:00,177.5766,177.7964,176.4108,177.5957,21073000
1555421400,2019-04-16 00:00:00,178.2455,178.5990,177.6626,178.2073,27195700
1555507800,2019-04-17 00:00:00,179.4017,179.5737,178.3028,178.8284,29651600
1555594200,2019-04-18 00:00:00,179.1246,179.4399,178.0066,179.0577,28580900
1555939800,2019-04-22 00:00:00,178.2742,179.6310,178.1404,179.5641,17936000
1556026200,2019-04-23 00:00:00,180.0228,182.0676,179.7648,181.8479,33665600
1556112600,2019-04-24 00:00:00,182.0007,182.2301,181.2172,181.2745,24977100
1556199000,2019-04-25 00:00:00,182.6314,182.7174,181.0261,182.0103,29517500
1556285400,2019-04-26 00:00:00,181.7236,182.2110,180.2043,182.1727,26359500
1556544600,2019-04-29 00:00:00,182.1727,182.8130,181.8765,182.5263,21716200
1556631000,2019-04-30 00:00:00,181.0548,181.4083,179.8413,181.1121,31495300
1556717400,2019-05-01 00:00:00,182.2970,182.8130,180.4050,180.5292,34797100
1556803800,2019-05-02 00:00:00,180.4719,181.4083,178.5608,179.7457,44110100
1556890200,2019-05-03 00:00:00,181.2363,182.7461,180.9115,182.6123,30386200
1557149400,2019-05-06 00:00:00,178.7328,181.7428,178.4557,181.4943,38371800
1557235800,2019-05-07 00:00:00,179.5164,180.2808,176.3058,177.9589,58818100
1557322200,2019-05-08 00:00:00,177.3759,178.8474,176.7357,177.5097,37165300
1557408600,2019-05-09 00:00:00,175.5318,177.1657,173.9934,176.5542,55351700
1557495000,2019-05-10 00:00:00,175.9235,177.6244,172.9805,176.7740,58526400
1557754200,2019-05-13 00:00:00,172.2734,173.2003,170.1426,170.6395,67185800
1557840600,2019-05-14 00:00:00,171.5376,173.5538,170.9070,172.5123,43360600
1557927000,2019-05-15 00:00:00,171.3752,175.3885,171.3370,174.9489,40944500
1558013400,2019-05-16 00:00:00,175.0253,177.7964,174.8151,176.7071,39281200
1558099800,2019-05-17 00:00:00,174.9585,177.3282,174.7482,174.9011,44702300
1558359000,2019-05-20 00:00:00,172.4645,173.1238,171.3656,171.9485,38608300
1558445400,2019-05-21 00:00:00,173.4296,174.2227,172.8754,173.7449,31613800
1558531800,2019-05-22 00:00:00,172.7798,173.9743,172.7129,172.9709,24332600
1558618200,2019-05-23 00:00:00,170.9835,171.0599,169.2635,170.3241,45351300
1558704600,2019-05-24 00:00:00,171.2414,171.8530,170.0279,170.2381,25903300
1559050200,2019-05-28 00:00:00,170.7159,171.6714,169.5788,169.5979,24763800
1559136600,2019-05-29 00:00:00,168.5468,169.1297,167.3046,168.2028,42178800
1559223000,2019-05-30 00:00:00,168.6519,169.3877,167.9544,168.9099,30354800
1559309400,2019-05-31 00:00:00,166.9224,167.4957,166.1389,166.2153,45446200
1559568600,2019-06-03 00:00:00,165.7662,166.2154,161.7435,162.5556,75842300
1559655000,2019-06-04 00:00:00,164.3807,167.1900,163.7500,167.1326,47797800
1559741400,2019-06-05 00:00:00,168.7284,168.7571,166.6262,168.3748,34412700
1559827800,2019-06-06 00:00:00,168.6614,170.1234,167.9161,169.7125,29913200
1559914200,2019-06-07 00:00:00,170.6203,173.6876,170.4006,172.9901,45888300
1560173400,2019-06-10 00:00:00,174.1462,176.6306,174.1080,175.0062,41385300
1560259800,2019-06-11 00:00:00,176.8313,177.1562,174.6527,175.2451,41260300
1560346200,2019-06-12 00:00:00,174.7674,175.1305,173.9074,174.2323,27758100
1560432600,2019-06-13 00:00:00,174.9584,175.6942,174.6144,175.2642,23715800
1560519000,2019-06-14 00:00:00,174.3660,174.9680,173.8500,174.5189,22844100
1560778200,2019-06-17 00:00:00,174.9011,176.0573,174.7100,175.5700,20379500
1560864600,2019-06-18 00:00:00,177.6435,179.3730,177.1848,178.1213,48177300
1560951000,2019-06-19 00:00:00,178.3602,179.1915,177.3186,178.7901,31672900
1561037400,2019-06-20 00:00:00,181.2841,181.3223,178.8379,180.4528,40922000
1561123800,2019-06-21 00:00:00,180.2425,181.3319,179.8030,180.1852,39980400
1561383000,2019-06-24 00:00:00,180.5453,180.7273,180.0952,180.1910,19375200
1561469400,2019-06-25 00:00:00,180.0665,180.1718,176.8296,177.0978,33921100
1561555800,2019-06-26 00:00:00,178.2757,179.3961,177.6341,177.9214,22595700
1561642200,2019-06-27 00:00:00,178.5630,179.0227,178.1129,178.6013,19709200
1561728600,2019-06-28 00:00:00,179.0322,179.2238,178.1895,178.8311,21179200
1561987800,2019-07-01 00:00:00,182.2595,182.4989,180.4017,181.2444,31025600
1562074200,2019-07-02 00:00:00,181.1870,181.9818,180.6699,181.9627,18035800
1562160600,2019-07-03 00:00:00,182.4223,183.3321,182.2308,183.3321,15792100
1562333400,2019-07-05 00:00:00,182.0775,183.2937,181.3689,182.9586,21415600
1562592600,2019-07-08 00:00:00,181.7711,181.8285,180.9283,181.6753,17598800
1562679000,2019-07-09 00:00:00,180.8134,182.8149,180.6602,182.5851,19193500
1562765400,2019-07-10 00:00:00,183.6960,184.9122,183.3608,184.4046,28374500
1562851800,2019-07-11 00:00:00,184.6823,185.1516,183.6864,184.2705,23736100
1562938200,2019-07-12 00:00:00,184.4717,185.3431,184.2993,185.3336,20211900
1563197400,2019-07-15 00:00:00,185.7645,185.9656,185.2474,185.9273,15606100
1563283800,2019-07-16 00:00:00,185.6974,185.8698,184.4046,184.9696,20190900
1563370200,2019-07-17 00:00:00,184.9696,185.2952,184.0407,184.0599,16765100
1563456600,2019-07-18 00:00:00,183.1884,184.6249,182.6138,184.2705,28877000
1563543000,2019-07-19 00:00:00,185.5347,185.6209,182.7288,182.9203,29387900
1563802200,2019-07-22 00:00:00,183.3320,184.7685,183.3320,184.3759,18954900
1563888600,2019-07-23 00:00:00,185.3814,185.6017,184.1460,185.5825,23786700
1563975000,2019-07-24 00:00:00,184.8739,186.8945,184.8547,186.8849,20422900
1564061400,2019-07-25 00:00:00,186.2529,186.2816,184.7590,185.1133,23434700
1564147800,2019-07-26 00:00:00,186.2912,187.2680,186.1954,187.0190,20431200
1564407000,2019-07-29 00:00:00,186.8466,186.9137,185.1995,186.3774,20451700
1564493400,2019-07-30 00:00:00,184.9505,186.3008,184.8164,185.5730,18705000
1564579800,2019-07-31 00:00:00,186.0710,186.1954,181.3019,183.0065,41627500
1564666200,2019-08-01 00:00:00,183.3225,186.7222,181.2157,182.0967,63251600
1564752600,2019-08-02 00:00:00,180.7273,180.9858,178.3236,179.4153,55214000
1565011800,2019-08-05 00:00:00,175.6613,175.7379,171.6105,173.0757,75040000
1565098200,2019-08-06 00:00:00,174.6749,176.0157,173.4013,175.4985,41897200
1565184600,2019-08-07 00:00:00,173.5928,176.6956,172.2712,176.4466,49990600
1565271000,2019-08-08 00:00:00,177.2414,180.3442,176.7530,180.2867,38418100
1565357400,2019-08-09 00:00:00,179.4249,180.0378,177.1936,178.5917,33608900
1565616600,2019-08-12 00:00:00,177.4904,178.0267,175.7283,176.5423,24642900
1565703000,2019-08-13 00:00:00,176.3891,181.6466,176.2263,180.4112,40241900
1565789400,2019-08-14 00:00:00,177.5095,178.0745,174.6940,175.0196,51000500
1565875800,2019-08-15 00:00:00,175.2495,175.8145,173.4874,174.8186,36685000
1565962200,2019-08-16 00:00:00,176.4083,178.0746,176.3030,177.6245,32781400
1566221400,2019-08-19 00:00:00,180.1910,180.8326,179.5589,180.4496,22494100
1566307800,2019-08-20 00:00:00,179.9995,180.6506,179.0035,179.0514,19902900
1566394200,2019-08-21 00:00:00,180.6219,181.2157,179.9995,180.6411,20418500
1566480600,2019-08-22 00:00:00,180.9762,181.4359,178.6396,180.0569,24243700
1566567000,2019-08-23 00:00:00,178.8311,180.4687,173.8705,174.3589,55372400
1566826200,2019-08-26 00:00:00,176.3412,177.0403,175.3261,176.9924,27598900
1566912600,2019-08-27 00:00:00,178.2278,178.5247,175.9295,176.6190,28012800
1566999000,2019-08-28 00:00:00,176.0444,177.5479,175.1633,177.2510,21792400
1567085400,2019-08-29 00:00:00,179.4536,180.4783,178.7737,179.9612,25358900
1567171800,2019-08-30 00:00:00,180.9284,180.9667,178.5151,179.5302,26319800
1567517400,2019-09-03 00:00:00,178.3332,179.2525,177.1936,177.7873,27964200
1567603800,2019-09-04 00:00:00,179.5015,180.5070,178.9843,180.3538,21592100
1567690200,2019-09-05 00:00:00,182.3457,184.1844,182.2787,183.6577,33932600
1567776600,2019-09-06 00:00:00,183.9641,184.0311,183.0735,183.4757,19487800
1568035800,2019-09-09 00:00:00,184.0503,184.1269,182.1637,183.0926,24407600
1568122200,2019-09-10 00:00:00,182.1063,182.6617,180.9092,182.5659,23744700
1568208600,2019-09-11 00:00:00,182.9107,184.3759,182.4893,184.2801,25063600
1568295000,2019-09-12 00:00:00,185.4102,186.4636,184.7973,185.0462,28689900
1568381400,2019-09-13 00:00:00,184.7782,185.2091,184.1461,184.3855,27669800
1568640600,2019-09-16 00:00:00,183.1980,183.9450,183.0160,183.5619,20319000
1568727000,2019-09-17 00:00:00,183.5810,184.4429,183.1884,184.4429,20953400
1568813400,2019-09-18 00:00:00,184.0599,184.4429,182.0584,184.3663,29781300
1568899800,2019-09-19 00:00:00,184.6919,185.8219,184.3185,184.6728,26039400
1568986200,2019-09-20 00:00:00,184.9313,185.1228,182.1063,182.7191,29086100
1569245400,2019-09-23 00:00:00,182.6654,183.3467,182.0513,182.7998,22485900
1569331800,2019-09-24 00:00:00,183.6346,184.0376,179.5851,180.3720,40820700
1569418200,2019-09-25 00:00:00,180.1897,182.8765,178.6831,182.3967,34704900
1569504600,2019-09-26 00:00:00,182.1569,182.3200,180.3816,181.7251,26826000
1569591000,2019-09-27 00:00:00,182.0609,182.1569,178.2418,179.4700,40773500
1569850200,2019-09-30 00:00:00,180.1993,181.4660,179.8251,181.1781,26307700
1569936600,2019-10-01 00:00:00,181.8402,182.8861,179.4029,179.7003,32367600
1570023000,2019-10-02 00:00:00,178.4816,178.5104,175.6221,176.6104,48544300
1570109400,2019-10-03 00:00:00,176.5913,178.6832,174.4706,178.5488,39392500
1570195800,2019-10-04 00:00:00,179.5180,181.4372,179.3261,181.1781,31887600
1570455000,2019-10-07 00:00:00,180.6600,182.0705,180.3145,180.6312,21216000
1570541400,2019-10-08 00:00:00,179.4988,180.2665,177.7811,177.9251,32379300
1570627800,2019-10-09 00:00:00,179.4316,180.4776,178.8943,179.6619,20147400
1570714200,2019-10-10 00:00:00,179.7099,181.7730,179.5564,181.0533,25177700
1570800600,2019-10-11 00:00:00,183.1164,184.8437,183.0109,183.3851,40976700
1571059800,2019-10-14 00:00:00,183.1260,183.9512,182.9436,183.3659,14975000
1571146200,2019-10-15 00:00:00,183.9321,186.1295,183.8169,185.6977,23234200
1571232600,2019-10-16 00:00:00,185.0645,185.7074,184.6518,185.2372,20457100
1571319000,2019-10-17 00:00:00,186.3502,186.6381,185.0164,185.7265,19045200
1571405400,2019-10-18 00:00:00,185.3907,185.8417,183.0013,183.9417,27700800
1571664600,2019-10-21 00:00:00,184.9205,185.6977,184.3735,185.5730,15801200
1571751000,2019-10-22 00:00:00,186.3022,186.5613,184.0376,184.0952,22392300
1571837400,2019-10-23 00:00:00,183.7210,184.4886,183.4235,184.4502,14828400
1571923800,2019-10-24 00:00:00,185.7648,186.3598,184.9492,186.2446,18998500
1572010200,2019-10-25 00:00:00,185.2851,187.8280,185.2467,187.7320,21507100
1572269400,2019-10-28 00:00:00,188.6052,189.8335,188.6052,189.5840,18818700
1572355800,2019-10-29 00:00:00,189.2673,189.5552,188.0870,188.1158,18569700
1572442200,2019-10-30 00:00:00,188.4805,189.3441,187.3961,189.0274,21764300
1572528600,2019-10-31 00:00:00,189.5744,189.6608,188.0199,189.1138,26801800
1572615000,2019-11-01 00:00:00,189.9294,190.8410,189.6416,190.8314,22131900
1572877800,2019-11-04 00:00:00,192.0981,192.4244,190.8315,192.0118,19015900
1572964200,2019-11-05 00:00:00,192.2517,192.4436,191.4840,192.1173,15048900
1573050600,2019-11-06 00:00:00,191.8965,191.9157,190.7546,191.6854,19725500
1573137000,2019-11-07 00:00:00,192.6450,193.5662,191.7718,192.3284,17832400
1573223400,2019-11-08 00:00:00,191.9829,193.1152,191.4743,193.0960,15258800
1573482600,2019-11-11 00:00:00,192.1173,192.9137,191.8582,192.8370,10147600
1573569000,2019-11-12 00:00:00,193.0001,194.0365,192.7026,193.3935,14778300
1573655400,2019-11-13 00:00:00,192.7218,193.6238,192.5971,193.4415,15774600
1573741800,2019-11-14 00:00:00,192.7122,193.4127,192.1269,193.2880,16945400
1573828200,2019-11-15 00:00:00,194.4586,194.7081,193.8349,194.7081,18427900
1574087400,2019-11-18 00:00:00,194.4011,195.1688,193.6142,194.8617,18365900
1574173800,2019-11-19 00:00:00,195.6005,195.6005,194.4011,195.1495,16923300
1574260200,2019-11-20 00:00:00,194.6410,195.2263,192.5107,193.9789,36629000
1574346600,2019-11-21 00:00:00,193.7677,193.9021,192.9425,193.5470,17883600
1574433000,2019-11-22 00:00:00,194.0268,194.1420,192.6258,193.6718,17189600
1574692200,2019-11-25 00:00:00,194.5067,196.0036,194.4779,195.9652,17752800
1574778600,2019-11-26 00:00:00,196.0899,196.5889,195.8021,196.3394,14780600
1574865000,2019-11-27 00:00:00,196.8480,197.7212,196.6081,197.7116,16963100
1575037800,2019-11-29 00:00:00,197.2127,197.5101,196.7137,196.8096,9854600
1575297000,2019-12-02 00:00:00,196.8192,196.8864,193.6238,194.7945,28007000
1575383400,2019-12-03 00:00:00,192.1173,193.3456,191.1769,193.2688,31104100
1575469800,2019-12-04 00:00:00,194.2572,194.7082,193.9693,194.2476,15300100
1575556200,2019-12-05 00:00:00,194.9384,194.9384,193.6814,194.6314,14962300
1575642600,2019-12-06 00:00:00,196.0515,196.8576,195.8980,196.7136,16555300
1575901800,2019-12-09 00:00:00,196.3586,197.2798,195.7349,195.8213,13984100
1575988200,2019-12-10 00:00:00,195.9172,196.5985,195.2167,195.6581,21799800
1576074600,2019-12-11 00:00:00,196.0995,196.8960,195.7925,196.6945,18780800
1576161000,2019-12-12 00:00:00,196.4930,198.9399,196.2243,198.1626,32612000
1576247400,2019-12-13 00:00:00,198.0571,199.5061,197.6349,198.8152,32519400
1576506600,2019-12-16 00:00:00,200.1202,201.0606,200.0530,200.8111,21296600
1576593000,2019-12-17 00:00:00,201.0701,201.2333,200.5903,200.9262,15996100
1576679400,2019-12-18 00:00:00,201.0989,201.6363,200.8686,201.0797,15443300
1576765800,2019-12-19 00:00:00,201.1661,202.4040,201.1469,202.3368,17865900
1576852200,2019-12-20 00:00:00,203.2964,203.9297,202.7302,203.1525,27672600
1577111400,2019-12-23 00:00:00,203.8718,204.0160,203.5160,203.6891,23774700
1577197800,2019-12-24 00:00:00,203.8717,203.9583,203.3332,203.7948,7089000
1577370600,2019-12-26 00:00:00,204.1218,205.6124,204.0929,205.5931,17067500
1577457000,2019-12-27 00:00:00,206.3143,206.3336,204.8719,205.4200,18134100
1577716200,2019-12-30 00:00:00,205.3142,205.4392,203.0639,204.0737,21815500
1577802600,2019-12-31 00:00:00,203.4198,204.6026,203.1024,204.4584,18170900
1577975400,2020-01-02 00:00:00,206.1797,207.8723,205.7758,207.8723,30969400
1578061800,2020-01-03 00:00:00,205.1219,207.2087,205.1027,205.9682,27518900
1578321000,2020-01-06 00:00:00,204.3526,207.3241,204.1025,207.2952,21655300
1578407400,2020-01-07 00:00:00,207.3722,207.8531,206.6125,207.2665,22139300
1578493800,2020-01-08 00:00:00,207.2376,209.7764,206.9106,208.8243,26397300
1578580200,2020-01-09 00:00:00,210.5457,210.9977,209.3628,210.5938,23547000
1578666600,2020-01-10 00:00:00,211.4208,211.4400,209.6802,210.0552,21898500
1578925800,2020-01-13 00:00:00,210.9208,212.5075,210.5842,212.4786,22756900
1579012200,2020-01-14 00:00:00,212.3728,212.7286,211.3150,211.6420,24418100
1579098600,2020-01-15 00:00:00,211.7573,212.7190,211.0361,211.7285,25742100
1579185000,2020-01-16 00:00:00,212.7863,213.7961,212.3344,213.7576,18805000
1579271400,2020-01-17 00:00:00,214.7193,214.9886,213.6038,214.8155,24325200
1579617000,2020-01-21 00:00:00,214.2192,215.2578,214.1231,214.7193,21146300
1579703400,2020-01-22 00:00:00,215.8060,216.5176,215.0174,215.2867,20736400
1579789800,2020-01-23 00:00:00,215.1617,216.0753,214.1615,215.9791,26496100
1579876200,2020-01-24 00:00:00,216.9888,217.2196,213.1710,214.1615,37436500
1580135400,2020-01-27 00:00:00,209.3244,210.8727,208.8532,209.7379,42264400
1580221800,2020-01-28 00:00:00,211.2188,213.4499,210.6611,212.9594,26731900
1580308200,2020-01-29 00:00:00,214.1423,214.3827,212.3632,213.3056,28924500
1580394600,2020-01-30 00:00:00,211.9305,214.1615,211.2670,214.0654,39568100
1580481000,2020-01-31 00:00:00,214.9597,214.9885,209.9206,210.6707,52015800
1580740200,2020-02-03 00:00:00,211.6997,214.3442,211.5554,213.8538,25408600
1580826600,2020-02-04 00:00:00,216.7772,219.1237,216.0368,218.7486,30691200
1580913000,2020-02-05 00:00:00,221.3836,221.4220,218.1524,219.4699,38534800
1580999400,2020-02-06 00:00:00,220.0180,221.4220,219.2391,221.3643,22467100
1581085800,2020-02-07 00:00:00,220.3738,221.6048,219.7776,220.4123,25884900
1581345000,2020-02-10 00:00:00,219.6815,223.0857,219.6238,223.0761,21478900
1581431400,2020-02-11 00:00:00,224.3070,225.0475,222.5279,223.1145,30198000
1581517800,2020-02-12 00:00:00,224.4320,225.3937,223.8743,225.2879,24471300
1581604200,2020-02-13 00:00:00,223.7204,225.9226,223.4511,224.9994,22773200
1581690600,2020-02-14 00:00:00,225.3553,225.8553,224.5955,225.6438,23438500
1582036200,2020-02-18 00:00:00,224.5474,226.1534,224.3070,225.7303,24394500
1582122600,2020-02-19 00:00:00,227.0766,228.3652,226.8073,227.8940,22230500
1582209000,2020-02-20 00:00:00,227.3940,227.8652,222.9896,225.7784,42604000
1582295400,2020-02-21 00:00:00,224.6532,225.0379,220.5277,221.4413,66017200
1582554600,2020-02-24 00:00:00,213.1806,215.6521,211.8150,212.9017,84522600
1582641000,2020-02-25 00:00:00,214.6904,215.4020,206.5067,207.1125,97743000
1582727400,2020-02-26 00:00:00,208.4012,211.8343,206.6606,208.1800,79537700
1582813800,2020-02-27 00:00:00,202.8139,208.1223,197.6209,197.7556,121822600
1582900200,2020-02-28 00:00:00,191.0240,199.2270,190.5720,197.9095,148173700
1583159400,2020-03-02 00:00:00,200.8714,208.2666,198.0441,208.1223,112933900
1583245800,2020-03-03 00:00:00,208.7859,211.1900,199.6597,201.4484,131953500
1583332200,2020-03-04 00:00:00,205.1412,209.9591,203.2659,209.8533,73086200
1583418600,2020-03-05 00:00:00,204.5352,208.0645,202.0446,203.4774,78705500
1583505000,2020-03-06 00:00:00,196.8228,201.1310,195.1303,200.0444,89828400
1583760600,2020-03-09 00:00:00,186.0618,193.4474,184.7443,186.1484,116424000
1583847000,2020-03-10 00:00:00,193.3993,196.4670,186.2541,196.2843,100599200
1583933400,2020-03-11 00:00:00,191.7067,193.0531,185.3406,187.7351,89168800
1584019800,2020-03-12 00:00:00,175.1085,183.4654,170.1560,170.5214,137820700
1584106200,2020-03-13 00:00:00,179.8976,187.0234,171.3003,184.9655,134882000
1584365400,2020-03-16 00:00:00,167.4729,177.5992,162.6743,162.8089,92054400
1584451800,2020-03-17 00:00:00,168.7423,177.3203,163.2705,175.1566,121257100
1584538200,2020-03-18 00:00:00,165.0303,172.3486,160.4047,169.8290,114156300
1584624600,2020-03-19 00:00:00,168.9539,176.4548,165.0496,170.8484,120896500
1584711000,2020-03-20 00:00:00,174.7719,175.8586,163.5782,164.1552,118983900
1584970200,2020-03-23 00:00:00,164.7171,167.8877,158.9445,164.2738,124639800
1585056600,2020-03-24 00:00:00,173.3808,177.1585,171.4919,176.9947,94881800
1585143000,2020-03-25 00:00:00,177.7272,182.6325,173.4483,175.6841,88754900
1585229400,2020-03-26 00:00:00,177.1971,185.7259,176.9465,184.9357,79887600
1585315800,2020-03-27 00:00:00,180.1460,183.5961,177.9584,178.5752,58845000
1585575000,2020-03-30 00:00:00,180.2714,185.5043,179.5775,185.0706,49356900
1585661400,2020-03-31 00:00:00,184.7622,188.1641,182.3336,183.4901,62659300
1585747800,2020-04-01 00:00:00,178.0644,180.8495,174.2963,175.6937,53715400
1585834200,2020-04-02 00:00:00,174.6625,183.2010,174.4023,179.2594,56465300
1585920600,2020-04-03 00:00:00,178.8161,180.2810,174.7107,176.7153,47487600
1586179800,2020-04-06 00:00:00,183.5672,190.4770,182.3240,189.3494,64763500
1586266200,2020-04-07 00:00:00,195.0257,195.3052,188.8869,189.2724,69904500
1586352600,2020-04-08 00:00:00,190.9588,193.8692,189.0507,193.2910,45940400
1586439000,2020-04-09 00:00:00,195.0064,195.8448,191.8069,193.5705,68252600
1586784600,2020-04-13 00:00:00,192.7417,196.0376,191.5371,195.6617,42853900
1586871000,2020-04-14 00:00:00,199.7093,204.7881,198.9287,204.1713,63959600
1586957400,2020-04-15 00:00:00,200.9139,204.1424,199.6033,201.8295,47036000
1587043800,2020-04-16 00:00:00,204.0075,206.5902,202.0801,205.5109,64657400
1587130200,2020-04-17 00:00:00,208.3249,208.6526,204.3833,207.4768,62863200
1587389400,2020-04-20 00:00:00,205.6169,208.0454,204.8555,205.0194,38249100
1587475800,2020-04-21 00:00:00,202.9570,203.4967,196.2399,197.4542,72932800
1587562200,2020-04-22 00:00:00,201.5115,204.6435,200.7694,203.3136,40089100
1587648600,2020-04-23 00:00:00,204.1039,206.6577,202.4752,202.8800,43278500
1587735000,2020-04-24 00:00:00,203.3136,206.5228,201.8970,206.0795,34231900
1587994200,2020-04-27 00:00:00,208.3441,208.7682,206.7155,207.7370,36451700
1588080600,2020-04-28 00:00:00,209.4331,209.4331,203.5449,203.8243,46862800
1588167000,2020-04-29 00:00:00,208.3441,211.9870,207.3322,211.0522,48716400
1588253400,2020-04-30 00:00:00,211.9677,212.0545,209.4621,210.9655,43359500
1588339800,2020-05-01 00:00:00,206.7155,208.8067,203.9978,205.0194,48795000
1588599000,2020-05-04 00:00:00,203.7858,207.6310,203.4582,207.4094,32841000
1588685400,2020-05-05 00:00:00,209.5488,212.1508,208.9802,209.7608,37783100
1588771800,2020-05-06 00:00:00,211.4376,213.0181,210.1945,211.0522,36455200
1588858200,2020-05-07 00:00:00,213.7698,214.6468,212.4206,213.7698,38624800
1588944600,2020-05-08 00:00:00,215.4371,216.8344,214.4059,216.6995,31852300
1589203800,2020-05-11 00:00:00,215.3793,219.6581,215.1480,218.6366,35714100
1589290200,2020-05-12 00:00:00,219.2341,219.8219,214.0300,214.0589,41054100
1589376600,2020-05-13 00:00:00,214.5793,216.4586,208.8453,211.3798,65521200
1589463000,2020-05-14 00:00:00,210.0596,213.8180,208.1514,213.7795,51549300
1589549400,2020-05-15 00:00:00,210.8402,215.2250,210.4065,215.1672,55747200
1589808600,2020-05-18 00:00:00,218.0680,220.3809,217.2874,219.1762,42398100
1589895000,2020-05-19 00:00:00,219.4365,221.5084,218.4824,218.6270,36237300
1589981400,2020-05-20 00:00:00,221.1711,223.3491,221.1518,222.9925,37417000
1590067800,2020-05-21 00:00:00,223.0407,223.7153,220.0532,220.5640,43642900
1590154200,2020-05-22 00:00:00,220.1592,221.5277,219.2437,221.3253,28762400
1590499800,2020-05-26 00:00:00,224.8910,225.0934,220.4869,220.7278,33055300
1590586200,2020-05-27 00:00:00,220.3905,222.0481,215.8129,221.9324,55665600
1590672600,2020-05-28 00:00:00,220.7953,224.9970,220.7375,221.6433,42784300
1590759000,2020-05-29 00:00:00,222.0192,225.1223,220.4580,224.8910,50691800
1591018200,2020-06-01 00:00:00,224.0237,225.9414,223.5804,225.5656,25776000
1591104600,2020-06-02 00:00:00,225.9897,227.1365,223.5900,227.0787,33383400
1591191000,2020-06-03 00:00:00,227.6858,228.8519,226.8088,228.1002,37228700
1591277400,2020-06-04 00:00:00,227.7532,229.1602,225.1994,226.5004,38716100
1591363800,2020-06-05 00:00:00,227.6473,231.5792,227.0787,230.9913,47365600
1591623000,2020-06-08 00:00:00,230.8467,232.9091,229.2759,232.7838,32937300
1591709400,2020-06-09 00:00:00,231.9261,235.3183,231.7430,234.4703,35046300
1591795800,2020-06-10 00:00:00,236.1568,238.8263,235.6364,237.2843,58084400
1591882200,2020-06-11 00:00:00,233.3716,234.7497,225.4692,225.5270,72919400
1591968600,2020-06-12 00:00:00,230.4131,231.6755,223.3298,227.3196,72034800
1592227800,2020-06-15 00:00:00,224.0044,230.7600,223.0696,230.0854,45307400
1592314200,2020-06-16 00:00:00,234.9329,235.5207,230.4227,234.0366,48890100
1592400600,2020-06-17 00:00:00,235.5304,236.5905,233.9210,234.7787,34749300
1592487000,2020-06-18 00:00:00,234.4607,235.6557,233.6897,235.4147,30578600
1592573400,2020-06-19 00:00:00,237.7758,238.0360,233.6511,235.3762,49422100
1592832600,2020-06-22 00:00:00,235.2449,238.3245,234.9553,238.1990,24068700
1592919000,2020-06-23 00:00:00,239.7918,242.4563,239.2416,240.2262,32767400
1593005400,2020-06-24 00:00:00,239.4733,240.6993,233.7775,235.2739,46032400
1593091800,2020-06-25 00:00:00,235.3607,237.8128,232.7928,237.5135,36940800
1593178200,2020-06-26 00:00:00,237.2722,237.4460,231.3833,231.9046,52824600
1593437400,2020-06-29 00:00:00,231.6634,234.4437,229.1341,234.4340,34377800
1593523800,2020-06-30 00:00:00,234.3664,239.5698,234.1829,239.0292,38909200
1593610200,2020-07-01 00:00:00,239.0678,242.8135,238.5272,241.8192,34689200
1593696600,2020-07-02 00:00:00,244.2616,245.4683,242.9969,243.4603,31956500
1594042200,2020-07-06 00:00:00,246.6074,249.9670,246.5881,249.4457,34589000
1594128600,2020-07-07 00:00:00,249.1947,251.8496,247.4281,247.7273,36578200
1594215000,2020-07-08 00:00:00,249.0499,251.0193,247.6211,250.9903,30426300
1594301400,2020-07-09 00:00:00,252.9018,253.7706,248.7120,253.1045,40312900
1594387800,2020-07-10 00:00:00,252.9597,255.0836,250.2856,254.8326,32885300
1594647000,2020-07-13 00:00:00,257.6708,260.4511,248.7699,249.5905,64108100
1594733400,2020-07-14 00:00:00,247.0709,251.7627,244.0106,251.3572,72230500
1594819800,2020-07-15 00:00:00,252.7666,253.5969,248.5768,251.8688,54523900
1594906200,2020-07-16 00:00:00,249.0885,250.7876,246.7716,250.1505,47594100
1594992600,2020-07-17 00:00:00,250.6041,251.2992,248.2679,250.4400,35137900
1595251800,2020-07-20 00:00:00,251.0772,258.1728,249.8319,257.5453,40610100
1595338200,2020-07-21 00:00:00,259.1092,259.1188,254.0216,254.8615,43243800
1595424600,2020-07-22 00:00:00,255.3539,256.6861,253.4617,255.7594,29865500
1595511000,2020-07-23 00:00:00,255.3539,256.0586,247.6694,249.0789,51363500
1595597400,2020-07-24 00:00:00,245.2462,248.0362,242.6204,246.7136,54054500
1595856600,2020-07-27 00:00:00,248.3548,251.5020,247.5729,251.1158,36445700
1595943000,2020-07-28 00:00:00,250.3339,250.8552,247.6308,247.9204,31302400
1596029400,2020-07-29 00:00:00,249.4553,251.6371,248.9823,250.7779,27556900
1596115800,2020-07-30 00:00:00,248.8181,252.6507,247.6693,252.0908,41774500
1596202200,2020-07-31 00:00:00,256.7054,256.7440,251.8206,256.5896,53686300
1596461400,2020-08-03 00:00:00,258.7230,260.7986,258.5975,260.0553,32081600
1596547800,2020-08-04 00:00:00,259.5533,261.1172,258.8100,261.0207,24911300
1596634200,2020-08-05 00:00:00,261.5034,262.1212,260.6152,261.6675,21612100
1596720600,2020-08-06 00:00:00,261.4745,265.4615,260.8373,265.1333,28048200
1596807000,2020-08-07 00:00:00,264.5925,265.3649,259.9298,262.0729,44969400
1597066200,2020-08-10 00:00:00,262.3626,262.5653,257.4391,260.9531,35088400
1597152600,2020-08-11 00:00:00,259.7946,261.0786,255.4697,256.0103,43104300
1597239000,2020-08-12 00:00:00,258.1631,263.3955,258.1148,262.4494,38773400
1597325400,2020-08-13 00:00:00,263.2217,265.3166,262.1115,263.0480,31895700
1597411800,2020-08-14 00:00:00,263.6659,263.9362,261.3489,262.7391,30799500
1597671000,2020-08-17 00:00:00,264.4477,266.2916,262.7776,265.7896,24803000
1597757400,2020-08-18 00:00:00,266.8517,268.8211,265.3939,268.3480,23529500
1597843800,2020-08-19 00:00:00,268.3092,269.3615,266.0310,266.5426,31999400
1597930200,2020-08-20 00:00:00,265.7510,270.7227,265.3455,270.2401,27723400
1598016600,2020-08-21 00:00:00,270.4332,272.5667,269.7864,272.1129,34748900
1598275800,2020-08-24 00:00:00,275.3759,276.1000,271.5337,273.8120,36418500
1598362200,2020-08-25 00:00:00,273.0397,276.1579,272.5956,275.9648,34866600
1598448600,2020-08-26 00:00:00,277.2101,282.1046,275.9358,281.8536,42216700
1598535000,2020-08-27 00:00:00,282.8287,283.6782,278.7161,280.9751,49482700
1598621400,2020-08-28 00:00:00,282.2108,283.0314,280.8592,282.4039,28021000
1598880600,2020-08-31 00:00:00,282.9252,286.4778,282.4908,284.6725,36321000
1598967000,2020-09-01 00:00:00,287.3177,289.6540,285.5511,289.5381,36216200
1599053400,2020-09-02 00:00:00,292.7819,292.9943,286.6131,292.2799,50836800
1599139800,2020-09-03 00:00:00,287.7811,288.2831,274.5650,277.4612,110083300
1599226200,2020-09-04 00:00:00,275.6752,278.9285,262.3915,273.7637,123959000
1599571800,2020-09-08 00:00:00,262.7970,268.5893,260.3256,260.6056,99568600
1599658200,2020-09-09 00:00:00,266.0986,270.3559,263.5499,268.2610,64837900
1599744600,2020-09-10 00:00:00,271.2151,272.4315,261.1944,262.9128,69667500
1599831000,2020-09-11 00:00:00,264.6602,265.6931,257.6611,261.0883,71809000
1600090200,2020-09-14 00:00:00,264.8629,267.6239,263.5114,265.6353,38525200
1600176600,2020-09-15 00:00:00,269.3712,270.7420,265.6062,269.4001,41849900
1600263000,2020-09-16 00:00:00,270.1918,270.6552,264.7567,265.1042,42321000
1600349400,2020-09-17 00:00:00,258.2886,264.9015,257.4487,260.9627,81570800
1600435800,2020-09-18 00:00:00,262.3819,262.6715,253.5390,257.6322,86251100
1600695000,2020-09-21 00:00:00,253.3845,258.3851,251.1061,258.2500,57168600
1600781400,2020-09-22 00:00:00,260.6441,263.6272,257.3136,263.0480,41128900
1600867800,2020-09-23 00:00:00,262.7294,262.9128,254.1375,255.0160,48837300
1600954200,2020-09-24 00:00:00,252.3419,259.3989,252.1778,256.2035,70631700
1601040600,2020-09-25 00:00:00,256.7053,262.9707,255.1511,262.1598,55242400
1601299800,2020-09-28 00:00:00,267.0060,267.6046,262.2660,267.6046,58438300
1601386200,2020-09-29 00:00:00,267.0447,268.0969,265.8379,266.3979,27050000
1601472600,2020-09-30 00:00:00,266.5909,271.3599,266.3206,268.2224,49380800
1601559000,2020-10-01 00:00:00,272.0357,273.0879,270.1532,272.4797,50020200
1601645400,2020-10-02 00:00:00,266.4654,272.4701,263.9747,264.8146,75497400
1601904600,2020-10-05 00:00:00,266.7744,270.7807,266.6682,270.4622,28184600
1601991000,2020-10-06 00:00:00,269.7768,271.4565,264.7568,265.6353,49704200
1602077400,2020-10-07 00:00:00,268.2707,271.0221,267.6818,270.2305,27539700
1602163800,2020-10-08 00:00:00,272.6245,272.6921,270.6068,271.6688,25443300
1602250200,2020-10-09 00:00:00,273.3100,275.8973,272.9239,275.8200,30201100
1602509400,2020-10-12 00:00:00,280.4924,287.1633,279.4498,284.3347,79370700
1602595800,2020-10-13 00:00:00,286.1304,286.7675,282.9639,284.3251,64240000
1602682200,2020-10-14 00:00:00,285.1263,286.0916,280.2125,281.9501,36949100
1602768600,2020-10-15 00:00:00,277.2585,280.6469,276.6213,280.0581,42514200
1602855000,2020-10-16 00:00:00,281.6992,283.1183,278.1755,278.5231,40570700
1603114200,2020-10-19 00:00:00,280.4345,281.3903,273.0011,273.9761,36756800
1603200600,2020-10-20 00:00:00,274.7098,277.6639,273.1556,274.5650,32195400
1603287000,2020-10-21 00:00:00,274.8161,277.3743,273.8700,274.3527,29306100
1603373400,2020-10-22 00:00:00,275.1828,276.0806,271.0992,274.3429,32196200
1603459800,2020-10-23 00:00:00,274.9125,275.0477,272.0260,274.8836,24658500
1603719000,2020-10-26 00:00:00,272.6052,275.4241,267.1798,270.7614,38421100
1603805400,2020-10-27 00:00:00,271.7557,273.6961,270.5007,272.8755,30559100
1603891800,2020-10-28 00:00:00,268.3865,268.9947,261.9860,262.2370,53413500
1603978200,2020-10-29 00:00:00,263.5500,269.8153,263.0866,266.8227,43246300
1604064600,2020-10-30 00:00:00,264.8436,265.7124,257.8252,260.0553,65838300
1604327400,2020-11-02 00:00:00,262.4397,264.0519,257.7286,260.6344,39987400
1604413800,2020-11-03 00:00:00,262.5460,267.2378,261.4647,265.1429,43604100
1604500200,2020-11-04 00:00:00,273.7734,278.7741,272.1129,276.9785,75728200
1604586600,2020-11-05 00:00:00,283.3693,285.1649,281.8922,284.1995,52054200
1604673000,2020-11-06 00:00:00,283.5431,285.1360,279.7974,284.4120,40959800
1604932200,2020-11-09 00:00:00,287.3468,288.7852,278.1466,278.6004,86537100
1605018600,2020-11-10 00:00:00,275.2988,276.7372,270.9062,273.6093,69024900
1605105000,2020-11-11 00:00:00,276.1289,280.2028,273.5706,279.7298,36102900
1605191400,2020-11-12 00:00:00,280.6952,281.9598,277.3067,278.4169,34414600
1605277800,2020-11-13 00:00:00,280.1256,281.4772,277.9052,280.8593,24806900
1605537000,2020-11-16 00:00:00,280.5601,283.3500,279.9519,283.0508,30168400
1605623400,2020-11-17 00:00:00,283.2439,283.5721,281.5158,282.1530,21843500
1605709800,2020-11-18 00:00:00,281.6026,283.2148,279.9808,280.0677,28069600
1605796200,2020-11-19 00:00:00,279.5175,282.5681,278.8514,282.2592,22718400
1605882600,2020-11-20 00:00:00,282.1818,282.9252,280.2414,280.3283,25907300
1606141800,2020-11-23 00:00:00,281.3227,282.6163,278.0983,280.3380,26875600
1606228200,2020-11-24 00:00:00,281.3999,284.7691,279.6043,284.2768,24516800
1606314600,2020-11-25 00:00:00,285.3387,286.6613,284.3926,286.0241,23326800
1606487400,2020-11-27 00:00:00,287.9839,289.7795,287.5880,288.6596,17163100
1606746600,2020-11-30 00:00:00,288.9781,289.5863,284.5760,289.2484,27836200
1606833000,2020-12-01 00:00:00,291.5171,294.5774,290.4165,292.9555,27521300
1606919400,2020-12-02 00:00:00,291.7875,293.6700,289.9532,293.3321,23620000
1607005800,2020-12-03 00:00:00,293.6410,295.2918,293.0232,293.7472,22828700
1607092200,2020-12-04 00:00:00,293.7954,295.0890,293.1197,294.9442,19332100
1607351400,2020-12-07 00:00:00,295.1277,296.9813,294.9443,296.6144,20851000
1607437800,2020-12-08 00:00:00,296.1414,297.9177,294.3940,297.6184,18341500
1607524200,2020-12-09 00:00:00,297.4061,297.6860,289.8181,290.8801,48839300
1607610600,2020-12-10 00:00:00,288.8527,293.1680,287.7715,292.0482,27519500
1607697000,2020-12-11 00:00:00,290.3972,291.5267,288.1382,291.4012,26760400
1607956200,2020-12-14 00:00:00,292.5887,295.4559,292.5211,293.5155,28804800
1608042600,2020-12-15 00:00:00,295.7649,296.6530,293.5831,296.6530,25709000
1608129000,2020-12-16 00:00:00,297.0488,299.0665,296.0062,298.2845,25461900
1608215400,2020-12-17 00:00:00,299.8773,300.4662,298.6803,300.2345,23730500
1608301800,2020-12-18 00:00:00,300.8718,301.1807,296.9619,299.3271,41173400
1608561000,2020-12-21 00:00:00,296.3880,299.2991,293.6220,298.7672,37095500
1608647400,2020-12-22 00:00:00,299.6666,300.4983,296.7652,299.5796,26176300
1608733800,2020-12-23 00:00:00,299.6279,299.9858,297.9161,298.0709,21201300
1608820200,2020-12-24 00:00:00,298.3319,299.8309,298.2545,299.3860,16785000
1609165800,2020-12-28 00:00:00,301.9877,302.8775,300.1598,302.4036,22497700
1609252200,2020-12-29 00:00:00,303.7286,304.3475,301.7749,302.6744,25871900
1609338600,2020-12-30 00:00:00,303.8349,304.1541,302.0651,302.6841,18138100
1609425000,2020-12-31 00:00:00,302.5873,303.9122,301.5138,303.4287,21611400
1609770600,2021-01-04 00:00:00,304.7537,304.9278,295.1501,299.1443,45305900
1609857000,2021-01-05 00:00:00,298.1579,301.8814,298.1579,301.6106,29323400
1609943400,2021-01-06 00:00:00,296.9102,301.6298,295.9237,297.4325,52809600
1610029800,2021-01-07 00:00:00,300.0825,305.4597,300.0535,304.6280,30394800
1610116200,2021-01-08 00:00:00,306.9104,308.8930,304.7247,308.5449,33955800
1610375400,2021-01-11 00:00:00,305.5951,306.7653,303.4384,304.0864,32746400
1610461800,2021-01-12 00:00:00,304.1250,305.2082,300.9722,303.6028,29266800
1610548200,2021-01-13 00:00:00,303.8639,306.4462,303.2643,305.6531,22898400
1610634600,2021-01-14 00:00:00,306.0980,307.0941,303.5447,304.0186,23500100
1610721000,2021-01-15 00:00:00,303.8060,304.7634,300.3726,301.6106,35118700
1611066600,2021-01-19 00:00:00,303.9219,306.5138,302.8290,306.0109,24537000
1611153000,2021-01-20 00:00:00,309.6184,314.0672,306.1077,313.1291,30728100
1611239400,2021-01-21 00:00:00,314.4637,316.3786,313.0904,315.6339,25130600
1611325800,2021-01-22 00:00:00,314.5991,315.7306,314.0381,314.7248,21609400
1611585000,2021-01-25 00:00:00,318.1002,319.4639,310.8467,317.3265,39080600
1611671400,2021-01-26 00:00:00,318.0421,318.9222,316.4656,317.7906,25498100
1611757800,2021-01-27 00:00:00,315.5373,315.5470,306.9298,308.9318,55264000
1611844200,2021-01-28 00:00:00,310.1310,315.6921,309.5121,310.7597,42836300
1611930600,2021-01-29 00:00:00,309.0768,310.1793,302.4809,304.2218,55259000
1612189800,2021-02-01 00:00:00,307.6551,312.9067,305.6338,311.8235,35646000
1612276200,2021-02-02 00:00:00,314.7829,318.0615,314.6185,316.9106,33930800
1612362600,2021-02-03 00:00:00,318.9802,319.3477,315.5952,315.6532,24824500
1612449000,2021-02-04 00:00:00,317.0461,319.4736,315.7308,319.3865,22350900
1612535400,2021-02-05 00:00:00,320.3342,321.4754,318.6997,320.4696,22732000
1612794600,2021-02-08 00:00:00,322.1525,322.7714,320.5180,322.6167,20462800
1612881000,2021-02-09 00:00:00,321.6882,323.8062,321.6785,322.5490,17597500
1612967400,2021-02-10 00:00:00,323.9803,324.4349,318.6707,321.8139,28068700
1613053800,2021-02-11 00:00:00,323.3420,323.9900,321.2047,323.5838,22046100
1613140200,2021-02-12 00:00:00,322.7424,325.5567,321.6979,325.3923,20346800
1613485800,2021-02-16 00:00:00,326.1853,327.0751,323.3516,324.5122,27080800
1613572200,2021-02-17 00:00:00,321.5432,324.6283,319.3188,322.9552,31360300
1613658600,2021-02-18 00:00:00,319.3768,322.8971,317.5682,321.5432,32236200
1613745000,2021-02-19 00:00:00,322.8874,323.0132,319.1253,320.1408,39157700
1614004200,2021-02-22 00:00:00,315.7693,317.0266,311.6397,311.8428,47256900
1614090600,2021-02-23 00:00:00,306.5816,312.5778,300.7788,310.9144,97241900
1614177000,2021-02-24 00:00:00,308.2643,313.7867,305.5757,313.4772,58206300
1614263400,2021-02-25 00:00:00,310.8274,313.3806,301.0109,302.5487,110182600
1614349800,2021-02-26 00:00:00,305.4693,308.6222,300.6627,303.8156,104739800
1614609000,2021-03-01 00:00:00,308.7770,313.2935,307.4907,312.9550,49164500
1614695400,2021-03-02 00:00:00,313.5933,313.6707,307.6841,307.9356,48370000
1614781800,2021-03-03 00:00:00,306.8427,307.7808,298.9412,298.9992,86301100
1614868200,2021-03-04 00:00:00,298.6318,301.7846,290.2467,294.1056,139131600
1614954600,2021-03-05 00:00:00,296.7168,299.4344,287.6741,298.5350,121523700
1615213800,2021-03-08 00:00:00,297.9934,299.8696,289.6664,290.0822,88409800
1615300200,2021-03-09 00:00:00,297.3648,303.4191,296.8329,301.5235,80391100
1615386600,2021-03-10 00:00:00,305.7692,306.0690,299.9760,300.6627,76798100
1615473000,2021-03-11 00:00:00,305.3920,309.3475,304.5022,307.5874,53484800
1615559400,2021-03-12 00:00:00,303.5449,307.7713,301.1561,305.0923,69315600
1615815000,2021-03-15 00:00:00,305.4113,308.5158,303.7768,308.3513,42955700
1615901400,2021-03-16 00:00:00,310.5371,313.5449,308.6125,310.0439,54925900
1615987800,2021-03-17 00:00:00,307.0168,313.2064,305.3049,311.3205,78258700
1616074200,2021-03-18 00:00:00,306.4559,307.4327,301.3301,301.7846,82718100
1616160600,2021-03-19 00:00:00,301.6201,304.3861,299.4828,302.8484,78446200
1616419800,2021-03-22 00:00:00,305.2354,310.5904,305.2354,308.5278,56194800
1616506200,2021-03-23 00:00:00,309.6125,310.9294,306.3685,307.1819,53455400
1616592600,2021-03-24 00:00:00,308.5472,308.5859,301.8558,302.0011,64803700
1616679000,2021-03-25 00:00:00,300.1613,302.9889,297.6629,301.4782,78729000
1616765400,2021-03-26 00:00:00,301.2651,306.3199,299.8707,306.0004,63519600
1617024600,2021-03-29 00:00:00,305.4678,306.9590,302.5821,305.9132,54608000
1617111000,2021-03-30 00:00:00,303.9572,304.9449,301.6816,304.3736,44635700
1617197400,2021-03-31 00:00:00,306.1554,310.5904,305.8165,309.0314,55032500
1617283800,2021-04-01 00:00:00,312.8468,314.4348,312.5950,314.2993,55685600
1617629400,2021-04-05 00:00:00,316.7783,321.3392,316.5362,320.5742,42172500
1617715800,2021-04-06 00:00:00,320.2644,322.2979,319.5769,320.3516,33537200
1617802200,2021-04-07 00:00:00,319.8770,321.9590,318.9474,321.1262,32046400
1617888600,2021-04-08 00:00:00,323.9731,324.6606,323.1790,324.4766,29940800
1617975000,2021-04-09 00:00:00,323.1210,326.6458,322.3851,326.4424,36664900
1618234200,2021-04-12 00:00:00,325.4063,326.4328,324.1378,326.0164,25833000
1618320600,2021-04-13 00:00:00,327.5367,330.2868,327.3236,329.8220,30374000
1618407000,2021-04-14 00:00:00,330.0641,330.1900,325.0480,325.8615,42564300
1618493400,2021-04-15 00:00:00,328.7278,331.1874,325.5806,330.8000,36342800
1618579800,2021-04-16 00:00:00,331.3229,331.4004,329.3184,331.1873,40860100
1618839000,2021-04-19 00:00:00,329.6187,330.7710,326.2391,328.1565,34533100
1618925400,2021-04-20 00:00:00,327.4979,328.7761,323.7988,325.7646,38081800
1619011800,2021-04-21 00:00:00,324.4864,328.7375,323.4018,328.5535,36598100
1619098200,2021-04-22 00:00:00,328.1661,329.1442,323.4405,324.5929,45936100
1619184600,2021-04-23 00:00:00,325.2223,329.9866,325.2223,328.6793,36381900
1619443800,2021-04-26 00:00:00,328.9214,331.1002,328.1757,330.8194,30812000
1619530200,2021-04-27 00:00:00,331.1099,331.3230,328.4373,329.3863,33187200
1619616600,2021-04-28 00:00:00,329.0569,330.0640,327.6238,328.2726,33615700
1619703000,2021-04-29 00:00:00,331.5359,331.9523,326.2390,329.4540,37708900
1619789400,2021-04-30 00:00:00,327.0138,329.4928,326.3844,327.2946,38263400
1620048600,2021-05-03 00:00:00,328.4953,329.2409,325.1060,325.5515,29729700
1620135000,2021-05-04 00:00:00,323.0048,323.3243,315.8873,319.6930,65147000
1620221400,2021-05-05 00:00:00,321.7361,322.5980,317.8433,318.6180,46219300
1620307800,2021-05-06 00:00:00,318.3566,321.1746,316.1197,321.0196,46814300
1620394200,2021-05-07 00:00:00,323.7892,325.9971,321.1940,323.6246,53324500
1620653400,2021-05-10 00:00:00,322.2494,322.4237,315.2482,315.4516,60700500
1620739800,2021-05-11 00:00:00,309.5835,315.8100,308.9250,315.0159,71963600
1620826200,2021-05-12 00:00:00,310.0965,312.4108,306.0003,306.8622,91164900
1620912600,2021-05-13 00:00:00,309.7963,312.1978,306.8719,309.2347,69877800
1620999000,2021-05-14 00:00:00,312.3916,316.9719,311.8880,316.0616,44370000
1621258200,2021-05-17 00:00:00,314.3573,316.0423,311.2780,314.1443,39395000
1621344600,2021-05-18 00:00:00,315.0933,316.3134,311.7524,312.0236,36528500
1621431000,2021-05-19 00:00:00,306.6395,312.6821,306.2909,312.3819,66319100
1621517400,2021-05-20 00:00:00,313.8635,319.2766,313.6408,318.4245,46466100
1621603800,2021-05-21 00:00:00,319.9738,320.3902,316.3038,316.6620,50330400
1621863000,2021-05-24 00:00:00,318.9474,323.1113,316.5555,321.9880,32475800
1621949400,2021-05-25 00:00:00,323.4986,324.2152,321.2617,322.4334,31280300
1622035800,2021-05-26 00:00:00,323.1015,324.0215,322.4140,323.5567,25444900
1622122200,2021-05-27 00:00:00,323.1113,323.9538,322.1429,322.3463,27931700
1622208600,2021-05-28 00:00:00,323.5470,324.9512,323.0435,323.3630,29927400
1622554200,2021-06-01 00:00:00,324.6897,325.1642,320.9421,322.2882,31145400
1622640600,2021-06-02 00:00:00,322.7047,323.7602,321.2037,322.9177,22047900
1622727000,2021-06-03 00:00:00,320.0900,321.3585,317.8918,319.5574,37057800
1622813400,2021-06-04 00:00:00,321.3489,325.4256,321.2811,324.9802,38736500
1623072600,2021-06-07 00:00:00,324.4476,326.0067,323.7601,325.9486,32611900
1623159000,2021-06-08 00:00:00,327.6916,328.5534,324.4282,326.1035,27282800
1623245400,2021-06-09 00:00:00,327.4689,328.2436,325.9970,326.1810,21485300
1623331800,2021-06-10 00:00:00,326.5199,329.6864,326.0745,329.5799,33702100
1623418200,2021-06-11 00:00:00,329.5896,330.4514,328.9408,330.4417,21222800
1623677400,2021-06-14 00:00:00,330.8677,333.6178,329.6863,333.6082,27827700
1623763800,2021-06-15 00:00:00,333.2597,333.5695,330.7129,331.4295,35963800
1623850200,2021-06-16 00:00:00,331.8942,332.9594,326.7717,330.2190,55399500
1623936600,2021-06-17 00:00:00,329.2119,335.4190,329.1635,334.4119,59722700
1624023000,2021-06-18 00:00:00,332.7561,333.8988,331.0421,331.7878,55414900
1624282200,2021-06-21 00:00:00,331.9787,334.1697,329.7683,333.8498,32992600
1624368600,2021-06-22 00:00:00,333.6462,337.4078,333.3457,336.9618,28941600
1624455000,2021-06-23 00:00:00,336.9037,338.2707,336.2929,337.1266,27188500
1624541400,2021-06-24 00:00:00,339.0558,340.7330,338.5129,339.2110,32581600
1624627800,2021-06-25 00:00:00,339.7734,340.0158,338.1931,338.7942,28682800
1624887000,2021-06-28 00:00:00,340.0739,343.0502,340.0157,342.9144,39130300
1624973400,2021-06-29 00:00:00,342.7399,344.1844,341.9062,344.1553,29426000
1625059800,2021-06-30 00:00:00,344.0002,344.3880,343.0307,343.6124,32724000
1625146200,2021-07-01 00:00:00,343.2635,344.2523,341.9159,343.7482,29290000
1625232600,2021-07-02 00:00:00,345.6386,348.0139,345.4060,347.6939,32727200
1625578200,2021-07-06 00:00:00,348.2951,349.4778,345.6096,349.1967,38842400
1625664600,2021-07-07 00:00:00,351.3877,351.6882,347.9848,349.9334,35265200
1625751000,2021-07-08 00:00:00,344.8824,348.6731,343.6027,347.8199,50890000
1625837400,2021-07-09 00:00:00,347.2383,350.4667,346.6566,349.9916,35184500
1626096600,2021-07-12 00:00:00,351.3877,351.8143,349.8171,351.3586,25717700
1626183000,2021-07-13 00:00:00,350.9805,354.3155,350.5055,351.3586,39723000
1626269400,2021-07-14 00:00:00,353.6951,354.3350,351.1648,351.9888,35336400
1626355800,2021-07-15 00:00:00,351.9015,352.1051,347.5195,349.5166,53391600
1626442200,2021-07-16 00:00:00,350.3698,351.3490,346.3367,346.6858,47262000
1626701400,2021-07-19 00:00:00,343.2441,344.3396,341.2955,343.8452,64404600
1626787800,2021-07-20 00:00:00,344.7759,349.2840,343.0017,347.8394,42183700
1626874200,2021-07-21 00:00:00,347.4128,350.5248,347.1898,350.5248,30259900
1626960600,2021-07-22 00:00:00,350.7285,352.8516,350.7285,352.8419,30252200
1627047000,2021-07-23 00:00:00,354.1604,357.2434,352.8129,356.9622,31960800
1627306200,2021-07-26 00:00:00,356.2739,357.6312,355.4110,357.2433,28438100
1627392600,2021-07-27 00:00:00,356.9817,356.9817,349.1677,353.3073,57933100
1627479000,2021-07-28 00:00:00,354.4417,356.2352,352.1537,354.6646,42066200
1627565400,2021-07-29 00:00:00,354.1023,356.4581,354.1023,355.2948,25672500
1627651800,2021-07-30 00:00:00,351.3780,354.0247,351.3489,353.4430,36484600
1627911000,2021-08-02 00:00:00,355.1008,355.6825,352.7644,353.4721,27334100
1627997400,2021-08-03 00:00:00,354.1314,355.7310,350.9515,355.6147,35558500
1628083800,2021-08-04 00:00:00,355.5758,357.0785,354.4706,356.1284,29602200
1628170200,2021-08-05 00:00:00,356.9428,358.6201,356.2351,358.3874,21443900
1628256600,2021-08-06 00:00:00,357.1269,358.0964,355.7115,356.8167,33332100
1628515800,2021-08-09 00:00:00,357.2724,357.9995,356.1769,357.4760,25960200
1628602200,2021-08-10 00:00:00,357.9899,358.2808,354.4610,355.6438,35130800
1628688600,2021-08-11 00:00:00,356.9040,357.3985,353.7047,355.0329,34249800
1628775000,2021-08-12 00:00:00,354.5289,356.6714,353.1813,356.3127,25969200
1628861400,2021-08-13 00:00:00,356.6617,357.8929,356.1672,357.5633,19336200
1629120600,2021-08-16 00:00:00,356.4485,357.7573,352.5997,357.7185,34856900
1629207000,2021-08-17 00:00:00,354.9748,355.9442,352.1439,354.5676,44793900
1629293400,2021-08-18 00:00:00,354.0344,355.4304,350.8254,351.1550,38541900
1629379800,2021-08-19 00:00:00,349.2258,354.5191,348.9737,352.8516,48499400
1629466200,2021-08-20 00:00:00,353.9180,356.9041,353.6078,356.5066,39486000
1629725400,2021-08-23 00:00:00,357.5439,362.5270,357.5342,361.8387,34034700
1629811800,2021-08-24 00:00:00,362.4301,363.5450,361.9647,362.9439,21732900
1629898200,2021-08-25 00:00:00,363.1960,363.9328,362.4494,363.3607,20441900
1629984600,2021-08-26 00:00:00,362.5076,363.1862,360.6171,361.0534,29133300
1630071000,2021-08-27 00:00:00,361.6835,365.0670,361.1988,364.5629,27104700
1630330200,2021-08-30 00:00:00,365.3482,369.1389,365.3288,368.6541,27295700
1630416600,2021-08-31 00:00:00,368.8965,368.9644,366.8121,368.3536,29628200
1630503000,2021-09-01 00:00:00,369.4103,371.0294,368.7608,368.9644,28138300
1630589400,2021-09-02 00:00:00,370.3119,370.6415,367.5780,368.7898,25453400
1630675800,2021-09-03 00:00:00,367.6459,370.3217,367.6265,369.9242,24605400
1631021400,2021-09-07 00:00:00,370.0308,371.0972,368.8771,370.4476,23970200
1631107800,2021-09-08 00:00:00,370.2731,370.2731,366.8994,369.1582,32949200
1631194200,2021-09-09 00:00:00,369.3812,370.4864,367.6458,367.8882,29399000
1631280600,2021-09-10 00:00:00,369.5946,370.3120,364.7666,365.0962,40249400
1631539800,2021-09-13 00:00:00,367.4228,367.8494,362.7984,364.8440,48741800
1631626200,2021-09-14 00:00:00,366.3274,367.0545,362.8567,363.8068,41826600
1631712600,2021-09-15 00:00:00,364.2624,366.8606,361.9744,366.5116,34097900
1631799000,2021-09-16 00:00:00,365.1834,367.3357,363.2639,366.7637,35193100
1631885400,2021-09-17 00:00:00,366.2886,366.3371,361.3831,362.4204,60912300
1632144600,2021-09-20 00:00:00,356.6397,358.3770,350.3020,354.9315,76203200
1632231000,2021-09-21 00:00:00,356.7562,357.9500,354.2424,355.3683,41927500
1632317400,2021-09-22 00:00:00,356.2807,360.1435,355.1839,358.6877,46972900
1632403800,2021-09-23 00:00:00,359.8427,363.0261,359.2021,361.9973,44652000
1632490200,2021-09-24 00:00:00,359.7357,362.7542,359.3669,362.3368,36056800
1632749400,2021-09-27 00:00:00,359.2991,360.3181,356.9018,359.4446,43338100
1632835800,2021-09-28 00:00:00,354.9024,359.3961,348.7685,349.2732,97701600
1632922200,2021-09-29 00:00:00,350.5350,352.6702,348.0795,348.7007,58076600
1633008600,2021-09-30 00:00:00,350.3408,352.0005,346.5848,347.4195,61384600
1633095000,2021-10-01 00:00:00,348.0406,350.6126,343.9449,349.5741,56375500
1633354200,2021-10-04 00:00:00,347.9630,348.2930,340.0045,342.2367,76766000
1633440600,2021-10-05 00:00:00,343.2946,349.0985,343.0714,346.8566,47232900
1633527000,2021-10-06 00:00:00,343.6537,349.3509,342.7511,349.0792,56806500
1633613400,2021-10-07 00:00:00,352.1170,354.9219,351.5832,352.2820,39411200
1633699800,2021-10-08 00:00:00,353.3592,353.5922,349.9914,350.5252,41822300
1633959000,2021-10-11 00:00:00,348.9918,352.5052,347.7495,347.8369,34847200
1634045400,2021-10-12 00:00:00,349.2830,349.7197,345.9831,346.6237,43905100
1634131800,2021-10-13 00:00:00,348.9239,350.0691,346.9051,349.3994,40120800
1634218200,2021-10-14 00:00:00,352.9807,356.0477,352.3208,355.8342,43433900
1634304600,2021-10-15 00:00:00,357.0474,358.1927,356.0187,358.0762,40419900
1634563800,2021-10-18 00:00:00,356.7853,361.8904,356.1835,361.6769,34513500
1634650200,2021-10-19 00:00:00,362.7446,364.4624,361.7255,364.4139,29091000
1634736600,2021-10-20 00:00:00,364.8700,365.4815,362.4631,363.9383,31390300
1634823000,2021-10-21 00:00:00,363.1425,366.3550,362.8416,366.1609,25469300
1634909400,2021-10-22 00:00:00,364.9089,365.8697,361.4246,363.0842,36275800
1635168600,2021-10-25 00:00:00,364.5012,367.7137,362.5601,366.8014,32597800
1635255000,2021-10-26 00:00:00,369.0338,371.4407,366.7821,367.9564,47191300
1635341400,2021-10-27 00:00:00,368.4028,371.8677,368.1408,368.8105,45760500
1635427800,2021-10-28 00:00:00,370.7030,373.1585,369.9363,372.9062,38007000
1635514200,2021-10-29 00:00:00,369.8393,374.9055,369.4899,374.7405,37310100
1635773400,2021-11-01 00:00:00,375.1773,376.1478,373.1003,376.0217,30765300
1635859800,2021-11-02 00:00:00,375.4103,378.0696,375.3618,377.5940,25135300
1635946200,2021-11-03 00:00:00,378.0793,382.0197,377.0408,381.6024,33748900
1636032600,2021-11-04 00:00:00,382.8641,387.4451,382.3206,386.4940,40265300
1636119000,2021-11-05 00:00:00,388.2604,389.1824,385.4652,386.8628,43383800
1636381800,2021-11-08 00:00:00,386.8336,387.8527,385.6981,386.3386,29256300
1636468200,2021-11-09 00:00:00,387.4064,387.8043,382.3207,383.6794,50490700
1636554600,2021-11-10 00:00:00,380.9133,383.7182,376.1187,378.0404,54937400
1636641000,2021-11-11 00:00:00,381.0104,381.1851,378.7490,379.0887,32243000
1636727400,2021-11-12 00:00:00,380.2339,383.6115,378.6422,383.0777,34730600
1636986600,2021-11-15 00:00:00,384.2521,384.5723,380.5543,382.9903,33716900
1637073000,2021-11-16 00:00:00,382.2624,386.2125,382.0683,385.7176,27872900
1637159400,2021-11-17 00:00:00,386.0378,387.9497,384.9605,385.9213,28703300
1637245800,2021-11-18 00:00:00,387.9596,390.4248,385.7467,389.9201,45721500
1637332200,2021-11-19 00:00:00,391.5506,393.3655,390.7256,392.0941,45191700
1637591400,2021-11-22 00:00:00,393.6276,396.6751,387.4354,387.5422,61715400
1637677800,2021-11-23 00:00:00,386.3872,388.4448,381.3501,385.7758,70098700
1637764200,2021-11-24 00:00:00,383.3008,387.2995,380.9812,387.0181,46954400
1637937000,2021-11-26 00:00:00,384.4461,385.8341,378.2928,379.6808,51533300
1638196200,2021-11-29 00:00:00,384.2326,388.9301,383.5047,387.9207,54447100
1638282600,2021-11-30 00:00:00,387.0375,389.3766,380.2145,382.2236,81332700
1638369000,2021-12-01 00:00:00,386.5522,388.6874,375.2549,375.7208,77766500
1638455400,2021-12-02 00:00:00,374.4397,380.2048,373.0227,378.4287,84416600
1638541800,2021-12-03 00:00:00,379.7875,380.7872,367.7429,371.8484,105349100
1638801000,2021-12-06 00:00:00,372.3337,376.1868,368.1312,374.8280,67588800
1638887400,2021-12-07 00:00:00,381.4568,386.7269,381.4180,386.1155,56005300
1638973800,2021-12-08 00:00:00,386.4455,388.0469,384.5529,387.8431,39204000
1639060200,2021-12-09 00:00:00,386.6202,388.4157,381.9421,382.1362,49973700
1639146600,2021-12-10 00:00:00,384.9410,386.5522,381.7770,386.2901,52545800
1639405800,2021-12-13 00:00:00,386.2805,386.6008,380.3407,380.7096,50166400
1639492200,2021-12-14 00:00:00,375.8956,378.6034,372.3337,376.7691,75199200
1639578600,2021-12-15 00:00:00,376.5167,385.7175,372.5762,385.3584,73858000
1639665000,2021-12-16 00:00:00,386.3193,386.7463,373.8671,375.4491,82591400
1639751400,2021-12-17 00:00:00,372.0424,377.7299,370.5284,373.5759,80492500
1640010600,2021-12-20 00:00:00,368.8637,370.7393,366.8229,369.9521,65336800
1640097000,2021-12-21 00:00:00,373.2174,378.5428,369.4760,378.2318,48899500
1640183400,2021-12-22 00:00:00,377.9402,383.0421,377.2794,382.8380,37042200
1640269800,2021-12-23 00:00:00,383.1879,387.1917,383.0227,385.7243,29595500
1640615400,2021-12-27 00:00:00,387.0168,392.0992,386.9876,392.0992,32820700
1640701800,2021-12-28 00:00:00,392.9934,393.1683,389.4074,390.2820,33113700
1640788200,2021-12-29 00:00:00,390.4181,391.6814,387.8526,390.2238,32248500
1640874600,2021-12-30 00:00:00,390.0099,392.1867,388.4744,389.0575,23850100
1640961000,2021-12-31 00:00:00,388.3871,389.7476,386.1325,386.6281,34752900
1641220200,2022-01-03 00:00:00,387.7942,390.6027,385.6855,390.3501,40575900
1641306600,2022-01-04 00:00:00,390.8943,390.9332,382.1968,385.2870,58027200
1641393000,2022-01-05 00:00:00,383.6057,384.7233,373.1978,373.4505,75739800
1641479400,2022-01-06 00:00:00,371.6333,376.4242,369.4078,373.1881,70814300
1641565800,2022-01-07 00:00:00,373.1978,374.8791,367.3768,369.1454,72652300
1641825000,2022-01-10 00:00:00,364.2477,369.9035,358.8931,369.3885,91770500
1641911400,2022-01-11 00:00:00,368.6596,375.1026,366.5800,374.9374,68295700
1641997800,2022-01-12 00:00:00,377.5029,379.1938,374.1502,376.4242,54576400
1642084200,2022-01-13 00:00:00,377.8042,378.4844,366.0747,367.0076,77994000
1642170600,2022-01-14 00:00:00,364.4906,369.6217,364.2865,369.2913,80121200
1642516200,2022-01-18 00:00:00,363.4897,365.6082,359.3401,360.0981,75450900
1642602600,2022-01-19 00:00:00,361.6531,364.1214,355.8806,356.1430,81791500
1642689000,2022-01-20 00:00:00,359.3595,363.3244,350.9826,351.5171,88610700
1642775400,2022-01-21 00:00:00,349.3307,351.9642,341.4883,341.7701,143388900
1643034600,2022-01-24 00:00:00,336.1531,343.9955,324.7248,343.3347,198685800
1643121000,2022-01-25 00:00:00,336.8917,341.1287,332.0424,335.3756,124398400
1643207400,2022-01-26 00:00:00,342.9557,346.8137,331.1678,334.8509,146559500
1643293800,2022-01-27 00:00:00,339.5447,341.3619,330.4584,331.4788,95255700
1643380200,2022-01-28 00:00:00,333.3544,342.0908,328.4177,341.8770,108167900
1643639400,2022-01-31 00:00:00,343.2375,353.3927,341.6049,352.8096,94326400
1643725800,2022-02-01 00:00:00,354.1507,355.8611,349.0100,355.2100,74433000
1643812200,2022-02-02 00:00:00,359.3304,359.6608,354.0146,358.0962,78777100
1643898600,2022-02-03 00:00:00,348.4172,351.7213,342.5184,343.5777,95384800
1643985000,2022-02-04 00:00:00,344.0926,351.2061,342.0421,347.9118,86318300
1644244200,2022-02-07 00:00:00,348.5045,350.8660,343.8594,345.1130,58198100
1644330600,2022-02-08 00:00:00,343.9761,350.0789,342.8488,348.9905,64720900
1644417000,2022-02-09 00:00:00,353.4997,356.4636,351.9059,356.3859,55766400
1644503400,2022-02-10 00:00:00,349.3793,356.1527,346.4833,348.3200,112468500
1644589800,2022-02-11 00:00:00,348.3199,349.9137,336.0462,337.2706,101569100
1644849000,2022-02-14 00:00:00,336.7167,341.0800,334.1900,337.6884,80254400
1644935400,2022-02-15 00:00:00,342.9557,346.3181,341.8965,346.0849,55128800
1645021800,2022-02-16 00:00:00,343.8400,347.0178,340.8177,345.9974,58947100
1645108200,2022-02-17 00:00:00,342.7904,343.4901,335.2882,335.7061,61801400
1645194600,2022-02-18 00:00:00,336.6390,337.0277,329.5741,331.8772,80001500
1645540200,2022-02-22 00:00:00,328.9424,334.3359,324.9192,328.5440,85967100
1645626600,2022-02-23 00:00:00,331.6925,332.5282,319.8172,320.1282,86215400
1645713000,2022-02-24 00:00:00,309.8466,331.4205,309.2830,330.8860,130614100
1645799400,2022-02-25 00:00:00,331.6829,336.2212,327.8735,336.0171,78842100
1646058600,2022-02-28 00:00:00,332.8490,338.7089,331.6925,337.0179,77515500
1646145000,2022-03-01 00:00:00,335.9976,338.2618,329.3408,331.8577,67407000
1646231400,2022-03-02 00:00:00,333.4029,338.7575,330.6430,337.4261,70609000
1646317800,2022-03-03 00:00:00,340.0597,340.1666,330.7499,332.6060,71089400
1646404200,2022-03-04 00:00:00,330.2543,331.6829,325.4731,327.7860,76936300
1646663400,2022-03-07 00:00:00,327.7762,328.9326,315.4927,315.6968,89933800
1646749800,2022-03-08 00:00:00,314.9097,323.8113,310.9156,314.2294,116153900
1646836200,2022-03-09 00:00:00,322.3925,326.8919,319.8075,325.5411,64723400
1646922600,2022-03-10 00:00:00,321.4887,323.1310,317.4946,321.9260,69362700
1647009000,2022-03-11 00:00:00,324.8901,325.2010,314.7640,315.2498,66228400
1647264600,2022-03-14 00:00:00,314.0157,317.3781,308.4959,309.1956,79802600
1647351000,2022-03-15 00:00:00,311.8292,319.6716,310.2257,318.8941,76471000
1647437400,2022-03-16 00:00:00,322.8007,330.8374,319.1370,330.7208,105243000
1647523800,2022-03-17 00:00:00,328.8258,334.7829,327.5333,334.7246,67810000
1647610200,2022-03-18 00:00:00,333.0725,341.8673,331.9161,341.5757,85446300
1647869400,2022-03-21 00:00:00,340.7428,342.9612,336.2476,340.6260,73799100
1647955800,2022-03-22 00:00:00,341.1224,348.1863,340.7429,347.3203,63345900
1648042200,2022-03-23 00:00:00,344.4499,348.0013,342.2703,342.3287,70615500
1648128600,2022-03-24 00:00:00,344.2456,349.9863,342.0953,349.9376,53555300
1648215000,2022-03-25 00:00:00,349.8793,350.9301,345.3548,349.6458,57584200
1648474200,2022-03-28 00:00:00,349.6360,355.1529,348.4004,355.0556,56833900
1648560600,2022-03-29 00:00:00,358.9378,361.7887,356.1745,361.1660,68073000
1648647000,2022-03-30 00:00:00,359.3076,360.9617,355.6978,357.1768,68757700
1648733400,2022-03-31 00:00:00,357.3227,357.6730,351.9128,352.7496,67011400
1648819800,2022-04-01 00:00:00,353.0123,353.7907,348.9063,352.0782,54527800
1649079000,2022-04-04 00:00:00,352.9150,359.3368,352.6523,359.3271,45950200
1649165400,2022-04-05 00:00:00,357.8773,358.5876,350.2101,351.3485,62738700
1649251800,2022-04-06 00:00:00,346.0456,347.1451,341.0931,343.7202,90077100
1649338200,2022-04-07 00:00:00,342.7278,346.7268,339.2737,344.5376,63777400
1649424600,2022-04-08 00:00:00,342.8056,343.5548,339.0887,339.7212,61956100
1649683800,2022-04-11 00:00:00,335.4985,336.4131,331.3438,331.6843,66107400
1649770200,2022-04-12 00:00:00,336.4227,338.3006,328.9112,330.2831,72790200
1649856600,2022-04-13 00:00:00,330.6237,338.0476,329.9037,336.9968,61367800
1649943000,2022-04-14 00:00:00,337.0844,337.6001,329.0767,329.2907,73519400
1650288600,2022-04-18 00:00:00,328.2398,331.8302,326.7219,329.5436,58560600
1650375000,2022-04-19 00:00:00,328.9015,337.4833,327.8799,336.9093,56515700
1650461400,2022-04-20 00:00:00,337.7168,338.1741,330.7794,331.9956,65500000
1650547800,2022-04-21 00:00:00,335.8681,338.4757,324.2019,325.1263,75801000
1650634200,2022-04-22 00:00:00,325.2819,326.4982,316.1844,316.6125,82562100
1650893400,2022-04-25 00:00:00,314.9877,320.9911,313.7228,320.6797,101755900
1650979800,2022-04-26 00:00:00,318.6266,318.8115,308.3031,308.5756,105819600
1651066200,2022-04-27 00:00:00,308.6729,314.1606,306.4934,308.2059,111204200
1651152600,2022-04-28 00:00:00,313.1585,320.9814,308.9454,319.1521,99450000
1651239000,2022-04-29 00:00:00,314.9585,318.3932,304.1583,304.7907,91977900
1651498200,2022-05-02 00:00:00,304.3821,310.1131,301.2880,309.8795,115511800
1651584600,2022-05-03 00:00:00,309.8989,312.4968,307.4469,310.2102,78185500
1651671000,2022-05-04 00:00:00,310.6871,321.3706,305.4134,320.6992,116083400
1651757400,2022-05-05 00:00:00,316.3888,316.4666,301.2587,304.5474,154607400
1651843800,2022-05-06 00:00:00,302.5528,306.5810,296.8705,300.8987,139572800
1652103000,2022-05-09 00:00:00,295.2846,300.9961,287.7341,289.1255,113387300
1652189400,2022-05-10 00:00:00,296.2866,297.5029,288.5611,292.6379,124124600
1652275800,2022-05-11 00:00:00,290.3806,295.8780,283.0929,283.9588,140326100
1652362200,2022-05-12 00:00:00,279.6874,287.7633,277.2452,283.2875,120910900
1652448600,2022-05-13 00:00:00,287.7340,294.8174,286.1383,293.7860,83684900
1652707800,2022-05-16 00:00:00,292.0444,294.0975,289.1060,290.3806,59190400
1652794200,2022-05-17 00:00:00,296.2283,298.2813,292.4336,297.9019,62715300
1652880600,2022-05-18 00:00:00,293.3969,294.0878,282.0226,283.2778,79477100
1652967000,2022-05-19 00:00:00,281.4777,286.4400,279.8139,281.7599,79920700
1653053400,2022-05-20 00:00:00,285.2140,285.8659,272.6429,280.8842,91764200
1653312600,2022-05-23 00:00:00,281.9253,285.9340,279.5318,285.5546,63648400
1653399000,2022-05-24 00:00:00,280.3490,281.0593,274.6278,279.4830,73491100
1653485400,2022-05-25 00:00:00,277.9943,285.4670,277.7900,283.3945,67144500
1653571800,2022-05-26 00:00:00,282.5967,292.7937,282.3146,291.2466,59462200
1653658200,2022-05-27 00:00:00,294.3700,300.8988,294.2532,300.7528,66985600
1654003800,2022-05-31 00:00:00,300.7235,302.9225,296.1115,299.9548,60968300
1654090200,2022-06-01 00:00:00,302.0857,304.2069,295.5278,297.7365,65341700
1654176600,2022-06-02 00:00:00,296.6175,306.0653,295.2066,305.8901,59291300
1654263000,2022-06-03 00:00:00,300.6847,302.0859,296.6858,297.9312,60914700
1654522200,2022-06-06 00:00:00,302.3582,303.9150,297.3667,298.9235,51785000
1654608600,2022-06-07 00:00:00,295.6056,302.2804,294.5159,301.5020,44900300
1654695000,2022-06-08 00:00:00,300.7041,303.3020,298.4857,299.3322,38342100
1654781400,2022-06-09 00:00:00,297.6489,300.7041,291.1493,291.3147,55900500
1654867800,2022-06-10 00:00:00,285.7200,286.9070,280.5923,281.0399,85963500
1655127000,2022-06-13 00:00:00,272.1954,274.7154,267.1163,267.9726,94442000
1655213400,2022-06-14 00:00:00,270.1618,271.1348,265.9584,268.4590,64697500
1655299800,2022-06-15 00:00:00,271.8742,279.0841,269.1401,275.1629,86051400
1655386200,2022-06-16 00:00:00,268.1477,268.6050,262.0081,264.0612,81910300
1655472600,2022-06-17 00:00:00,264.8298,269.7045,263.2049,267.2720,82703400
1655818200,2022-06-21 00:00:00,271.7437,276.3256,271.6365,274.0151,51633700
1655904600,2022-06-22 00:00:00,271.5195,278.0121,270.9249,273.6155,67472900
1655991000,2022-06-23 00:00:00,276.0916,278.5385,273.2645,277.6904,57457800
1656077400,2022-06-24 00:00:00,280.5077,287.6242,280.2737,287.2050,58422300
1656336600,2022-06-27 00:00:00,288.5602,289.1256,283.9686,285.0995,54151500
1656423000,2022-06-28 00:00:00,285.6355,288.2189,276.2281,276.4133,61609800
1656509400,2022-06-29 00:00:00,276.2769,278.1681,273.7812,276.6668,57302700
1656595800,2022-06-30 00:00:00,273.6934,276.8032,268.8483,273.2352,79313600
1656682200,2022-07-01 00:00:00,271.9387,275.4287,270.0670,275.0388,56675100
1657027800,2022-07-05 00:00:00,271.3148,279.8644,269.7940,279.7474,61829300
1657114200,2022-07-06 00:00:00,280.1275,283.6371,278.4118,281.5411,63194700
1657200600,2022-07-07 00:00:00,282.3502,288.2677,282.3502,287.5658,56620100
1657287000,2022-07-08 00:00:00,284.7387,289.2913,283.8028,287.9265,59895500
1657546200,2022-07-11 00:00:00,285.5185,285.7427,280.8977,281.7751,55273900
1657632600,2022-07-12 00:00:00,283.0229,284.9336,277.4564,279.0454,55797100
1657719000,2022-07-13 00:00:00,273.5472,280.8099,272.9818,278.4703,73939400
1657805400,2022-07-14 00:00:00,275.8772,280.3323,272.7674,279.4647,63741800
1657891800,2022-07-15 00:00:00,282.4479,284.6413,280.8393,284.5341,63818100
1658151000,2022-07-18 00:00:00,287.3123,288.7161,280.9562,282.1260,59519600
1658237400,2022-07-19 00:00:00,285.7428,291.0948,284.1440,290.8023,55172600
1658323800,2022-07-20 00:00:00,291.2215,296.5930,290.4416,295.4134,67769400
1658410200,2022-07-21 00:00:00,295.8717,299.7126,293.2200,299.6541,55049400
1658496600,2022-07-22 00:00:00,298.7280,300.7947,292.5766,294.3996,57127700
1658755800,2022-07-25 00:00:00,294.4288,294.8968,290.7243,292.7228,40582400
1658842200,2022-07-26 00:00:00,291.0265,291.2800,286.1620,286.9711,50074100
1658928600,2022-07-27 00:00:00,291.5237,300.7849,290.9583,299.0984,69304400
1659015000,2022-07-28 00:00:00,298.8840,302.5982,295.1405,302.0231,55139900
1659101400,2022-07-29 00:00:00,303.5633,308.4377,302.1400,307.5310,57501000
1659360600,2022-08-01 00:00:00,305.7665,310.7969,304.6747,307.3458,46358800
1659447000,2022-08-02 00:00:00,305.0549,310.5433,304.0020,306.4294,48676500
1659533400,2022-08-03 00:00:00,308.1061,315.5931,308.0476,314.7742,53735700
1659619800,2022-08-04 00:00:00,314.8523,316.5583,312.7076,316.2463,38973700
1659706200,2022-08-05 00:00:00,311.1673,315.6906,310.3874,313.6629,53894000
1659965400,2022-08-08 00:00:00,314.5793,318.2643,311.1867,312.6490,43878500
1660051800,2022-08-09 00:00:00,310.7578,311.0113,307.4920,309.1103,39764200
1660138200,2022-08-10 00:00:00,316.4315,318.0303,313.9651,317.7379,51459600
1660224600,2022-08-11 00:00:00,320.0580,322.0565,315.2324,315.9343,45897700
1660311000,2022-08-12 00:00:00,317.9816,322.2807,316.9287,322.0858,40928400
1660570200,2022-08-15 00:00:00,321.1402,325.1859,321.1206,324.6887,38266600
1660656600,2022-08-16 00:00:00,323.7138,326.0144,320.8866,323.9282,41186900
1660743000,2022-08-17 00:00:00,320.7990,323.0997,318.1571,320.2336,47842200
1660829400,2022-08-18 00:00:00,320.1847,322.1832,318.5762,321.0036,41937200
1660915800,2022-08-19 00:00:00,317.9719,318.6250,313.9847,314.7451,51770600
1661175000,2022-08-22 00:00:00,310.4946,310.7286,305.6495,306.4586,51098900
1661261400,2022-08-23 00:00:00,306.2247,309.0323,305.4546,306.2052,39497100
1661347800,2022-08-24 00:00:00,305.7275,308.9056,305.1231,307.0924,38057100
1661434200,2022-08-25 00:00:00,308.8666,312.5418,307.8235,312.5223,38098300
1661520600,2022-08-26 00:00:00,312.2299,313.4290,299.6249,299.7126,69047700
1661779800,2022-08-29 00:00:00,296.9635,299.4981,295.6572,296.7588,48321900
1661866200,2022-08-30 00:00:00,298.4063,299.0205,290.9388,293.4540,51184500
1661952600,2022-08-31 00:00:00,296.3493,297.2462,291.6407,291.7479,50044000
1662039000,2022-09-01 00:00:00,289.2621,292.2451,285.5868,291.8747,57990700
1662125400,2022-09-02 00:00:00,294.7407,296.1153,286.1424,287.7509,64666800
1662471000,2022-09-06 00:00:00,288.2287,289.1451,283.5591,285.6843,57005400
1662557400,2022-09-07 00:00:00,286.1620,292.4499,285.8988,291.4555,49260400
1662643800,2022-09-08 00:00:00,289.3888,294.2826,288.0240,292.9666,55649800
1662730200,2022-09-09 00:00:00,295.2184,299.8686,292.9665,299.3714,56125200
1662989400,2022-09-12 00:00:00,300.7459,303.2611,300.4340,302.9296,45905700
1663075800,2022-09-13 00:00:00,294.2143,295.4037,285.4308,286.3180,79562200
1663162200,2022-09-14 00:00:00,287.4585,289.4667,285.6940,288.5893,54907200
1663248600,2022-09-15 00:00:00,286.6786,289.0768,282.1845,283.7833,65299400
1663335000,2022-09-16 00:00:00,280.4882,282.4379,278.4410,282.0480,79920400
1663594200,2022-09-19 00:00:00,279.4102,284.4007,279.3516,284.2444,52613800
1663680600,2022-09-20 00:00:00,281.7443,284.2639,279.6836,281.9787,51271100
1663767000,2022-09-21 00:00:00,282.8186,287.0766,276.7929,276.9296,82931000
1663853400,2022-09-22 00:00:00,275.4060,276.4119,272.3004,273.5211,62757100
1663939800,2022-09-23 00:00:00,271.0601,271.3532,265.6595,269.0679,74815200
1664199000,2022-09-26 00:00:00,268.5990,272.9547,267.1634,267.9544,71176700
1664285400,2022-09-27 00:00:00,271.3140,273.6579,265.7473,268.0619,69780100
1664371800,2022-09-28 00:00:00,268.0423,274.6735,266.5676,273.3941,79652100
1664458200,2022-09-29 00:00:00,269.4097,269.7906,262.5538,265.5130,81216000
1664544600,2022-09-30 00:00:00,264.6925,268.7553,260.8544,261.0107,78482400
1664803800,2022-10-03 00:00:00,262.7784,268.7260,261.2744,267.1341,61267400
1664890200,2022-10-04 00:00:00,272.4664,276.2362,272.4664,275.5330,66696900
1664976600,2022-10-05 00:00:00,271.7731,277.1738,268.9800,275.3866,55766300
1665063000,2022-10-06 00:00:00,274.3903,277.5350,272.8961,273.2184,53489400
1665149400,2022-10-07 00:00:00,268.5892,268.7162,261.4794,262.8076,71354700
1665408600,2022-10-10 00:00:00,263.0030,263.3937,257.4754,260.1806,60393000
1665495000,2022-10-11 00:00:00,258.5105,261.3720,254.9263,256.6061,66522500
1665581400,2022-10-12 00:00:00,257.2409,259.1551,255.8248,256.5182,50580200
1665667800,2022-10-13 00:00:00,249.1937,263.8527,248.3147,262.5343,112894100
1665754200,2022-10-14 00:00:00,264.8586,265.4543,254.0572,254.6432,77244300
1666013400,2022-10-17 00:00:00,260.6005,263.9210,260.5028,263.0518,64576500
1666099800,2022-10-18 00:00:00,270.0640,270.7281,262.4562,265.1321,69781000
1666186200,2022-10-19 00:00:00,263.6182,267.2805,261.8017,264.1651,53115400
1666272600,2022-10-20 00:00:00,263.2765,268.4135,261.6553,262.8175,60605500
1666359000,2022-10-21 00:00:00,261.7139,269.5170,260.5810,268.9799,77897700
1666618200,2022-10-24 00:00:00,269.2436,272.8668,265.6106,271.9391,63963600
1666704600,2022-10-25 00:00:00,272.8765,277.9452,271.4018,277.5643,59014500
1666791000,2022-10-26 00:00:00,271.9488,277.3398,270.9429,271.4312,63492400
1666877400,2022-10-27 00:00:00,270.3178,271.7730,265.9719,266.4895,57760300
1666963800,2022-10-28 00:00:00,265.8645,275.1131,265.6985,274.6443,62651300
1667223000,2022-10-31 00:00:00,272.3981,273.2185,269.5366,271.4508,47742000
1667309400,2022-11-01 00:00:00,274.9178,275.4744,268.3158,268.6772,45895900
1667395800,2022-11-02 00:00:00,268.6478,271.7046,259.3993,259.4676,79803100
1667482200,2022-11-03 00:00:00,256.8601,258.3152,254.0181,254.3990,70038900
1667568600,2022-11-04 00:00:00,259.3212,260.3759,253.0220,258.4910,78313200
1667831400,2022-11-07 00:00:00,259.5361,261.8702,257.4070,261.3330,47333800
1667917800,2022-11-08 00:00:00,262.8468,266.4700,259.3114,263.2374,63213800
1668004200,2022-11-09 00:00:00,261.4991,262.2804,256.8797,257.1629,64862100
1668090600,2022-11-10 00:00:00,269.5562,276.4315,267.4467,276.1385,99256700
1668177000,2022-11-11 00:00:00,275.9530,281.8908,274.6150,281.2267,66961800
1668436200,2022-11-14 00:00:00,279.1758,282.4474,277.7890,278.7656,55290700
1668522600,2022-11-15 00:00:00,285.3773,286.4028,279.2832,282.6233,73985400
1668609000,2022-11-16 00:00:00,280.6700,282.7111,277.9452,278.7656,48859800
1668695400,2022-11-17 00:00:00,274.3123,279.6251,274.1560,278.1504,55462100
1668781800,2022-11-18 00:00:00,281.1583,281.2560,275.7186,278.1601,53588600
1669041000,2022-11-21 00:00:00,276.7733,277.9257,274.4685,275.2986,40083500
1669127400,2022-11-22 00:00:00,276.0310,279.4199,273.9020,279.2636,41873400
1669213800,2022-11-23 00:00:00,279.2832,282.6916,279.1074,282.0666,46390000
1669386600,2022-11-25 00:00:00,280.4747,281.1779,279.7227,280.2110,15498800
1669645800,2022-11-28 00:00:00,278.2383,280.2501,275.1717,276.0995,38714200
1669732200,2022-11-29 00:00:00,276.3241,276.7245,272.6422,274.0095,35618900
1669818600,2022-11-30 00:00:00,274.2732,286.6079,273.4236,286.5005,74718100
1669905000,2022-12-01 00:00:00,286.8227,288.8346,284.0784,286.8520,51547300
1669991400,2022-12-02 00:00:00,281.7931,286.5883,281.6173,285.7094,53583200
1670250600,2022-12-05 00:00:00,283.5901,284.8597,279.4590,280.9142,41482100
1670337000,2022-12-06 00:00:00,280.7580,280.8947,273.7068,275.0936,53937600
1670423400,2022-12-07 00:00:00,273.9118,275.9627,272.2613,273.9704,45614300
1670509800,2022-12-08 00:00:00,275.3182,278.1797,273.2478,277.2128,42594900
1670596200,2022-12-09 00:00:00,276.1971,278.9610,275.0056,275.4451,47860500
1670855400,2022-12-12 00:00:00,275.6210,278.9610,274.5857,278.9024,35732500
1670941800,2022-12-13 00:00:00,289.7135,289.9381,279.2246,281.9005,80667700
1671028200,2022-12-14 00:00:00,281.3145,284.5960,276.5682,279.8105,64984400
1671114600,2022-12-15 00:00:00,275.7283,276.3925,269.2241,270.4156,60554100
1671201000,2022-12-16 00:00:00,269.7417,271.2750,266.2356,267.8373,68300400
1671460200,2022-12-19 00:00:00,268.1064,268.1945,262.8397,264.0732,44167900
1671546600,2022-12-20 00:00:00,262.9083,265.6102,261.3322,263.8676,51064200
1671633000,2022-12-21 00:00:00,264.9053,268.9973,264.0634,267.6953,46394700
1671719400,2022-12-22 00:00:00,264.6900,264.8172,256.9366,261.1461,60278400
1671805800,2022-12-23 00:00:00,259.8832,262.3991,257.9840,261.7334,39373600
1672151400,2022-12-27 00:00:00,261.1265,261.2342,257.4946,258.0330,38009000
1672237800,2022-12-28 00:00:00,257.6317,259.8832,254.2640,254.6263,47139000
1672324200,2022-12-29 00:00:00,257.4261,261.7727,256.7311,260.8329,45893600
1672410600,2022-12-30 00:00:00,258.0722,260.8035,256.7702,260.6762,37858300
1672756200,2023-01-03 00:00:00,262.9964,264.4648,256.6136,258.9142,42335300
1672842600,2023-01-04 00:00:00,261.0287,261.8216,257.0051,260.1476,47754900
1672929000,2023-01-05 00:00:00,258.4834,258.6498,255.7619,256.0751,45396700
1673015400,2023-01-06 00:00:00,257.8079,264.2592,254.8612,263.1432,54659700
1673274600,2023-01-09 00:00:00,265.1305,269.4966,264.2396,264.8466,45568700
1673361000,2023-01-10 00:00:00,263.8187,267.1961,263.3097,267.0884,35247800
1673447400,2023-01-11 00:00:00,268.1555,271.8168,267.3723,271.7091,44077000
1673533800,2023-01-12 00:00:00,272.2670,274.2054,267.9792,273.1774,60600000
1673620200,2023-01-13 00:00:00,270.6812,275.3018,270.3483,275.0571,44802900
1673965800,2023-01-17 00:00:00,274.8613,276.8975,273.6963,275.6151,36269700
1674052200,2023-01-18 00:00:00,277.1520,278.6988,271.8265,272.0321,47754500
1674138600,2023-01-19 00:00:00,270.4070,271.5426,268.1260,269.3595,44150400
1674225000,2023-01-20 00:00:00,270.9650,277.0639,269.9077,276.7310,60613600
1674484200,2023-01-23 00:00:00,277.5730,284.1026,276.7800,282.8789,52799900
1674570600,2023-01-24 00:00:00,281.2636,283.4565,280.7448,282.3013,44875100
1674657000,2023-01-25 00:00:00,277.7981,282.2915,275.2626,281.6748,50872000
1674743400,2023-01-26 00:00:00,285.0913,287.3429,282.4481,287.1667,51596300
1674829800,2023-01-27 00:00:00,285.8550,291.9833,285.7375,290.0254,56441900
1675089000,2023-01-30 00:00:00,286.7654,288.1849,283.7894,284.1614,49405800
1675175400,2023-01-31 00:00:00,284.2005,288.5177,284.0928,288.4198,46705100
1675261800,2023-02-01 00:00:00,288.2142,297.0444,286.1486,294.5872,67562200
1675348200,2023-02-02 00:00:00,301.0973,307.0787,300.2749,305.1599,83070600
1675434600,2023-02-03 00:00:00,298.5226,305.8158,298.1310,299.7365,76170800
1675693800,2023-02-06 00:00:00,297.1227,299.4722,295.8599,297.2010,40802300
1675780200,2023-02-07 00:00:00,297.0739,304.4846,295.9579,303.3588,67584000
1675866600,2023-02-08 00:00:00,302.0469,302.9867,297.2794,297.9646,56720900
1675953000,2023-02-09 00:00:00,302.3406,302.4874,293.8824,295.3313,49137800
1676039400,2023-02-10 00:00:00,293.1775,295.2236,290.9945,293.3929,50050100
1676298600,2023-02-13 00:00:00,294.7928,298.6792,293.6180,298.0919,39636700
1676385000,2023-02-14 00:00:00,296.5159,301.2442,294.5775,300.2946,64079100
1676471400,2023-02-15 00:00:00,298.4834,302.7615,297.7982,302.5951,43100600
1676557800,2023-02-16 00:00:00,297.9744,301.9392,296.7703,296.9171,59498600
1676644200,2023-02-17 00:00:00,294.7341,295.5760,291.8266,294.8222,58230700
1676989800,2023-02-21 00:00:00,291.0043,292.4433,287.7052,287.8422,46526700
1677076200,2023-02-22 00:00:00,288.4199,290.1232,286.4032,288.0576,51389200
1677162600,2023-02-23 00:00:00,291.6994,291.8560,286.3934,290.5736,69294400
1677249000,2023-02-24 00:00:00,285.6200,286.8046,283.9460,285.7081,74332000
1677508200,2023-02-27 00:00:00,288.8603,290.2504,287.1667,287.7541,48995000
1677594600,2023-02-28 00:00:00,287.1276,289.8883,286.7948,287.3821,48243100
1677681000,2023-03-01 00:00:00,287.0884,287.7443,284.0928,285.0718,58287000
1677767400,2023-03-02 00:00:00,282.5852,288.2338,282.3013,287.4310,53565900
1677853800,2023-03-03 00:00:00,289.1737,293.6083,288.6646,293.3734,60511500
1678113000,2023-03-06 00:00:00,294.6068,297.6024,293.5103,293.7061,56736300
1678199400,2023-03-07 00:00:00,293.7551,294.6753,289.4967,290.1036,65955800
1678285800,2023-03-08 00:00:00,290.5245,292.1496,288.6743,291.5525,50876300
1678372200,2023-03-09 00:00:00,292.0517,294.6460,285.6885,286.5011,71456700
1678458600,2023-03-10 00:00:00,286.6675,288.1555,281.3322,282.4775,98593600
1678714200,2023-03-13 00:00:00,280.6959,288.2730,279.1883,284.5725,97123600
1678800600,2023-03-14 00:00:00,288.1163,291.6602,287.2745,291.1119,73602500
1678887000,2023-03-15 00:00:00,288.5078,292.9719,287.0688,292.6390,83631500
1678973400,2023-03-16 00:00:00,291.7287,300.7155,290.9358,300.3533,98198100
1679059800,2023-03-17 00:00:00,300.2652,302.6441,296.9857,298.9338,89923700
1679319000,2023-03-20 00:00:00,298.3181,300.3182,296.1120,299.9947,56359500
1679405400,2023-03-21 00:00:00,301.9262,304.7304,300.4163,304.2794,49757000
1679491800,2023-03-22 00:00:00,304.2107,309.0935,299.9751,300.1418,75791900
1679578200,2023-03-23 00:00:00,303.8675,308.0149,301.0144,303.7008,74576000
1679664600,2023-03-24 00:00:00,303.2793,304.9166,300.9555,304.8186,57195200
1679923800,2023-03-27 00:00:00,305.5148,306.5933,301.8772,302.7302,50287400
1680010200,2023-03-28 00:00:00,302.1517,302.1811,298.8180,301.1222,48585900
1680096600,2023-03-29 00:00:00,304.8088,307.2305,303.9950,306.6128,53274300
1680183000,2023-03-30 00:00:00,309.0837,310.1426,306.7011,309.5151,58354800
1680269400,2023-03-31 00:00:00,309.7406,314.8979,309.4366,314.6625,62138100
1680528600,2023-04-03 00:00:00,312.5446,314.1624,311.2210,313.8977,47126800
1680615000,2023-04-04 00:00:00,314.3390,315.3488,311.6230,312.8388,45875400
1680701400,2023-04-05 00:00:00,311.8878,312.8290,307.9365,309.7503,62795700
1680787800,2023-04-06 00:00:00,308.1031,312.3289,306.7109,311.8387,46916500
1681133400,2023-04-10 00:00:00,308.9169,311.7112,307.1324,311.6622,45134700
1681219800,2023-04-11 00:00:00,311.6231,311.6819,309.1523,309.6621,40113600
1681306200,2023-04-12 00:00:00,311.6132,312.2015,306.4658,306.9266,62813300
1681392600,2023-04-13 00:00:00,308.6816,313.4075,307.5051,312.9369,54613800
1681479000,2023-04-14 00:00:00,311.3877,314.1036,309.4464,312.3486,56278300
1681738200,2023-04-17 00:00:00,311.9368,312.9663,309.8680,312.6133,43007000
1681824600,2023-04-18 00:00:00,314.7213,315.1429,311.4368,312.6329,46746900
1681911000,2023-04-19 00:00:00,310.2309,313.5449,310.1034,312.4859,38960100
1681997400,2023-04-20 00:00:00,309.5249,313.0349,308.8189,310.1033,62462100
1682083800,2023-04-21 00:00:00,309.7406,311.2015,307.9660,310.4269,59002300
1682343000,2023-04-24 00:00:00,310.2014,311.5349,307.6130,309.7798,44043100
1682429400,2023-04-25 00:00:00,308.1523,308.8190,303.8382,303.9362,57121600
1682515800,2023-04-26 00:00:00,307.3187,308.7894,305.2597,305.7794,55400500
1682602200,2023-04-27 00:00:00,309.5347,314.5939,308.8974,314.0939,65430400
1682688600,2023-04-28 00:00:00,313.8585,316.3489,312.7310,316.2607,59712600
1682947800,2023-05-01 00:00:00,315.7999,317.3098,314.8194,315.8979,41013400
1683034200,2023-05-02 00:00:00,315.8292,316.1528,311.4073,313.1428,56519400
1683120600,2023-05-03 00:00:00,313.5055,316.1724,310.9857,311.0936,59882100
1683207000,2023-05-04 00:00:00,310.8681,312.0153,308.9660,309.9955,50224500
1683293400,2023-05-05 00:00:00,312.2505,317.4372,310.0347,316.5842,51806100
1683552600,2023-05-08 00:00:00,316.1234,317.7117,315.0449,317.3686,36465800
1683639000,2023-05-09 00:00:00,315.7116,316.5744,315.0449,315.3587,31768800
1683725400,2023-05-10 00:00:00,317.7902,319.6433,315.3195,318.7903,60446600
1683811800,2023-05-11 00:00:00,319.3393,320.3688,317.7902,319.8296,44278500
1683898200,2023-05-12 00:00:00,320.3591,320.7807,316.6333,318.6825,48432800
1684157400,2023-05-15 00:00:00,319.1531,320.6434,317.6334,320.4081,33375600
1684243800,2023-05-16 00:00:00,319.6923,322.4769,319.6531,320.7708,40019200
1684330200,2023-05-17 00:00:00,321.8297,325.2319,320.6532,324.6535,47486100
1684416600,2023-05-18 00:00:00,325.0457,330.8991,325.0261,330.6834,64213500
1684503000,2023-05-19 00:00:00,330.8991,331.6050,328.8793,329.9383,61554900
1684762200,2023-05-22 00:00:00,329.6833,332.0561,329.6735,331.0462,43015900
1684848600,2023-05-23 00:00:00,329.3303,330.4774,326.4967,326.8497,48216700
1684935000,2023-05-24 00:00:00,324.8987,326.4086,323.1240,325.1732,62891200
1685021400,2023-05-25 00:00:00,332.5169,334.3503,330.0951,333.0855,66862800
1685107800,2023-05-26 00:00:00,334.1053,342.4294,334.0072,341.5960,63007000
1685453400,2023-05-30 00:00:00,345.8219,347.0180,341.7235,343.1452,72652200
1685539800,2023-05-31 00:00:00,341.5666,343.7530,339.7429,341.1940,65105400
1685626200,2023-06-01 00:00:00,340.9391,346.4592,339.8900,345.1356,50488600
1685712600,2023-06-02 00:00:00,346.8906,348.8809,345.1355,347.7240,53372100
1685971800,2023-06-05 00:00:00,347.5082,350.5183,346.9396,347.9691,47266200
1686058200,2023-06-06 00:00:00,347.3612,348.8711,346.0375,347.9102,41390400
1686144600,2023-06-07 00:00:00,348.1946,350.1457,341.3803,342.0078,69225900
1686231000,2023-06-08 00:00:00,342.3019,346.7141,342.0764,346.2532,47153900
1686317400,2023-06-09 00:00:00,347.7044,350.6752,346.1356,347.5769,53196900
1686576600,2023-06-12 00:00:00,349.2339,353.5479,348.2632,353.4499,44606500
1686663000,2023-06-13 00:00:00,356.1953,356.9993,352.9990,356.1659,57097800
1686749400,2023-06-14 00:00:00,356.1757,359.0387,353.3814,358.7543,69525600
1686835800,2023-06-15 00:00:00,357.4895,364.5097,356.8718,363.0292,71138800
1686922200,2023-06-16 00:00:00,365.4411,365.5686,360.3034,360.7446,80932000
1687267800,2023-06-20 00:00:00,359.2955,361.6224,357.2730,360.2282,49204700
1687354200,2023-06-21 00:00:00,359.0892,359.5212,354.3962,355.3191,53378300
1687440600,2023-06-22 00:00:00,354.0723,359.6686,353.6697,359.5115,47603000
1687527000,2023-06-23 00:00:00,355.6235,358.2449,354.2588,355.9475,48922900
1687786200,2023-06-26 00:00:00,355.4174,358.2057,351.0876,351.1759,52685500
1687872600,2023-06-27 00:00:00,352.7173,357.9406,351.9908,357.2140,49428100
1687959000,2023-06-28 00:00:00,355.3976,359.8550,355.3190,357.9110,46498000
1688045400,2023-06-29 00:00:00,357.6165,358.2547,355.5548,357.1944,46151000
1688131800,2023-06-30 00:00:00,360.8664,363.7530,360.5523,362.7025,58712500
1688391000,2023-07-03 00:00:00,363.3406,364.1850,362.2606,363.5566,19432900
1688563800,2023-07-05 00:00:00,361.9955,365.2453,361.9562,363.5468,34460900
1688650200,2023-07-06 00:00:00,359.8453,361.2198,357.8915,360.7780,49374700
1688736600,2023-07-07 00:00:00,360.5522,363.7431,359.3544,359.5802,47133700
1688995800,2023-07-10 00:00:00,359.3053,360.3755,356.8017,359.6980,48498800
1689082200,2023-07-11 00:00:00,360.1203,361.9268,357.9897,361.4752,38214100
1689168600,2023-07-12 00:00:00,365.5692,367.3856,363.5663,366.0405,61975400
1689255000,2023-07-13 00:00:00,369.2119,373.0802,368.6326,372.2555,46960000
1689341400,2023-07-14 00:00:00,372.6874,375.8980,371.3031,372.1769,55148500
1689600600,2023-07-17 00:00:00,372.8937,376.5264,372.4126,375.6526,40868900
1689687000,2023-07-18 00:00:00,375.0144,380.0904,373.0900,378.7256,55262000
1689773400,2023-07-19 00:00:00,379.7860,380.9249,377.3118,378.6373,54093000
1689859800,2023-07-20 00:00:00,375.6526,377.1155,368.8879,369.9090,71941700
1689946200,2023-07-21 00:00:00,372.2848,373.0114,368.3674,368.7994,60499600
1690205400,2023-07-24 00:00:00,369.7715,370.7140,367.5329,369.3886,40380100
1690291800,2023-07-25 00:00:00,370.0955,373.5515,370.0758,371.8922,38894400
1690378200,2023-07-26 00:00:00,370.8515,372.3438,368.3576,370.6551,47075700
1690464600,2023-07-27 00:00:00,376.1042,377.7144,368.4853,369.7715,63940200
1690551000,2023-07-28 00:00:00,373.8165,377.5277,373.3059,376.5067,56902900
1690810200,2023-07-31 00:00:00,376.8111,377.8813,375.3875,376.7031,44019900
1690896600,2023-08-01 00:00:00,375.3580,376.5852,373.7674,375.8293,41060600
1690983000,2023-08-02 00:00:00,372.3634,372.3634,366.3449,367.5820,72687100
1691069400,2023-08-03 00:00:00,365.1765,369.1136,365.0096,366.9929,47666400
1691155800,2023-08-04 00:00:00,368.9173,371.2246,364.7740,365.2748,61702800
1691415000,2023-08-07 00:00:00,367.0813,368.4657,364.7544,368.3675,37230400
1691501400,2023-08-08 00:00:00,365.8639,365.8835,362.1134,365.2355,44726500
1691587800,2023-08-09 00:00:00,365.5202,365.6773,360.4639,361.2198,51150900
1691674200,2023-08-10 00:00:00,364.2242,367.5525,360.3657,361.8875,72035300
1691760600,2023-08-11 00:00:00,359.3347,361.3082,358.0584,359.5802,48707200
1692019800,2023-08-14 00:00:00,358.7849,363.7333,358.0682,363.6155,42130800
1692106200,2023-08-15 00:00:00,362.6435,363.4388,359.0893,359.7570,45539900
1692192600,2023-08-16 00:00:00,359.2169,360.7485,355.8493,355.9475,53190500
1692279000,2023-08-17 00:00:00,357.3417,357.6853,351.6472,352.0595,62604300
1692365400,2023-08-18 00:00:00,348.7998,352.8744,348.2598,351.6176,61191400
1692624600,2023-08-21 00:00:00,353.0806,357.9602,352.6191,357.2827,50696500
1692711000,2023-08-22 00:00:00,359.8846,359.8944,356.0850,356.7722,44530200
1692797400,2023-08-23 00:00:00,357.9504,363.4879,357.7344,362.3981,51770600
1692883800,2023-08-24 00:00:00,365.8639,365.9620,354.4453,354.6515,66842500
1692970200,2023-08-25 00:00:00,355.4860,359.0893,352.0595,357.4005,69960500
1693229400,2023-08-28 00:00:00,360.3166,361.0235,357.6264,360.0908,40910000
1693315800,2023-08-29 00:00:00,359.8944,368.3086,359.5704,367.9551,58492400
1693402200,2023-08-30 00:00:00,368.0631,370.5863,367.0616,370.0070,41731500
1693488600,2023-08-31 00:00:00,370.0856,372.8151,370.0169,371.1165,35730700
1693575000,2023-09-01 00:00:00,373.4827,373.9049,369.2413,370.7238,39801200
1693920600,2023-09-05 00:00:00,369.9187,372.4125,368.9958,371.1951,32344200
1694007000,2023-09-06 00:00:00,370.4194,370.7631,365.9227,367.9256,42998700
1694093400,2023-09-07 00:00:00,363.4780,366.0700,362.4373,365.2944,52060700
1694179800,2023-09-08 00:00:00,365.2453,368.0337,364.8428,365.8049,35800100
1694439000,2023-09-11 00:00:00,368.8289,370.6256,366.8653,370.1151,39936600
1694525400,2023-09-12 00:00:00,368.4460,370.0955,365.7264,366.0111,41391000
1694611800,2023-09-13 00:00:00,366.2467,369.0056,365.1177,367.4053,46300700
1694698200,2023-09-14 00:00:00,369.1529,371.3915,367.0911,370.4096,48039400
1694784600,2023-09-15 00:00:00,369.0744,369.4769,363.1344,364.0671,69811200
1695043800,2023-09-18 00:00:00,363.1291,365.5577,362.8439,364.4466,36903500
1695130200,2023-09-19 00:00:00,363.1291,364.4663,360.6513,363.6699,37621700
1695216600,2023-09-20 00:00:00,364.7318,365.0858,358.3506,358.4293,45514200
1695303000,2023-09-21 00:00:00,354.7519,355.5385,351.6940,351.8611,69734800
1695389400,2023-09-22 00:00:00,353.6015,355.7351,351.5957,351.9104,51589700
1695648600,2023-09-25 00:00:00,350.9467,353.6703,349.9635,353.5818,39168000
1695735000,2023-09-26 00:00:00,351.0058,351.5466,347.2891,348.2724,53657700
1695821400,2023-09-27 00:00:00,349.4227,350.9959,345.4701,349.0884,56066000
1695907800,2023-09-28 00:00:00,348.1741,354.1325,347.3187,352.0087,56453300
1695994200,2023-09-29 00:00:00,355.4795,356.8659,351.0353,352.2643,64829600
1696253400,2023-10-02 00:00:00,352.5298,356.6004,351.9202,355.2043,51625100
1696339800,2023-10-03 00:00:00,352.7658,354.9584,347.3580,348.9705,60478500
1696426200,2023-10-04 00:00:00,349.8062,354.5651,349.3441,353.7195,54786700
1696512600,2023-10-05 00:00:00,353.7097,354.1128,349.1868,352.6773,45897400
1696599000,2023-10-06 00:00:00,349.6883,359.7763,348.9017,358.5866,75049100
1696858200,2023-10-09 00:00:00,356.2268,360.9562,354.7323,360.4154,45304800
1696944600,2023-10-10 00:00:00,360.7496,365.0562,360.2482,362.4113,46968800
1697031000,2023-10-11 00:00:00,363.7387,365.1841,362.0181,364.9973,38215100
1697117400,2023-10-12 00:00:00,365.4988,367.4750,361.3397,363.7289,49587900
1697203800,2023-10-13 00:00:00,364.3581,364.9382,357.7606,359.1568,52469900
1697463000,2023-10-16 00:00:00,360.4744,364.2698,360.3270,363.2177,44201100
1697549400,2023-10-17 00:00:00,359.6780,363.7191,357.5640,362.0279,50999100
1697635800,2023-10-18 00:00:00,359.5403,361.7427,355.9515,357.2788,54280500
1697722200,2023-10-19 00:00:00,358.6947,359.8844,353.1394,353.9358,72274200
1697808600,2023-10-20 00:00:00,353.4344,354.0047,348.4297,348.6559,72559700
1698067800,2023-10-23 00:00:00,347.3383,353.2378,345.2342,349.7079,60665200
1698154200,2023-10-24 00:00:00,351.5171,353.8768,349.8259,353.1099,47082100
1698240600,2023-10-25 00:00:00,350.7207,350.8976,343.8871,344.4673,71190500
1698327000,2023-10-26 00:00:00,343.2677,344.2018,336.6112,337.8992,78621400
1698413400,2023-10-27 00:00:00,340.6228,342.9924,338.3122,339.5216,63476700
1698672600,2023-10-30 00:00:00,341.9993,344.6639,340.6424,343.3463,55298500
1698759000,2023-10-31 00:00:00,343.3759,345.3620,340.8096,344.9884,47671900
1698845400,2023-11-01 00:00:00,345.8242,351.5368,345.7258,350.9763,58992700
1698931800,2023-11-02 00:00:00,355.4795,357.5837,354.2603,357.3477,58162400
1699018200,2023-11-03 00:00:00,358.6357,362.8341,358.4096,361.5461,53280500
1699281000,2023-11-06 00:00:00,362.3130,363.5814,360.7595,363.0209,38848700
1699367400,2023-11-07 00:00:00,364.0632,367.3177,362.8636,366.4525,50777400
1699453800,2023-11-08 00:00:00,366.8260,367.5241,364.4073,366.6884,35663400
1699540200,2023-11-09 00:00:00,367.3767,368.5172,363.3749,363.8665,53859400
1699626600,2023-11-10 00:00:00,365.5872,372.1946,365.0563,372.0471,58309800
1699885800,2023-11-13 00:00:00,370.4739,371.9389,368.9499,370.8868,40733500
1699972200,2023-11-14 00:00:00,377.2779,379.7852,376.7568,378.8707,67792600
1700058600,2023-11-15 00:00:00,380.7586,381.2502,377.7990,379.1559,54141400
1700145000,2023-11-16 00:00:00,378.3890,379.7163,377.1304,379.4804,45343500
1700231400,2023-11-17 00:00:00,378.7527,380.5816,377.8482,379.5688,46571900
1700490600,2023-11-20 00:00:00,379.5787,384.8488,379.5787,384.1901,44429600
1700577000,2023-11-21 00:00:00,382.4891,382.7054,380.2178,381.9581,43337000
1700663400,2023-11-22 00:00:00,384.0229,386.4810,382.5185,383.5214,44121000
1700836200,2023-11-24 00:00:00,383.1183,383.7082,381.9876,382.9807,15718800
1701095400,2023-11-27 00:00:00,382.4891,384.5932,381.7713,382.6464,34139700
1701181800,2023-11-28 00:00:00,381.8991,384.2294,381.5452,383.6493,35491100
1701268200,2023-11-29 00:00:00,386.1073,387.5330,382.9315,383.2756,38811700
1701354600,2023-11-30 00:00:00,383.5411,384.0032,379.3525,382.3120,52834400
1701441000,2023-12-01 00:00:00,381.2502,383.9934,379.5983,383.4034,40490100
1701700200,2023-12-04 00:00:00,379.6180,380.1195,376.2455,379.8441,51186900
1701786600,2023-12-05 00:00:00,377.9465,381.9876,377.7695,380.7979,42933000
1701873000,2023-12-06 00:00:00,383.7279,383.8262,378.2513,378.5954,41994100
1701959400,2023-12-07 00:00:00,381.5648,384.7112,380.4734,383.8853,49593500
1702045800,2023-12-08 00:00:00,382.1548,386.0385,381.9680,385.5961,46687500
1702305000,2023-12-11 00:00:00,385.1732,389.1554,384.9668,388.8899,41198000
1702391400,2023-12-12 00:00:00,388.9292,392.1051,387.7985,391.9871,39221200
1702477800,2023-12-13 00:00:00,392.9212,397.5817,392.1543,396.9721,55408100
1702564200,2023-12-14 00:00:00,398.1914,399.4892,393.6291,396.6280,55447800
1702650600,2023-12-15 00:00:00,397.4047,399.7252,396.8050,398.5453,62896600
1702909800,2023-12-18 00:00:00,398.9375,401.9522,398.6124,401.0556,46610000
1702996200,2023-12-19 00:00:00,401.5088,403.2231,401.3216,403.1049,35711900
1703082600,2023-12-20 00:00:00,402.3068,404.3954,396.9374,397.1148,54042400
1703169000,2023-12-21 00:00:00,401.0359,402.0999,398.4842,401.7354,45568900
1703255400,2023-12-22 00:00:00,402.9472,403.9029,400.4645,402.3364,34314000
1703601000,2023-12-26 00:00:00,403.1935,405.4693,403.0950,404.7994,22722500
1703687400,2023-12-27 00:00:00,405.0813,405.9093,404.2237,405.6234,31980500
1703773800,2023-12-28 00:00:00,406.7767,407.0231,405.0714,405.4262,27029200
1703860200,2023-12-29 00:00:00,405.4066,405.7615,401.7594,403.6717,42662100
1704205800,2024-01-02 00:00:00,400.0443,400.2907,394.5242,396.8407,58026900
1704292200,2024-01-03 00:00:00,394.2187,395.2734,392.2078,392.6415,47002800
1704378600,2024-01-04 00:00:00,390.7785,393.8835,390.4039,390.6208,39432800
1704465000,2024-01-05 00:00:00,390.7884,393.8539,389.6942,391.0841,44922800
1704724200,2024-01-08 00:00:00,392.3064,399.4529,392.1585,399.1670,42473800
1704810600,2024-01-09 00:00:00,396.1704,400.8821,395.9732,399.9555,39132900
1704897000,2024-01-10 00:00:00,400.2709,403.6717,399.3838,402.6662,33962800
1704983400,2024-01-11 00:00:00,403.9378,405.3277,398.4671,403.5041,54536200
1705069800,2024-01-12 00:00:00,404.5391,405.3770,402.3213,403.7111,39595000
1705415400,2024-01-16 00:00:00,402.4790,405.2489,401.0201,403.6717,43903000
1705501800,2024-01-17 00:00:00,400.3695,401.7692,397.1659,401.3947,54386000
1705588200,2024-01-18 00:00:00,404.6574,407.6737,403.3169,407.0922,59562500
1705674600,2024-01-19 00:00:00,409.2903,415.3229,408.7087,415.1652,70325100
1705933800,2024-01-22 00:00:00,417.3633,418.6645,415.1060,415.7073,44880600
1706020200,2024-01-23 00:00:00,416.3973,417.6492,414.5639,417.4323,33003800
1706106600,2024-01-24 00:00:00,421.3358,423.7114,419.2560,419.7488,46948000
1706193000,2024-01-25 00:00:00,422.2426,422.9129,417.9252,420.2614,44367200
1706279400,2024-01-26 00:00:00,418.3786,420.1233,417.1071,417.7576,37137000
1706538600,2024-01-29 00:00:00,418.2111,422.2328,417.5605,422.0357,38694700
1706625000,2024-01-30 00:00:00,421.0006,421.5723,418.3195,419.2263,36739000
1706711400,2024-01-31 00:00:00,414.8399,416.8310,410.8379,411.0153,64010600
1706797800,2024-02-01 00:00:00,412.8094,416.3481,411.8434,415.8553,51008600
1706884200,2024-02-02 00:00:00,417.7477,424.0958,416.7522,422.8834,59602400
1707143400,2024-02-05 00:00:00,422.9426,423.4748,418.9307,422.3314,39889200
1707229800,2024-02-06 00:00:00,423.4748,424.0761,419.1475,421.4836,35846100
1707316200,2024-02-07 00:00:00,424.2634,426.6488,422.9623,425.8208,37712700
1707402600,2024-02-08 00:00:00,425.9392,427.3685,425.2590,426.6095,29889900
1707489000,2024-02-09 00:00:00,427.7430,431.5971,426.9544,430.8085,36943900
1707748200,2024-02-12 00:00:00,430.7001,432.8687,428.4428,429.1230,33203300
1707834600,2024-02-13 00:00:00,421.1781,425.1111,419.2559,422.4300,64491700
1707921000,2024-02-14 00:00:00,425.1013,427.4571,422.7553,427.0333,45092700
1708007400,2024-02-15 00:00:00,427.7233,428.7682,425.1703,428.3049,38796100
1708093800,2024-02-16 00:00:00,428.6794,428.7779,423.7113,424.4211,53716500
1708439400,2024-02-20 00:00:00,422.4299,423.9381,417.4521,421.2175,53999500
1708525800,2024-02-21 00:00:00,418.4870,419.6206,415.6087,419.5319,49779000
1708612200,2024-02-22 00:00:00,428.2851,432.8490,427.5162,431.8140,53887800
1708698600,2024-02-23 00:00:00,433.3714,434.2980,429.5665,430.5424,39853900
1708957800,2024-02-26 00:00:00,431.3507,432.3364,430.1284,430.3157,33043200
1709044200,2024-02-27 00:00:00,431.4197,431.7351,428.8174,431.3507,33713200
1709130600,2024-02-28 00:00:00,429.2116,430.4340,428.0978,429.0539,32938800
1709217000,2024-02-29 00:00:00,431.9718,433.8052,428.8076,432.7307,42495200
1709303400,2024-03-01 00:00:00,433.6179,440.2025,433.5587,439.2463,43853000
1709562600,2024-03-04 00:00:00,439.2463,439.6702,437.4326,437.6790,34325700
1709649000,2024-03-05 00:00:00,434.6430,434.6529,427.4571,429.8228,57917100
1709735400,2024-03-06 00:00:00,434.0319,435.6781,430.6509,432.5238,46234500
1709821800,2024-03-07 00:00:00,436.1019,440.3405,434.5641,439.0886,44526700
1709908200,2024-03-08 00:00:00,439.4434,442.2330,432.0801,432.7504,72096000
1710163800,2024-03-11 00:00:00,431.2620,432.3956,429.2216,431.1437,45860000
1710250200,2024-03-12 00:00:00,433.4503,437.6790,430.2269,437.3241,55300900
1710336600,2024-03-13 00:00:00,436.3286,436.3483,432.8490,433.9629,37928700
1710423000,2024-03-14 00:00:00,435.1950,435.7174,430.1580,432.8687,52195200
1710509400,2024-03-15 00:00:00,429.8426,432.6026,426.5601,427.7233,73069800
1710768600,2024-03-18 00:00:00,433.0365,435.3165,431.5658,431.8027,47323800
1710855000,2024-03-19 00:00:00,429.7990,433.2832,427.7065,432.8785,43004100
1710941400,2024-03-20 00:00:00,434.0728,438.3466,432.3751,438.0110,43653500
1711027800,2024-03-21 00:00:00,443.0547,443.5087,439.8864,440.0837,39345700
1711114200,2024-03-22 00:00:00,439.5705,441.6827,438.7216,440.5871,28253900
1711373400,2024-03-25 00:00:00,437.7938,440.4687,436.7970,438.9882,27789200
1711459800,2024-03-26 00:00:00,440.5081,441.4261,437.3398,437.5668,34142000
1711546200,2024-03-27 00:00:00,440.6464,440.7451,436.1949,439.0573,41359200
1711632600,2024-03-28 00:00:00,439.0079,439.8567,437.8925,438.2479,36839600
1711978200,2024-04-01 00:00:00,439.1954,441.7222,437.2707,439.1757,38729000
1712064600,2024-04-02 00:00:00,434.3689,435.7014,432.3455,435.3855,44259700
1712151000,2024-04-03 00:00:00,433.2634,438.2380,433.2535,436.3626,39949800
1712237400,2024-04-04 00:00:00,440.5378,441.1497,429.4634,429.6904,57267700
1712323800,2024-04-05 00:00:00,431.1117,437.4188,430.3023,434.7538,54744600
1712583000,2024-04-08 00:00:00,435.6816,436.7575,433.5003,434.8821,28144900
1712669400,2024-04-09 00:00:00,437.2115,437.4879,431.7632,436.4910,39443600
1712755800,2024-04-10 00:00:00,431.3289,433.5398,430.6182,432.6811,61502200
1712842200,2024-04-11 00:00:00,434.5466,440.5378,432.2764,439.5903,45474600
1712928600,2024-04-12 00:00:00,435.3757,436.5008,431.2104,432.5824,53665000
1713187800,2024-04-15 00:00:00,436.3232,436.4121,424.6270,425.4660,63453600
1713274200,2024-04-16 00:00:00,425.3080,428.1309,424.1236,425.5055,47619000
1713360600,2024-04-17 00:00:00,427.4795,427.4992,419.3859,420.3137,56880500
1713447000,2024-04-18 00:00:00,420.9553,422.6826,417.3428,417.9153,46549400
1713533400,2024-04-19 00:00:00,416.7407,417.2638,407.7094,409.2689,75231000
1713792600,2024-04-22 00:00:00,411.8944,415.7142,408.5681,413.3848,47807700
1713879000,2024-04-23 00:00:00,415.3094,420.7479,413.4341,419.5536,44384700
1713965400,2024-04-24 00:00:00,422.6430,424.1532,418.6950,420.9750,48440300
1714051800,2024-04-25 00:00:00,413.7994,419.8005,412.7137,418.9418,57392200
1714138200,2024-04-26 00:00:00,422.0706,426.9366,421.3797,425.4067,41874900
1714397400,2024-04-29 00:00:00,427.5091,428.1309,424.4000,427.1340,30022200
1714483800,2024-04-30 00:00:00,425.5547,426.9464,419.0009,419.0799,43665900
1714570200,2024-05-01 00:00:00,417.6586,424.5579,415.2009,416.0497,52251700
1714656600,2024-05-02 00:00:00,419.7807,422.2581,415.1713,421.3599,36559000
1714743000,2024-05-03 00:00:00,428.8021,430.8157,427.0057,429.8286,48515300
1715002200,2024-05-06 00:00:00,431.6250,434.6255,430.8551,434.5367,30227200
1715088600,2024-05-07 00:00:00,434.9809,436.2344,433.8754,434.6058,30996100
1715175000,2024-05-08 00:00:00,431.9902,435.7507,431.8717,434.3491,24896700
1715261400,2024-05-09 00:00:00,434.6157,435.8692,432.7699,435.2967,24580100
1715347800,2024-05-10 00:00:00,436.7970,438.5440,434.7834,436.3232,27116600
1715607000,2024-05-13 00:00:00,438.2282,438.3269,435.9185,437.3300,22994200
1715693400,2024-05-14 00:00:00,436.9055,440.6760,436.7180,440.1430,34478300
1715779800,2024-05-15 00:00:00,442.6105,447.2692,441.1004,447.0225,41464700
1715866200,2024-05-16 00:00:00,446.8350,448.7893,445.9467,446.1145,34780400
1715952600,2024-05-17 00:00:00,446.2427,446.8448,443.7061,445.8973,35803700
1716211800,2024-05-20 00:00:00,446.1145,449.6677,445.9269,449.0064,24474200
1716298200,2024-05-21 00:00:00,447.1608,450.0725,446.9633,449.8849,23167700
1716384600,2024-05-22 00:00:00,450.1415,450.8917,447.2002,449.7961,25120000
1716471000,2024-05-23 00:00:00,454.5732,454.6028,445.9861,447.7726,40899200
1716557400,2024-05-24 00:00:00,449.3815,453.2704,447.6839,452.0070,29669500
1716903000,2024-05-28 00:00:00,453.2210,453.7738,450.7634,453.7145,26216800
1716989400,2024-05-29 00:00:00,449.5691,452.2932,449.4309,450.5166,29739200
1717075800,2024-05-30 00:00:00,449.5887,449.7269,444.3674,445.6900,30536800
1717162200,2024-05-31 00:00:00,445.9171,446.6080,437.3102,444.8609,55941300
1717421400,2024-06-03 00:00:00,448.6708,449.6677,442.0874,447.2495,32997500
1717507800,2024-06-04 00:00:00,446.9929,449.6677,445.2755,448.4734,23767400
1717594200,2024-06-05 00:00:00,452.0366,457.5935,448.5129,457.5146,33817400
1717680600,2024-06-06 00:00:00,458.1956,458.5115,456.1920,457.3567,21966800
1717767000,2024-06-07 00:00:00,456.9915,459.6959,455.8465,456.9520,25829700
1718026200,2024-06-10 00:00:00,455.8268,459.1531,455.5406,458.7977,20660800
1718112600,2024-06-11 00:00:00,457.5244,462.0648,456.0340,461.9463,22053300
1718199000,2024-06-12 00:00:00,465.8648,470.3163,465.1739,467.9968,34532600
1718285400,2024-06-13 00:00:00,471.5204,472.1818,468.2633,470.5334,25859000
1718371800,2024-06-14 00:00:00,470.3360,473.0404,469.8721,472.9713,23372600
1718631000,2024-06-17 00:00:00,473.2378,480.5418,471.9350,478.7652,37054500
1718717400,2024-06-18 00:00:00,478.7158,479.5943,477.1563,478.9132,24438600
1718890200,2024-06-20 00:00:00,480.1075,480.5221,473.3958,475.2218,33918700
1718976600,2024-06-21 00:00:00,474.9454,476.2779,472.4581,473.9485,37456800
1719235800,2024-06-24 00:00:00,472.7247,474.4547,468.4144,468.5528,37751000
1719322200,2024-06-25 00:00:00,470.6387,474.2075,469.6995,473.9109,29014700
1719408600,2024-06-26 00:00:00,473.0904,475.4334,472.6752,474.8896,22737100
1719495000,2024-06-27 00:00:00,474.6425,477.5886,473.8319,476.1155,26222100
1719581400,2024-06-28 00:00:00,476.9064,481.6417,473.0014,473.6440,34881600
1719840600,2024-07-01 00:00:00,474.5634,476.9854,470.8265,476.4219,24898300
1719927000,2024-07-02 00:00:00,474.9291,481.4835,474.8006,481.4242,26723600
1720013400,2024-07-03 00:00:00,480.6729,485.5664,480.6729,485.4379,18064900
1720186200,2024-07-05 00:00:00,486.2783,490.9345,485.9817,490.4995,28495900
1720445400,2024-07-08 00:00:00,490.8653,492.2196,489.8470,491.6660,22109400
1720531800,2024-07-09 00:00:00,493.1786,494.2957,490.5786,492.0911,25614500
1720618200,2024-07-10 00:00:00,494.0090,497.7755,492.7041,497.2219,28046900
1720704600,2024-07-11 00:00:00,497.3307,497.5383,485.1315,486.3177,49966600
1720791000,2024-07-12 00:00:00,486.8912,493.9201,486.4266,489.1748,37109400
1721050200,2024-07-15 00:00:00,490.9443,495.2941,488.4531,490.4896,31151400
1721136600,2024-07-16 00:00:00,491.9428,492.7534,487.5238,490.6774,25950600
1721223000,2024-07-17 00:00:00,482.7094,483.2234,476.2045,476.2737,56268800
1721309400,2024-07-18 00:00:00,479.9908,480.1687,470.8364,474.0197,49347400
1721395800,2024-07-19 00:00:00,473.6835,476.1946,468.5330,469.8181,42042900
1721655000,2024-07-22 00:00:00,475.6706,477.8356,472.2600,476.8174,40300000
1721741400,2024-07-23 00:00:00,475.9178,478.9033,474.6623,475.1368,23282500
1721827800,2024-07-24 00:00:00,468.4143,468.7801,457.2334,458.0934,58818600
1721914200,2024-07-25 00:00:00,458.4296,462.6014,450.4319,453.0417,59256800
1722000600,2024-07-26 00:00:00,457.3718,460.6143,454.5246,457.6881,39992100
1722259800,2024-07-29 00:00:00,460.3969,462.5718,456.3536,458.6075,28218500
1722346200,2024-07-30 00:00:00,460.5353,461.2372,448.9688,452.3102,41317200
1722432600,2024-07-31 00:00:00,462.5323,467.3961,461.0889,465.6958,44552100
1722519000,2024-08-01 00:00:00,466.3779,470.1246,450.7779,454.4159,56653900
1722605400,2024-08-02 00:00:00,445.7459,448.3954,439.3992,443.6303,66323200
1722864600,2024-08-05 00:00:00,419.8646,437.2441,418.6190,430.4030,87483500
1722951000,2024-08-06 00:00:00,432.2418,441.9696,429.6023,434.5156,63164400
1723037400,2024-08-07 00:00:00,441.3962,443.8775,429.4144,429.8099,54929200
1723123800,2024-08-08 00:00:00,436.0281,443.8676,432.1627,442.9581,47890100
1723210200,2024-08-09 00:00:00,441.6433,446.9027,440.5262,445.2715,33574000
1723469400,2024-08-12 00:00:00,446.2403,449.1863,443.4327,446.2304,27795000
1723555800,2024-08-13 00:00:00,450.6198,457.5696,450.4814,457.3026,40084500
1723642200,2024-08-14 00:00:00,458.2220,459.8038,453.1703,457.4509,34733700
1723728600,2024-08-15 00:00:00,463.4121,469.4030,463.0364,469.0075,38280600
1723815000,2024-08-16 00:00:00,467.2281,470.9748,466.2691,469.6106,38383600
1724074200,2024-08-19 00:00:00,469.7489,475.8189,467.9695,475.7793,23737700
1724160600,2024-08-20 00:00:00,474.8699,477.4303,473.0904,474.7809,29209300
1724247000,2024-08-21 00:00:00,475.5619,478.8440,473.8516,476.9953,25658800
1724333400,2024-08-22 00:00:00,479.3086,480.0007,468.4045,469.4326,37739600
1724419800,2024-08-23 00:00:00,473.7726,477.2326,469.8577,474.5239,36061500
1724679000,2024-08-26 00:00:00,473.9801,474.8995,467.8409,469.9170,27452600
1724765400,2024-08-27 00:00:00,468.2858,472.3885,466.3284,471.3208,27510000
1724851800,2024-08-28 00:00:00,470.8562,471.5779,462.5520,465.9726,37372400
1724938200,2024-08-29 00:00:00,467.8806,472.4775,464.0152,465.2905,41081500
1725024600,2024-08-30 00:00:00,469.6204,471.4592,465.1421,470.8364,33466500
1725370200,2024-09-03 00:00:00,467.8015,467.9299,454.1688,456.5414,44985200
1725456600,2024-09-04 00:00:00,453.4372,459.1513,452.5079,455.3550,32505100
1725543000,2024-09-05 00:00:00,453.7338,460.0509,452.7155,455.7802,34452400
1725629400,2024-09-06 00:00:00,455.0782,455.9581,443.0767,443.5710,50624400
1725888600,2024-09-09 00:00:00,447.8912,450.2639,444.6882,449.2753,32981200
1725975000,2024-09-10 00:00:00,451.0349,453.9315,447.0706,453.4273,29680300
1726061400,2024-09-11 00:00:00,454.6631,464.0151,446.1315,463.2737,57843000
1726147800,2024-09-12 00:00:00,463.3034,468.6319,461.5239,467.8212,40067800
1726234200,2024-09-13 00:00:00,467.0896,471.0934,466.8622,469.9170,29111800
1726493400,2024-09-16 00:00:00,467.7916,468.4539,464.5292,467.8410,22585600
1726579800,2024-09-17 00:00:00,470.8562,472.1512,465.5969,468.0881,30084400
1726666200,2024-09-18 00:00:00,469.2844,473.3672,465.4585,466.0616,39909200
1726752600,2024-09-19 00:00:00,477.1040,480.6828,475.0082,477.8455,52782500
1726839000,2024-09-20 00:00:00,476.9855,478.1718,472.8433,476.9360,34577700
1727098200,2024-09-23 00:00:00,478.1111,479.2892,476.7747,478.2002,24843000
1727184600,2024-09-24 00:00:00,479.6060,481.4573,475.3590,480.5069,25952600
1727271000,2024-09-25 00:00:00,479.8832,482.9026,479.7050,480.9524,26549900
1727357400,2024-09-26 00:00:00,488.4267,488.7534,480.9325,484.5658,32020200
1727443800,2024-09-27 00:00:00,485.5855,485.7241,480.6950,481.8730,22851100
1727703000,2024-09-30 00:00:00,480.9127,483.5164,478.0814,483.1798,30281100
1727789400,2024-10-01 00:00:00,482.8135,483.1105,472.6167,476.4479,42735400
1727875800,2024-10-02 00:00:00,475.5471,479.0318,472.9335,477.1212,23744000
1727962200,2024-10-03 00:00:00,474.9333,479.6951,474.1908,476.7647,25337200
1728048600,2024-10-04 00:00:00,482.5660,482.9917,477.5568,482.4373,30686600
1728307800,2024-10-07 00:00:00,480.5267,481.6949,476.0520,477.2697,24975100
1728394200,2024-10-08 00:00:00,479.8040,485.0806,479.0021,484.3975,28272000
1728480600,2024-10-09 00:00:00,484.1005,488.7832,483.0611,488.2090,24995000
1728567000,2024-10-10 00:00:00,485.9320,489.5157,484.6252,487.6545,25750400
1728653400,2024-10-11 00:00:00,485.8231,489.4365,485.2588,488.4168,20644500
1728912600,2024-10-14 00:00:00,490.8027,493.8321,490.2979,492.5154,26060100
1728999000,2024-10-15 00:00:00,492.8420,493.5053,483.7837,485.9319,34784500
1729085400,2024-10-16 00:00:00,486.2586,486.7635,482.6848,485.9914,22996800
1729171800,2024-10-17 00:00:00,491.4659,491.5154,486.2685,486.3279,27210700
1729258200,2024-10-18 00:00:00,489.1098,490.6047,488.3574,489.5157,25335000
1729517400,2024-10-21 00:00:00,488.3079,491.2581,486.3874,490.4562,30336500
1729603800,2024-10-22 00:00:00,487.7932,492.4659,487.0408,490.9908,26685800
1729690200,2024-10-23 00:00:00,488.6445,489.2979,480.1900,483.4669,39346600
1729776600,2024-10-24 00:00:00,487.1793,488.0604,484.5361,487.3872,22024900
1729863000,2024-10-25 00:00:00,490.1790,495.2675,489.4761,490.3572,38762100
1730122200,2024-10-28 00:00:00,493.4657,493.5251,490.1394,490.4364,20477800
1730208600,2024-10-29 00:00:00,490.7532,496.3268,488.9019,495.1487,28014100
1730295000,2024-10-30 00:00:00,494.3865,495.3368,490.9215,491.4066,29756000
1730381400,2024-10-31 00:00:00,487.4466,487.4961,478.9031,479.0021,41245200
1730467800,2024-11-01 00:00:00,480.6355,485.8329,480.3386,482.5462,33655800
1730730600,2024-11-04 00:00:00,481.9424,484.4767,479.3981,481.1405,23291600
1730817000,2024-11-05 00:00:00,482.7244,487.9416,482.6353,487.2783,24353600
1730903400,2024-11-06 00:00:00,495.5447,501.3361,494.5943,500.5144,43082200
1730989800,2024-11-07 00:00:00,503.3061,509.1767,503.2467,508.3946,32853100
1731076200,2024-11-08 00:00:00,507.8997,509.7609,507.2760,508.9887,22924500
1731335400,2024-11-11 00:00:00,510.2063,510.4142,505.8009,508.6917,24167500
1731421800,2024-11-12 00:00:00,508.6223,509.5033,504.7217,507.7708,25835300
1731508200,2024-11-13 00:00:00,507.2660,509.8202,504.8406,507.1175,24567400
1731594600,2024-11-14 00:00:00,506.7810,507.6521,502.6824,503.5932,28679500
1731681000,2024-11-15 00:00:00,497.9009,498.2869,489.5355,491.5947,51461100
1731940200,2024-11-18 00:00:00,493.1390,497.1089,491.7531,495.0101,27080800
1732026600,2024-11-19 00:00:00,492.4361,498.9007,492.0995,498.4156,24523000
1732113000,2024-11-20 00:00:00,498.1186,498.4354,491.5848,498.1285,29565500
1732199400,2024-11-21 00:00:00,501.1678,501.8806,492.5747,499.9204,34526700
1732285800,2024-11-22 00:00:00,499.3660,501.4549,497.7424,500.7223,23826600
1732545000,2024-11-25 00:00:00,504.7911,506.3256,499.2076,501.5143,26375200
1732631400,2024-11-26 00:00:00,502.9893,505.0287,502.1479,504.2070,26557100
1732717800,2024-11-27 00:00:00,503.0784,503.1477,496.9009,500.2372,24957400
1732890600,2024-11-29 00:00:00,500.8609,505.2267,500.2471,504.6327,15334000
1733149800,2024-12-02 00:00:00,505.8900,511.0874,505.5039,510.1271,25147200
1733236200,2024-12-03 00:00:00,508.8006,511.9685,508.2264,511.6913,18597900
1733322600,2024-12-04 00:00:00,515.1067,518.2746,514.3938,518.0172,26086200
1733409000,2024-12-05 00:00:00,518.0668,518.7894,516.1957,516.5818,18169600
1733495400,2024-12-06 00:00:00,517.2451,521.4426,517.1164,521.2050,23762600
1733754600,2024-12-09 00:00:00,520.2842,521.0762,515.9976,517.1460,20674400
1733841000,2024-12-10 00:00:00,518.3737,520.1160,513.9583,515.3839,24350000
1733927400,2024-12-11 00:00:00,519.7398,525.2936,519.3340,524.6105,32168600
1734013800,2024-12-12 00:00:00,522.3930,523.6602,520.7496,521.2248,23577500
1734100200,2024-12-13 00:00:00,525.1451,527.8279,522.0167,525.2144,28780400
1734359400,2024-12-16 00:00:00,527.7389,533.7481,527.6596,532.7778,31979900
1734445800,2024-12-17 00:00:00,530.9859,532.0947,528.7783,530.4315,28579100
1734532200,2024-12-18 00:00:00,529.7881,531.5008,509.8499,511.2952,54703200
1734618600,2024-12-19 00:00:00,515.9680,516.5323,508.6817,509.0183,46441800
1734705000,2024-12-20 00:00:00,505.3257,519.5616,504.1872,513.4633,60530000
1734964200,2024-12-23 00:00:00,515.1738,518.8426,511.7826,518.4658,29672800
1735050600,2024-12-24 00:00:00,520.4094,525.5854,519.7747,525.4962,17558200
1735223400,2024-12-26 00:00:00,523.8700,526.7654,521.8769,525.1392,19090500
1735309800,2024-12-27 00:00:00,521.5795,522.0158,513.4981,518.1585,33839600
1735569000,2024-12-30 00:00:00,511.1679,514.9854,507.5188,511.2670,34584000
1735655400,2024-12-31 00:00:00,512.5462,513.2997,505.9621,506.9239,29117000
1735828200,2025-01-02 00:00:00,509.9680,512.2883,501.4503,505.9323,36389800
1735914600,2025-01-03 00:00:00,509.0260,515.2730,508.2129,514.2120,29059500
1736173800,2025-01-06 00:00:00,519.6062,523.4733,517.6330,520.1218,36109700
1736260200,2025-01-07 00:00:00,521.1630,521.5596,508.9566,510.8406,36690300
1736346600,2025-01-08 00:00:00,510.7414,512.5659,506.2694,510.9298,30777800
1736519400,2025-01-10 00:00:00,507.1718,507.2709,499.6755,502.9179,40532500
1736778600,2025-01-13 00:00:00,496.9784,501.7578,495.4910,501.3016,31694200
1736865000,2025-01-14 00:00:00,504.4549,505.8629,497.3651,500.8257,33737200
1736951400,2025-01-15 00:00:00,508.7088,513.4881,507.1520,512.3478,34957600
1737037800,2025-01-16 00:00:00,514.6086,514.6879,508.6294,508.7583,28229000
1737124200,2025-01-17 00:00:00,518.4460,519.6557,508.7880,517.3453,51837900
1737469800,2025-01-21 00:00:00,520.0623,521.5398,515.6796,520.3796,23628000
1737556200,2025-01-22 00:00:00,525.1094,529.3236,524.8020,527.0331,33593000
1737642600,2025-01-23 00:00:00,524.5839,528.2725,523.9989,528.1536,23096600
1737729000,2025-01-24 00:00:00,528.5303,529.2938,523.7014,525.1689,19878300
1737988200,2025-01-27 00:00:00,506.6957,513.6268,505.8529,509.8787,60771700
1738074600,2025-01-28 00:00:00,510.8803,518.5948,507.4693,517.4148,33194200
1738161000,2025-01-29 00:00:00,518.0593,518.1882,512.5462,516.4431,26649000
1738247400,2025-01-30 00:00:00,519.2988,521.6686,513.8451,518.6443,27431300
1738333800,2025-01-31 00:00:00,522.4818,527.0430,516.8000,517.8907,38755200
1738593000,2025-02-03 00:00:00,509.1450,516.4628,506.7454,513.7459,40580800
1738679400,2025-02-04 00:00:00,514.2617,520.6871,513.8650,520.0524,26046800
1738765800,2025-02-05 00:00:00,517.4247,522.5710,516.2348,522.4123,21134100
1738852200,2025-02-06 00:00:00,522.9180,525.3474,521.3117,525.1392,19434500
1738938600,2025-02-07 00:00:00,525.6746,527.6180,517.7915,518.5154,29605500
1739197800,2025-02-10 00:00:00,522.7791,525.8927,522.3131,524.7921,20852800
1739284200,2025-02-11 00:00:00,521.5297,525.4563,521.4008,523.5426,19325500
1739370600,2025-02-12 00:00:00,517.9006,524.7326,517.5536,523.8501,25009400
1739457000,2025-02-13 00:00:00,525.5159,531.7034,524.7326,531.3861,28714800
1739543400,2025-02-14 00:00:00,531.4952,534.3014,531.1580,533.6172,17862600
1739889000,2025-02-18 00:00:00,535.1839,535.4516,531.5249,534.8269,20565000
1739975400,2025-02-19 00:00:00,534.0336,536.2548,531.9414,534.9756,19666900
1740061800,2025-02-20 00:00:00,534.1922,534.5591,527.9751,532.7048,26550800
1740148200,2025-02-21 00:00:00,533.8453,533.8651,521.2820,521.6489,47093800
1740407400,2025-02-24 00:00:00,523.4336,524.6136,515.1540,515.4911,39268400
1740493800,2025-02-25 00:00:00,514.8664,514.9457,505.1490,508.9963,48940000
1740580200,2025-02-26 00:00:00,511.1876,515.2828,507.0626,510.2258,34457600
1740666600,2025-02-27 00:00:00,513.7658,514.6979,495.8381,496.0562,52448000
1740753000,2025-02-28 00:00:00,495.9174,504.4946,492.7444,503.8897,47654000
1741012200,2025-03-03 00:00:00,507.2115,508.7186,489.4226,492.8633,44587200
1741098600,2025-03-04 00:00:00,490.0175,499.4970,483.6318,491.3760,67875400
1741185000,2025-03-05 00:00:00,492.0205,499.3879,487.1221,497.7816,46323700
1741271400,2025-03-06 00:00:00,489.5316,494.3804,482.1047,484.0879,57574300
1741357800,2025-03-07 00:00:00,483.0566,489.1251,476.4825,487.6476,54714700
1741613400,2025-03-10 00:00:00,479.3779,479.8935,464.7124,468.7482,76668000
1741699800,2025-03-11 00:00:00,468.3714,474.7769,463.0764,467.6277,68760800
1741786200,2025-03-12 00:00:00,475.1240,477.0080,467.8161,472.9029,46971100
1741872600,2025-03-13 00:00:00,472.2385,472.2683,462.5013,464.3952,46563300
1741959000,2025-03-14 00:00:00,469.7397,476.5122,469.1349,475.6198,43563000
1742218200,2025-03-17 00:00:00,475.5702,481.7477,473.7754,478.7036,41744400
1742304600,2025-03-18 00:00:00,475.3719,475.5702,468.4309,470.5430,39072300
1742391000,2025-03-19 00:00:00,472.7938,481.2420,470.8701,476.8394,40430300
1742477400,2025-03-20 00:00:00,472.8633,480.4687,472.1692,475.2232,36780500
1742563800,2025-03-21 00:00:00,470.0868,477.5533,468.9266,476.7898,42234900
1742823000,2025-03-24 00:00:00,484.3530,488.0968,481.0362,487.2527,34567200
1742909400,2025-03-25 00:00:00,487.9776,490.1921,487.0144,490.0332,26035200
1742995800,2025-03-26 00:00:00,488.8813,489.7353,479.4671,481.0163,34627100
1743082200,2025-03-27 00:00:00,479.0600,483.2010,476.9150,478.2755,33469800
1743168600,2025-03-28 00:00:00,476.4780,477.1831,464.7997,465.6835,46363800
1743427800,2025-03-31 00:00:00,458.7123,466.5971,454.1541,465.6637,53000300
1743514200,2025-04-01 00:00:00,464.0549,470.3410,461.1949,469.4174,41156200
1743600600,2025-04-02 00:00:00,462.8831,476.2298,462.6249,472.8435,49894500
1743687000,2025-04-03 00:00:00,453.2703,456.8751,447.0141,447.5305,70456300
1743773400,2025-04-04 00:00:00,435.0974,437.3119,419.7348,419.7348,117088400
1744032600,2025-04-07 00:00:00,405.8221,440.0627,399.5957,420.7477,161557000
1744119000,2025-04-08 00:00:00,435.1173,440.0627,406.9443,413.1707,101248100
1744205400,2025-04-09 00:00:00,412.6841,464.5812,412.5451,462.7639,142876900
1744291800,2025-04-10 00:00:00,450.4103,452.4262,429.6257,443.0815,108384100
1744378200,2025-04-11 00:00:00,441.5622,452.6248,438.2652,451.2445,52483800
1744637400,2025-04-14 00:00:00,461.2346,461.8205,449.4867,454.3031,43941200
1744723800,2025-04-15 00:00:00,455.3557,459.1691,452.9823,454.8095,35404200
1744810200,2025-04-16 00:00:00,445.9118,449.4769,434.7201,441.0955,48980600
1744896600,2025-04-17 00:00:00,444.0647,444.6407,438.2950,441.0160,44837000
1745242200,2025-04-21 00:00:00,435.1868,436.0309,424.9583,430.1023,44149300
1745328600,2025-04-22 00:00:00,435.7727,444.4719,434.5810,441.3934,52304400
1745415000,2025-04-23 00:00:00,454.9883,460.1621,449.7350,451.4034,55801100
1745501400,2025-04-24 00:00:00,453.3101,464.4124,452.6646,464.1046,45956100
1745587800,2025-04-25 00:00:00,463.7272,469.8047,462.1582,469.2784,38697100
1745847000,2025-04-28 00:00:00,469.7451,471.5128,462.7937,469.1294,33550800
1745933400,2025-04-29 00:00:00,466.9050,473.1116,466.3290,472.2277,30613100
1746019800,2025-04-30 00:00:00,463.8861,473.8861,459.2187,472.1682,46810600
1746106200,2025-05-01 00:00:00,480.0530,483.7968,477.4015,478.3350,43316500
1746192600,2025-05-02 00:00:00,483.1613,487.5009,481.4631,485.4354,39218100
1746451800,2025-05-05 00:00:00,481.2348,485.6340,480.7382,482.5555,28309500
1746538200,2025-05-06 00:00:00,476.2298,481.6816,474.8693,478.0669,32786300
1746624600,2025-05-07 00:00:00,478.7323,482.4264,473.4691,479.9438,38006300
1746711000,2025-05-08 00:00:00,485.1375,489.2785,480.8078,484.8991,39577600
1746797400,2025-05-09 00:00:00,486.8059,488.1266,482.8237,484.5814,27767400
1747056600,2025-05-12 00:00:00,503.4693,504.3630,497.9975,504.3233,45090600
1747143000,2025-05-13 00:00:00,505.6242,513.7971,504.8894,512.0096,53269600
1747229400,2025-05-14 00:00:00,513.1814,515.6242,512.1684,515.0781,47014500
1747315800,2025-05-15 00:00:00,512.9331,518.3055,511.5924,515.6441,50153300
1747402200,2025-05-16 00:00:00,517.0444,518.0772,513.5091,517.8885,48394600
1747661400,2025-05-19 00:00:00,510.6689,518.9014,510.6689,518.3850,52536200
1747747800,2025-05-20 00:00:00,515.8627,517.3126,513.0722,516.6572,42517600
1747834200,2025-05-21 00:00:00,512.6848,519.3681,507.6897,509.4772,71292800
1747920600,2025-05-22 00:00:00,510.0930,514.1149,508.7424,510.4306,55607200
1748007000,2025-05-23 00:00:00,502.6649,508.2856,502.0691,505.7037,58368100
1748352600,2025-05-27 00:00:00,512.5657,518.0871,511.0166,517.6005,47226300
1748439000,2025-05-28 00:00:00,518.5538,520.0434,514.7901,515.3065,46637200
1748525400,2025-05-29 00:00:00,522.6750,522.8240,513.7276,516.3195,58513300
1748611800,2025-05-30 00:00:00,515.8329,517.0642,508.3750,515.5051,67662800
1748871000,2025-06-02 00:00:00,513.6481,519.8150,512.3869,519.5767,44762800
1748957400,2025-06-03 00:00:00,519.9242,525.0682,519.0603,523.6382,44070300
1749043800,2025-06-04 00:00:00,524.3433,526.1606,522.3174,525.0980,41359300
1749130200,2025-06-05 00:00:00,526.4983,529.3483,519.0305,521.1457,61031200
1749216600,2025-06-06 00:00:00,526.3195,528.1070,524.5420,526.2401,42467000
1749475800,2025-06-09 00:00:00,526.4585,528.6532,525.3364,527.0146,33688700
1749562200,2025-06-10 00:00:00,527.4813,531.1855,525.2172,530.5002,40664800
1749648600,2025-06-11 00:00:00,531.9004,533.0524,526.4287,528.7127,53701000
1749735000,2025-06-12 00:00:00,527.4020,530.9273,527.1537,529.9541,34104900
1749821400,2025-06-13 00:00:00,524.0156,528.1765,522.0792,523.3007,55814400
1750080600,2025-06-16 00:00:00,526.8161,531.6522,526.7664,530.5797,37622100
1750167000,2025-06-17 00:00:00,528.0177,529.6264,524.2440,525.4059,42180900
1750253400,2025-06-18 00:00:00,526.4187,528.8517,523.7375,525.3165,43983500
1750426200,2025-06-20 00:00:00,528.5638,529.8548,521.2350,523.1715,61643500
1750685400,2025-06-23 00:00:00,523.7392,529.0680,520.5977,528.5510,50666100
1750771800,2025-06-24 00:00:00,533.7604,537.5482,533.1441,536.6336,45442000
1750858200,2025-06-25 00:00:00,538.9003,540.1430,536.2359,538.0055,44804200
1750944600,2025-06-26 00:00:00,540.1827,543.4834,538.3635,543.0360,43811400
1751031000,2025-06-27 00:00:00,544.0700,546.7840,541.3658,544.8951,57577100
1751290200,2025-06-30 00:00:00,548.0466,549.5776,545.8098,548.4244,45548700
1751376600,2025-07-01 00:00:00,546.5255,547.4999,541.4851,543.8015,56166700
1751463000,2025-07-02 00:00:00,542.9763,547.7881,542.9366,547.5893,36538300
1751549400,2025-07-03 00:00:00,549.9555,553.9521,549.9555,552.9778,26443500
1751895000,2025-07-07 00:00:00,550.2935,551.1087,546.3765,548.8122,45349300
1751981400,2025-07-08 00:00:00,550.1543,550.7807,547.8876,549.1204,36153300
1752067800,2025-07-09 00:00:00,551.2478,554.3795,549.8758,553.0075,43045500
1752154200,2025-07-10 00:00:00,553.6438,554.0514,549.5279,552.2122,34710900
1752240600,2025-07-11 00:00:00,550.0747,552.5502,548.8320,550.9695,39618600
1752499800,2025-07-14 00:00:00,550.7607,553.7035,548.4145,552.9678,36453300
1752586200,2025-07-15 00:00:00,556.9842,557.5310,553.4151,553.4747,43277700
1752672600,2025-07-16 00:00:00,554.0317,556.9446,548.3450,554.0416,52314700
1752759000,2025-07-17 00:00:00,554.7673,559.0323,553.9621,558.5253,40423800
1752845400,2025-07-18 00:00:00,559.8376,561.4382,556.7159,557.9885,50484700
1753104600,2025-07-21 00:00:00,558.8136,562.7604,558.7837,560.8814,39595200
1753191000,2025-07-22 00:00:00,561.0107,561.0604,555.3538,557.9785,43270600
1753277400,2025-07-23 00:00:00,559.0621,560.5632,556.3182,560.5235,40215300
1753363800,2025-07-24 00:00:00,561.8358,562.9394,560.0065,561.7166,42275500
1753450200,2025-07-25 00:00:00,561.6369,564.3908,560.9808,563.0685,30630800
1753709400,2025-07-28 00:00:00,564.4306,565.7230,563.5657,564.8283,31498700
1753795800,2025-07-29 00:00:00,567.4330,568.7751,563.2276,563.9534,45463300
1753882200,2025-07-30 00:00:00,564.8681,567.2939,561.7563,564.7090,43433800
1753968600,2025-07-31 00:00:00,571.1910,571.2805,560.5832,561.7166,64613600
1754055000,2025-08-01 00:00:00,555.5726,555.7615,548.4642,550.6514,69400800
1754314200,2025-08-04 00:00:00,555.7912,561.0305,555.6918,560.8118,47669800
1754400600,2025-08-05 00:00:00,562.0943,563.2575,556.4673,557.0042,48666600
1754487000,2025-08-06 00:00:00,557.8392,564.4505,557.3621,564.0131,41823700
1754573400,2025-08-07 00:00:00,568.3377,569.9781,561.8159,565.9219,44463000
1754659800,2025-08-08 00:00:00,567.1249,571.4197,566.8266,571.2009,35255500
1754919000,2025-08-11 00:00:00,571.3401,573.4378,568.2383,569.5108,33112900
1755005400,2025-08-12 00:00:00,571.8073,576.9670,569.1528,576.6688,42143300
1755091800,2025-08-13 00:00:00,579.3630,579.9197,575.5652,576.9571,41209300
1755178200,2025-08-14 00:00:00,574.9092,578.4882,574.5413,576.5098,45425000
1755264600,2025-08-15 00:00:00,576.4203,576.4601,572.2150,573.9747,49480200
1755523800,2025-08-18 00:00:00,573.0799,574.4022,571.8869,573.7460,29831000
1755610200,2025-08-19 00:00:00,573.0301,573.1991,564.9376,565.9616,53752600
1755696600,2025-08-20 00:00:00,565.0172,565.1365,555.5825,562.6014,76781100
1755783000,2025-08-21 00:00:00,561.0604,563.1879,557.7100,559.9966,46436900
1755869400,2025-08-22 00:00:00,561.3785,570.6442,559.9867,568.6359,51502100
1756128600,2025-08-25 00:00:00,567.0751,569.9482,565.8423,566.9955,34044700
1756215000,2025-08-26 00:00:00,566.5084,569.5803,565.4844,569.2722,34103000
1756301400,2025-08-27 00:00:00,568.2582,571.0617,567.0453,570.1471,36927100
1756387800,2025-08-28 00:00:00,570.7635,574.6308,569.1231,573.7162,46787900
1756474200,2025-08-29 00:00:00,571.3102,571.6781,565.2259,567.0751,56030400
1756819800,2025-09-02 00:00:00,558.0381,562.6709,556.2784,562.3230,65876800
1756906200,2025-09-03 00:00:00,565.9119,568.3675,563.4265,566.7470,54230200
1756992600,2025-09-04 00:00:00,567.4131,572.2448,565.7131,571.8770,47526300
1757079000,2025-09-05 00:00:00,577.1062,577.7325,568.1985,572.7020,68342500
1757338200,2025-09-08 00:00:00,574.9986,577.4543,574.4022,575.4957,46371400
1757424600,2025-09-09 00:00:00,576.2911,577.5537,573.6764,577.1262,44007600
1757511000,2025-09-10 00:00:00,580.3373,580.3672,575.1776,577.3151,49308000
1757597400,2025-09-11 00:00:00,579.8403,581.4707,578.2297,580.6754,44745800
1757683800,2025-09-12 00:00:00,581.6297,584.4333,580.6952,583.2403,50745900
1757943000,2025-09-15 00:00:00,585.0100,588.3404,584.8608,588.2311,44360300
1758029400,2025-09-16 00:00:00,589.1557,589.4042,587.0480,587.7340,36942100
1758115800,2025-09-17 00:00:00,587.6544,588.3007,580.9637,586.5609,69384800
1758202200,2025-09-18 00:00:00,591.4422,594.6534,589.5036,591.8499,61069300
1758288600,2025-09-19 00:00:00,593.8481,596.5523,592.3767,595.8563,58196100
1758547800,2025-09-22 00:00:00,594.9447,600.0507,594.9248,599.3839,57154800
1758634200,2025-09-23 00:00:00,599.5530,599.7521,594.1882,595.4025,64635500
1758720600,2025-09-24 00:00:00,596.7761,597.0946,590.5851,593.3123,49850300
1758807000,2025-09-25 00:00:00,589.4306,592.3369,585.7479,590.7544,70920200
1758893400,2025-09-26 00:00:00,591.5705,593.5114,588.2959,593.1829,54337400
1759152600,2025-09-29 00:00:00,596.3082,599.2345,594.6162,595.9300,48332900
1759239000,2025-09-30 00:00:00,595.6314,597.9008,593.3123,597.5624,46533800
1759325400,2025-10-01 00:00:00,594.3773,600.9663,593.5512,600.4289,46899600
1759411800,2025-10-02 00:00:00,604.2210,604.3205,600.1103,602.8972,43765400
1759498200,2025-10-03 00:00:00,603.6736,604.4898,598.5776,600.3592,46482100
1759757400,2025-10-06 00:00:00,605.6046,606.5103,603.1361,604.8680,41962100
1759843800,2025-10-07 00:00:00,606.1719,606.8587,600.2099,601.6830,58209500
1759930200,2025-10-08 00:00:00,602.5787,608.8891,602.4294,608.5805,50629800
1760016600,2025-10-09 00:00:00,608.6204,608.7498,604.6391,607.8441,45551000
1760103000,2025-10-10 00:00:00,608.5408,610.3125,586.2953,586.7432,97614800
1760362200,2025-10-13 00:00:00,596.8756,600.1303,594.4370,599.1947,65872600
1760448600,2025-10-14 00:00:00,592.5259,599.8714,587.3702,595.2034,69203200
1760535000,2025-10-15 00:00:00,601.1853,603.8627,593.1431,599.4036,62805500
1760621400,2025-10-16 00:00:00,602.2801,605.4652,592.7151,597.1841,70982000
1760707800,2025-10-17 00:00:00,595.1536,602.6783,593.5810,601.1057,72024900
1760967000,2025-10-20 00:00:00,604.3007,609.9342,604.2310,608.6801,45761700
1761053400,2025-10-21 00:00:00,608.7797,609.8546,606.4705,608.5209,44538200
1761139800,2025-10-22 00:00:00,607.9635,608.5507,596.9353,602.6584,61478800
1761226200,2025-10-23 00:00:00,602.0811,608.5109,601.6930,607.7246,42844300
1761312600,2025-10-24 00:00:00,613.1093,615.5279,612.2534,614.2141,47632500
1761571800,2025-10-27 00:00:00,621.5994,625.6105,621.1117,625.1527,54098600
1761658200,2025-10-28 00:00:00,627.4121,631.7119,626.3073,629.9601,61195700
1761744600,2025-10-29 00:00:00,632.6176,634.0309,627.3025,632.7968,67422800
1761831000,2025-10-30 00:00:00,629.2136,630.5374,623.0128,623.1223,61628600
1761917400,2025-10-31 00:00:00,631.2042,631.2341,623.7592,626.1281,66305100
1762180200,2025-11-03 00:00:00,632.1399,632.8466,626.9045,629.1241,37154300
1762266600,2025-11-04 00:00:00,620.3652,624.0180,615.5677,616.3540,63830800
1762353000,2025-11-05 00:00:00,615.5975,623.6696,614.3236,620.3652,48688500
1762439400,2025-11-06 00:00:00,618.8821,619.1309,607.4459,608.8094,72115100
1762525800,2025-11-07 00:00:00,605.4652,607.0975,595.8703,606.8885,81835400
1762785000,2025-11-10 00:00:00,616.0255,621.3903,614.0051,620.3154,55919900
1762871400,2025-11-11 00:00:00,617.6679,619.8078,614.6322,618.6632,44868800
1762957800,2025-11-12 00:00:00,621.9180,621.9378,614.9208,618.1755,47444400
1763044200,2025-11-13 00:00:00,614.6520,615.2293,603.2457,605.5548,71333600
1763130600,2025-11-14 00:00:00,596.7462,610.4817,594.3774,606.0127,80087300
1763389800,2025-11-17 00:00:00,603.4646,609.6157,597.0647,600.8370,63850400
1763476200,2025-11-18 00:00:00,596.8158,599.4932,588.5746,593.5213,83327300
1763562600,2025-11-19 00:00:00,594.2778,603.3253,591.8094,597.0647,73111500
1763649000,2025-11-20 00:00:00,608.7597,611.1585,582.0154,582.9311,117743200
1763735400,2025-11-21 00:00:00,584.7227,594.1882,578.0242,587.3105,103344200
1763994600,2025-11-24 00:00:00,592.4962,603.8428,592.3767,602.3299,60168100
1764081000,2025-11-25 00:00:00,600.6877,607.4061,594.5266,606.0425,57560900
1764167400,2025-11-26 00:00:00,609.6456,613.3084,607.5355,611.3974,42393600
1764340200,2025-11-28 00:00:00,613.2287,616.4237,612.5419,616.3540,23034400
1764599400,2025-12-01 00:00:00,610.7603,616.5432,609.6555,614.2838,40957600
1764685800,2025-12-02 00:00:00,616.5631,620.8330,614.7018,619.0912,54541800
1764772200,2025-12-03 00:00:00,616.7223,621.3007,615.1397,620.6041,47841600
1764858600,2025-12-04 00:00:00,622.0074,622.0174,616.6426,620.0267,47067800
1764945000,2025-12-05 00:00:00,621.4601,625.9788,620.7933,622.5549,53614200
1765204200,2025-12-08 00:00:00,624.2768,625.8992,618.7826,621.3605,43462400
1765290600,2025-12-09 00:00:00,620.0965,622.9431,618.0959,622.1270,37156000
1765377000,2025-12-10 00:00:00,620.9325,626.2675,618.0859,624.6749,55031400
1765463400,2025-12-11 00:00:00,620.9027,622.8536,614.8312,622.6545,58272800
1765549800,2025-12-12 00:00:00,619.1708,620.6239,608.5009,610.7503,75158700
1765809000,2025-12-15 00:00:00,615.4782,615.5279,606.4705,607.6848,49538200
1765895400,2025-12-16 00:00:00,605.4155,610.6409,604.0718,608.8892,55152800
1765981800,2025-12-17 00:00:00,610.1930,610.7802,597.4728,597.6021,70654300
1766068200,2025-12-18 00:00:00,606.9482,610.0636,604.0817,606.2614,78875800
1766154600,2025-12-19 00:00:00,609.0882,614.7316,609.0085,614.1643,60369800
1766413800,2025-12-22 00:00:00,619.2410,619.5401,615.6732,617.1083,43703100
1766500200,2025-12-23 00:00:00,616.1017,620.2974,615.6832,619.9984,41120400
1766586600,2025-12-24 00:00:00,619.8788,622.1611,619.6097,621.8123,18468700
1766759400,2025-12-26 00:00:00,622.5398,623.3969,621.0250,621.7725,28959800
1767018600,2025-12-29 00:00:00,617.9952,620.6662,616.6299,618.7626,32458300
1767105000,2025-12-30 00:00:00,617.7362,620.0682,617.1183,617.3276,31226800
1767191400,2025-12-31 00:00:00,617.5468,617.8558,611.9658,612.2249,40746500
1767364200,2026-01-02 00:00:00,617.9554,620.7359,608.0791,611.0389,61859200
1767623400,2026-01-05 00:00:00,617.2179,618.7028,614.6267,615.8924,46828400
1767709800,2026-01-06 00:00:00,617.1282,621.9020,616.4405,621.3040,43137500
1767796200,2026-01-07 00:00:00,620.9253,625.8087,620.4470,621.9020,44880300
1767882600,2026-01-08 00:00:00,620.9153,621.3040,615.7030,618.3640,50435900
1767969000,2026-01-09 00:00:00,619.3008,625.7589,616.9588,624.5231,49688700
1768228200,2026-01-12 00:00:00,620.1978,626.7156,620.1480,625.0413,37388700
1768314600,2026-01-13 00:00:00,625.1410,627.3335,621.5831,624.1144,44481400
1768401000,2026-01-14 00:00:00,620.1280,621.3339,612.4741,617.4471,72598700
1768487400,2026-01-15 00:00:00,624.4732,627.8617,618.6431,619.6696,53934900
1768573800,2026-01-16 00:00:00,623.3770,623.9550,616.7794,619.1514,61058100
1768919400,2026-01-20 00:00:00,608.4578,612.9724,604.9896,605.9962,81988900
1769005800,2026-01-21 00:00:00,607.4013,618.3142,605.7968,614.1883,79837900
1769092200,2026-01-22 00:00:00,620.2376,620.3473,615.6831,618.6530,42254800
1769178600,2026-01-23 00:00:00,617.6265,623.2773,616.5503,620.6064,43645800
1769437800,2026-01-26 00:00:00,621.0947,625.4798,620.0084,623.3371,35983000
1769524200,2026-01-27 00:00:00,626.7754,629.8947,625.2107,628.9879,38997200
1769610600,2026-01-28 00:00:00,633.3031,634.4392,629.6655,631.0707,50691700
1769697000,2026-01-29 00:00:00,630.5027,631.5192,616.1715,627.2936,79944000
1769783400,2026-01-30 00:00:00,623.5862,626.1275,617.1979,619.7592,65650700
1770042600,2026-02-02 00:00:00,616.6000,626.3568,616.5601,624.0148,49020300
1770129000,2026-02-03 00:00:00,626.1674,627.8417,608.8863,614.4274,81234000
1770215400,2026-02-04 00:00:00,612.9325,613.0122,598.4319,603.6940,81850700
1770301800,2026-02-05 00:00:00,598.1728,602.7572,592.7413,595.0036,89354500
1770388200,2026-02-06 00:00:00,598.1528,609.3347,596.7377,607.5807,78019300
1770647400,2026-02-09 00:00:00,605.4779,614.3677,603.0163,612.2349,56797600
1770733800,2026-02-10 00:00:00,613.2216,614.9258,608.9362,609.3946,53938900
1770820200,2026-02-11 00:00:00,614.2879,615.4241,605.6274,611.0290,58575100
1770906600,2026-02-12 00:00:00,612.6236,613.7198,597.5349,598.6013,81378900
1770993000,2026-02-13 00:00:00,598.3920,604.4215,594.3956,599.8770,69237500
1771338600,2026-02-17 00:00:00,596.3490,601.9001,591.3261,599.2590,69013800
1771425000,2026-02-18 00:00:00,600.0663,607.7004,598.6810,603.7338,64250700
1771511400,2026-02-19 00:00:00,600.7640,603.7638,598.7110,601.4217,60960800
1771597800,2026-02-20 00:00:00,598.0831,608.2784,597.1962,606.7437,74127300
1771857000,2026-02-23 00:00:00,604.5510,605.9463,597.0167,599.3687,63859100
1771943400,2026-02-24 00:00:00,600.3554,606.9230,597.6944,605.8068,55023700
1772029800,2026-02-25 00:00:00,608.9959,614.7364,608.9261,614.5869,55710700
1772116200,2026-02-26 00:00:00,613.5007,613.5007,601.9300,607.1722,96178900
1772202600,2026-02-27 00:00:00,600.9334,606.2553,600.1461,605.2288,68125200
1772461800,2026-03-02 00:00:00,596.8273,607.8497,595.9602,606.0260,75264600
1772548200,2026-03-03 00:00:00,594.3060,601.9101,589.8611,599.5381,97015500
1772634600,2026-03-04 00:00:00,602.1094,610.7998,601.3819,608.6771,70943900
1772721000,2026-03-05 00:00:00,605.3384,610.6802,600.2159,606.8433,89602400
1772807400,2026-03-06 00:00:00,598.2724,603.9431,596.2991,597.7143,86302300
1773063000,2026-03-09 00:00:00,592.2130,607.2020,589.3229,605.6971,93068200
1773149400,2026-03-10 00:00:00,605.7171,611.2084,603.3651,605.7072,64078900
1773235800,2026-03-11 00:00:00,606.8832,610.3513,602.9765,605.6274,60114800
1773322200,2026-03-12 00:00:00,600.7142,602.0895,595.0235,595.2328,71836600
1773408600,2026-03-13 00:00:00,597.6944,601.5512,590.5587,591.7048,63145500
1773667800,2026-03-16 00:00:00,598.0034,601.8104,597.0765,598.3422,49077200
1773754200,2026-03-17 00:00:00,601.0929,603.8435,599.8272,601.2623,47106600
1773840600,2026-03-18 00:00:00,599.4484,601.1127,592.5419,592.8808,56128000
1773927000,2026-03-19 00:00:00,587.5091,593.7777,585.0874,591.0072,75597600
1774013400,2026-03-20 00:00:00,589.0539,589.1635,576.5763,580.0844,91964700
1774272600,2026-03-23 00:00:00,589.2578,593.8080,584.7075,586.7432,89936100
1774359000,2026-03-24 00:00:00,583.5599,586.6733,580.6861,582.7317,57750900
1774445400,2026-03-25 00:00:00,587.8807,590.1059,584.4381,586.5635,60475500
1774531800,2026-03-26 00:00:00,581.3546,583.3803,572.2043,572.5635,81492100
1774618200,2026-03-27 00:00:00,569.5898,569.7994,560.3696,561.3774,82702200
1774877400,2026-03-30 00:00:00,566.1673,566.8358,554.4124,557.0867,70602600
1774963800,2026-03-31 00:00:00,563.0838,577.4031,563.0040,575.9462,95878000
1775050200,2026-04-01 00:00:00,580.2371,586.4837,579.1793,583.0610,79435100
1775136600,2026-04-02 00:00:00,572.7431,584.7973,570.6975,583.7296,50941700
1775482200,2026-04-06 00:00:00,584.9769,589.3475,583.4402,587.2421,35108500
1775568600,2026-04-07 00:00:00,584.3882,587.7210,577.1637,587.3319,49948200
1775655000,2026-04-08 00:00:00,607.4089,608.5963,600.8329,604.7945,63086000
1775741400,2026-04-09 00:00:00,604.6348,609.1950,601.7410,608.8857,37837500
1775827800,2026-04-10 00:00:00,610.5322,612.3582,608.2770,609.7638,34038500
1776087000,2026-04-13 00:00:00,608.1772,625.4004,606.8102,616.0704,32972100
1776173400,2026-04-14 00:00:00,618.8942,627.2563,618.7745,627.2563,49921100
1776259800,2026-04-15 00:00:00,627.7353,636.4666,626.8572,636.0375,50102400
1776346200,2026-04-16 00:00:00,637.8437,640.8073,633.9021,639.1010,42320600
1776432600,2026-04-17 00:00:00,644.2100,648.6106,642.6933,647.4630,53488900
1776691800,2026-04-20 00:00:00,646.6547,647.3732,641.1466,645.4074,37138500
1776778200,2026-04-21 00:00:00,647.0240,648.8102,640.8373,642.9528,39580500
1776864600,2026-04-22 00:00:00,648.7603,653.9292,647.1338,653.7097,37368400
1776951000,2026-04-23 00:00:00,652.1530,655.5158,644.1402,650.0275,40099800
1777037400,2026-04-24 00:00:00,657.1024,663.0896,655.1267,662.4609,45563100
1777296600,2026-04-27 00:00:00,661.9820,663.0098,659.2778,662.8102,32717000
1777383000,2026-04-28 00:00:00,656.0048,658.2300,652.4125,656.1445,34147900
1777469400,2026-04-29 00:00:00,657.2222,660.3055,655.1865,660.1559,31724900
1777555800,2026-04-30 00:00:00,663.9278,667.4702,656.1545,666.3127,40622200
1777642200,2026-05-01 00:00:00,667.7297,674.5251,667.3704,672.7090,39172600
1777901400,2026-05-04 00:00:00,673.2179,675.2835,667.4702,671.4417,34542000
1777987800,2026-05-05 00:00:00,676.5109,681.3106,676.0618,680.1530,37101100
1778074200,2026-05-06 00:00:00,686.3099,694.4424,685.0126,694.2828,38778500
1778160600,2026-05-07 00:00:00,695.0910,699.7411,690.2913,693.4545,43779100
1778247000,2026-05-08 00:00:00,698.4239,709.7097,698.0048,709.7097,44320400
1778506200,2026-05-11 00:00:00,708.8416,713.0626,707.3947,711.7653,36019100
1778592600,2026-05-12 00:00:00,706.7061,708.6619,695.1509,705.7282,45873000
1778679000,2026-05-13 00:00:00,708.4425,715.1182,703.3234,713.1823,40012500
1778765400,2026-05-14 00:00:00,713.0925,720.4867,712.6933,718.2514,33327500
1778851800,2026-05-15 00:00:00,708.6220,713.6014,704.0418,707.4146,51792700
1779111000,2026-05-18 00:00:00,710.0190,710.5479,697.3562,704.3712,49834500
1779197400,2026-05-19 00:00:00,698.3142,704.9799,693.7639,700.0305,46827500
1779283800,2026-05-20 00:00:00,703.7824,711.6256,702.2856,711.6256,36779200
1779370200,2026-05-21 00:00:00,707.4745,715.5871,705.2593,712.9827,36415400
1779456600,2026-05-22 00:00:00,716.5351,720.5765,714.4197,716.0062,33118600
1779802200,2026-05-26 00:00:00,724.4082,729.6070,722.6120,728.7190,34254700
1779888600,2026-05-27 00:00:00,731.3933,731.7525,723.8893,727.8907,35148700
1779975000,2026-05-28 00:00:00,728.1702,735.0255,724.8573,734.0276,32840000
1780061400,2026-05-29 00:00:00,736.2628,740.0447,733.6784,736.7318,37541700
1780320600,2026-06-01 00:00:00,735.4645,744.0562,734.4168,741.1523,33890600
1780407000,2026-06-02 00:00:00,740.8131,744.8444,737.6498,744.5650,30085200
1780493400,2026-06-03 00:00:00,745.7126,747.0498,739.4261,742.6193,40270200
1780579800,2026-06-04 00:00:00,733.9079,741.9108,731.0540,739.0269,40782600
1780666200,2026-06-05 00:00:00,728.4994,730.1259,702.8144,703.5529,99606600
1780925400,2026-06-08 00:00:00,716.2757,721.4846,711.5458,714.5394,47401500
1781011800,2026-06-09 00:00:00,721.4346,724.1089,684.9029,706.3170,91932200
1781098200,2026-06-10 00:00:00,700.1601,709.7596,691.4488,692.2072,65334300
1781184600,2026-06-11 00:00:00,697.7953,716.8345,693.5144,715.5872,71798900
1781271000,2026-06-12 00:00:00,716.0761,722.4624,709.7597,719.7982,51168400
1781530200,2026-06-15 00:00:00,736.5223,743.1681,735.8038,742.4097,46710200
1781616600,2026-06-16 00:00:00,740.6634,742.6292,728.0804,728.2999,45348700
1781703000,2026-06-17 00:00:00,733.6185,734.1075,719.3092,720.9656,51669300
1781789400,2026-06-18 00:00:00,735.6243,740.2344,730.9443,739.0369,50154600
1782135000,2026-06-22 00:00:00,741.2476,744.6740,733.6255,737.1818,43518600
1782221400,2026-06-23 00:00:00,714.9950,722.8568,711.3687,712.9072,53354200
1782307800,2026-06-24 00:00:00,714.6254,719.1806,703.7167,709.8803,52480400
1782394200,2026-06-25 00:00:00,725.1444,726.0734,704.5658,715.6343,49668000
1782480600,2026-06-26 00:00:00,706.3940,714.8152,702.0784,705.7846,47081800
1782739800,2026-06-29 00:00:00,713.2468,723.8258,704.4359,723.3263,44939100
1782826200,2026-06-30 00:00:00,723.4262,736.8522,723.1564,735.6335,42121800
1782912600,2026-07-01 00:00:00,728.4309,731.1581,723.8457,724.4151,40803800
1782999000,2026-07-02 00:00:00,724.8247,730.0693,706.8235,711.8582,50959800
1783344600,2026-07-06 00:00:00,719.1806,725.3242,717.7022,722.0676,30220400
1783431000,2026-07-07 00:00:00,713.4266,715.6043,704.1663,708.6915,42483100
1783517400,2026-07-08 00:00:00,704.2162,711.5186,700.1804,710.6995,35603200
1783603800,2026-07-09 00:00:00,717.5823,723.4761,714.3856,722.5272,33654700
1783690200,2026-07-10 00:00:00,719.9498,725.6339,716.2537,724.7548,26415900
1783949400,2026-07-13 00:00:00,716.9728,717.9918,709.3408,710.9991,36552400
1784035800,2026-07-14 00:00:00,719.4703,721.5381,713.5965,718.9409,29448100
1784122200,2026-07-15 00:00:00,723.0965,723.6060,709.4907,716.9929,32627600
1784208600,2026-07-16 00:00:00,711.2688,712.8571,701.8786,705.2051,39402000
1784295000,2026-07-17 00:00:00,690.9300,701.5689,686.0451,694.6062,54109300
1784554200,2026-07-20 00:00:00,701.4291,705.0653,694.7860,695.3354,29687600
1784640600,2026-07-21 00:00:00,705.8345,709.3109,702.0684,708.2320,33728300
1784727000,2026-07-22 00:00:00,702.8875,708.9113,702.8875,704.6157,23692200
1784813400,2026-07-23 00:00:00,693.9469,697.9327,687.0740,691.2397,44028600
1784899800,2026-07-24 00:00:00,689.6913,691.9090,681.7696,683.5178,42876700
1785159000,2026-07-27 00:00:00,690.9600,691.5794,675.2464,681.4100,42681500
1785245400,2026-07-28 00:00:00,675.5261,678.6928,667.1848,674.7869,51398700
1785331800,2026-07-29 00:00:00,674.8068,679.3421,660.4518,661.0411,57233300
1785418200,2026-07-30 00:00:00,674.0576,684.4068,672.5991,682.8384,66753700
1785504600,2026-07-31 00:00:00,691.3896,695.0458,679.3421,687.2739,50540500
1785763800,2026-08-03 00:00:00,687.5835,700.8597,685.1061,699.3413,44965100
1785850200,2026-08-04 00:00:00,707.4228,724.9046,706.7935,723.0965,59778600
1785936600,2026-08-05 00:00:00,725.4940,727.7816,716.1737,716.5533,33540200
1786023000,2026-08-06 00:00:00,710.0801,718.5712,707.7625,713.9061,33035900
1786109400,2026-08-07 00:00:00,719.4004,722.8768,715.7642,722.2774,31070400
1786368600,2026-08-10 00:00:00,721.6381,723.9157,719.5802,720.1196,26243200
1786455000,2026-08-11 00:00:00,722.5371,722.5970,714.7552,717.7021,29286100
1786541400,2026-08-12 00:00:00,726.3232,726.4930,722.1675,722.9467,29066000
1786627800,2026-08-13 00:00:00,724.3952,733.1960,723.2764,731.3080,31599700
1786714200,2026-08-14 00:00:00,732.6466,733.6256,727.5619,730.3090,23790600
1786973400,2026-08-17 00:00:00,732.1870,733.8153,728.5109,729.1102,26452600
1787059800,2026-08-18 00:00:00,719.4603,721.3783,715.1748,716.7631,48997200
1787146200,2026-08-19 00:00:00,719.6401,720.7489,711.8682,715.3346,35801700
1787232600,2026-08-20 00:00:00,711.3488,714.1958,707.7825,710.1899,33396400
1787319000,2026-08-21 00:00:00,714.4855,714.9250,708.4618,712.6974,33399400
1787578200,2026-08-24 00:00:00,708.9213,709.0511,701.9686,705.5848,37443100
1787664600,2026-08-25 00:00:00,710.4796,713.2967,706.7136,709.9802,23869600
1787751000,2026-08-26 00:00:00,707.6726,712.2778,707.2330,710.6295,20392400
1787837400,2026-08-27 00:00:00,716.1837,720.5991,713.7863,720.3594,28723500
1787923800,2026-08-28 00:00:00,718.9908,723.3763,714.3457,715.6843,34105400
1788183000,2026-08-31 00:00:00,714.4255,716.8331,712.4176,716.0139,32237200
1788269400,2026-09-01 00:00:00,706.6536,711.5585,703.9264,706.9034,35236100
1788355800,2026-09-02 00:00:00,706.3639,709.0611,704.3660,708.5017,23476200
1788442200,2026-09-03 00:00:00,710.1100,718.1716,708.9512,716.9229,29449800
1788528600,2026-09-04 00:00:00,718.6012,721.1086,715.8141,718.2116,32871100
1788874200,2026-09-08 00:00:00,720.1596,721.1386,714.8252,717.6122,28341400
1788960600,2026-09-09 00:00:00,715.6543,718.9509,713.2768,715.5644,26763400
1789047000,2026-09-10 00:00:00,706.8135,711.3188,706.1242,707.9523,31414400
1789133400,2026-09-11 00:00:00,714.9350,716.8830,712.8872,714.1359,26649100
1789392600,2026-09-14 00:00:00,702.5979,712.2079,702.0085,708.4418,35219000
1789479000,2026-09-15 00:00:00,708.0622,708.7914,702.9076,703.8066,26631700
1789565400,2026-09-16 00:00:00,707.2630,711.1390,699.2713,703.9864,35688000
1789651800,2026-09-17 00:00:00,715.2047,717.2925,712.5775,716.1737,37270300
1789738200,2026-09-18 00:00:00,718.0818,720.9787,714.3357,720.6990,48478700
1789997400,2026-09-21 00:00:00,727.8900,743.2200,727.8100,741.4700,46730600
1790083800,2026-09-22 00:00:00,740.9800,748.3500,740.9300,747.4600,40128800
1790170200,2026-09-23 00:00:00,746.9700,747.1300,738.1900,741.2100,33191800
1790256600,2026-09-24 00:00:00,735.2900,742.6600,734.6200,741.1000,29000900
1790343000,2026-09-25 00:00:00,742.8300,745.9200,739.6400,744.5000,30283800
1790602200,2026-09-28 00:00:00,740.4600,741.4200,731.6300,736.5300,41775000
1790688600,2026-09-29 00:00:00,740.1500,740.5800,735.3400,737.9300,27052300
1790775000,2026-09-30 00:00:00,740.1900,745.1000,739.4600,739.7700,29820400
1790861400,2026-10-01 00:00:00,742.5100,744.6700,736.2500,742.0300,35728900
1790947800,2026-10-02 00:00:00,751.3100,754.5400,747.5300,749.5800,34498900
1791207000,2026-10-05 00:00:00,749.3500,756.9200,749.0800,756.2000,25603200
1791293400,2026-10-06 00:00:00,760.5200,762.8600,759.1000,759.6600,26513600
1791379800,2026-10-07 00:00:00,753.7900,758.3000,751.7500,757.7300,25467900
1791466200,2026-10-08 00:00:00,753.9700,757.1800,743.2300,747.5800,49694800
