time,datetime_kst,open,high,low,close,volume
1471267800,2016-08-15 00:00:00,29.5750,29.8802,29.5750,29.8119,3495200
1471354200,2016-08-16 00:00:00,29.7754,29.7800,29.6069,29.6388,1530000
1471440600,2016-08-17 00:00:00,29.6433,29.6433,29.4156,29.5750,4162200
1471527000,2016-08-18 00:00:00,29.5978,29.8028,29.5978,29.8028,2669800
1471613400,2016-08-19 00:00:00,29.8438,30.0123,29.7436,29.9576,1981200
1471872600,2016-08-22 00:00:00,29.9030,30.0260,29.8301,29.9667,1880600
1471959000,2016-08-23 00:00:00,30.1489,30.2674,30.0897,30.1125,3425000
1472045400,2016-08-24 00:00:00,30.1216,30.1535,29.7982,29.8756,3948200
1472131800,2016-08-25 00:00:00,29.9075,30.1034,29.8847,29.9758,3200800
1472218200,2016-08-26 00:00:00,30.0578,30.3402,29.9212,30.1034,4488200
1472477400,2016-08-29 00:00:00,30.1990,30.3084,30.1535,30.2081,2169000
1472563800,2016-08-30 00:00:00,30.2173,30.3585,30.0761,30.1580,2923200
1472650200,2016-08-31 00:00:00,30.2127,30.2309,30.0123,30.1580,2065000
1472736600,2016-09-01 00:00:00,30.1854,30.4359,30.0715,30.4359,3622400
1472823000,2016-09-02 00:00:00,30.5543,30.5543,30.2947,30.4086,4418800
1473168600,2016-09-06 00:00:00,30.4951,30.5543,30.2400,30.4040,4397000
1473255000,2016-09-07 00:00:00,30.5315,30.5817,30.1717,30.2036,7942000
1473341400,2016-09-08 00:00:00,30.1034,30.2173,29.9531,30.1444,7480000
1473427800,2016-09-09 00:00:00,29.8802,29.8847,29.0102,29.0512,21847200
1473687000,2016-09-12 00:00:00,28.8872,29.6616,28.7232,29.6479,13353800
1473773400,2016-09-13 00:00:00,29.5477,29.7208,29.1970,29.3245,7442600
1473859800,2016-09-14 00:00:00,29.3609,29.6570,29.2288,29.5705,5247200
1473946200,2016-09-15 00:00:00,29.6433,30.3585,29.4930,30.3038,10300600
1474032600,2016-09-16 00:00:00,30.7229,30.7229,30.0943,30.3175,5363600
1474291800,2016-09-19 00:00:00,30.6318,30.8276,30.3539,30.4222,4351800
1474378200,2016-09-20 00:00:00,30.5999,30.6363,30.2446,30.3084,2850400
1474464600,2016-09-21 00:00:00,30.5543,30.7821,30.3539,30.7274,7751800
1474551000,2016-09-22 00:00:00,31.0371,31.1510,30.7684,30.8732,6243200
1474637400,2016-09-23 00:00:00,30.8595,30.8732,30.4860,30.5133,4215400
1474896600,2016-09-26 00:00:00,30.3357,30.4040,30.1353,30.2309,3491200
1474983000,2016-09-27 00:00:00,30.1763,30.7411,30.1307,30.7274,8105600
1475069400,2016-09-28 00:00:00,30.8048,30.9050,30.5543,30.7684,3194400
1475155800,2016-09-29 00:00:00,30.7183,31.3332,30.4404,31.1465,13499000
1475242200,2016-09-30 00:00:00,31.3514,31.7705,31.3423,31.6429,6644800
1475501400,2016-10-03 00:00:00,31.5883,31.7978,31.3605,31.3970,4400000
1475587800,2016-10-04 00:00:00,31.5291,31.6475,31.2193,31.2649,7234000
1475674200,2016-10-05 00:00:00,31.4243,31.7568,31.3742,31.5063,8053000
1475760600,2016-10-06 00:00:00,31.5883,31.7477,31.3287,31.6885,4965800
1475847000,2016-10-07 00:00:00,31.7750,31.7750,31.4334,31.7113,4203000
1476106200,2016-10-10 00:00:00,31.8980,31.9800,31.5928,31.6111,3550200
1476192600,2016-10-11 00:00:00,31.4835,31.5564,30.7092,30.9597,8279400
1476279000,2016-10-12 00:00:00,30.9142,31.0053,30.6409,30.9597,8534800
1476365400,2016-10-13 00:00:00,30.6682,30.7320,30.0897,30.6044,13193800
1476451800,2016-10-14 00:00:00,30.8140,31.1419,30.7638,30.8003,4692200
1476711000,2016-10-17 00:00:00,30.7411,30.9278,30.6454,30.6727,1803000
1476797400,2016-10-18 00:00:00,31.0235,31.1829,30.9324,31.0189,5397800
1476883800,2016-10-19 00:00:00,30.6864,30.8139,30.5452,30.7001,13399600
1476970200,2016-10-20 00:00:00,30.6591,31.0690,30.5315,30.9688,7140800
1477056600,2016-10-21 00:00:00,30.8641,30.9643,30.6363,30.9278,4053400
1477315800,2016-10-24 00:00:00,31.1237,31.3241,31.0690,31.3241,2598200
1477402200,2016-10-25 00:00:00,31.2512,31.3605,31.1875,31.2376,2844600
1477488600,2016-10-26 00:00:00,30.7957,31.3423,30.7957,31.1465,2260000
1477575000,2016-10-27 00:00:00,31.4243,31.5336,31.0280,31.0554,5114800
1477661400,2016-10-28 00:00:00,31.1374,31.3013,30.8686,30.8777,4301600
1477920600,2016-10-31 00:00:00,31.0463,31.2102,31.0326,31.0964,3145400
1478007000,2016-11-01 00:00:00,31.1374,31.2740,30.4997,30.8094,5390400
1478093400,2016-11-02 00:00:00,30.7866,30.9643,30.5407,30.6181,3659800
1478179800,2016-11-03 00:00:00,30.6545,30.8140,30.4541,30.4906,5384400
1478266200,2016-11-04 00:00:00,30.2901,30.6363,30.1808,30.3311,6104000
1478529000,2016-11-07 00:00:00,30.8276,31.2467,30.7821,31.2421,4196000
1478615400,2016-11-08 00:00:00,31.1465,31.4562,31.0417,31.2968,1879000
1478701800,2016-11-09 00:00:00,30.5315,31.1373,30.4222,31.0463,10449400
1478788200,2016-11-10 00:00:00,31.2968,31.3013,30.1216,30.4678,11724200
1478874600,2016-11-11 00:00:00,30.5407,31.2284,30.5407,31.2284,13167800
1479133800,2016-11-14 00:00:00,31.1920,31.2148,30.8094,30.8914,5860400
1479220200,2016-11-15 00:00:00,31.0053,31.4790,30.9870,31.4061,5905600
1479306600,2016-11-16 00:00:00,31.3469,31.6930,31.2968,31.6521,3667800
1479393000,2016-11-17 00:00:00,31.7386,31.9800,31.5792,31.8525,3043200
1479479400,2016-11-18 00:00:00,31.8661,32.0757,31.7842,32.0347,10706200
1479738600,2016-11-21 00:00:00,32.3398,32.3398,32.0210,32.2442,7345400
1479825000,2016-11-22 00:00:00,32.4947,32.6678,32.4583,32.6177,6829600
1479911400,2016-11-23 00:00:00,32.5904,32.6906,32.4719,32.5676,3642200
1480084200,2016-11-25 00:00:00,32.6405,32.6769,32.5220,32.6632,887000
1480343400,2016-11-28 00:00:00,32.5949,32.7179,32.5084,32.5813,6545000
1480429800,2016-11-29 00:00:00,32.4355,32.6405,32.3216,32.4583,5897600
1480516200,2016-11-30 00:00:00,32.5038,32.5403,32.3490,32.3672,3534600
1480602600,2016-12-01 00:00:00,32.3171,32.3171,30.7411,30.8276,22106600
1480689000,2016-12-02 00:00:00,30.8048,31.3560,30.7912,31.3241,7593000
1480948200,2016-12-05 00:00:00,31.5382,31.7295,31.3788,31.6384,5308000
1481034600,2016-12-06 00:00:00,31.7523,31.9846,31.6748,31.9846,5366200
1481121000,2016-12-07 00:00:00,31.8844,32.6450,31.7887,32.6223,6927000
1481207400,2016-12-08 00:00:00,32.6268,32.9411,32.5949,32.8181,5062000
1481293800,2016-12-09 00:00:00,33.0641,33.1142,32.5129,32.6496,6822400
1481553000,2016-12-12 00:00:00,32.5266,32.6177,32.2305,32.5129,7697000
1481639400,2016-12-13 00:00:00,32.5767,33.1142,32.5767,33.0914,7620200
1481725800,2016-12-14 00:00:00,32.8955,33.0003,32.6587,32.7361,6313200
1481812200,2016-12-15 00:00:00,32.8318,33.3419,32.8272,33.2599,11967400
1481898600,2016-12-16 00:00:00,33.3237,33.3738,32.6997,32.8318,6983000
1482157800,2016-12-19 00:00:00,32.9172,33.2386,32.8942,33.2386,3446600
1482244200,2016-12-20 00:00:00,33.2799,33.4177,33.1835,33.2891,2349200
1482330600,2016-12-21 00:00:00,33.5141,33.5141,33.2156,33.2570,4060200
1482417000,2016-12-22 00:00:00,33.5692,33.5692,33.2524,33.4268,1515200
1482503400,2016-12-23 00:00:00,33.3304,33.5830,33.3304,33.5830,1045000
1482849000,2016-12-27 00:00:00,33.6702,33.9641,33.6702,33.8676,2561200
1482935400,2016-12-28 00:00:00,34.0008,34.1340,33.3075,33.3075,3869800
1483021800,2016-12-29 00:00:00,33.1743,33.3626,33.0595,33.3166,2533800
1483108200,2016-12-30 00:00:00,33.4819,33.6105,32.8391,32.8942,3038600
1483453800,2017-01-03 00:00:00,33.4452,33.4452,32.7473,32.9493,5741400
1483540200,2017-01-04 00:00:00,33.0963,33.1973,32.9585,33.0549,3870400
1483626600,2017-01-05 00:00:00,33.1330,33.2524,32.8621,32.8621,3016600
1483713000,2017-01-06 00:00:00,32.9080,33.1605,32.7794,33.0320,5188000
1483972200,2017-01-09 00:00:00,33.0779,33.5049,33.0779,33.4131,4708400
1484058600,2017-01-10 00:00:00,33.3901,33.6151,33.3901,33.5416,3542000
1484145000,2017-01-11 00:00:00,33.4498,33.6932,33.4085,33.6840,4425800
1484231400,2017-01-12 00:00:00,33.4636,33.4636,32.9631,33.1238,7836000
1484317800,2017-01-13 00:00:00,33.4498,33.6794,33.3947,33.6151,2261400
1484663400,2017-01-17 00:00:00,33.5187,33.5508,33.1376,33.2202,3131400
1484749800,2017-01-18 00:00:00,33.3947,33.8079,33.3350,33.8079,4002200
1484836200,2017-01-19 00:00:00,33.5784,33.8125,33.4865,33.5508,2134200
1484922600,2017-01-20 00:00:00,33.8676,34.0926,33.8217,33.8722,5442000
1485181800,2017-01-23 00:00:00,33.7758,33.8309,33.4085,33.5738,3328600
1485268200,2017-01-24 00:00:00,33.7207,34.2304,33.7207,34.2304,8233400
1485354600,2017-01-25 00:00:00,34.5564,34.6758,34.3773,34.6528,5480400
1485441000,2017-01-26 00:00:00,34.6895,34.6895,34.2625,34.3865,5233200
1485527400,2017-01-27 00:00:00,34.5518,34.8273,34.5518,34.8273,3379800
1485786600,2017-01-30 00:00:00,34.7217,34.7217,34.2763,34.6620,3569400
1485873000,2017-01-31 00:00:00,34.4783,34.6023,34.0513,34.1799,4364800
1485959400,2017-02-01 00:00:00,34.5793,34.6758,34.3038,34.5288,3412600
1486045800,2017-02-02 00:00:00,34.3222,34.6390,34.2074,34.5656,2290200
1486132200,2017-02-03 00:00:00,34.7354,34.8043,34.6390,34.7171,3290600
1486391400,2017-02-06 00:00:00,34.7355,34.8089,34.5564,34.6758,1919800
1486477800,2017-02-07 00:00:00,34.8502,34.9145,34.6666,34.8227,2852800
1486564200,2017-02-08 00:00:00,34.8181,34.9650,34.6987,34.8594,2678600
1486650600,2017-02-09 00:00:00,34.9053,34.9237,34.5564,34.5564,3577800
1486737000,2017-02-10 00:00:00,34.8686,34.8686,34.3222,34.5931,4023000
1486996200,2017-02-13 00:00:00,34.8502,35.0477,34.7676,35.0477,3427000
1487082600,2017-02-14 00:00:00,34.8594,34.8594,34.5931,34.7768,3845400
1487169000,2017-02-15 00:00:00,34.8824,35.1349,34.7355,35.1349,3246000
1487255400,2017-02-16 00:00:00,35.1671,35.2681,35.0431,35.2681,3860000
1487341800,2017-02-17 00:00:00,35.0890,35.3966,35.0064,35.3966,3377000
1487687400,2017-02-21 00:00:00,35.5757,35.7318,35.4655,35.7318,2242200
1487773800,2017-02-22 00:00:00,35.6124,35.6951,35.4747,35.5757,2620200
1487860200,2017-02-23 00:00:00,35.5619,35.5711,35.0523,35.1808,5455400
1487946600,2017-02-24 00:00:00,34.7951,35.2451,34.6666,35.2314,2751600
1488205800,2017-02-27 00:00:00,35.2084,35.4012,35.1303,35.4012,3777400
1488292200,2017-02-28 00:00:00,35.3278,35.3461,34.9880,35.0752,4832800
1488378600,2017-03-01 00:00:00,35.3599,35.5344,35.0844,35.4839,3665200
1488465000,2017-03-02 00:00:00,35.4471,35.5206,35.1579,35.1716,3834400
1488551400,2017-03-03 00:00:00,35.2681,35.2956,35.0523,35.2956,2671000
1488810600,2017-03-06 00:00:00,35.1349,35.3507,34.9972,35.3094,5125000
1488897000,2017-03-07 00:00:00,35.2268,35.5482,35.1808,35.3966,3065800
1488983400,2017-03-08 00:00:00,35.3921,35.6721,35.3507,35.4334,3001000
1489069800,2017-03-09 00:00:00,35.3232,35.5068,35.2176,35.4472,2138200
1489156200,2017-03-10 00:00:00,35.6675,35.8742,35.5987,35.7823,3582200
1489411800,2017-03-13 00:00:00,35.8971,35.9568,35.7272,35.9568,5468200
1489498200,2017-03-14 00:00:00,35.8374,35.8512,35.5941,35.8283,2539800
1489584600,2017-03-15 00:00:00,35.8420,36.1818,35.7364,36.1543,4813800
1489671000,2017-03-16 00:00:00,36.2093,36.3012,36.0946,36.1818,3208400
1489757400,2017-03-17 00:00:00,36.3058,36.3747,36.1818,36.2782,4099000
1490016600,2017-03-20 00:00:00,36.4298,36.6547,36.2828,36.5078,2270400
1490103000,2017-03-21 00:00:00,36.6318,36.7236,35.7226,35.8099,10765000
1490189400,2017-03-22 00:00:00,35.8420,36.1910,35.7502,36.1588,6625800
1490275800,2017-03-23 00:00:00,36.0946,36.2231,35.9614,36.0487,2660600
1490362200,2017-03-24 00:00:00,36.6042,36.7282,36.2185,36.3333,3248400
1490621400,2017-03-27 00:00:00,36.1772,36.5170,35.9660,36.4986,2495800
1490707800,2017-03-28 00:00:00,36.4619,36.6915,36.3425,36.5675,4663800
1490794200,2017-03-29 00:00:00,36.5032,36.5170,36.3425,36.4206,2358200
1490880600,2017-03-30 00:00:00,36.4160,36.6869,36.4114,36.6042,1175800
1490967000,2017-03-31 00:00:00,36.5629,36.7558,36.4803,36.5996,1731400
1491226200,2017-04-03 00:00:00,36.6410,36.7098,36.2461,36.5124,2521000
1491312600,2017-04-04 00:00:00,36.3196,36.5354,36.2690,36.3838,2975400
1491399000,2017-04-05 00:00:00,36.4343,36.7007,36.1313,36.1680,2891400
1491485400,2017-04-06 00:00:00,36.0992,36.2782,35.8971,36.1864,2020200
1491571800,2017-04-07 00:00:00,36.1542,36.4160,36.1221,36.3287,1723200
1491831000,2017-04-10 00:00:00,36.3104,36.3150,35.9293,36.0073,3922600
1491917400,2017-04-11 00:00:00,35.8880,35.8880,35.2681,35.7364,13529800
1492003800,2017-04-12 00:00:00,35.7456,35.7640,35.1579,35.2727,15788200
1492090200,2017-04-13 00:00:00,35.0936,35.5390,35.0109,35.0109,5420400
1492435800,2017-04-17 00:00:00,35.1762,35.4104,35.1671,35.3921,4378600
1492522200,2017-04-18 00:00:00,35.2497,35.5482,35.1854,35.5344,4251400
1492608600,2017-04-19 00:00:00,35.8328,36.0027,35.6400,35.7272,7181400
1492695000,2017-04-20 00:00:00,35.9614,36.2782,35.8053,36.2415,4511200
1492781400,2017-04-21 00:00:00,36.0946,36.1726,35.8512,36.0946,5448000
1493040600,2017-04-24 00:00:00,36.6456,36.7328,36.4940,36.6180,4373800
1493127000,2017-04-25 00:00:00,36.7925,37.0083,36.6639,36.9853,4021800
1493213400,2017-04-26 00:00:00,36.9578,36.9807,36.6180,36.7052,3993000
1493299800,2017-04-27 00:00:00,36.9027,37.2287,36.9027,37.1965,5043800
1493386200,2017-04-28 00:00:00,36.9762,37.0404,36.4940,36.5950,8783400
1493645400,2017-05-01 00:00:00,36.7052,36.9762,36.5354,36.9762,4598600
1493731800,2017-05-02 00:00:00,36.9211,36.9211,36.5767,36.7787,6497400
1493818200,2017-05-03 00:00:00,36.7053,37.0083,36.6777,36.9899,5324800
1493904600,2017-05-04 00:00:00,36.9945,37.0542,36.8109,36.9532,1905800
1493991000,2017-05-05 00:00:00,36.9899,37.1001,36.7833,37.1001,2059000
1494250200,2017-05-08 00:00:00,37.1460,37.1598,36.9624,37.0083,1855000
1494336600,2017-05-09 00:00:00,37.0680,37.4537,37.0680,37.3802,3260600
1494423000,2017-05-10 00:00:00,37.7567,37.9588,37.6144,37.8531,3330400
1494509400,2017-05-11 00:00:00,37.7843,38.0644,37.5455,37.9358,3388200
1494595800,2017-05-12 00:00:00,37.9679,38.0690,37.8210,38.0414,1947600
1494855000,2017-05-15 00:00:00,38.0873,38.4638,38.0414,38.4638,3541600
1494941400,2017-05-16 00:00:00,38.5327,38.9230,38.3995,38.9230,3641600
1495027800,2017-05-17 00:00:00,38.3766,38.5557,37.4353,37.4583,12639400
1495114200,2017-05-18 00:00:00,37.5914,38.1792,37.3940,38.0139,6609800
1495200600,2017-05-19 00:00:00,38.4179,38.5557,38.3536,38.4546,6180400
1495459800,2017-05-22 00:00:00,38.5970,38.8357,38.5511,38.8220,4292200
1495546200,2017-05-23 00:00:00,38.9092,38.9092,38.4501,38.7393,5040200
1495632600,2017-05-24 00:00:00,38.9873,39.0148,38.7623,38.9092,1998000
1495719000,2017-05-25 00:00:00,39.1296,39.2536,38.8771,39.1755,6936400
1495805400,2017-05-26 00:00:00,39.1158,39.2582,38.8725,39.2490,1588400
1496151000,2017-05-30 00:00:00,39.3087,39.5704,39.2306,39.5291,3494200
1496237400,2017-05-31 00:00:00,39.7403,39.7541,39.2628,39.4832,3466600
1496323800,2017-06-01 00:00:00,39.5888,39.5888,39.3133,39.5566,5250800
1496410200,2017-06-02 00:00:00,39.7678,39.9056,39.4832,39.8643,2599600
1496669400,2017-06-05 00:00:00,39.8964,40.1581,39.8689,39.9699,4386600
1496755800,2017-06-06 00:00:00,39.9240,40.3097,39.7770,40.0617,3496800
1496842200,2017-06-07 00:00:00,40.2637,40.4841,40.1398,40.3602,5305800
1496928600,2017-06-08 00:00:00,40.5438,40.9295,40.3326,40.8928,6589400
1497015000,2017-06-09 00:00:00,41.1270,41.1958,38.6108,39.3454,17851800
1497274200,2017-06-12 00:00:00,38.8679,39.1067,38.1700,39.1067,16678400
1497360600,2017-06-13 00:00:00,39.4969,39.6714,38.9414,39.3592,6954800
1497447000,2017-06-14 00:00:00,39.4510,39.4878,38.6383,39.0194,6346200
1497533400,2017-06-15 00:00:00,38.3674,38.7990,38.3674,38.6613,8397800
1497619800,2017-06-16 00:00:00,38.8266,39.0194,38.5373,38.6383,7413400
1497879000,2017-06-19 00:00:00,39.0470,39.3638,39.0470,39.3225,5378800
1497965400,2017-06-20 00:00:00,39.3776,39.5383,38.8312,38.8312,5286000
1498051800,2017-06-21 00:00:00,39.0148,39.2811,38.8633,39.2765,6412000
1498138200,2017-06-22 00:00:00,39.2719,39.3730,39.0470,39.1755,4491800
1498224600,2017-06-23 00:00:00,39.1939,39.4969,39.1021,39.3362,4133800
1498483800,2017-06-26 00:00:00,39.7082,39.8000,38.9276,39.1847,10756400
1498570200,2017-06-27 00:00:00,38.8863,38.8909,38.0644,38.0644,15194000
1498656600,2017-06-28 00:00:00,38.3445,38.6934,37.9174,38.6154,7873000
1498743000,2017-06-29 00:00:00,38.3628,38.4363,37.2746,37.7475,15391200
1498829400,2017-06-30 00:00:00,37.9174,38.0460,37.4491,37.5868,10455000
1499088600,2017-07-03 00:00:00,37.8256,37.9358,37.1552,37.1552,6499800
1499261400,2017-07-05 00:00:00,37.3022,37.9174,37.3022,37.8623,12905600
1499347800,2017-07-06 00:00:00,37.6190,37.9496,37.3618,37.7016,5441600
1499434200,2017-07-07 00:00:00,37.9496,38.3720,37.8761,38.2067,6831000
1499693400,2017-07-10 00:00:00,38.2848,38.6934,38.1241,38.6016,6785400
1499779800,2017-07-11 00:00:00,38.6613,38.9781,38.5143,38.9092,5848600
1499866200,2017-07-12 00:00:00,39.3684,39.5383,39.1388,39.4694,6302600
1499952600,2017-07-13 00:00:00,39.4878,39.7357,39.2628,39.3776,6005000
1500039000,2017-07-14 00:00:00,39.5796,39.9240,39.5199,39.8643,4687000
1500298200,2017-07-17 00:00:00,39.9515,39.9653,39.5888,39.7541,3431000
1500384600,2017-07-18 00:00:00,39.6163,39.9056,39.4464,39.9056,7818200
1500471000,2017-07-19 00:00:00,40.1306,40.3005,40.0571,40.3005,6027200
1500557400,2017-07-20 00:00:00,40.4198,40.4198,39.9882,40.3877,5455800
1500643800,2017-07-21 00:00:00,40.0938,40.1627,39.8780,40.1627,6271000
1500903000,2017-07-24 00:00:00,40.0938,40.1214,39.9194,40.0342,5348200
1500989400,2017-07-25 00:00:00,39.8964,40.0204,39.6025,39.9240,6417000
1501075800,2017-07-26 00:00:00,40.2408,40.4474,40.1168,40.3464,4032200
1501162200,2017-07-27 00:00:00,40.4750,40.5668,39.4281,39.8367,12734600
1501248600,2017-07-28 00:00:00,39.6439,39.8321,39.4924,39.6485,7256800
1501507800,2017-07-31 00:00:00,39.7587,39.9102,39.2811,39.4143,7057800
1501594200,2017-08-01 00:00:00,39.5474,39.5888,39.3408,39.5842,4375200
1501680600,2017-08-02 00:00:00,40.0250,40.0250,39.1296,39.3684,7962200
1501767000,2017-08-03 00:00:00,39.3684,39.4648,39.0745,39.2306,5946000
1501853400,2017-08-04 00:00:00,39.3913,39.5888,39.1939,39.3454,6791600
1502112600,2017-08-07 00:00:00,39.4694,40.0525,39.4694,40.0387,6041800
1502199000,2017-08-08 00:00:00,40.0388,40.3464,39.8046,39.9194,10179400
1502285400,2017-08-09 00:00:00,39.5015,39.8459,39.4602,39.8413,7067000
1502371800,2017-08-10 00:00:00,39.4969,39.6117,38.7393,38.7485,11112800
1502458200,2017-08-11 00:00:00,38.6751,39.1480,38.6062,39.1067,6642400
1502717400,2017-08-14 00:00:00,39.4097,39.9240,39.4097,39.8780,6643000
1502803800,2017-08-15 00:00:00,39.9285,40.0525,39.7495,40.0250,8062600
1502890200,2017-08-16 00:00:00,40.0893,40.2040,39.9010,40.1076,6273600
1502976600,2017-08-17 00:00:00,39.8826,39.9974,39.1480,39.1572,11995600
1503063000,2017-08-18 00:00:00,39.3225,39.5429,39.0607,39.2444,17463400
1503322200,2017-08-21 00:00:00,39.3271,39.3271,38.7898,39.0975,6845000
1503408600,2017-08-22 00:00:00,39.3179,39.7219,39.2949,39.6209,5273000
1503495000,2017-08-23 00:00:00,39.3776,39.8046,39.2857,39.7036,4235200
1503581400,2017-08-24 00:00:00,39.8918,39.9056,39.4786,39.6990,2259800
1503667800,2017-08-25 00:00:00,39.9148,39.9148,39.4923,39.5750,4024400
1503927000,2017-08-28 00:00:00,39.6898,39.7173,39.4786,39.6898,4206200
1504013400,2017-08-29 00:00:00,39.2903,39.8964,39.2811,39.8000,5013200
1504099800,2017-08-30 00:00:00,39.9653,40.4244,39.8413,40.3556,4659000
1504186200,2017-08-31 00:00:00,40.4474,40.7321,40.3831,40.6724,4803800
1504272600,2017-09-01 00:00:00,40.7734,41.0351,40.7734,40.8652,2998200
1504618200,2017-09-05 00:00:00,40.6724,40.7918,40.0250,40.3464,8848000
1504704600,2017-09-06 00:00:00,40.4887,40.6540,40.2867,40.4887,3225000
1504791000,2017-09-07 00:00:00,40.6494,40.7321,40.4244,40.6448,2636200
1504877400,2017-09-08 00:00:00,40.5760,40.6678,40.1030,40.2040,4944600
1505136600,2017-09-11 00:00:00,40.5806,41.0122,40.4658,40.9341,5448800
1505223000,2017-09-12 00:00:00,41.0489,41.1958,40.8652,41.0902,4886600
1505309400,2017-09-13 00:00:00,41.0030,41.2050,40.8423,41.0994,5872800
1505395800,2017-09-14 00:00:00,41.0994,41.4805,40.9525,41.2785,8595600
1505482200,2017-09-15 00:00:00,41.4989,41.8846,41.3244,41.8249,9237600
1505741400,2017-09-18 00:00:00,42.1325,42.5733,42.0820,42.4080,7475000
1505827800,2017-09-19 00:00:00,42.5320,42.6560,42.2657,42.5182,4539200
1505914200,2017-09-20 00:00:00,42.5733,42.6284,41.4208,41.9534,9208800
1506000600,2017-09-21 00:00:00,41.8983,41.9810,41.5035,41.8754,19256800
1506087000,2017-09-22 00:00:00,41.6871,42.0958,41.5586,42.0453,2660400
1506346200,2017-09-25 00:00:00,42.0453,42.0453,41.0902,41.2004,7540800
1506432600,2017-09-26 00:00:00,41.5953,41.6229,41.0765,41.2509,4284000
1506519000,2017-09-27 00:00:00,41.7376,42.3116,41.6137,42.1830,7999200
1506605400,2017-09-28 00:00:00,42.0958,42.4677,41.9856,42.4539,5945000
1506691800,2017-09-29 00:00:00,42.5641,42.8810,42.4218,42.8488,7555200
1506951000,2017-10-02 00:00:00,43.0830,43.3034,42.8442,43.1335,6376000
1507037400,2017-10-03 00:00:00,43.2575,43.3860,43.1013,43.2758,4141200
1507123800,2017-10-04 00:00:00,43.2115,43.3585,42.9866,43.3401,3352400
1507210200,2017-10-05 00:00:00,43.5192,43.5238,43.1610,43.3860,3692200
1507296600,2017-10-06 00:00:00,43.3172,43.5743,43.2299,43.5605,2669600
1507555800,2017-10-09 00:00:00,43.7029,43.9003,43.6661,43.8773,2407000
1507642200,2017-10-10 00:00:00,44.2906,44.2952,43.6615,44.1023,5315000
1507728600,2017-10-11 00:00:00,44.0334,44.4513,44.0105,44.4145,3258400
1507815000,2017-10-12 00:00:00,44.4605,44.6028,44.2952,44.3227,5800600
1507901400,2017-10-13 00:00:00,44.5936,44.7773,44.4375,44.6258,3370400
1508160600,2017-10-16 00:00:00,44.8048,44.8645,44.5523,44.8645,3274000
1508247000,2017-10-17 00:00:00,44.8416,44.8829,44.6166,44.8553,5849000
1508333400,2017-10-18 00:00:00,45.0206,45.0849,44.4283,45.0206,6093600
1508419800,2017-10-19 00:00:00,44.6671,44.9288,44.2676,44.9288,4864400
1508506200,2017-10-20 00:00:00,45.3007,45.3237,45.0941,45.1722,10134600
1508765400,2017-10-23 00:00:00,45.3880,45.5808,45.1905,45.3421,5250400
1508851800,2017-10-24 00:00:00,45.4568,45.6589,45.2594,45.6175,6298000
1508938200,2017-10-25 00:00:00,45.2824,45.4844,44.6258,45.0390,8612800
1509024600,2017-10-26 00:00:00,45.1354,45.4063,45.0941,45.2824,6899200
1509111000,2017-10-27 00:00:00,45.6497,46.2420,45.4339,46.1915,6465800
1509370200,2017-10-30 00:00:00,45.6497,46.4348,45.6497,46.2099,4894800
1509456600,2017-10-31 00:00:00,46.3935,46.8068,46.2971,46.6552,5721400
1509543000,2017-11-01 00:00:00,46.9812,47.0363,46.1548,46.5313,9836800
1509629400,2017-11-02 00:00:00,46.5175,46.7976,46.2420,46.7517,7863600
1509715800,2017-11-03 00:00:00,47.0042,47.2659,46.5542,47.2659,10232600
1509978600,2017-11-06 00:00:00,47.7710,47.8766,47.3394,47.8766,7235400
1510065000,2017-11-07 00:00:00,47.7526,47.9133,47.5047,47.7802,5460600
1510151400,2017-11-08 00:00:00,47.7618,47.9363,47.5460,47.8904,4088200
1510237800,2017-11-09 00:00:00,47.8904,47.9133,46.4303,46.9583,15495600
1510324200,2017-11-10 00:00:00,47.0731,47.2567,46.9353,47.2292,5616200
1510583400,2017-11-13 00:00:00,47.0501,47.4588,46.9767,47.4266,3448000
1510669800,2017-11-14 00:00:00,47.3210,47.4680,47.0455,47.4266,3108400
1510756200,2017-11-15 00:00:00,47.0593,47.2016,46.6552,46.9858,5601200
1510842600,2017-11-16 00:00:00,47.1879,48.1521,47.1879,48.1521,7401400
1510929000,2017-11-17 00:00:00,47.9501,47.9822,47.3440,47.4083,8951200
1511188200,2017-11-20 00:00:00,47.6333,48.0511,47.5690,47.9822,3694400
1511274600,2017-11-21 00:00:00,48.2302,48.5194,48.1705,48.4735,4289200
1511361000,2017-11-22 00:00:00,48.5883,48.5929,48.0970,48.1567,3058200
1511533800,2017-11-24 00:00:00,48.2623,48.5929,48.2623,48.5653,1206400
1511793000,2017-11-27 00:00:00,48.0603,48.1016,47.7572,47.8123,5964600
1511879400,2017-11-28 00:00:00,47.9547,47.9730,47.6149,47.7710,7976400
1511965800,2017-11-29 00:00:00,47.7251,47.7710,45.3696,45.7461,34478800
1512052200,2017-11-30 00:00:00,46.2374,46.4716,45.7737,46.0308,13382000
1512138600,2017-12-01 00:00:00,45.6864,45.8885,44.5890,45.6313,19874600
1512397800,2017-12-04 00:00:00,46.0216,46.0721,44.4008,44.6625,20150800
1512484200,2017-12-05 00:00:00,44.4834,45.4477,44.1299,44.6625,13001600
1512570600,2017-12-06 00:00:00,44.2676,44.8462,44.0426,44.7635,10486000
1512657000,2017-12-07 00:00:00,45.1446,45.3099,44.8967,45.2043,10849800
1512743400,2017-12-08 00:00:00,45.6359,45.7507,44.9655,44.9977,9719600
1513002600,2017-12-11 00:00:00,45.1079,45.4247,44.9885,45.2732,6617200
1513089000,2017-12-12 00:00:00,45.1308,45.1584,44.7727,44.8278,10415600
1513175400,2017-12-13 00:00:00,45.0528,45.2089,44.8278,44.8553,7922400
1513261800,2017-12-14 00:00:00,44.9380,45.1171,44.7222,44.8370,8270000
1513348200,2017-12-15 00:00:00,44.9655,45.5716,44.7911,45.5716,43080400
1513607400,2017-12-18 00:00:00,45.9237,46.3941,45.7560,46.3754,10766400
1513693800,2017-12-19 00:00:00,46.3056,46.4453,46.0774,46.3522,6066000
1513780200,2017-12-20 00:00:00,46.8272,46.9296,46.2823,46.6549,11095600
1513866600,2017-12-21 00:00:00,46.6549,46.7154,46.1100,46.1612,6029200
1513953000,2017-12-22 00:00:00,46.0774,46.1985,45.8399,46.1798,4900000
1514298600,2017-12-26 00:00:00,45.6443,45.7095,45.3276,45.6583,4413600
1514385000,2017-12-27 00:00:00,45.6396,45.9936,45.6350,45.8073,5500000
1514471400,2017-12-28 00:00:00,46.0634,46.0867,45.8864,45.9749,5424200
1514557800,2017-12-29 00:00:00,45.9749,46.0774,45.5325,45.5511,3376600
1514903400,2018-01-02 00:00:00,45.8725,46.7527,45.7700,46.7434,8908600
1514989800,2018-01-03 00:00:00,46.9343,47.4419,46.8551,47.4047,7617000
1515076200,2018-01-04 00:00:00,47.6794,47.7865,47.2556,47.6468,6699600
1515162600,2018-01-05 00:00:00,47.8238,48.1451,47.6329,47.9542,3584800
1515421800,2018-01-08 00:00:00,47.9542,48.4153,47.8192,48.2849,2768400
1515508200,2018-01-09 00:00:00,48.3268,48.3687,47.7493,47.8331,7800600
1515594600,2018-01-10 00:00:00,47.4140,47.4326,46.8412,47.1998,7958600
1515681000,2018-01-11 00:00:00,47.3767,47.4512,47.1392,47.4233,5162600
1515767400,2018-01-12 00:00:00,47.4140,47.7539,47.3115,47.6655,3809200
1516113000,2018-01-16 00:00:00,48.1265,48.4246,47.6235,47.8843,7623600
1516199400,2018-01-17 00:00:00,48.4339,49.3932,48.3454,49.3141,12285600
1516285800,2018-01-18 00:00:00,49.3327,49.9055,49.2768,49.6773,7106600
1516372200,2018-01-19 00:00:00,49.9661,50.0033,49.4352,49.7239,6568400
1516631400,2018-01-22 00:00:00,49.8916,50.2129,49.6727,50.2129,4790600
1516717800,2018-01-23 00:00:00,50.3573,50.5575,50.2222,50.5389,7356400
1516804200,2018-01-24 00:00:00,50.0359,50.2408,49.2163,49.5143,14236200
1516890600,2018-01-25 00:00:00,50.1011,50.2502,48.7040,48.7133,13986800
1516977000,2018-01-26 00:00:00,49.4584,50.2781,49.4352,50.2641,7895000
1517236200,2018-01-29 00:00:00,50.1477,50.5016,49.5982,50.1710,8147400
1517322600,2018-01-30 00:00:00,49.3094,49.7286,49.1185,49.1883,10836600
1517409000,2018-01-31 00:00:00,49.7472,49.9055,49.3420,49.6028,7457800
1517495400,2018-02-01 00:00:00,49.1744,50.0266,49.1278,49.3001,8369000
1517581800,2018-02-02 00:00:00,48.8530,48.9322,47.9263,47.9263,26015400
1517841000,2018-02-05 00:00:00,47.4093,48.3407,45.7654,45.7654,22948000
1517927400,2018-02-06 00:00:00,45.3649,47.4512,45.1972,47.4512,26244800
1518013800,2018-02-07 00:00:00,46.9343,47.3534,46.1892,46.1985,20566600
1518100200,2018-02-08 00:00:00,46.4267,46.4965,44.3403,44.3589,29822200
1518186600,2018-02-09 00:00:00,45.2484,45.8399,43.7209,45.5185,34208400
1518445800,2018-02-12 00:00:00,45.7793,46.7713,45.7793,46.4826,19014000
1518532200,2018-02-13 00:00:00,46.2218,46.4546,45.9284,46.3894,7415000
1518618600,2018-02-14 00:00:00,46.0494,47.4745,45.9470,47.3767,10839800
1518705000,2018-02-15 00:00:00,47.7446,47.9728,46.8691,47.9728,9639200
1518791400,2018-02-16 00:00:00,47.7865,48.4618,47.7400,47.8704,12480400
1519137000,2018-02-20 00:00:00,47.8937,49.2209,47.8797,48.8204,29405400
1519223400,2018-02-21 00:00:00,49.0114,49.1464,48.2709,48.2895,8997800
1519309800,2018-02-22 00:00:00,48.4339,48.5969,47.9961,48.1265,8959400
1519396200,2018-02-23 00:00:00,48.6481,49.2209,48.5503,49.2070,6304800
1519655400,2018-02-26 00:00:00,49.4584,50.1989,49.4584,50.1989,9254200
1519741800,2018-02-27 00:00:00,50.1198,50.8276,50.0126,50.0126,7976600
1519828200,2018-02-28 00:00:00,50.2688,50.4318,49.5563,49.6168,6339600
1519914600,2018-03-01 00:00:00,49.6354,49.7845,48.2755,48.8251,10790000
1520001000,2018-03-02 00:00:00,48.3268,49.6634,48.2057,49.5889,10659600
1520260200,2018-03-05 00:00:00,49.3839,50.3945,49.2442,50.1617,9524800
1520346600,2018-03-06 00:00:00,50.6181,51.0745,50.4038,50.8975,8957400
1520433000,2018-03-07 00:00:00,50.4271,51.1955,50.3899,51.1164,7682000
1520519400,2018-03-08 00:00:00,51.4191,51.4750,50.8463,51.1397,6518000
1520605800,2018-03-09 00:00:00,51.4983,52.1270,51.4005,52.1270,8815200
1520861400,2018-03-12 00:00:00,52.4716,52.9233,52.3226,52.6579,8825600
1520947800,2018-03-13 00:00:00,52.9327,53.3471,51.7078,51.9221,18245800
1521034200,2018-03-14 00:00:00,52.1409,52.1968,51.4889,51.9500,12020200
1521120600,2018-03-15 00:00:00,52.0851,52.2713,51.6799,51.9034,3826200
1521207000,2018-03-16 00:00:00,52.0105,52.1968,51.8243,51.8848,5937000
1521466200,2018-03-19 00:00:00,51.4983,51.6147,50.3480,51.0419,14245400
1521552600,2018-03-20 00:00:00,51.0698,51.5309,51.0419,51.3865,6683400
1521639000,2018-03-21 00:00:00,51.3213,52.0711,51.2235,51.4936,6437200
1521725400,2018-03-22 00:00:00,50.7392,51.2002,50.0872,50.1058,8698800
1521811800,2018-03-23 00:00:00,50.0406,50.1244,48.4758,48.4805,16819400
1522071000,2018-03-26 00:00:00,49.5330,50.4132,48.9834,50.4085,11172400
1522157400,2018-03-27 00:00:00,50.7997,50.8230,48.3221,48.6714,17266200
1522243800,2018-03-28 00:00:00,48.3780,48.7739,47.4047,47.5910,21806600
1522330200,2018-03-29 00:00:00,48.0054,48.9788,47.6329,48.5643,13193200
1522675800,2018-04-02 00:00:00,48.1591,48.5224,46.3754,46.7853,18445000
1522762200,2018-04-03 00:00:00,47.4047,47.7633,46.9064,47.6468,10773200
1522848600,2018-04-04 00:00:00,46.4732,48.3407,46.3428,48.2290,11654000
1522935000,2018-04-05 00:00:00,48.5457,48.6202,47.4047,47.6981,12228000
1523021400,2018-04-06 00:00:00,46.9995,47.6049,46.1519,46.3196,13935600
1523280600,2018-04-09 00:00:00,46.7946,47.9216,46.6083,46.6362,13015400
1523367000,2018-04-10 00:00:00,47.7633,48.3221,47.3302,48.0613,14981600
1523453400,2018-04-11 00:00:00,47.8098,48.4618,47.6934,48.0380,8595600
1523539800,2018-04-12 00:00:00,48.3547,48.9601,48.2942,48.8344,9236800
1523626200,2018-04-13 00:00:00,49.2256,49.2954,48.2290,48.3780,9073800
1523885400,2018-04-16 00:00:00,48.5736,48.7226,48.0986,48.4758,5267200
1523971800,2018-04-17 00:00:00,48.7832,49.4305,48.7273,49.3606,8727600
1524058200,2018-04-18 00:00:00,48.9229,49.0626,48.3547,48.8018,8458000
1524144600,2018-04-19 00:00:00,47.6887,47.8797,46.4593,46.6269,32931400
1524231000,2018-04-20 00:00:00,46.5710,46.9064,45.8864,46.0914,25979400
1524490200,2018-04-23 00:00:00,46.2404,46.3568,45.3975,45.4953,17681000
1524576600,2018-04-24 00:00:00,45.9842,46.4034,44.8665,45.2624,30902000
1524663000,2018-04-25 00:00:00,45.4021,45.4347,44.4614,45.0342,18606400
1524749400,2018-04-26 00:00:00,45.8259,46.0774,45.5884,45.9796,13144800
1524835800,2018-04-27 00:00:00,46.6176,46.6176,45.4720,45.6815,11083200
1525095000,2018-04-30 00:00:00,45.6396,45.9377,45.0482,45.2484,15927800
1525181400,2018-05-01 00:00:00,45.1367,46.0168,45.0901,45.9749,13111200
1525267800,2018-05-02 00:00:00,45.8818,46.0588,45.4999,45.6443,9036400
1525354200,2018-05-03 00:00:00,45.1273,45.9051,44.7361,45.7560,19701800
1525440600,2018-05-04 00:00:00,45.4161,46.9436,45.3043,46.9436,21447800
1525699800,2018-05-07 00:00:00,47.0833,47.4000,47.0135,47.1951,13800200
1525786200,2018-05-08 00:00:00,47.0973,47.5257,46.9622,47.5257,7606000
1525872600,2018-05-09 00:00:00,47.6375,48.2010,47.5351,48.2010,8065400
1525959000,2018-05-10 00:00:00,48.3873,49.0021,48.3873,49.0021,9350000
1526045400,2018-05-11 00:00:00,48.7552,49.0626,48.5410,48.6248,8866000
1526304600,2018-05-14 00:00:00,49.5004,50.0033,49.3700,49.4724,13298200
1526391000,2018-05-15 00:00:00,49.2628,49.3979,48.6155,48.9182,9570600
1526477400,2018-05-16 00:00:00,49.0533,49.6494,49.0393,49.6121,6935000
1526563800,2018-05-17 00:00:00,49.4258,49.7379,48.9275,49.2861,7238600
1526650200,2018-05-18 00:00:00,48.7832,48.9974,48.4246,48.6900,20494400
1526909400,2018-05-21 00:00:00,49.4026,49.7751,48.9136,49.3886,7672400
1526995800,2018-05-22 00:00:00,49.8264,50.0546,49.5469,49.7425,8696000
1527082200,2018-05-23 00:00:00,49.2349,49.8077,49.0812,49.7984,8442600
1527168600,2018-05-24 00:00:00,49.7891,50.0778,49.3374,49.9428,13344800
1527255000,2018-05-25 00:00:00,49.9568,50.4830,49.9009,50.4411,8586600
1527600600,2018-05-29 00:00:00,50.2036,50.5249,49.7658,50.0359,9106000
1527687000,2018-05-30 00:00:00,50.4178,50.6740,50.0499,50.3386,10787800
1527773400,2018-05-31 00:00:00,50.1291,50.3992,49.7938,49.9195,8662800
1527859800,2018-06-01 00:00:00,50.3154,51.0605,50.2315,51.0093,9739400
1528119000,2018-06-04 00:00:00,51.0884,51.4005,50.9021,51.3585,7767800
1528205400,2018-06-05 00:00:00,51.5169,51.6985,51.2328,51.6473,7510000
1528291800,2018-06-06 00:00:00,51.6985,51.9779,51.4005,51.9779,5478600
1528378200,2018-06-07 00:00:00,52.0711,52.1596,51.2468,51.5635,18663600
1528464600,2018-06-08 00:00:00,50.9953,51.3585,50.7159,51.2142,9494000
1528723800,2018-06-11 00:00:00,51.1024,51.3632,50.9441,51.1583,6086200
1528810200,2018-06-12 00:00:00,51.2188,51.3259,50.8882,51.3120,5087800
1528896600,2018-06-13 00:00:00,51.2421,51.7218,51.1117,51.2049,14153400
1528983000,2018-06-14 00:00:00,51.4144,51.6147,51.0791,51.2840,6599600
1529069400,2018-06-15 00:00:00,51.2049,51.3679,50.9021,51.3679,12882600
1529328600,2018-06-18 00:00:00,50.7252,50.8044,50.2548,50.7485,10521800
1529415000,2018-06-19 00:00:00,49.8590,50.1756,49.4305,50.1430,22232000
1529501400,2018-06-20 00:00:00,50.5808,50.6460,50.1663,50.4551,11111200
1529587800,2018-06-21 00:00:00,50.9254,50.9953,49.8170,49.8264,14488200
1529674200,2018-06-22 00:00:00,50.1850,50.2222,49.4491,49.6401,8465000
1529933400,2018-06-25 00:00:00,48.9462,49.0114,47.4838,47.8471,23358000
1530019800,2018-06-26 00:00:00,48.3035,48.4618,47.9542,48.2895,16500400
1530106200,2018-06-27 00:00:00,48.5177,48.5829,47.1066,47.1066,16876000
1530192600,2018-06-28 00:00:00,46.9995,47.6748,46.9948,47.5816,13538400
1530279000,2018-06-29 00:00:00,47.9915,48.2849,47.7353,47.8145,10350000
1530538200,2018-07-02 00:00:00,47.2044,48.0101,46.9902,47.8331,9164600
1530624600,2018-07-03 00:00:00,48.0706,48.1451,46.9948,46.9948,8588800
1530797400,2018-07-05 00:00:00,47.5677,48.2802,47.5537,48.2616,10402800
1530883800,2018-07-06 00:00:00,48.1591,48.9555,48.0380,48.8763,14636600
1531143000,2018-07-09 00:00:00,49.2582,49.2908,48.6388,49.2442,8465800
1531229400,2018-07-10 00:00:00,49.3094,49.8310,49.2582,49.7751,12548800
1531315800,2018-07-11 00:00:00,48.9695,49.1371,48.4059,48.4059,15929000
1531402200,2018-07-12 00:00:00,48.4199,49.0393,48.3361,48.9927,11962800
1531488600,2018-07-13 00:00:00,49.0626,49.1138,48.7599,48.8903,5693200
1531747800,2018-07-16 00:00:00,48.8996,49.0812,48.7087,48.7413,5518000
1531834200,2018-07-17 00:00:00,48.3873,49.3886,48.2988,49.3839,16616200
1531920600,2018-07-18 00:00:00,49.7379,49.9195,49.5050,49.8869,9589600
1532007000,2018-07-19 00:00:00,49.6587,49.9335,49.3979,49.7239,8347200
1532093400,2018-07-20 00:00:00,49.6634,49.8217,49.2582,49.6727,7077800
1532352600,2018-07-23 00:00:00,49.3793,49.7099,48.7087,49.6401,10663800
1532439000,2018-07-24 00:00:00,50.1104,50.1896,48.9788,49.0207,20837400
1532525400,2018-07-25 00:00:00,49.0486,49.3234,48.4665,49.2675,22294800
1532611800,2018-07-26 00:00:00,49.4584,50.0220,49.4538,49.9940,32806000
1532698200,2018-07-27 00:00:00,50.1198,50.4551,49.4119,49.7472,16984600
1532957400,2018-07-30 00:00:00,49.8962,49.9335,49.0998,49.4072,18957000
1533043800,2018-07-31 00:00:00,49.7705,50.2362,49.3141,49.3141,8763400
1533130200,2018-08-01 00:00:00,49.5842,50.0546,49.3653,49.5283,7098200
1533216600,2018-08-02 00:00:00,49.1324,50.1011,48.9694,50.0266,8160600
1533303000,2018-08-03 00:00:00,50.0778,50.1803,49.8217,50.1058,6058200
1533562200,2018-08-06 00:00:00,50.0872,50.3712,49.7286,50.3712,6070600
1533648600,2018-08-07 00:00:00,50.5156,50.7112,50.3293,50.7112,6406000
1533735000,2018-08-08 00:00:00,50.6460,50.9301,50.5203,50.8696,7377800
1533821400,2018-08-09 00:00:00,50.5762,50.6833,50.3247,50.3759,7199200
1533907800,2018-08-10 00:00:00,49.2955,49.5888,48.9741,49.1930,17227400
1534167000,2018-08-13 00:00:00,49.2256,49.6773,49.1883,49.2489,7944200
1534253400,2018-08-14 00:00:00,49.4864,49.6168,49.0719,49.1325,8239600
1534339800,2018-08-15 00:00:00,48.6481,48.8297,47.8424,48.3175,18819200
1534426200,2018-08-16 00:00:00,48.6388,48.6714,48.1358,48.2429,10082400
1534512600,2018-08-17 00:00:00,47.7213,48.0241,47.2137,47.8890,20096000
1534771800,2018-08-20 00:00:00,47.8797,48.1545,47.3302,47.8238,10569600
1534858200,2018-08-21 00:00:00,48.0613,48.9508,48.0147,48.8111,9649400
1534944600,2018-08-22 00:00:00,48.6062,49.0393,48.3827,48.9927,8272800
1535031000,2018-08-23 00:00:00,48.9974,49.3607,48.9182,49.0533,7418000
1535117400,2018-08-24 00:00:00,49.3374,49.8031,49.2489,49.8031,8278600
1535376600,2018-08-27 00:00:00,50.1198,50.9348,50.0639,50.5808,12419000
1535463000,2018-08-28 00:00:00,50.9021,50.9999,50.3153,50.7717,8673400
1535549400,2018-08-29 00:00:00,50.8323,51.1583,50.6507,51.0605,6822800
1535635800,2018-08-30 00:00:00,50.9115,51.0977,50.4458,50.5156,14144200
1535722200,2018-08-31 00:00:00,50.4318,50.7764,50.4225,50.7345,4678800
1536067800,2018-09-04 00:00:00,50.5203,51.1024,50.3480,51.1024,9693400
1536154200,2018-09-05 00:00:00,51.0791,51.1676,50.3945,50.8230,10499000
1536240600,2018-09-06 00:00:00,50.5575,50.6041,49.4352,49.5050,18097000
1536327000,2018-09-07 00:00:00,49.3187,49.9661,49.1464,49.2861,14307000
1536586200,2018-09-10 00:00:00,49.6401,49.7844,49.3327,49.7658,6366800
1536672600,2018-09-11 00:00:00,49.3653,49.4864,48.9043,49.1418,10410000
1536759000,2018-09-12 00:00:00,48.4711,48.5922,47.5770,48.5783,18508000
1536845400,2018-09-13 00:00:00,49.2163,49.7192,48.9275,49.1744,13460200
1536931800,2018-09-14 00:00:00,49.4491,49.8729,49.2955,49.6820,10378400
1537191000,2018-09-17 00:00:00,49.3467,49.6540,48.9601,49.0114,10812200
1537277400,2018-09-18 00:00:00,49.1371,49.6913,49.1371,49.3839,5753800
1537363800,2018-09-19 00:00:00,49.3886,49.7099,49.2396,49.4957,6846000
1537450200,2018-09-20 00:00:00,49.9474,50.3247,49.8822,50.1337,12428200
1537536600,2018-09-21 00:00:00,50.0685,50.3154,49.8124,49.8822,9959000
1537795800,2018-09-24 00:00:00,49.6540,50.2455,49.5190,50.2362,7849800
1537882200,2018-09-25 00:00:00,49.8636,50.0918,49.3420,49.4352,8013000
1537968600,2018-09-26 00:00:00,49.2116,49.6028,48.9881,48.9974,9635200
1538055000,2018-09-27 00:00:00,49.1930,49.4631,49.0440,49.3048,4722600
1538141400,2018-09-28 00:00:00,49.1744,49.7518,49.0160,49.5749,7933400
1538400600,2018-10-01 00:00:00,49.7192,50.0872,49.5935,49.7053,7759800
1538487000,2018-10-02 00:00:00,49.4910,50.3759,49.4724,49.6680,10232600
1538573400,2018-10-03 00:00:00,49.9987,50.1291,49.3979,49.8590,9491600
1538659800,2018-10-04 00:00:00,49.4352,49.4538,48.3221,48.7366,19323200
1538746200,2018-10-05 00:00:00,48.5503,48.7413,47.1811,47.6282,19170800
1539005400,2018-10-08 00:00:00,47.1718,47.6096,46.6176,47.0694,17802400
1539091800,2018-10-09 00:00:00,46.9390,47.2696,46.6828,46.9809,16424200
1539178200,2018-10-10 00:00:00,46.1659,46.2544,44.8479,44.8479,42715800
1539264600,2018-10-11 00:00:00,44.8526,45.8445,44.0888,44.4521,41803400
1539351000,2018-10-12 00:00:00,45.7514,46.0075,44.6244,45.3322,18408200
1539610200,2018-10-15 00:00:00,45.1273,45.3462,44.7222,44.8386,12922800
1539696600,2018-10-16 00:00:00,45.3183,46.4034,45.2857,46.3568,14243400
1539783000,2018-10-17 00:00:00,46.8039,46.8505,45.8399,46.1286,10419000
1539869400,2018-10-18 00:00:00,45.8399,45.8864,44.7687,44.9271,16548000
1539955800,2018-10-19 00:00:00,45.1739,45.4953,44.0935,44.2797,18842000
1540215000,2018-10-22 00:00:00,44.5964,44.8526,44.1261,44.5173,12339800
1540301400,2018-10-23 00:00:00,43.3483,44.5825,42.9804,44.3403,26109600
1540387800,2018-10-24 00:00:00,43.4834,43.5719,41.3225,41.3644,28576400
1540474200,2018-10-25 00:00:00,41.7416,42.8500,41.6904,42.5333,18808400
1540560600,2018-10-26 00:00:00,41.5647,42.5147,41.0617,41.7649,14122400
1540819800,2018-10-29 00:00:00,42.3796,42.8128,40.4935,41.2852,22337200
1540906200,2018-10-30 00:00:00,41.4436,43.0549,41.3318,43.0410,23647600
1540992600,2018-10-31 00:00:00,43.8373,43.9351,43.2552,43.5253,16491400
1541079000,2018-11-01 00:00:00,43.9305,45.7002,43.8792,45.6257,23242800
1541165400,2018-11-02 00:00:00,45.5325,45.6769,44.3729,44.8992,19188800
1541428200,2018-11-05 00:00:00,44.7501,44.7501,43.7768,44.4847,12826400
1541514600,2018-11-06 00:00:00,44.4986,45.0994,44.3915,44.9457,7406400
1541601000,2018-11-07 00:00:00,45.4999,45.5977,44.9457,45.4999,8895400
1541687400,2018-11-08 00:00:00,45.0063,45.6256,44.9457,45.2903,7740600
1541773800,2018-11-09 00:00:00,44.6663,44.8107,44.0842,44.4707,14250000
1542033000,2018-11-12 00:00:00,43.6930,43.8094,42.3936,42.5240,20625000
1542119400,2018-11-13 00:00:00,42.8686,44.0003,42.8686,43.0736,25109800
1542205800,2018-11-14 00:00:00,43.7675,43.9957,42.8733,43.2971,16072600
1542292200,2018-11-15 00:00:00,43.1015,44.8200,43.0736,44.6663,18331000
1542378600,2018-11-16 00:00:00,42.8966,44.1493,42.8966,43.9072,23973800
1542637800,2018-11-19 00:00:00,43.6743,43.8047,42.2167,42.2586,20829200
1542724200,2018-11-20 00:00:00,41.0710,42.8267,40.9825,42.2213,17264200
1542810600,2018-11-21 00:00:00,42.8407,43.1062,42.4076,42.4076,13247400
1542983400,2018-11-23 00:00:00,42.0397,42.7103,42.0164,42.3471,3050200
1543242600,2018-11-26 00:00:00,43.0689,43.2179,42.5846,43.1900,10932200
1543329000,2018-11-27 00:00:00,42.8128,43.5532,42.6824,43.2552,14827400
1543415400,2018-11-28 00:00:00,43.6836,44.4101,42.9851,44.4008,10969200
1543501800,2018-11-29 00:00:00,44.1354,44.4055,43.8979,43.9817,9176600
1543588200,2018-11-30 00:00:00,43.9258,45.0575,43.5067,45.0575,16499600
1543847400,2018-12-03 00:00:00,46.0401,46.1659,45.3695,45.8492,14294600
1543933800,2018-12-04 00:00:00,45.4114,45.5465,43.5393,43.5952,17418600
1544106600,2018-12-06 00:00:00,42.3238,43.3390,42.1421,43.3390,16050000
1544193000,2018-12-07 00:00:00,43.1760,43.2692,41.4808,41.6950,18385200
1544452200,2018-12-10 00:00:00,41.6252,42.3564,41.4017,42.1794,15606000
1544538600,2018-12-11 00:00:00,42.9478,43.4089,42.1468,42.3890,17575600
1544625000,2018-12-12 00:00:00,43.0596,43.6510,42.7476,43.0316,13725800
1544711400,2018-12-13 00:00:00,43.3064,43.5020,42.7289,42.8873,9888000
1544797800,2018-12-14 00:00:00,42.2120,43.0503,42.2120,42.2213,13262200
1545057000,2018-12-17 00:00:00,42.1189,42.8593,41.4575,41.8208,15526400
1545143400,2018-12-18 00:00:00,42.1515,42.9664,42.0956,42.3238,17467800
1545229800,2018-12-19 00:00:00,41.9885,42.5147,40.2840,40.4889,19940000
1545316200,2018-12-20 00:00:00,40.6825,41.1334,39.6668,40.1651,28514600
1545402600,2018-12-21 00:00:00,40.3740,40.9009,39.3582,39.4722,21624200
1545661800,2018-12-24 00:00:00,39.1351,39.6430,38.3899,38.4279,9548600
1545834600,2018-12-26 00:00:00,38.8219,40.6351,38.3093,40.5876,16473200
1545921000,2018-12-27 00:00:00,39.9136,40.9436,39.5386,40.9436,17674000
1546007400,2018-12-28 00:00:00,41.1714,41.9593,40.8866,41.2236,13458800
1546266600,2018-12-31 00:00:00,41.6176,41.8359,41.0527,41.4277,10460000
1546439400,2019-01-02 00:00:00,40.5781,42.0305,40.4642,41.7315,14288000
1546525800,2019-01-03 00:00:00,40.6351,40.9436,39.1826,39.2253,18545600
1546612200,2019-01-04 00:00:00,39.9041,41.2094,39.8187,41.0527,18148800
1546871400,2019-01-07 00:00:00,41.2568,42.1777,41.0290,41.8454,11156800
1546957800,2019-01-08 00:00:00,42.1967,42.2394,41.0528,41.6034,13272000
1547044200,2019-01-09 00:00:00,42.0590,42.8897,42.0590,42.6666,17855800
1547130600,2019-01-10 00:00:00,42.3675,43.1460,42.2251,43.1080,11440000
1547217000,2019-01-11 00:00:00,42.8374,43.8247,42.7425,43.4640,13337400
1547476200,2019-01-14 00:00:00,42.9134,43.0178,42.5527,42.7188,9963600
1547562600,2019-01-15 00:00:00,43.0083,43.3501,42.6333,42.8327,11484400
1547649000,2019-01-16 00:00:00,42.9276,43.1745,42.4720,42.4957,11013400
1547735400,2019-01-17 00:00:00,42.2014,43.2504,41.9593,43.0226,15829800
1547821800,2019-01-18 00:00:00,43.4118,44.2946,43.2172,44.0858,16661400
1548167400,2019-01-22 00:00:00,43.6776,43.6871,42.5004,42.8090,14365400
1548253800,2019-01-23 00:00:00,43.1080,43.2789,42.2346,42.6381,11732200
1548340200,2019-01-24 00:00:00,43.7298,45.3199,43.7298,45.1490,25284000
1548426600,2019-01-25 00:00:00,45.3056,46.1600,44.9829,45.9891,18173800
1548685800,2019-01-28 00:00:00,44.2187,45.4385,44.2187,45.1300,16266400
1548772200,2019-01-29 00:00:00,45.1917,45.3199,44.4608,44.5320,10930000
1548858600,2019-01-30 00:00:00,45.2677,46.0366,44.8262,45.8800,12258800
1548945000,2019-01-31 00:00:00,45.6949,46.1838,45.3389,45.8467,11274000
1549031400,2019-02-01 00:00:00,45.9654,46.6299,45.8847,46.4306,11545800
1549290600,2019-02-04 00:00:00,46.4021,46.6631,46.0366,46.6584,9251400
1549377000,2019-02-05 00:00:00,46.6442,47.0951,46.5208,46.9195,14672400
1549463400,2019-02-06 00:00:00,47.5508,48.4004,47.4796,48.0824,16603000
1549549800,2019-02-07 00:00:00,47.4131,47.6789,46.6442,47.0476,18214600
1549636200,2019-02-08 00:00:00,46.2644,47.0096,46.0983,46.9195,11795600
1549895400,2019-02-11 00:00:00,47.0524,47.2422,46.7438,47.1236,6917000
1549981800,2019-02-12 00:00:00,47.7359,48.3007,47.6742,48.1725,11511800
1550068200,2019-02-13 00:00:00,48.3434,48.6472,48.1441,48.2865,7987200
1550154600,2019-02-14 00:00:00,48.0824,48.7516,48.0729,48.4289,8805000
1550241000,2019-02-15 00:00:00,48.7754,48.8703,48.3434,48.6757,9890600
1550586600,2019-02-19 00:00:00,48.4953,48.9272,48.4858,48.6187,6991600
1550673000,2019-02-20 00:00:00,48.8560,49.3782,48.8560,49.0602,8892400
1550759400,2019-02-21 00:00:00,49.0079,49.1646,48.6092,48.7564,9303600
1550845800,2019-02-22 00:00:00,49.1788,49.5111,49.0839,49.4494,9266000
1551105000,2019-02-25 00:00:00,50.1566,50.4414,49.8433,49.9003,9845600
1551191400,2019-02-26 00:00:00,49.7152,49.9050,49.4256,49.5775,6963200
1551277800,2019-02-27 00:00:00,49.3497,49.3497,48.5190,49.0696,11668600
1551364200,2019-02-28 00:00:00,48.7991,49.1788,48.6804,49.0459,8978000
1551450600,2019-03-01 00:00:00,49.4873,49.7437,48.9985,49.4968,8854800
1551709800,2019-03-04 00:00:00,49.8291,49.9810,48.8845,49.5206,9056400
1551796200,2019-03-05 00:00:00,49.3687,49.5728,49.0269,49.2880,8297000
1551882600,2019-03-06 00:00:00,49.2215,49.2215,48.4289,48.4573,9314400
1551969000,2019-03-07 00:00:00,48.1773,48.2722,47.6647,47.9305,12776000
1552055400,2019-03-08 00:00:00,47.1948,47.9590,47.0096,47.9162,10104800
1552311000,2019-03-11 00:00:00,48.1678,49.1693,48.0966,48.9367,11949200
1552397400,2019-03-12 00:00:00,49.0886,49.4161,48.7421,49.1788,8638600
1552483800,2019-03-13 00:00:00,49.4494,49.7484,49.2975,49.3782,8911400
1552570200,2019-03-14 00:00:00,49.3165,49.5965,49.0839,49.1029,8708400
1552656600,2019-03-15 00:00:00,49.7152,50.8448,49.6962,50.4177,16864200
1552915800,2019-03-18 00:00:00,50.4604,50.7357,49.9810,50.2800,9495400
1553002200,2019-03-19 00:00:00,50.6597,51.0205,50.5126,50.8591,13650000
1553088600,2019-03-20 00:00:00,50.9160,51.1107,50.1281,50.4224,11618600
1553175000,2019-03-21 00:00:00,50.6123,52.4966,50.6123,52.1596,18619000
1553261400,2019-03-22 00:00:00,51.8606,51.9793,50.6265,50.6692,18134800
1553520600,2019-03-25 00:00:00,50.3512,50.7642,49.6392,50.0284,11660400
1553607000,2019-03-26 00:00:00,50.5838,50.8923,50.1424,50.4936,9677400
1553693400,2019-03-27 00:00:00,50.5458,50.6930,49.4209,49.7579,15877800
1553779800,2019-03-28 00:00:00,49.8386,50.2230,49.3592,49.6630,14141800
1553866200,2019-03-29 00:00:00,50.2515,50.5743,50.1519,50.4699,11183800
1554125400,2019-04-01 00:00:00,51.2341,51.7609,51.0157,51.7135,11873800
1554211800,2019-04-02 00:00:00,51.7324,51.8796,51.4477,51.7562,6885600
1554298200,2019-04-03 00:00:00,52.5916,53.3985,52.4777,52.9618,18118800
1554384600,2019-04-04 00:00:00,52.7292,53.3463,52.6675,53.0188,13235200
1554471000,2019-04-05 00:00:00,53.3273,53.4792,53.0188,53.4175,9291600
1554730200,2019-04-08 00:00:00,53.1422,53.5883,53.0662,53.5266,7829200
1554816600,2019-04-09 00:00:00,53.2324,53.2324,52.7245,52.9428,10522200
1554903000,2019-04-10 00:00:00,52.8289,53.5266,52.8004,53.3700,12485200
1554989400,2019-04-11 00:00:00,53.3747,53.6500,53.1612,53.3178,8534400
1555075800,2019-04-12 00:00:00,53.8447,54.0677,53.6168,54.0677,7784800
1555335000,2019-04-15 00:00:00,54.0535,54.0915,53.3605,53.6785,9355800
1555421400,2019-04-16 00:00:00,54.0582,54.9981,54.0298,54.9886,13848000
1555507800,2019-04-17 00:00:00,56.0755,56.4030,55.4822,55.8002,17039000
1555594200,2019-04-18 00:00:00,55.9284,56.0186,55.5819,55.8809,11583800
1555939800,2019-04-22 00:00:00,55.5676,55.9569,55.4395,55.8382,10271000
1556026200,2019-04-23 00:00:00,56.0660,56.4315,55.9141,56.2891,9897800
1556112600,2019-04-24 00:00:00,56.2369,57.2954,56.2322,56.7685,13842400
1556199000,2019-04-25 00:00:00,56.4410,56.5834,55.2686,55.6483,19979400
1556285400,2019-04-26 00:00:00,54.4427,54.9838,53.8684,54.9696,22088200
1556544600,2019-04-29 00:00:00,54.8462,54.9648,54.5044,54.6800,7429000
1556631000,2019-04-30 00:00:00,54.7560,55.3018,54.6848,55.1784,10399400
1556717400,2019-05-01 00:00:00,55.6293,55.9521,54.7133,54.7560,14377200
1556803800,2019-05-02 00:00:00,54.7607,55.7907,54.6611,55.2734,13587200
1556890200,2019-05-03 00:00:00,55.6151,55.8050,55.2496,55.7670,12327200
1557149400,2019-05-06 00:00:00,53.9396,54.9221,53.7260,54.8747,13573000
1557235800,2019-05-07 00:00:00,54.2244,54.3525,53.0472,53.6216,23139400
1557322200,2019-05-08 00:00:00,53.2703,54.0488,53.1612,53.2371,17838000
1557408600,2019-05-09 00:00:00,52.3305,52.7387,51.3337,52.4871,36849000
1557495000,2019-05-10 00:00:00,52.1169,52.7957,51.2531,52.4302,26992200
1557754200,2019-05-13 00:00:00,50.6692,51.0347,49.8054,50.0000,35276800
1557840600,2019-05-14 00:00:00,50.7309,51.5189,50.4841,51.2815,21698600
1557927000,2019-05-15 00:00:00,50.6787,52.0932,50.6265,51.7562,25708000
1558013400,2019-05-16 00:00:00,51.0110,51.5616,50.7072,51.0252,23369400
1558099800,2019-05-17 00:00:00,50.2515,51.2863,49.8861,50.0427,38983200
1558359000,2019-05-20 00:00:00,48.4621,48.8038,47.7406,48.0539,37746400
1558445400,2019-05-21 00:00:00,49.0934,50.6455,48.6852,49.1503,19799200
1558531800,2019-05-22 00:00:00,48.3814,48.7611,48.1725,48.2865,21798600
1558618200,2019-05-23 00:00:00,47.4178,47.6362,46.7533,47.4843,24398800
1558704600,2019-05-24 00:00:00,47.8735,48.0966,47.1948,47.1948,19091800
1559050200,2019-05-28 00:00:00,47.4653,47.6172,46.7344,46.7771,12133600
1559136600,2019-05-29 00:00:00,46.3879,47.1283,46.3309,46.9337,26899800
1559223000,2019-05-30 00:00:00,47.0856,47.7121,46.9764,47.2944,15246600
1559309400,2019-05-31 00:00:00,46.7961,47.4273,46.4828,46.6252,27918400
1559568600,2019-06-03 00:00:00,47.1378,47.4985,46.3499,46.5730,13463400
1559655000,2019-06-04 00:00:00,47.3134,48.5048,47.0191,48.4811,13922400
1559741400,2019-06-05 00:00:00,48.9035,49.0222,47.5792,48.1108,21119000
1559827800,2019-06-06 00:00:00,48.1915,48.9415,48.0159,48.7754,10042200
1559914200,2019-06-07 00:00:00,49.0459,49.5348,48.8750,49.4066,11348200
1560173400,2019-06-10 00:00:00,50.0237,51.1913,49.9335,50.6407,17218400
1560259800,2019-06-11 00:00:00,51.4334,51.6423,50.5126,50.8259,16207000
1560346200,2019-06-12 00:00:00,50.3417,50.4272,49.6772,49.7247,8059200
1560432600,2019-06-13 00:00:00,50.0569,50.1756,49.6392,49.9715,7157200
1560519000,2019-06-14 00:00:00,48.6947,48.9130,48.4051,48.7279,11866800
1560778200,2019-06-17 00:00:00,48.7042,48.8561,48.3102,48.4289,12354200
1560864600,2019-06-18 00:00:00,48.8561,50.7452,48.8561,50.3987,27726800
1560951000,2019-06-19 00:00:00,50.6692,50.9018,50.2848,50.5173,9436200
1561037400,2019-06-20 00:00:00,51.6280,51.8321,50.8354,51.1012,11151200
1561123800,2019-06-21 00:00:00,50.8496,51.2673,50.7119,50.8591,10478400
1561383000,2019-06-24 00:00:00,50.9825,51.1629,50.7642,50.9540,12248800
1561469400,2019-06-25 00:00:00,50.9398,51.1107,50.0379,50.0712,12314400
1561555800,2019-06-26 00:00:00,51.1676,51.8986,51.1629,51.5521,14639600
1561642200,2019-06-27 00:00:00,51.8938,52.5014,51.8938,52.2451,10445000
1561728600,2019-06-28 00:00:00,52.9238,52.9665,52.2641,52.2973,11854800
1561987800,2019-07-01 00:00:00,54.6326,55.0408,53.4175,53.7735,18217000
1562074200,2019-07-02 00:00:00,53.6263,53.6311,52.9048,53.1422,8500600
1562160600,2019-07-03 00:00:00,53.0757,53.1279,52.5916,52.9476,4022200
1562333400,2019-07-05 00:00:00,52.3305,52.6723,52.0220,52.5583,7976800
1562592600,2019-07-08 00:00:00,52.0600,52.3210,51.8416,52.2166,7715400
1562679000,2019-07-09 00:00:00,51.8654,52.6580,51.7799,52.5821,8019800
1562765400,2019-07-10 00:00:00,53.1469,53.8114,53.0093,53.1042,9222600
1562851800,2019-07-11 00:00:00,53.4032,53.4507,52.9760,53.2513,7684400
1562938200,2019-07-12 00:00:00,53.4554,54.2576,53.4554,54.2291,7099600
1563197400,2019-07-15 00:00:00,54.5424,54.8652,54.3525,54.6658,5291600
1563283800,2019-07-16 00:00:00,54.3715,54.4047,53.8636,54.1010,7413000
1563370200,2019-07-17 00:00:00,54.4807,54.6041,54.1342,54.2956,5379000
1563456600,2019-07-18 00:00:00,54.4190,55.4063,54.4000,55.2734,10446400
1563543000,2019-07-19 00:00:00,55.4775,55.7812,55.2449,55.2781,8773200
1563802200,2019-07-22 00:00:00,55.6531,56.4695,55.6341,56.3841,10074800
1563888600,2019-07-23 00:00:00,56.7685,57.0153,56.4030,57.0106,8288600
1563975000,2019-07-24 00:00:00,57.3903,58.6481,57.2906,58.5295,13770800
1564061400,2019-07-25 00:00:00,58.1782,58.2399,57.3666,57.4710,11179200
1564147800,2019-07-26 00:00:00,57.9077,57.9551,57.3239,57.3523,7876400
1564407000,2019-07-29 00:00:00,57.2574,57.6371,56.7685,57.5470,8749600
1564493400,2019-07-30 00:00:00,56.9299,57.4568,56.8017,57.2906,5625800
1564579800,2019-07-31 00:00:00,57.0343,57.0628,54.9553,55.5771,10838800
1564666200,2019-08-01 00:00:00,55.4252,56.9157,54.0060,54.4570,26134200
1564752600,2019-08-02 00:00:00,54.0155,54.3288,53.2608,53.7165,16233800
1565011800,2019-08-05 00:00:00,52.2593,52.3400,50.9825,51.4002,17974600
1565098200,2019-08-06 00:00:00,52.3685,52.7909,51.6565,52.2166,18445200
1565184600,2019-08-07 00:00:00,51.5711,52.6153,51.4524,52.5014,14577800
1565271000,2019-08-08 00:00:00,52.9476,53.8921,52.7102,53.8447,10679800
1565357400,2019-08-09 00:00:00,53.3510,53.4839,52.5394,52.9143,16228600
1565616600,2019-08-12 00:00:00,52.4207,52.8811,52.0030,52.2878,7652400
1565703000,2019-08-13 00:00:00,52.1454,54.2006,51.8748,53.7877,19539800
1565789400,2019-08-14 00:00:00,52.4492,52.8906,51.7467,52.0552,16064800
1565875800,2019-08-15 00:00:00,52.3780,52.4492,51.5473,51.9982,9550200
1565962200,2019-08-16 00:00:00,52.5678,53.4080,52.2166,53.2703,11025600
1566221400,2019-08-19 00:00:00,54.4237,54.6658,53.8969,54.1484,9343600
1566307800,2019-08-20 00:00:00,54.0630,54.2149,53.6216,53.8399,11217400
1566394200,2019-08-21 00:00:00,54.3858,54.6516,54.1389,54.3905,5137200
1566480600,2019-08-22 00:00:00,54.4665,54.6278,53.7640,54.3193,7954000
1566567000,2019-08-23 00:00:00,53.5883,54.1342,51.8796,52.0694,25397800
1566826200,2019-08-26 00:00:00,52.8621,52.9618,52.4160,52.6058,7238400
1566912600,2019-08-27 00:00:00,53.0188,53.1991,52.1739,52.4824,8074600
1566999000,2019-08-28 00:00:00,52.2451,52.9048,51.8653,52.8194,7751000
1567085400,2019-08-29 00:00:00,53.7212,54.3193,53.6833,53.9633,11236000
1567171800,2019-08-30 00:00:00,54.5092,54.7655,54.0677,54.3098,7725800
1567517400,2019-09-03 00:00:00,53.7830,53.9064,53.1564,53.4507,8735400
1567603800,2019-09-04 00:00:00,54.3335,55.0408,54.3241,55.0265,10075600
1567690200,2019-09-05 00:00:00,56.2227,57.3286,56.1562,56.6973,14293000
1567776600,2019-09-06 00:00:00,56.7875,56.9536,56.4315,56.7448,5642800
1568035800,2019-09-09 00:00:00,56.9774,57.3951,56.7305,56.9631,6717800
1568122200,2019-09-10 00:00:00,56.6546,57.0818,56.2891,57.0770,7901000
1568208600,2019-09-11 00:00:00,57.3049,57.8365,57.0106,57.8033,6789000
1568295000,2019-09-12 00:00:00,58.2257,58.4440,57.5137,57.8934,8984400
1568381400,2019-09-13 00:00:00,57.8128,58.1355,57.5944,57.8650,7082400
1568640600,2019-09-16 00:00:00,57.3808,57.6941,56.9821,57.4757,4699400
1568727000,2019-09-17 00:00:00,57.2432,57.7558,57.0913,57.7083,6576600
1568813400,2019-09-18 00:00:00,57.6941,57.7985,56.9964,57.7700,4461600
1568899800,2019-09-19 00:00:00,57.9314,58.0786,57.4758,57.5375,5574200
1568986200,2019-09-20 00:00:00,57.6704,57.6798,56.2654,56.4600,10108000
1569245400,2019-09-23 00:00:00,56.3983,57.2432,56.3983,56.9441,5841800
1569331800,2019-09-24 00:00:00,57.3666,57.4757,55.8429,56.0993,11076200
1569418200,2019-09-25 00:00:00,55.8240,57.2052,55.3778,57.0581,10392800
1569504600,2019-09-26 00:00:00,57.1008,57.4235,56.6499,57.2574,9736600
1569591000,2019-09-27 00:00:00,56.8112,57.0628,55.4680,55.8999,13748000
1569850200,2019-09-30 00:00:00,56.2891,56.6071,55.9853,56.5454,5178000
1569936600,2019-10-01 00:00:00,56.9394,57.5849,55.9426,56.1610,9516800
1570023000,2019-10-02 00:00:00,55.6388,55.7907,54.9269,55.2449,9928200
1570109400,2019-10-03 00:00:00,55.2401,56.1610,54.6231,56.0945,11036000
1570195800,2019-10-04 00:00:00,56.4458,57.1103,56.2559,57.0818,7152400
1570455000,2019-10-07 00:00:00,57.0058,57.3334,56.7780,56.7970,9452600
1570541400,2019-10-08 00:00:00,56.1942,56.3651,55.2117,55.3066,12161800
1570627800,2019-10-09 00:00:00,56.0945,56.6499,55.9616,56.2796,6429000
1570714200,2019-10-10 00:00:00,56.4315,57.3523,56.3746,56.8160,9358800
1570800600,2019-10-11 00:00:00,57.9551,58.8000,57.8175,58.1118,17065400
1571059800,2019-10-14 00:00:00,58.1118,58.3206,57.9314,58.1972,4406200
1571146200,2019-10-15 00:00:00,58.4630,59.5120,58.4630,59.3554,7605200
1571232600,2019-10-16 00:00:00,58.9757,59.2937,58.3823,58.4915,6919400
1571319000,2019-10-17 00:00:00,59.1418,59.3839,58.1735,58.5295,6686200
1571405400,2019-10-18 00:00:00,58.4345,58.6149,57.4378,57.9551,7198400
1571664600,2019-10-21 00:00:00,58.3823,59.0658,58.3064,59.0421,8208200
1571751000,2019-10-22 00:00:00,59.2462,59.3269,58.5817,58.5959,6848800
1571837400,2019-10-23 00:00:00,57.5659,58.0074,57.2527,57.5754,11567400
1571923800,2019-10-24 00:00:00,58.4346,59.1228,58.3349,59.0991,9543200
1572010200,2019-10-25 00:00:00,59.3601,60.3474,59.3601,60.2952,9143200
1572269400,2019-10-28 00:00:00,60.8031,61.2872,60.6702,61.2113,9707200
1572355800,2019-10-29 00:00:00,61.3157,61.7809,60.7271,60.7936,7143000
1572442200,2019-10-30 00:00:00,61.1163,61.1163,60.3806,60.8600,6770600
1572528600,2019-10-31 00:00:00,60.6892,60.7556,59.8680,60.5135,7842400
1572615000,2019-11-01 00:00:00,60.9929,61.7714,60.8648,61.7619,8745400
1572877800,2019-11-04 00:00:00,62.7681,63.1668,62.5688,63.0767,7755000
1572964200,2019-11-05 00:00:00,63.2096,63.6130,62.9390,63.1099,5403600
1573050600,2019-11-06 00:00:00,62.9058,62.9722,62.1653,62.7254,8512000
1573137000,2019-11-07 00:00:00,63.5323,63.7364,62.8109,63.0956,7853600
1573223400,2019-11-08 00:00:00,62.8061,63.2285,62.3837,63.2285,6742000
1573482600,2019-11-11 00:00:00,62.6922,63.0909,62.4644,62.9722,5145000
1573569000,2019-11-12 00:00:00,63.2475,63.5845,62.8678,63.1051,4700200
1573655400,2019-11-13 00:00:00,62.7397,63.3757,62.5593,63.2143,5713800
1573741800,2019-11-14 00:00:00,63.0672,63.1573,62.6447,63.1004,5224800
1573828200,2019-11-15 00:00:00,63.9595,64.2016,63.4706,63.7412,8184400
1574087400,2019-11-18 00:00:00,63.7127,64.1731,63.4184,63.7791,3931600
1574173800,2019-11-19 00:00:00,64.1067,64.1968,63.2855,63.5608,6635400
1574260200,2019-11-20 00:00:00,63.2428,63.5988,62.4454,62.9390,9882000
1574346600,2019-11-21 00:00:00,62.6542,62.8014,61.9897,62.2508,8167600
1574433000,2019-11-22 00:00:00,62.4976,62.7397,62.0182,62.1416,6401600
1574692200,2019-11-25 00:00:00,62.6827,63.5845,62.6827,63.5750,6601400
1574778600,2019-11-26 00:00:00,63.4326,63.5323,63.0624,63.3709,7094200
1574865000,2019-11-27 00:00:00,63.6273,63.7981,63.4896,63.7981,4592000
1575037800,2019-11-29 00:00:00,63.4469,63.4801,63.0482,63.0862,3278400
1575297000,2019-12-02 00:00:00,63.2191,63.2902,62.1558,62.2650,9095200
1575383400,2019-12-03 00:00:00,61.0641,61.4344,60.7176,61.3916,13605000
1575469800,2019-12-04 00:00:00,62.1796,62.5213,62.1179,62.2935,6475400
1575556200,2019-12-05 00:00:00,62.5878,62.8393,62.4026,62.6685,4876200
1575642600,2019-12-06 00:00:00,63.2855,63.7364,63.2855,63.5988,6751600
1575901800,2019-12-09 00:00:00,63.6320,63.7934,63.1621,63.1716,3950800
1575988200,2019-12-10 00:00:00,63.4089,63.8171,63.2428,63.4231,5077200
1576074600,2019-12-11 00:00:00,63.8836,64.8091,63.6368,64.7807,9540200
1576161000,2019-12-12 00:00:00,64.8709,66.6745,64.8044,66.6413,12050000
1576247400,2019-12-13 00:00:00,66.6366,67.3675,66.1714,66.3850,10016800
1576506600,2019-12-16 00:00:00,67.2014,67.4482,66.8929,66.9261,7099800
1576593000,2019-12-17 00:00:00,67.4007,67.4435,66.9166,67.3058,5578400
1576679400,2019-12-18 00:00:00,67.4957,67.4957,66.9688,67.0732,4842600
1576765800,2019-12-19 00:00:00,67.3675,67.5147,66.9973,67.4625,4704200
1576852200,2019-12-20 00:00:00,67.8279,68.3358,67.6001,68.1127,6537200
1577111400,2019-12-23 00:00:00,68.9568,69.0965,68.2293,68.4509,5452200
1577197800,2019-12-24 00:00:00,68.6196,68.6196,68.1378,68.5906,2355200
1577370600,2019-12-26 00:00:00,68.6629,68.8845,68.4461,68.7737,3149800
1577457000,2019-12-27 00:00:00,69.0243,69.0869,68.3931,68.5377,3688400
1577716200,2019-12-30 00:00:00,68.6533,68.6533,67.5693,68.0414,5910000
1577802600,2019-12-31 00:00:00,67.8102,68.2582,67.6464,68.1281,5706200
1577975400,2020-01-02 00:00:00,69.2748,69.8288,69.0435,69.7036,5200400
1578061800,2020-01-03 00:00:00,68.6774,69.1013,68.3546,68.5617,9963600
1578321000,2020-01-06 00:00:00,67.6945,67.9932,67.3380,67.8294,6514000
1578407400,2020-01-07 00:00:00,68.5280,69.2073,68.1233,68.9616,6526000
1578493800,2020-01-08 00:00:00,68.9568,69.4289,68.6629,69.0772,6112800
1578580200,2020-01-09 00:00:00,69.9589,69.9589,68.8171,69.4723,6403600
1578666600,2020-01-10 00:00:00,69.8674,69.8674,68.7689,68.8942,4503800
1578925800,2020-01-13 00:00:00,69.4723,69.8866,69.2218,69.8577,7211800
1579012200,2020-01-14 00:00:00,69.9444,70.4696,69.5783,70.0023,6001800
1579098600,2020-01-15 00:00:00,69.7180,69.8192,68.7689,68.9664,7379800
1579185000,2020-01-16 00:00:00,69.6072,70.0793,69.5253,70.0793,6238400
1579271400,2020-01-17 00:00:00,70.3829,70.3877,69.8674,70.3684,5896400
1579617000,2020-01-21 00:00:00,70.0890,70.7394,70.0264,70.4262,6054400
1579703400,2020-01-22 00:00:00,70.9369,71.5969,70.8020,71.0044,7073600
1579789800,2020-01-23 00:00:00,71.2067,71.4476,70.6141,71.4476,8740000
1579876200,2020-01-24 00:00:00,72.4160,72.6231,70.6045,71.1344,9998400
1580135400,2020-01-27 00:00:00,68.8267,69.1351,68.0511,68.2679,13582200
1580221800,2020-01-28 00:00:00,69.0146,70.1372,68.6099,69.9782,7419400
1580308200,2020-01-29 00:00:00,69.6939,69.9252,68.8026,68.9134,5874400
1580394600,2020-01-30 00:00:00,68.2149,68.8653,67.4344,68.7545,10334200
1580481000,2020-01-31 00:00:00,68.1426,68.2052,65.9842,66.2781,12204800
1580740200,2020-02-03 00:00:00,66.5672,67.2754,66.4805,67.1839,7682000
1580826600,2020-02-04 00:00:00,68.9905,69.4097,68.6388,69.3471,10815600
1580913000,2020-02-05 00:00:00,70.5804,70.8743,69.7903,70.7249,10793000
1580999400,2020-02-06 00:00:00,70.8213,70.8405,69.9493,70.7731,5421800
1581085800,2020-02-07 00:00:00,70.0745,70.1324,69.1158,69.1543,10472400
1581345000,2020-02-10 00:00:00,68.6918,70.2576,68.6533,70.2431,8198400
1581431400,2020-02-11 00:00:00,70.8791,72.0257,70.8791,71.7270,10834200
1581517800,2020-02-12 00:00:00,72.2618,72.8255,72.2618,72.7387,7438400
1581604200,2020-02-13 00:00:00,72.2425,73.3892,72.1414,72.9122,7965600
1581690600,2020-02-14 00:00:00,73.2302,73.5289,72.1654,72.5990,7469800
1582036200,2020-02-18 00:00:00,71.1441,71.6210,70.8743,71.5102,11817200
1582122600,2020-02-19 00:00:00,72.6231,73.4807,72.5075,73.3506,8134000
1582209000,2020-02-20 00:00:00,73.0375,73.1338,71.0814,72.1944,7756000
1582295400,2020-02-21 00:00:00,71.7174,71.7608,69.8385,70.0745,14164000
1582554600,2020-02-24 00:00:00,66.8563,67.8005,66.2637,66.8996,19728200
1582641000,2020-02-25 00:00:00,67.6897,67.9017,64.6593,64.9725,25658000
1582727400,2020-02-26 00:00:00,65.5314,66.6057,64.8424,65.3627,19085800
1582813800,2020-02-27 00:00:00,63.5946,64.5823,62.1975,62.3516,25962400
1582900200,2020-02-28 00:00:00,60.0295,63.9222,59.8897,63.5802,19297800
1583159400,2020-03-02 00:00:00,64.4040,65.7915,62.6359,65.7819,14083000
1583245800,2020-03-03 00:00:00,66.0276,66.9237,63.1658,63.6235,14801000
1583332200,2020-03-04 00:00:00,64.8858,66.8852,64.1968,66.8852,10802800
1583418600,2020-03-05 00:00:00,65.0448,66.3793,64.2161,64.7846,11346000
1583505000,2020-03-06 00:00:00,62.8768,63.9463,61.9807,63.5368,14819200
1583760600,2020-03-09 00:00:00,58.1313,61.1857,58.0445,58.2517,14174400
1583847000,2020-03-10 00:00:00,60.4775,61.8410,58.4059,61.8410,12554000
1583933400,2020-03-11 00:00:00,59.8030,61.1857,57.9048,58.5022,14558200
1584019800,2020-03-12 00:00:00,54.4119,56.6715,52.3162,52.3258,13776000
1584106200,2020-03-13 00:00:00,55.5586,57.8904,52.5619,57.3990,11600000
1584365400,2020-03-16 00:00:00,50.6830,54.1711,48.7944,49.1268,13095800
1584451800,2020-03-17 00:00:00,49.9940,53.6796,48.4186,53.1063,19195800
1584538200,2020-03-18 00:00:00,49.1413,51.2467,46.2506,48.6932,14520400
1584624600,2020-03-19 00:00:00,48.3175,51.1407,46.7517,49.5556,10292200
1584711000,2020-03-20 00:00:00,51.6224,52.6197,48.5632,48.6884,13733000
1584970200,2020-03-23 00:00:00,49.3581,51.2129,48.1392,50.4951,13153600
1585056600,2020-03-24 00:00:00,53.7182,55.9247,53.6700,55.7079,15628600
1585143000,2020-03-25 00:00:00,56.2427,58.0012,54.3011,55.2888,9801600
1585229400,2020-03-26 00:00:00,56.2716,58.7768,55.9825,58.6419,9212800
1585315800,2020-03-27 00:00:00,56.6233,57.3652,55.3803,55.3996,12571400
1585575000,2020-03-30 00:00:00,56.4258,57.7699,55.8091,57.5724,9145600
1585661400,2020-03-31 00:00:00,57.6880,58.4589,56.0596,56.4354,10223600
1585747800,2020-04-01 00:00:00,54.6528,55.9777,53.0822,53.6363,12936000
1585834200,2020-04-02 00:00:00,53.1593,55.2599,53.1111,55.0816,9846200
1585920600,2020-04-03 00:00:00,54.9226,55.6260,53.3858,53.9783,7177600
1586179800,2020-04-06 00:00:00,56.4788,59.6489,56.4739,59.3453,17371000
1586266200,2020-04-07 00:00:00,61.5230,61.6097,59.1623,59.1623,11802800
1586352600,2020-04-08 00:00:00,60.2174,61.4218,59.4417,61.1231,9511600
1586439000,2020-04-09 00:00:00,61.7591,62.4576,59.2056,59.6778,20814000
1586784600,2020-04-13 00:00:00,59.4176,60.5546,59.1382,60.4582,10961600
1586871000,2020-04-14 00:00:00,61.9662,63.1610,61.7542,63.1032,15345800
1586957400,2020-04-15 00:00:00,61.6916,61.7301,60.6991,61.4025,12026800
1587043800,2020-04-16 00:00:00,62.4624,63.3200,61.8602,63.0309,9310000
1587130200,2020-04-17 00:00:00,64.2498,64.5341,63.0454,63.6476,10195200
1587389400,2020-04-20 00:00:00,62.6359,63.6524,62.2794,62.2986,6241200
1587475800,2020-04-21 00:00:00,61.2387,61.5808,59.1526,59.5091,12767200
1587562200,2020-04-22 00:00:00,61.2580,63.2285,61.2098,62.8720,12027600
1587648600,2020-04-23 00:00:00,62.8527,63.5561,62.1493,62.2938,8544400
1587735000,2020-04-24 00:00:00,62.2890,63.7054,61.8217,63.5513,7987400
1587994200,2020-04-27 00:00:00,64.1824,64.8810,63.8403,64.3365,8903600
1588080600,2020-04-28 00:00:00,65.4205,65.7433,63.8355,63.9078,9113600
1588167000,2020-04-29 00:00:00,65.0592,67.1405,64.8135,66.9092,9771000
1588253400,2020-04-30 00:00:00,66.5335,66.5335,64.3173,64.4281,13736400
1588339800,2020-05-01 00:00:00,63.0454,63.1610,61.1520,61.3929,12030800
1588599000,2020-05-04 00:00:00,61.1376,62.1493,60.7570,62.0722,7615800
1588685400,2020-05-05 00:00:00,62.9538,63.9945,62.5251,62.8816,9668800
1588771800,2020-05-06 00:00:00,63.6476,64.5774,63.4694,63.6187,6652600
1588858200,2020-05-07 00:00:00,64.7991,65.0014,63.9367,64.1968,6246200
1588944600,2020-05-08 00:00:00,64.9051,65.9120,64.6449,65.8349,6032800
1589203800,2020-05-11 00:00:00,65.1989,66.3407,65.1556,65.8686,5441000
1589290200,2020-05-12 00:00:00,66.2926,66.4419,64.0379,64.0571,7153200
1589376600,2020-05-13 00:00:00,64.5244,64.7461,62.0385,62.9201,13727600
1589463000,2020-05-14 00:00:00,62.4432,64.7461,61.3833,64.6834,11389600
1589549400,2020-05-15 00:00:00,62.5106,63.5224,62.0818,63.2092,14959000
1589808600,2020-05-18 00:00:00,64.8280,66.2781,64.7653,65.9312,8478200
1589895000,2020-05-19 00:00:00,65.9023,67.0971,65.5844,65.6855,7990000
1589981400,2020-05-20 00:00:00,67.1405,68.4172,67.1212,68.0655,9048200
1590067800,2020-05-21 00:00:00,67.9017,68.0703,66.2444,66.3407,8865600
1590154200,2020-05-22 00:00:00,66.3745,66.5575,65.5651,66.4805,4969000
1590499800,2020-05-26 00:00:00,68.0607,68.4798,66.9526,67.0538,9327200
1590586200,2020-05-27 00:00:00,67.0779,68.0752,65.3531,68.0655,13018200
1590672600,2020-05-28 00:00:00,67.6897,68.4172,66.2685,66.6105,10383400
1590759000,2020-05-29 00:00:00,66.8563,68.3594,66.6202,67.9451,12020000
1591018200,2020-06-01 00:00:00,67.8824,68.2004,67.3428,67.8439,6332800
1591104600,2020-06-02 00:00:00,68.1667,69.2410,67.7716,69.1784,7555800
1591191000,2020-06-03 00:00:00,70.2287,71.3705,70.2239,71.0863,8987600
1591277400,2020-06-04 00:00:00,70.7683,72.3533,70.6767,71.8716,6281600
1591363800,2020-06-05 00:00:00,73.3892,74.5647,73.3024,73.5674,9793600
1591623000,2020-06-08 00:00:00,73.8998,73.9239,72.0065,73.3458,5562200
1591709400,2020-06-09 00:00:00,72.5412,73.7553,72.3003,73.4807,5726000
1591795800,2020-06-10 00:00:00,73.9288,74.5454,73.5482,73.8565,7012600
1591882200,2020-06-11 00:00:00,72.0113,72.3148,69.2748,69.3230,9342800
1591968600,2020-06-12 00:00:00,71.3031,71.6644,68.8219,70.3010,9391800
1592227800,2020-06-15 00:00:00,68.7593,71.3127,68.5714,71.2115,8518200
1592314200,2020-06-16 00:00:00,73.1386,73.5289,71.1971,72.3244,7783600
1592400600,2020-06-17 00:00:00,73.0037,73.7168,72.6135,73.0905,9421200
1592487000,2020-06-18 00:00:00,72.9507,73.3988,72.6183,72.9893,5770000
1592573400,2020-06-19 00:00:00,73.7601,74.1696,72.4641,72.6472,6698200
1592832600,2020-06-22 00:00:00,72.6617,73.3747,72.0354,73.3121,5636000
1592919000,2020-06-23 00:00:00,73.8083,74.2419,73.3988,73.5529,4749200
1593005400,2020-06-24 00:00:00,73.1579,73.5674,71.4621,72.0113,8941800
1593091800,2020-06-25 00:00:00,72.1124,72.6424,70.8695,72.5027,4635400
1593178200,2020-06-26 00:00:00,72.5027,72.6617,70.9899,71.1441,7897800
1593437400,2020-06-29 00:00:00,71.3705,71.8667,70.2672,71.8667,6789800
1593523800,2020-06-30 00:00:00,72.3100,73.8854,72.2040,73.6156,8866200
1593610200,2020-07-01 00:00:00,73.6638,73.6927,72.7677,72.7725,6057600
1593696600,2020-07-02 00:00:00,73.7746,74.4394,73.5289,73.8854,6947400
1594042200,2020-07-06 00:00:00,75.2392,76.1690,75.0850,75.9233,6925800
1594128600,2020-07-07 00:00:00,75.7113,76.1546,74.8297,74.9790,5952000
1594215000,2020-07-08 00:00:00,75.6583,76.1256,75.0368,76.0534,5181600
1594301400,2020-07-09 00:00:00,76.3617,77.6818,75.5861,77.3735,11834000
1594387800,2020-07-10 00:00:00,77.3590,77.5806,76.3087,77.0699,4751800
1594647000,2020-07-13 00:00:00,78.2406,79.0356,75.8125,75.9618,9496400
1594733400,2020-07-14 00:00:00,75.4608,77.4216,74.5840,77.2386,7806200
1594819800,2020-07-15 00:00:00,77.7155,77.7444,75.7788,76.8869,6357000
1594906200,2020-07-16 00:00:00,76.1642,77.0603,75.6872,76.8290,6811200
1594992600,2020-07-17 00:00:00,77.3349,77.4602,76.8050,77.1856,4978200
1595251800,2020-07-20 00:00:00,77.3012,78.9344,76.7568,78.7272,4485600
1595338200,2020-07-21 00:00:00,79.5318,79.5752,78.1154,78.3322,6091000
1595424600,2020-07-22 00:00:00,78.5875,79.4644,78.2792,78.9055,4728600
1595511000,2020-07-23 00:00:00,78.9248,79.5174,76.9254,77.6047,7436000
1595597400,2020-07-24 00:00:00,76.3858,77.9901,75.7499,76.8242,6040800
1595856600,2020-07-27 00:00:00,78.5683,79.9799,78.4526,79.9221,5584800
1595943000,2020-07-28 00:00:00,78.8236,78.9248,77.7252,77.8456,5692600
1596029400,2020-07-29 00:00:00,78.5394,80.1051,78.3996,79.8064,6411200
1596115800,2020-07-30 00:00:00,79.1127,80.6495,78.9440,80.5580,6549600
1596202200,2020-07-31 00:00:00,80.7170,80.7170,78.9296,80.0810,10354800
1596461400,2020-08-03 00:00:00,80.6158,81.6372,80.5291,81.5071,4024800
1596547800,2020-08-04 00:00:00,81.5456,82.7694,81.4782,82.6923,5997000
1596634200,2020-08-05 00:00:00,82.6923,83.3909,82.3069,82.7645,4373800
1596720600,2020-08-06 00:00:00,82.7308,82.7453,81.7769,82.6200,4438600
1596807000,2020-08-07 00:00:00,82.4947,82.8802,80.8133,81.6709,5515200
1597066200,2020-08-10 00:00:00,81.9359,82.1141,80.5243,81.7287,4574800
1597152600,2020-08-11 00:00:00,81.7432,82.1479,80.3316,80.5724,6514400
1597239000,2020-08-12 00:00:00,81.2855,83.3475,80.9531,83.1066,5739600
1597325400,2020-08-13 00:00:00,83.0632,83.1548,81.9407,82.3165,4549600
1597411800,2020-08-14 00:00:00,82.5526,83.2800,82.0371,82.2298,3263000
1597671000,2020-08-17 00:00:00,83.1837,83.8823,82.9814,83.4294,2801800
1597757400,2020-08-18 00:00:00,83.7763,83.9882,82.6923,82.9139,3021800
1597843800,2020-08-19 00:00:00,83.0729,83.1500,82.2105,82.4080,4716600
1597930200,2020-08-20 00:00:00,81.5071,82.0081,81.0494,81.7480,5814800
1598016600,2020-08-21 00:00:00,81.7191,82.3598,81.4300,82.3406,4163000
1598275800,2020-08-24 00:00:00,83.2608,83.5354,82.4851,83.0729,2595400
1598362200,2020-08-25 00:00:00,83.2656,84.0509,83.2511,84.0123,2598800
1598448600,2020-08-26 00:00:00,84.2243,84.7591,83.9979,84.4797,2835800
1598535000,2020-08-27 00:00:00,84.7687,84.9807,82.7886,83.2945,6242800
1598621400,2020-08-28 00:00:00,83.5402,84.6965,83.2752,84.6194,2711600
1598880600,2020-08-31 00:00:00,84.3592,85.1012,83.7811,84.4893,3468600
1598967000,2020-09-01 00:00:00,85.1301,86.1900,84.7350,86.1466,3668000
1599053400,2020-09-02 00:00:00,87.5871,88.9409,86.4212,88.4302,7925000
1599139800,2020-09-03 00:00:00,87.1150,87.1150,83.0440,83.7329,13800400
1599226200,2020-09-04 00:00:00,83.0536,84.1761,79.7342,82.5815,9850800
1599571800,2020-09-08 00:00:00,79.3969,81.2373,78.8043,78.9200,7993400
1599658200,2020-09-09 00:00:00,80.8567,81.7914,79.9702,81.1795,4672200
1599744600,2020-09-10 00:00:00,82.1334,82.5333,79.6860,80.1581,5837600
1599831000,2020-09-11 00:00:00,80.8423,81.5986,79.2379,80.0040,4779200
1600090200,2020-09-14 00:00:00,81.8781,82.3887,81.1939,81.8058,4549000
1600176600,2020-09-15 00:00:00,82.9524,84.0605,82.7549,83.5257,7696200
1600263000,2020-09-16 00:00:00,84.0605,84.1858,82.3695,82.4996,3870000
1600349400,2020-09-17 00:00:00,80.2256,82.4418,80.0762,82.3117,4373600
1600435800,2020-09-18 00:00:00,82.7886,82.9524,80.0907,81.0687,5509200
1600695000,2020-09-21 00:00:00,79.7004,81.1121,79.0260,81.1072,8011400
1600781400,2020-09-22 00:00:00,81.5890,81.9166,80.1485,81.7721,3214200
1600867800,2020-09-23 00:00:00,81.8540,82.2153,79.6137,79.9028,4852200
1600954200,2020-09-24 00:00:00,79.1560,81.7143,79.0597,80.6014,6385600
1601040600,2020-09-25 00:00:00,80.3894,81.7865,79.4547,81.5360,5076400
1601299800,2020-09-28 00:00:00,82.7983,83.6751,82.1238,83.6077,3918000
1601386200,2020-09-29 00:00:00,83.4101,84.5857,83.4101,84.0509,6431400
1601472600,2020-09-30 00:00:00,83.8919,84.8844,83.5643,83.9256,5782200
1601559000,2020-10-01 00:00:00,85.5300,86.2767,85.1060,85.9973,4724800
1601645400,2020-10-02 00:00:00,84.0846,85.2505,83.3860,83.4198,6278600
1601904600,2020-10-05 00:00:00,84.2099,86.2622,84.1424,86.2622,3832200
1601991000,2020-10-06 00:00:00,86.0551,87.4956,85.1686,85.5059,10500200
1602077400,2020-10-07 00:00:00,86.7970,87.5727,86.7777,87.3366,3467600
1602163800,2020-10-08 00:00:00,88.2809,88.5218,87.8569,88.4062,3773200
1602250200,2020-10-09 00:00:00,89.7407,90.1406,89.3215,89.9238,5310200
1602509400,2020-10-12 00:00:00,91.1716,91.8846,90.6271,91.5088,4606200
1602595800,2020-10-13 00:00:00,91.5714,91.9954,90.8536,91.2342,3182800
1602682200,2020-10-14 00:00:00,91.6244,91.7979,90.1887,90.7524,4294000
1602768600,2020-10-15 00:00:00,89.0855,90.5260,88.8398,90.4007,2655800
1602855000,2020-10-16 00:00:00,91.0656,91.0656,89.7648,89.8370,3466600
1603114200,2020-10-19 00:00:00,90.5019,91.0993,89.0421,89.3938,4638200
1603200600,2020-10-20 00:00:00,90.0201,90.1743,89.1722,89.4661,4994400
1603287000,2020-10-21 00:00:00,89.6106,89.9527,88.8012,88.8927,4890600
1603373400,2020-10-22 00:00:00,88.9313,89.2685,87.8425,88.8590,3146400
1603459800,2020-10-23 00:00:00,88.7579,88.7579,87.8039,88.6470,3331600
1603719000,2020-10-26 00:00:00,87.9581,88.2857,85.6937,86.7488,6464600
1603805400,2020-10-27 00:00:00,87.4522,87.6546,86.0936,86.4501,3751600
1603891800,2020-10-28 00:00:00,84.9663,85.0771,83.4776,83.6606,9155800
1603978200,2020-10-29 00:00:00,83.7666,86.4839,83.5209,85.7275,4593600
1604064600,2020-10-30 00:00:00,84.6916,85.2746,83.3764,84.2869,4847200
1604327400,2020-11-02 00:00:00,85.0385,85.6889,84.1232,84.9422,3878200
1604413800,2020-11-03 00:00:00,85.6745,87.3318,85.6167,86.7103,5890000
1604500200,2020-11-04 00:00:00,88.5989,90.2080,87.5004,89.8900,7822600
1604586600,2020-11-05 00:00:00,92.2122,93.5949,92.0243,93.4600,6044600
1604673000,2020-11-06 00:00:00,93.3155,95.1944,92.7903,94.9101,6303200
1604932200,2020-11-09 00:00:00,97.2323,97.7478,93.7780,93.8743,10780400
1605018600,2020-11-10 00:00:00,93.3203,93.3444,90.7524,90.9692,6903000
1605105000,2020-11-11 00:00:00,92.5013,94.4043,92.4194,94.1682,5375400
1605191400,2020-11-12 00:00:00,94.2790,94.7560,92.7277,93.1517,6405000
1605277800,2020-11-13 00:00:00,94.3513,95.2618,93.8888,94.5247,4874800
1605537000,2020-11-16 00:00:00,95.2667,97.4684,95.1125,97.1841,4773400
1605623400,2020-11-17 00:00:00,96.9577,96.9577,95.6280,96.0664,3430200
1605709800,2020-11-18 00:00:00,96.5771,97.0107,95.5461,95.5894,7664600
1605796200,2020-11-19 00:00:00,95.0884,96.9288,94.7512,96.8373,4394800
1605882600,2020-11-20 00:00:00,97.0348,97.6226,96.2398,96.3458,3579200
1606141800,2020-11-23 00:00:00,97.0830,98.2585,96.7361,97.8297,5038600
1606228200,2020-11-24 00:00:00,98.4705,98.5138,96.7264,98.1381,3909800
1606314600,2020-11-25 00:00:00,98.2344,98.7644,97.7286,98.1332,3595600
1606487400,2020-11-27 00:00:00,98.8126,100.0026,98.8126,99.4485,3684600
1606746600,2020-11-30 00:00:00,99.6123,101.4382,98.2730,100.5036,8532400
1606833000,2020-12-01 00:00:00,101.4768,103.1004,101.0528,102.3295,6737000
1606919400,2020-12-02 00:00:00,102.2910,103.0763,101.8477,102.7390,5309000
1607005800,2020-12-03 00:00:00,103.3991,103.9001,102.5800,102.7005,4605000
1607092200,2020-12-04 00:00:00,103.3220,105.6971,103.1341,105.6971,5367000
1607351400,2020-12-07 00:00:00,106.3861,106.4246,105.3599,106.2994,4150600
1607437800,2020-12-08 00:00:00,106.2464,106.8534,105.5719,106.4391,3725600
1607524200,2020-12-09 00:00:00,105.8899,106.2946,102.4596,103.1437,7174800
1607610600,2020-12-10 00:00:00,102.2187,103.9146,101.8285,103.2208,4239400
1607697000,2020-12-11 00:00:00,102.5319,103.1919,101.3708,102.3825,4151400
1607956200,2020-12-14 00:00:00,103.2931,104.0350,102.8787,103.4280,4346000
1608042600,2020-12-15 00:00:00,104.7336,105.3262,104.2566,105.0516,5027600
1608129000,2020-12-16 00:00:00,105.4900,105.4900,104.1892,105.0082,2536200
1608215400,2020-12-17 00:00:00,105.6682,105.7020,104.5842,104.9841,2250800
1608301800,2020-12-18 00:00:00,105.1190,105.2925,103.9579,104.6228,6820800
1608561000,2020-12-21 00:00:00,103.0228,104.1532,102.2660,104.0950,4260200
1608647400,2020-12-22 00:00:00,104.2599,104.2648,103.0180,103.9106,3693600
1608733800,2020-12-23 00:00:00,104.0610,104.4151,103.0762,103.1344,2659600
1608820200,2020-12-24 00:00:00,103.4303,104.2599,103.4303,104.2405,1142800
1609165800,2020-12-28 00:00:00,105.4097,105.5115,103.9349,104.0319,2445600
1609252200,2020-12-29 00:00:00,104.6334,104.6868,102.8094,103.7699,4497600
1609338600,2020-12-30 00:00:00,104.3763,105.8075,104.3763,105.6862,2108800
1609425000,2020-12-31 00:00:00,105.7396,106.0209,104.9197,105.9627,2863000
1609770600,2021-01-04 00:00:00,106.9961,109.1549,105.0604,106.1762,9300600
1609857000,2021-01-05 00:00:00,105.9773,108.1361,105.9773,108.0342,4639000
1609943400,2021-01-06 00:00:00,107.1319,109.7419,106.7001,107.7043,7689000
1610029800,2021-01-07 00:00:00,109.5430,112.3859,109.5430,112.1482,5244600
1610116200,2021-01-08 00:00:00,114.0644,114.4574,110.5424,111.7455,6728000
1610375400,2021-01-11 00:00:00,111.3089,114.1760,111.0857,113.4192,6264400
1610461800,2021-01-12 00:00:00,114.4040,114.8552,112.8128,113.9480,6375200
1610548200,2021-01-13 00:00:00,114.7339,114.7970,112.7934,113.3319,4427800
1610634600,2021-01-14 00:00:00,115.0056,117.8242,114.8698,116.1505,6605600
1610721000,2021-01-15 00:00:00,115.8497,116.0389,112.8953,113.8898,7656400
1611066600,2021-01-19 00:00:00,116.0680,117.8873,115.4471,117.8000,6144400
1611153000,2021-01-20 00:00:00,119.3815,119.7259,117.0577,117.3100,6309800
1611239400,2021-01-21 00:00:00,118.8236,119.4106,117.3439,119.1244,7217600
1611325800,2021-01-22 00:00:00,117.8873,118.5082,116.8151,116.8830,5508800
1611585000,2021-01-25 00:00:00,117.9698,118.2220,114.9619,117.3439,7048400
1611671400,2021-01-26 00:00:00,117.1402,117.2081,115.2870,115.3161,5393000
1611757800,2021-01-27 00:00:00,112.9777,112.9777,109.1209,109.6837,11583600
1611844200,2021-01-28 00:00:00,112.1433,113.7006,110.9887,111.9784,7953000
1611930600,2021-01-29 00:00:00,112.0657,112.4635,109.4314,109.9360,8083000
1612189800,2021-02-01 00:00:00,111.6485,114.4137,111.3331,114.2439,5437800
1612276200,2021-02-02 00:00:00,116.0292,116.0292,114.3943,115.8061,8677000
1612362600,2021-02-03 00:00:00,116.3446,116.3446,113.5259,113.6278,6479800
1612449000,2021-02-04 00:00:00,113.3707,114.9425,112.7158,114.9425,5895800
1612535400,2021-02-05 00:00:00,115.6751,115.6993,113.9480,114.1081,4920400
1612794600,2021-02-08 00:00:00,115.2288,117.9358,115.0687,117.9212,8969200
1612881000,2021-02-09 00:00:00,117.4264,118.4840,117.0286,117.5720,3215600
1612967400,2021-02-10 00:00:00,118.6150,119.2893,116.4270,117.8727,7481200
1613053800,2021-02-11 00:00:00,119.1923,122.2535,119.1244,122.2389,10340000
1613140200,2021-02-12 00:00:00,121.8023,123.7283,121.0649,123.4954,6800800
1613485800,2021-02-16 00:00:00,125.1546,125.4505,123.5439,124.2522,6947800
1613572200,2021-02-17 00:00:00,122.9666,123.4566,120.3227,121.8460,7337600
1613658600,2021-02-18 00:00:00,120.4294,121.0892,119.0031,120.5507,6060000
1613745000,2021-02-19 00:00:00,122.3990,124.1018,121.8654,123.1558,8658800
1614004200,2021-02-22 00:00:00,121.5403,122.1856,118.2123,118.6538,6753000
1614090600,2021-02-23 00:00:00,116.4076,118.3142,112.9777,117.5137,9492400
1614177000,2021-02-24 00:00:00,116.4173,121.3075,115.6751,121.2929,9291000
1614263400,2021-02-25 00:00:00,119.8472,120.4536,114.1178,114.5302,12311800
1614349800,2021-02-26 00:00:00,116.4950,117.8339,113.9674,116.8928,10312600
1614609000,2021-03-01 00:00:00,118.7072,120.4342,117.5768,120.4100,7118400
1614695400,2021-03-02 00:00:00,120.6428,120.6428,116.6065,116.7084,7697200
1614781800,2021-03-03 00:00:00,116.8491,117.1838,112.9147,113.0311,9035000
1614868200,2021-03-04 00:00:00,112.4392,113.2252,105.9336,107.5443,18054800
1614954600,2021-03-05 00:00:00,110.3144,111.2167,105.2302,110.9935,14766600
1615213800,2021-03-08 00:00:00,110.3871,110.8820,104.8566,104.8954,15614600
1615300200,2021-03-09 00:00:00,108.7716,111.8328,108.3302,111.1100,14207200
1615386600,2021-03-10 00:00:00,112.8128,112.8128,108.7716,108.8541,12627400
1615473000,2021-03-11 00:00:00,112.1918,113.9723,111.6145,113.4289,8957400
1615559400,2021-03-12 00:00:00,111.3380,112.2597,110.4890,112.0123,7449200
1615815000,2021-03-15 00:00:00,112.6576,114.4283,111.7407,114.4283,6869200
1615901400,2021-03-16 00:00:00,115.5732,117.3148,114.8358,115.6799,9247200
1615987800,2021-03-17 00:00:00,113.8655,117.6835,113.0505,116.7666,10292400
1616074200,2021-03-18 00:00:00,115.0735,115.2482,111.9832,112.0900,8934200
1616160600,2021-03-19 00:00:00,112.2549,114.3555,110.9984,113.3658,14151200
1616419800,2021-03-22 00:00:00,114.8940,117.3148,114.5641,116.0680,9827400
1616506200,2021-03-23 00:00:00,116.2039,116.2039,112.6576,113.1621,9038600
1616592600,2021-03-24 00:00:00,114.8989,115.1317,111.1633,111.2216,8925000
1616679000,2021-03-25 00:00:00,109.7468,111.9784,108.8687,111.6291,13527800
1616765400,2021-03-26 00:00:00,111.9541,117.2566,111.6533,117.2275,15262400
1617024600,2021-03-29 00:00:00,116.1263,116.3834,113.9626,115.3501,12544200
1617111000,2021-03-30 00:00:00,114.8115,115.3209,113.7782,114.8552,6675800
1617197400,2021-03-31 00:00:00,115.8352,118.7993,115.8352,118.1541,10132200
1617283800,2021-04-01 00:00:00,120.3323,122.7144,120.3275,122.7095,11310200
1617629400,2021-04-05 00:00:00,124.7034,124.9411,122.9230,124.7519,9784600
1617715800,2021-04-06 00:00:00,123.9272,124.4317,121.8460,123.0443,11805000
1617802200,2021-04-07 00:00:00,123.0685,123.5197,122.0109,122.7629,7926000
1617888600,2021-04-08 00:00:00,124.3978,124.5239,123.4275,124.5239,6799000
1617975000,2021-04-09 00:00:00,123.7040,124.2328,123.0928,124.2328,5391200
1618234200,2021-04-12 00:00:00,123.6313,123.6313,121.7150,122.7920,6823000
1618320600,2021-04-13 00:00:00,123.7768,123.9903,121.6422,122.5494,7383600
1618407000,2021-04-14 00:00:00,122.6173,123.3693,120.8078,121.3754,7224200
1618493400,2021-04-15 00:00:00,122.7095,123.1607,121.3900,122.9327,8138800
1618579800,2021-04-16 00:00:00,123.0054,123.1849,122.1128,122.4524,7215000
1618839000,2021-04-19 00:00:00,121.5306,121.9770,118.2705,119.4203,10237600
1618925400,2021-04-20 00:00:00,119.0031,119.4446,117.1353,117.7466,9636600
1619011800,2021-04-21 00:00:00,118.0037,120.9339,117.4507,120.8514,9880200
1619098200,2021-04-22 00:00:00,120.7981,120.9679,117.4361,118.1784,8253200
1619184600,2021-04-23 00:00:00,118.7460,121.1086,118.6392,120.8951,6414600
1619443800,2021-04-26 00:00:00,121.0261,122.9957,120.9000,122.9618,5541600
1619530200,2021-04-27 00:00:00,123.2723,123.4227,121.7101,122.2438,6919000
1619616600,2021-04-28 00:00:00,121.8605,121.8605,120.1383,120.2887,6782400
1619703000,2021-04-29 00:00:00,121.8654,121.9430,119.4300,121.3997,7921000
1619789400,2021-04-30 00:00:00,119.3718,120.0510,117.5914,117.8873,9111600
1620048600,2021-05-03 00:00:00,118.6538,118.7605,116.1505,116.5192,9078000
1620135000,2021-05-04 00:00:00,115.2239,115.4228,112.9389,115.0735,14625400
1620221400,2021-05-05 00:00:00,116.3252,117.0577,114.9522,115.5829,9871600
1620307800,2021-05-06 00:00:00,115.3403,116.7375,114.2585,116.5338,12851200
1620394200,2021-05-07 00:00:00,118.1638,119.1001,117.0965,118.1784,10771600
1620653400,2021-05-10 00:00:00,116.9655,116.9655,112.7352,112.9389,10634000
1620739800,2021-05-11 00:00:00,109.6255,113.4192,109.2859,113.1572,13493000
1620826200,2021-05-12 00:00:00,110.6685,111.1440,108.0973,108.4903,15262800
1620912600,2021-05-13 00:00:00,110.3095,111.5806,108.6746,109.7225,17890600
1620999000,2021-05-14 00:00:00,111.4156,113.9577,110.3192,113.2009,8363600
1621258200,2021-05-17 00:00:00,111.5369,111.9784,110.0475,111.9396,10105000
1621344600,2021-05-18 00:00:00,112.9971,113.3756,111.1827,111.3234,7617600
1621431000,2021-05-19 00:00:00,108.8056,113.4338,108.6407,113.3173,16200000
1621517400,2021-05-20 00:00:00,114.2488,116.6114,114.0693,116.1311,11437600
1621603800,2021-05-21 00:00:00,116.8151,116.9025,115.2191,115.5441,10891000
1621863000,2021-05-24 00:00:00,116.5774,118.8721,116.3737,118.0813,7522000
1621949400,2021-05-25 00:00:00,119.1098,119.5755,118.0425,118.8576,8098200
1622035800,2021-05-26 00:00:00,118.8576,119.5367,118.0474,118.9788,6491400
1622122200,2021-05-27 00:00:00,118.7508,120.0267,118.4694,119.5513,5487800
1622208600,2021-05-28 00:00:00,119.9103,121.3172,119.6968,120.8903,6943200
1622554200,2021-06-01 00:00:00,121.7538,122.8017,119.9831,120.7108,7920000
1622640600,2021-06-02 00:00:00,120.5555,121.8023,120.1529,121.4191,6451400
1622727000,2021-06-03 00:00:00,120.1626,120.5846,118.7605,119.3427,7641000
1622813400,2021-06-04 00:00:00,120.4876,122.4330,120.4730,122.0012,7182200
1623072600,2021-06-07 00:00:00,121.7053,121.7247,120.5749,121.3802,5799200
1623159000,2021-06-08 00:00:00,122.2147,122.2195,119.4737,120.3809,6159400
1623245400,2021-06-09 00:00:00,120.8660,121.0843,119.9297,120.0073,5712200
1623331800,2021-06-10 00:00:00,120.0413,121.8217,119.9976,121.5743,6570000
1623418200,2021-06-11 00:00:00,122.0061,122.0061,121.0843,122.0012,4843200
1623677400,2021-06-14 00:00:00,122.2535,123.6507,121.6907,123.6507,6280000
1623763800,2021-06-15 00:00:00,123.2723,124.1407,122.2632,122.5834,6987000
1623850200,2021-06-16 00:00:00,122.9666,123.3790,120.5264,121.5500,9597600
1623936600,2021-06-17 00:00:00,121.0989,123.8981,121.0989,122.9230,7849400
1624023000,2021-06-18 00:00:00,121.8702,122.1904,119.4057,119.7938,10137600
1624282200,2021-06-21 00:00:00,119.7890,120.3032,118.8382,120.1092,7902000
1624368600,2021-06-22 00:00:00,120.2062,120.9436,119.4737,120.8951,6094800
1624455000,2021-06-23 00:00:00,121.2493,122.1613,121.1474,121.5064,4195800
1624541400,2021-06-24 00:00:00,122.7047,123.7623,122.5737,123.4906,4043200
1624627800,2021-06-25 00:00:00,123.7428,124.0630,122.6949,123.0054,5170600
1624887000,2021-06-28 00:00:00,123.9660,126.3965,123.9660,125.9890,6955400
1624973400,2021-06-29 00:00:00,125.9890,127.0854,125.3486,127.0854,5117600
1625059800,2021-06-30 00:00:00,126.9059,127.3425,126.1879,127.2213,5429600
1625146200,2021-07-01 00:00:00,126.8962,126.9253,124.9120,125.3438,4886200
1625232600,2021-07-02 00:00:00,126.3529,126.3529,125.2662,126.0375,3515400
1625578200,2021-07-06 00:00:00,126.6003,127.1533,124.4220,125.9987,5563200
1625664600,2021-07-07 00:00:00,126.7313,126.9350,123.7622,124.2522,5018800
1625751000,2021-07-08 00:00:00,121.7684,123.1947,120.7447,122.5882,6860000
1625837400,2021-07-09 00:00:00,123.2529,124.9023,122.3020,124.6791,5521800
1626096600,2021-07-12 00:00:00,125.2662,126.4159,124.8198,126.3140,4457600
1626183000,2021-07-13 00:00:00,125.9502,126.7361,125.2710,126.0424,4907200
1626269400,2021-07-14 00:00:00,127.4201,128.0072,125.3583,125.7658,6704200
1626355800,2021-07-15 00:00:00,124.9266,124.9266,121.4579,122.3166,12503200
1626442200,2021-07-16 00:00:00,123.0588,123.4032,119.4494,119.7550,8994200
1626701400,2021-07-19 00:00:00,117.9795,119.8472,117.4458,119.7308,12380400
1626787800,2021-07-20 00:00:00,120.1723,121.9139,118.5713,121.1959,7590200
1626874200,2021-07-21 00:00:00,121.7683,124.7131,121.5937,124.6791,6349200
1626960600,2021-07-22 00:00:00,123.9078,124.6549,123.0831,123.9272,6214400
1627047000,2021-07-23 00:00:00,124.4948,124.8587,123.2674,124.8295,4456400
1627306200,2021-07-26 00:00:00,124.2425,124.9217,123.8059,124.6888,2543800
1627392600,2021-07-27 00:00:00,123.8593,124.1309,120.0364,122.4863,6706600
1627479000,2021-07-28 00:00:00,122.8842,124.9751,122.2583,124.6743,6731600
1627565400,2021-07-29 00:00:00,124.7956,127.1776,124.7568,127.0126,6820600
1627651800,2021-07-30 00:00:00,125.7125,128.0557,125.7076,127.6579,6459600
1627911000,2021-08-02 00:00:00,128.7494,129.9865,128.2109,128.5602,8518600
1627997400,2021-08-03 00:00:00,128.8173,129.7342,127.5172,129.7245,6436600
1628083800,2021-08-04 00:00:00,130.1126,131.6263,129.9040,131.1411,7092600
1628170200,2021-08-05 00:00:00,131.5583,131.8543,130.2727,130.9956,5626600
1628256600,2021-08-06 00:00:00,130.0205,130.9956,129.9720,130.2921,4119400
1628515800,2021-08-09 00:00:00,130.5395,130.8888,129.3995,129.8992,3998000
1628602200,2021-08-10 00:00:00,130.3116,130.3601,127.4493,128.2352,6655400
1628688600,2021-08-11 00:00:00,128.7640,128.8416,126.4353,127.8956,4258200
1628775000,2021-08-12 00:00:00,127.2358,127.2455,125.4942,126.4984,9066200
1628861400,2021-08-13 00:00:00,126.5857,127.3716,126.0860,127.3231,5656400
1629120600,2021-08-16 00:00:00,126.8040,127.3377,125.8143,126.7749,4517600
1629207000,2021-08-17 00:00:00,125.5961,125.6252,123.3159,124.3735,10177000
1629293400,2021-08-18 00:00:00,124.2668,125.1546,122.6707,122.7677,5631800
1629379800,2021-08-19 00:00:00,121.7878,124.5433,120.9679,123.8447,8966600
1629466200,2021-08-20 00:00:00,124.1358,124.8004,123.0831,124.3784,6447400
1629725400,2021-08-23 00:00:00,125.8095,128.0945,125.7950,127.9538,9150200
1629811800,2021-08-24 00:00:00,128.2594,128.7640,127.7549,128.0411,4813000
1629898200,2021-08-25 00:00:00,128.4826,130.4328,128.4826,129.4334,10724000
1629984600,2021-08-26 00:00:00,129.3510,130.1417,128.5748,129.6323,5221600
1630071000,2021-08-27 00:00:00,129.7779,132.2278,129.6857,131.9756,6363400
1630330200,2021-08-30 00:00:00,132.7809,133.5086,131.9513,132.3928,4993600
1630416600,2021-08-31 00:00:00,132.7275,132.7275,130.3698,131.3885,5864400
1630503000,2021-09-01 00:00:00,132.0192,132.1939,131.0199,131.1848,5119600
1630589400,2021-09-02 00:00:00,131.4128,132.7760,130.9956,131.5050,3220000
1630675800,2021-09-03 00:00:00,131.3788,133.0428,131.1363,132.5820,3617600
1631021400,2021-09-07 00:00:00,132.7760,132.8294,131.5244,132.3103,3926400
1631107800,2021-09-08 00:00:00,131.6214,131.8203,129.5450,130.5638,4984800
1631194200,2021-09-09 00:00:00,130.6414,131.8057,130.4862,131.1023,4631400
1631280600,2021-09-10 00:00:00,132.2036,133.9161,131.9949,132.0920,7345200
1631539800,2021-09-13 00:00:00,133.1690,133.4067,131.3885,133.0817,5600800
1631626200,2021-09-14 00:00:00,133.5328,134.1198,132.4995,133.1690,5451600
1631712600,2021-09-15 00:00:00,133.0719,133.6444,132.0143,133.6347,4266600
1631799000,2021-09-16 00:00:00,132.5723,134.2314,132.0192,133.8288,5166200
1631885400,2021-09-17 00:00:00,133.4115,133.4115,130.9665,131.4710,7483600
1632144600,2021-09-20 00:00:00,128.6621,129.1424,126.3432,128.2691,7809200
1632231000,2021-09-21 00:00:00,129.0938,129.4383,127.5220,128.5408,4624400
1632317400,2021-09-22 00:00:00,129.2248,131.1896,128.7882,130.8597,4947600
1632403800,2021-09-23 00:00:00,131.7039,132.8828,131.0198,132.5043,4483800
1632490200,2021-09-24 00:00:00,131.4662,132.3637,131.1848,132.1454,2781600
1632749400,2021-09-27 00:00:00,130.8500,132.1405,129.8749,131.6748,4060000
1632835800,2021-09-28 00:00:00,128.8755,129.7973,126.2122,126.3722,11220600
1632922200,2021-09-29 00:00:00,126.4547,126.9593,124.0824,124.4657,9581800
1633008600,2021-09-30 00:00:00,125.2613,126.3965,124.3007,124.3250,6558200
1633095000,2021-10-01 00:00:00,124.9120,125.0042,122.4233,124.4317,7362200
1633354200,2021-10-04 00:00:00,123.4954,123.6895,120.6914,121.1910,9562000
1633440600,2021-10-05 00:00:00,122.1613,123.7671,121.5840,122.8939,6784600
1633527000,2021-10-06 00:00:00,121.4724,123.4081,121.1231,123.2674,7441800
1633613400,2021-10-07 00:00:00,125.0090,126.2607,124.6840,124.8004,4943400
1633699800,2021-10-08 00:00:00,125.3583,125.4068,123.3887,123.5876,4999600
1633959000,2021-10-11 00:00:00,122.9569,124.8198,122.8162,122.8502,4422000
1634045400,2021-10-12 00:00:00,123.5731,123.8447,121.0940,121.6083,8049400
1634131800,2021-10-13 00:00:00,122.6950,123.2432,122.0837,122.6464,5694400
1634218200,2021-10-14 00:00:00,125.4117,126.4062,124.6937,126.3286,7073000
1634304600,2021-10-15 00:00:00,127.3474,127.5026,126.6100,127.3862,5309600
1634563800,2021-10-18 00:00:00,126.4111,128.4486,125.9550,128.3904,4042800
1634650200,2021-10-19 00:00:00,128.5651,129.8604,128.0945,129.8604,4631800
1634736600,2021-10-20 00:00:00,129.5208,129.9719,128.8270,129.2879,4457000
1634823000,2021-10-21 00:00:00,128.4195,130.8258,128.3031,130.7627,3889000
1634909400,2021-10-22 00:00:00,130.5978,131.7475,129.3850,129.6081,5939000
1635168600,2021-10-25 00:00:00,130.1951,131.0295,129.7100,130.2630,3738600
1635255000,2021-10-26 00:00:00,131.7330,132.3103,130.5298,131.0053,4962400
1635341400,2021-10-27 00:00:00,130.2485,131.4516,129.6760,129.8992,7880800
1635427800,2021-10-28 00:00:00,131.5341,132.4122,131.0004,132.3734,5989400
1635514200,2021-10-29 00:00:00,131.3449,132.7954,131.1848,132.7518,4406200
1635773400,2021-11-01 00:00:00,132.8730,134.3478,132.3636,134.2751,4430400
1635859800,2021-11-02 00:00:00,134.2605,135.8372,134.1877,135.7547,4611200
1635946200,2021-11-03 00:00:00,135.9148,137.1810,135.3860,137.0986,6096800
1636032600,2021-11-04 00:00:00,138.4036,143.6479,137.9330,142.7746,15122000
1636119000,2021-11-05 00:00:00,143.9292,145.4137,142.6145,143.8904,9548600
1636381800,2021-11-08 00:00:00,144.8267,147.4125,144.1670,146.4810,8630000
1636468200,2021-11-09 00:00:00,147.9704,148.4264,145.1954,146.6751,11542800
1636554600,2021-11-10 00:00:00,143.7837,145.6951,141.4405,142.0469,10611000
1636641000,2021-11-11 00:00:00,144.3270,145.0062,143.3277,144.6036,5640200
1636727400,2021-11-12 00:00:00,145.0741,146.6605,144.1961,146.0735,5272200
1636986600,2021-11-15 00:00:00,147.0486,147.0486,144.4095,145.8795,5636800
1637073000,2021-11-16 00:00:00,145.4865,147.9946,144.9480,147.7715,4880400
1637159400,2021-11-17 00:00:00,147.8200,148.1887,146.3403,146.8934,5819200
1637245800,2021-11-18 00:00:00,150.3039,151.1868,148.9989,150.5076,7602600
1637332200,2021-11-19 00:00:00,150.2117,152.3657,149.8478,151.4585,6666000
1637591400,2021-11-22 00:00:00,152.1328,154.6701,149.0716,149.1735,10939800
1637677800,2021-11-23 00:00:00,148.3876,149.7314,145.5253,148.0917,10521800
1637764200,2021-11-24 00:00:00,146.6751,149.6635,145.2828,149.5859,7165000
1637937000,2021-11-26 00:00:00,146.8158,148.1741,144.5162,145.2488,6732600
1638196200,2021-11-29 00:00:00,147.7278,151.2353,147.0292,151.0801,9032800
1638282600,2021-11-30 00:00:00,150.4543,151.7350,146.8060,147.9170,13931400
1638369000,2021-12-01 00:00:00,150.7065,153.0934,147.2669,147.3931,14229200
1638455400,2021-12-02 00:00:00,145.7824,149.0183,145.1227,147.7763,12560000
1638541800,2021-12-03 00:00:00,148.8145,150.1195,144.3464,146.0978,13547400
1638801000,2021-12-06 00:00:00,145.3313,146.2142,140.9360,145.5399,10212000
1638887400,2021-12-07 00:00:00,148.9358,153.0206,148.9358,152.5985,11289000
1638973800,2021-12-08 00:00:00,151.7641,152.2492,150.3912,151.9388,7148400
1639060200,2021-12-09 00:00:00,150.9248,152.4336,148.1256,148.2614,6494400
1639146600,2021-12-10 00:00:00,150.9345,151.2402,147.6696,149.2026,7072600
1639405800,2021-12-13 00:00:00,149.7266,149.8770,145.0984,145.3313,7499600
1639492200,2021-12-14 00:00:00,143.4684,145.2876,142.4496,144.4920,8491800
1639578600,2021-12-15 00:00:00,144.6472,150.5755,143.4053,150.4688,10836800
1639665000,2021-12-16 00:00:00,151.2062,151.5312,143.1724,143.9292,14412400
1639751400,2021-12-17 00:00:00,142.6582,145.5641,142.2992,143.2549,11277600
1640010600,2021-12-20 00:00:00,141.3932,143.1442,140.5348,142.1785,11102000
1640097000,2021-12-21 00:00:00,145.2024,147.4508,143.2125,147.3143,9071000
1640183400,2021-12-22 00:00:00,146.3437,149.0701,146.0413,149.0652,5102800
1640269800,2021-12-23 00:00:00,149.4749,151.3820,149.3091,150.3480,4795600
1640615400,2021-12-27 00:00:00,150.8601,154.4547,150.7479,154.3961,6437400
1640701800,2021-12-28 00:00:00,155.0155,155.0594,152.1184,152.8744,5076200
1640788200,2021-12-29 00:00:00,152.7037,153.9035,151.9185,152.8500,6252200
1640874600,2021-12-30 00:00:00,152.6891,153.1524,150.8406,151.1137,5910600
1640961000,2021-12-31 00:00:00,151.2063,152.1916,150.5674,150.6064,2929800
1641220200,2022-01-03 00:00:00,151.8307,153.9767,151.4112,153.9279,7155200
1641306600,2022-01-04 00:00:00,154.6107,155.4350,149.8212,153.1280,11485600
1641393000,2022-01-05 00:00:00,151.9331,153.0890,147.7874,147.8752,16288400
1641479400,2022-01-06 00:00:00,147.7532,149.9870,146.2071,149.3432,13102400
1641565800,2022-01-07 00:00:00,149.0604,149.5432,144.4611,144.8025,13858800
1641825000,2022-01-10 00:00:00,142.9052,145.2219,140.3348,144.9878,14787800
1641911400,2022-01-11 00:00:00,144.5976,148.0654,143.4758,147.9142,9939800
1641997800,2022-01-12 00:00:00,149.1628,150.4114,147.6069,149.1774,11784600
1642084200,2022-01-13 00:00:00,152.1721,153.5475,146.1681,146.5827,16958600
1642170600,2022-01-14 00:00:00,145.5779,149.9236,145.2853,149.6895,11727200
1642516200,2022-01-18 00:00:00,147.1533,147.1972,142.7101,142.9930,12497400
1642602600,2022-01-19 00:00:00,144.3196,145.1926,138.9497,139.0423,17539000
1642689000,2022-01-20 00:00:00,140.1885,141.2323,134.7747,134.7845,16708800
1642775400,2022-01-21 00:00:00,134.1260,137.5402,132.4239,132.5409,26521800
1643034600,2022-01-24 00:00:00,129.8340,134.3162,125.4639,134.2382,25135200
1643121000,2022-01-25 00:00:00,130.4388,132.0483,128.2050,128.9219,16935400
1643207400,2022-01-26 00:00:00,132.8823,136.0233,128.7122,130.7802,20527400
1643293800,2022-01-27 00:00:00,132.0922,132.3653,124.8299,125.1957,22088600
1643380200,2022-01-28 00:00:00,125.0591,127.8197,121.6206,127.6343,21911400
1643639400,2022-01-31 00:00:00,128.4976,134.3211,127.7563,134.3211,14468800
1643725800,2022-02-01 00:00:00,135.2430,135.3454,131.7898,134.8967,11685400
1643812200,2022-02-02 00:00:00,137.8620,138.5351,135.5892,138.3400,11819400
1643898600,2022-02-03 00:00:00,134.9259,136.8329,131.6874,132.2044,16690600
1643985000,2022-02-04 00:00:00,131.6581,134.0577,129.9706,132.9213,9879200
1644244200,2022-02-07 00:00:00,133.5261,135.0674,132.5019,133.1311,10319400
1644330600,2022-02-08 00:00:00,132.2629,136.2672,131.9508,135.8575,10124800
1644417000,2022-02-09 00:00:00,137.9255,140.6177,136.1794,140.5885,20297200
1644503400,2022-02-10 00:00:00,137.4718,141.6127,135.7355,136.3793,16619600
1644589800,2022-02-11 00:00:00,136.5647,137.5499,128.5561,129.3706,23369800
1644849000,2022-02-14 00:00:00,129.8047,132.0093,127.6685,129.2829,15577600
1644935400,2022-02-15 00:00:00,132.1800,136.4720,131.7703,136.3159,12811800
1645021800,2022-02-16 00:00:00,134.5991,136.6525,133.2627,136.2867,10021000
1645108200,2022-02-17 00:00:00,134.5942,134.7650,130.7119,130.8241,15833000
1645194600,2022-02-18 00:00:00,131.2630,131.4971,127.6392,129.3706,17236400
1645540200,2022-02-22 00:00:00,127.9270,131.5362,126.5857,128.4830,17874800
1645626600,2022-02-23 00:00:00,130.5900,131.5801,125.4444,125.7907,15235800
1645713000,2022-02-24 00:00:00,120.9231,130.1266,120.3525,130.1071,21510200
1645799400,2022-02-25 00:00:00,129.9950,131.9654,128.1855,131.9215,17731000
1646058600,2022-02-28 00:00:00,129.9608,132.1068,128.2635,130.7851,17839800
1646145000,2022-03-01 00:00:00,130.3364,131.2289,125.4054,126.6589,16571000
1646231400,2022-03-02 00:00:00,127.6051,131.5020,127.2880,130.8046,16573600
1646317800,2022-03-03 00:00:00,131.2143,131.2630,127.1954,127.9855,16515200
1646404200,2022-03-04 00:00:00,126.5906,127.5709,123.0545,124.5421,16157600
1646663400,2022-03-07 00:00:00,124.7177,125.6151,118.2796,118.3430,17728600
1646749800,2022-03-08 00:00:00,118.5284,124.4592,116.8847,120.1282,25880800
1646836200,2022-03-09 00:00:00,124.3129,126.1760,122.7375,125.3469,13344800
1646922600,2022-03-10 00:00:00,123.0204,123.2009,120.3232,122.6351,14997800
1647009000,2022-03-11 00:00:00,124.4641,124.7031,119.7672,119.8794,14765200
1647264600,2022-03-14 00:00:00,119.7624,120.3915,115.7483,116.4165,23371400
1647351000,2022-03-15 00:00:00,117.5042,121.6206,116.6311,121.2938,20833800
1647437400,2022-03-16 00:00:00,123.4837,127.7172,122.3522,127.7172,23147400
1647523800,2022-03-17 00:00:00,126.4540,128.5171,125.4054,128.5171,13429200
1647610200,2022-03-18 00:00:00,127.4295,131.7020,126.9466,131.2923,16140400
1647869400,2022-03-21 00:00:00,130.9168,131.9654,128.6781,130.9850,13897200
1647955800,2022-03-22 00:00:00,130.9997,133.3408,130.6778,131.8873,11647200
1648042200,2022-03-23 00:00:00,130.6144,132.2531,128.5122,128.5903,15411000
1648128600,2022-03-24 00:00:00,130.1315,134.8674,129.3463,134.8479,16911600
1648215000,2022-03-25 00:00:00,134.6625,134.8576,132.1215,134.2870,11023600
1648474200,2022-03-28 00:00:00,133.3066,135.3258,131.7215,135.2624,13225200
1648560600,2022-03-29 00:00:00,137.7499,138.7205,135.7453,138.3205,14346000
1648647000,2022-03-30 00:00:00,137.5206,137.8621,133.5456,134.3065,14507800
1648733400,2022-03-31 00:00:00,134.0041,134.9796,131.2679,131.5850,15526600
1648819800,2022-04-01 00:00:00,132.0727,132.5506,127.5855,129.4536,15470000
1649079000,2022-04-04 00:00:00,129.7755,131.7703,129.3609,131.5898,11604400
1649165400,2022-04-05 00:00:00,130.6778,130.7558,125.5517,125.9126,22220400
1649251800,2022-04-06 00:00:00,123.2789,125.2981,121.9084,123.3082,22542800
1649338200,2022-04-07 00:00:00,122.7668,124.4836,121.0109,123.3277,15147000
1649424600,2022-04-08 00:00:00,122.6351,122.6351,120.1867,120.3964,13651000
1649683800,2022-04-11 00:00:00,118.6454,119.3429,117.5139,117.6895,15627800
1649770200,2022-04-12 00:00:00,120.0452,121.0109,116.6701,117.0554,21096800
1649856600,2022-04-13 00:00:00,118.1772,120.8158,117.4359,119.8355,16482800
1649943000,2022-04-14 00:00:00,120.4549,120.5769,116.1531,116.1873,15282000
1650288600,2022-04-18 00:00:00,115.6995,119.1722,115.6361,118.1772,14243000
1650375000,2022-04-19 00:00:00,117.5090,120.8451,117.0164,120.6939,13227800
1650461400,2022-04-20 00:00:00,122.6985,123.5276,120.0599,120.4744,13034600
1650547800,2022-04-21 00:00:00,121.9523,123.2740,116.6555,117.1725,18009000
1650634200,2022-04-22 00:00:00,117.0359,117.7529,114.3924,114.4851,14251000
1650893400,2022-04-25 00:00:00,113.7194,116.4702,113.3487,116.4653,19083200
1650979800,2022-04-26 00:00:00,115.2606,115.3923,111.5002,111.5002,18289000
1651066200,2022-04-27 00:00:00,110.2077,113.6267,110.1297,110.9637,14756400
1651152600,2022-04-28 00:00:00,113.3536,118.3577,112.0172,117.2993,19097000
1651239000,2022-04-29 00:00:00,115.0704,117.6358,111.9001,112.1050,14487800
1651498200,2022-05-02 00:00:00,112.1245,115.4508,111.0710,115.3679,16399200
1651584600,2022-05-03 00:00:00,114.9680,117.0603,114.1827,116.3141,10625400
1651671000,2022-05-04 00:00:00,117.0506,120.5622,113.3731,120.3037,20898400
1651757400,2022-05-05 00:00:00,118.2943,118.4162,113.0365,114.6558,15564200
1651843800,2022-05-06 00:00:00,113.6852,115.9971,111.4075,113.4804,19808400
1652103000,2022-05-09 00:00:00,111.0222,112.2659,107.2521,107.7349,18250600
1652189400,2022-05-10 00:00:00,111.0173,112.3049,108.0178,110.5199,19597800
1652275800,2022-05-11 00:00:00,109.4468,112.0318,106.9448,107.1301,18200400
1652362200,2022-05-12 00:00:00,105.9644,108.7055,104.9743,107.6374,15976800
1652448600,2022-05-13 00:00:00,109.8419,113.9827,109.1444,113.2804,13531000
1652707800,2022-05-16 00:00:00,112.1976,113.1682,110.9686,111.4514,10146200
1652794200,2022-05-17 00:00:00,114.4949,117.0359,113.9583,116.7823,10557000
1652880600,2022-05-18 00:00:00,114.8606,116.2556,110.6905,111.2027,10887600
1652967000,2022-05-19 00:00:00,110.4564,113.8949,110.1638,111.2319,13706600
1653053400,2022-05-20 00:00:00,113.1731,113.4072,106.6960,111.2856,18009800
1653312600,2022-05-23 00:00:00,110.8613,112.4659,110.0516,112.1781,8603800
1653399000,2022-05-24 00:00:00,110.3345,110.7149,108.1934,109.2176,12751200
1653485400,2022-05-25 00:00:00,108.7494,112.2903,108.5933,111.4904,10999400
1653571800,2022-05-26 00:00:00,110.4126,115.6557,109.9687,115.2167,8707200
1653658200,2022-05-27 00:00:00,117.1042,119.9818,117.0262,119.7867,9288400
1654003800,2022-05-31 00:00:00,119.5526,120.2696,117.4115,119.2892,10122000
1654090200,2022-06-01 00:00:00,119.8404,120.4501,115.8898,117.3286,9778800
1654176600,2022-06-02 00:00:00,117.2066,121.5035,116.7774,121.4743,8733200
1654263000,2022-06-03 00:00:00,118.8259,119.3819,117.2408,117.8943,7802200
1654522200,2022-06-06 00:00:00,119.8453,120.6890,117.3139,117.9919,8430400
1654608600,2022-06-07 00:00:00,116.5092,119.1868,115.6703,118.9332,5774400
1654695000,2022-06-08 00:00:00,118.3869,118.8600,115.7191,116.4555,8183400
1654781400,2022-06-09 00:00:00,115.6703,117.4066,113.2853,113.3584,9876800
1654867800,2022-06-10 00:00:00,111.2466,112.2025,108.9689,109.1640,11145400
1655127000,2022-06-13 00:00:00,105.2231,106.4083,102.7454,103.0966,13311000
1655213400,2022-06-14 00:00:00,104.2818,104.7305,102.5796,103.8526,9095400
1655299800,2022-06-15 00:00:00,105.1158,107.5154,103.3307,105.7547,11026600
1655386200,2022-06-16 00:00:00,102.5016,102.7113,98.5119,99.4874,16871600
1655472600,2022-06-17 00:00:00,99.9849,101.0579,98.0632,100.3019,14289000
1655818200,2022-06-21 00:00:00,102.3064,104.5256,102.2918,103.1453,10006200
1655904600,2022-06-22 00:00:00,101.1554,103.3990,100.9945,101.6919,7195600
1655991000,2022-06-23 00:00:00,102.1991,102.3113,99.7020,101.1652,8493200
1656077400,2022-06-24 00:00:00,102.8430,105.4767,102.4479,105.4279,12663200
1656336600,2022-06-27 00:00:00,106.4131,106.5692,104.3403,105.0768,5422600
1656423000,2022-06-28 00:00:00,105.5352,106.7204,102.4138,102.4284,8943000
1656509400,2022-06-29 00:00:00,101.5115,101.7651,99.5166,100.6238,7706800
1656595800,2022-06-30 00:00:00,99.0484,101.0579,97.6535,99.3654,9802200
1656682200,2022-07-01 00:00:00,97.6438,97.9510,94.4345,95.5904,12926400
1657027800,2022-07-05 00:00:00,93.1566,96.1074,92.6396,96.0928,14545000
1657114200,2022-07-06 00:00:00,96.0684,97.7852,95.1466,96.7463,6654800
1657200600,2022-07-07 00:00:00,99.0435,101.6431,99.0191,101.2139,9013400
1657287000,2022-07-08 00:00:00,99.7117,102.3747,99.4971,101.7602,5470000
1657546200,2022-07-11 00:00:00,100.1995,100.6677,98.7558,99.3215,5457800
1657632600,2022-07-12 00:00:00,100.3068,100.8920,98.7216,99.2825,5470400
1657719000,2022-07-13 00:00:00,97.3950,100.8384,97.2487,100.0678,7035600
1657805400,2022-07-14 00:00:00,99.7703,102.5991,98.3022,102.1796,6802600
1657891800,2022-07-15 00:00:00,103.6477,104.7939,102.2674,104.7597,7738200
1658151000,2022-07-18 00:00:00,106.2815,106.8082,103.4575,103.9843,8425000
1658237400,2022-07-19 00:00:00,105.7450,109.1152,105.5352,108.7347,9005200
1658323800,2022-07-20 00:00:00,108.3787,111.6806,107.7398,111.2953,10183400
1658410200,2022-07-21 00:00:00,111.7684,113.2219,110.3638,113.1633,8359600
1658496600,2022-07-22 00:00:00,112.7829,112.9585,109.7883,110.6028,11209000
1658755800,2022-07-25 00:00:00,109.9053,110.1784,108.4080,109.9199,6005200
1658842200,2022-07-26 00:00:00,109.5980,109.9541,107.9349,108.2617,4261200
1658928600,2022-07-27 00:00:00,109.9833,114.0656,109.9443,113.3292,10119600
1659015000,2022-07-28 00:00:00,113.5633,114.8948,111.2075,114.7143,6426400
1659101400,2022-07-29 00:00:00,113.5145,116.0068,112.9244,115.6703,6415800
1659360600,2022-08-01 00:00:00,114.6168,116.9677,113.9583,115.9044,6570200
1659447000,2022-08-02 00:00:00,114.5875,117.4017,114.1193,115.6654,6815600
1659533400,2022-08-03 00:00:00,115.5484,118.7918,115.3094,118.4308,7424400
1659619800,2022-08-04 00:00:00,118.3138,119.8550,117.9529,119.6355,5658800
1659706200,2022-08-05 00:00:00,117.7383,119.7575,117.1091,118.8210,5279800
1659965400,2022-08-08 00:00:00,117.3237,118.3479,115.1338,116.7677,8425800
1660051800,2022-08-09 00:00:00,114.2559,114.3290,110.5832,111.8806,13726000
1660138200,2022-08-10 00:00:00,114.8411,116.4750,113.3975,116.4116,8434600
1660224600,2022-08-11 00:00:00,117.2262,119.4892,116.1385,116.3873,8788800
1660311000,2022-08-12 00:00:00,117.0506,119.8453,116.6653,119.6746,5825000
1660570200,2022-08-15 00:00:00,118.9527,120.4988,118.4162,120.2159,4506200
1660656600,2022-08-16 00:00:00,119.5916,119.9379,117.5724,118.8600,4302200
1660743000,2022-08-17 00:00:00,117.1969,117.3139,114.8119,116.3092,6676000
1660829400,2022-08-18 00:00:00,116.1922,118.7137,115.7873,117.9334,5241400
1660915800,2022-08-19 00:00:00,116.4312,116.8457,114.2266,114.6119,6864400
1661175000,2022-08-22 00:00:00,112.3732,112.7878,110.2077,110.6174,6987400
1661261400,2022-08-23 00:00:00,110.6174,112.7049,110.5832,111.3344,4517200
1661347800,2022-08-24 00:00:00,111.1149,111.7050,110.0858,111.2612,4493400
1661434200,2022-08-25 00:00:00,111.4660,115.0070,111.4417,114.9972,5456800
1661520600,2022-08-26 00:00:00,114.7485,114.9045,108.5836,108.6031,9142600
1661779800,2022-08-29 00:00:00,107.7398,108.7250,106.4814,106.5887,9062400
1661866200,2022-08-30 00:00:00,107.6715,107.8081,104.2525,105.3694,8745000
1661952600,2022-08-31 00:00:00,106.0132,106.2083,103.7599,104.6524,7843200
1662039000,2022-09-01 00:00:00,101.9553,102.5162,99.5752,102.3650,13796400
1662125400,2022-09-02 00:00:00,103.6623,104.6524,100.9262,101.3603,6884400
1662471000,2022-09-06 00:00:00,101.3700,101.9504,99.5849,100.2287,7472000
1662557400,2022-09-07 00:00:00,100.4531,102.5991,99.7361,101.8285,7927200
1662643800,2022-09-08 00:00:00,100.8530,103.6087,100.1312,103.2088,7830200
1662730200,2022-09-09 00:00:00,104.7012,106.0717,104.5110,105.7694,8128200
1662989400,2022-09-12 00:00:00,106.2034,106.7302,105.0182,106.0327,7184800
1663075800,2022-09-13 00:00:00,102.3357,103.1697,99.4435,99.7215,9622000
1663162200,2022-09-14 00:00:00,100.5994,101.4529,99.4825,100.8042,10439200
1663248600,2022-09-15 00:00:00,100.2239,101.1164,98.3119,99.0094,9906200
1663335000,2022-09-16 00:00:00,98.0339,99.5605,97.2584,99.4532,8690000
1663594200,2022-09-19 00:00:00,98.1803,100.3848,98.0925,100.1068,6698000
1663680600,2022-09-20 00:00:00,99.1069,99.6191,98.1120,98.7216,5462400
1663767000,2022-09-21 00:00:00,98.9753,102.1162,97.8730,97.8974,11149400
1663853400,2022-09-22 00:00:00,97.3950,97.5950,94.8588,95.1856,11633400
1663939800,2022-09-23 00:00:00,94.1175,94.4637,92.4104,93.8248,8752000
1664199000,2022-09-26 00:00:00,93.8394,95.0539,92.5713,92.7323,5982800
1664285400,2022-09-27 00:00:00,94.1809,94.9661,92.1275,93.4346,8243800
1664371800,2022-09-28 00:00:00,92.5323,95.0441,92.1860,94.6247,9941400
1664458200,2022-09-29 00:00:00,92.8542,93.0932,90.4253,91.6447,10500000
1664544600,2022-09-30 00:00:00,90.5521,92.9713,90.2839,90.2888,6782600
1664803800,2022-10-03 00:00:00,91.3374,94.4540,90.7716,93.5273,8539000
1664890200,2022-10-04 00:00:00,96.3952,97.8437,96.0830,97.5267,10874200
1664976600,2022-10-05 00:00:00,96.1025,99.2289,95.2587,98.4924,6731000
1665063000,2022-10-06 00:00:00,98.1998,99.8434,97.5267,97.8193,8594800
1665149400,2022-10-07 00:00:00,94.9417,95.2100,91.6008,91.9861,12253600
1665408600,2022-10-10 00:00:00,91.8251,91.8836,87.8404,88.9134,13134600
1665495000,2022-10-11 00:00:00,87.2502,87.8257,84.9579,86.1089,16052600
1665581400,2022-10-12 00:00:00,86.1187,86.6113,85.2066,85.5919,7606000
1665667800,2022-10-13 00:00:00,82.2997,89.8352,81.4364,88.2110,21406400
1665754200,2022-10-14 00:00:00,89.0548,89.2694,84.2750,84.4506,9979600
1666013400,2022-10-17 00:00:00,86.6649,87.5380,85.7529,86.4503,8269600
1666099800,2022-10-18 00:00:00,88.9963,89.5816,85.1334,86.4698,9798400
1666186200,2022-10-19 00:00:00,86.0260,87.9574,85.6212,87.1673,8535800
1666272600,2022-10-20 00:00:00,87.8843,90.4253,87.3282,87.8599,10877000
1666359000,2022-10-21 00:00:00,87.4697,91.0252,87.0844,90.8887,12884000
1666618200,2022-10-24 00:00:00,90.6204,91.5471,88.8792,91.1764,9834600
1666704600,2022-10-25 00:00:00,91.2837,93.2786,91.2398,92.6201,13488800
1666791000,2022-10-26 00:00:00,91.0838,93.8199,90.5034,91.7129,9896800
1666877400,2022-10-27 00:00:00,92.8689,93.6297,90.4497,90.5668,10174600
1666963800,2022-10-28 00:00:00,90.7862,94.1662,90.6253,94.0248,9215000
1667223000,2022-10-31 00:00:00,93.2542,93.4834,91.7861,92.2885,5975800
1667309400,2022-11-01 00:00:00,94.2784,94.4979,92.5177,92.9274,4670000
1667395800,2022-11-02 00:00:00,93.6395,95.3124,90.2205,90.2644,11901600
1667482200,2022-11-03 00:00:00,88.8938,90.7667,87.9818,89.2060,11461200
1667568600,2022-11-04 00:00:00,92.5323,93.4298,91.0935,93.3517,8470600
1667831400,2022-11-07 00:00:00,93.8980,95.4538,92.8689,95.1953,10213800
1667917800,2022-11-08 00:00:00,96.9560,98.3607,95.4002,97.2487,12147000
1668004200,2022-11-09 00:00:00,95.9562,96.2732,94.4540,94.6052,8640000
1668090600,2022-11-10 00:00:00,100.1165,104.4573,99.2240,104.2720,17078000
1668177000,2022-11-11 00:00:00,104.6232,108.1885,103.8379,107.6910,12646400
1668436200,2022-11-14 00:00:00,107.2277,108.5689,106.4765,106.6716,12244800
1668522600,2022-11-15 00:00:00,111.4563,111.8270,108.6421,110.0321,11456600
1668609000,2022-11-16 00:00:00,107.6715,107.9251,105.4523,106.0717,10711000
1668695400,2022-11-17 00:00:00,103.9891,107.3740,103.7696,106.8716,9018600
1668781800,2022-11-18 00:00:00,108.6128,108.6177,105.7645,107.0667,8025000
1669041000,2022-11-21 00:00:00,105.6913,106.0035,104.7451,105.1938,5071600
1669127400,2022-11-22 00:00:00,106.0669,108.2519,105.1646,108.2519,8283000
1669213800,2022-11-23 00:00:00,108.2324,110.2662,108.0714,109.1932,5780000
1669386600,2022-11-25 00:00:00,108.5933,109.0176,107.9105,107.9105,2207400
1669645800,2022-11-28 00:00:00,106.5644,107.8666,104.7793,105.3645,7853400
1669732200,2022-11-29 00:00:00,105.7645,106.2424,104.3354,105.0768,4908800
1669818600,2022-11-30 00:00:00,105.4133,111.0759,104.5842,111.0710,12688200
1669905000,2022-12-01 00:00:00,111.7782,112.1050,109.1444,110.7149,8752400
1669991400,2022-12-02 00:00:00,107.9836,109.5688,107.4227,109.1932,8204000
1670250600,2022-12-05 00:00:00,108.7201,109.4127,106.9204,107.8910,7069000
1670337000,2022-12-06 00:00:00,107.7983,107.8910,104.6427,105.5255,6090000
1670423400,2022-12-07 00:00:00,104.5939,106.1010,104.5012,105.5011,5651800
1670509800,2022-12-08 00:00:00,105.9059,108.4372,105.2914,108.1885,7260000
1670596200,2022-12-09 00:00:00,107.8812,109.2712,107.0374,107.3203,4938400
1670855400,2022-12-12 00:00:00,106.7009,109.2956,106.3839,109.2322,6827600
1670941800,2022-12-13 00:00:00,114.1486,114.4168,109.6614,111.0515,9469600
1671028200,2022-12-14 00:00:00,110.7393,112.0367,108.0617,109.1396,7519000
1671114600,2022-12-15 00:00:00,107.2813,107.5837,104.6622,104.9841,8833800
1671201000,2022-12-16 00:00:00,104.5208,105.4426,103.2429,104.1696,8276000
1671460200,2022-12-19 00:00:00,104.1652,104.3477,102.0490,102.9369,7227000
1671546600,2022-12-20 00:00:00,101.7876,103.2624,101.6149,102.4337,4510000
1671633000,2022-12-21 00:00:00,103.0750,105.0284,102.8086,104.7225,5675200
1671719400,2022-12-22 00:00:00,102.5965,102.5965,98.3840,100.3817,9549400
1671805800,2022-12-23 00:00:00,99.6763,100.4853,98.6207,100.3719,3875800
1672151400,2022-12-27 00:00:00,99.6763,99.8095,98.3198,98.5763,4636200
1672237800,2022-12-28 00:00:00,98.1373,99.2028,96.9485,97.3234,5064000
1672324200,2022-12-29 00:00:00,98.8674,100.8257,98.5270,100.5001,8302000
1672410600,2022-12-30 00:00:00,99.0006,100.2387,98.2310,100.1055,4411000
1672756200,2023-01-03 00:00:00,101.9010,101.9947,98.7046,99.3360,4472400
1672842600,2023-01-04 00:00:00,101.1710,102.4042,99.9723,101.8615,10039800
1672929000,2023-01-05 00:00:00,100.6333,101.4817,99.9772,100.0364,5936200
1673015400,2023-01-06 00:00:00,101.6889,105.0235,100.0660,104.4118,7005400
1673274600,2023-01-09 00:00:00,106.3405,108.8759,105.7831,106.6858,11422600
1673361000,2023-01-10 00:00:00,106.3109,108.0768,105.9212,108.0719,5464000
1673447400,2023-01-11 00:00:00,107.9535,109.3396,107.1396,109.3396,5737000
1673533800,2023-01-12 00:00:00,110.2374,111.7073,107.9782,110.9773,7704600
1673620200,2023-01-13 00:00:00,109.7885,111.4360,109.4185,111.3768,4264400
1673965800,2023-01-17 00:00:00,111.1006,112.7876,110.9378,112.0378,5059200
1674052200,2023-01-18 00:00:00,113.0392,113.9715,111.2831,111.3374,9374600
1674138600,2023-01-19 00:00:00,110.2867,110.6271,108.3827,108.6145,9283000
1674225000,2023-01-20 00:00:00,109.6307,112.1562,108.9006,112.1464,5709800
1674484200,2023-01-23 00:00:00,112.9603,117.7450,112.8073,117.4343,12790000
1674570600,2023-01-24 00:00:00,115.8706,117.5231,115.8706,116.6006,7328600
1674657000,2023-01-25 00:00:00,114.5979,116.9755,113.5917,116.7190,6854000
1674743400,2023-01-26 00:00:00,118.2383,118.8993,116.3688,118.8105,7196400
1674829800,2023-01-27 00:00:00,116.8522,118.9733,116.3688,118.0311,7254600
1675089000,2023-01-30 00:00:00,116.3047,117.2715,115.1060,115.2047,8050000
1675175400,2023-01-31 00:00:00,114.8840,116.9657,114.5338,116.9558,5484000
1675261800,2023-02-01 00:00:00,117.5724,123.6249,117.2764,122.4706,15518600
1675348200,2023-02-02 00:00:00,123.8469,126.1011,123.1267,125.0899,12985800
1675434600,2023-02-03 00:00:00,122.4558,125.4402,122.0661,122.7913,7489600
1675693800,2023-02-06 00:00:00,120.8280,122.4312,120.2410,120.7491,7811400
1675780200,2023-02-07 00:00:00,121.1240,124.9321,120.8527,124.3747,10309200
1675866600,2023-02-08 00:00:00,123.8173,124.6460,121.6469,121.9379,7844600
1675953000,2023-02-09 00:00:00,124.1478,125.5881,121.5186,122.4213,8767200
1676039400,2023-02-10 00:00:00,121.0352,121.4693,119.1509,120.3643,7529800
1676298600,2023-02-13 00:00:00,120.8823,122.4953,119.9993,122.1747,4030400
1676385000,2023-02-14 00:00:00,121.3460,125.1787,120.6455,124.8038,9482000
1676471400,2023-02-15 00:00:00,123.1612,124.8680,122.1105,124.7989,7118800
1676557800,2023-02-16 00:00:00,122.2240,123.3487,121.2473,121.4101,5418000
1676644200,2023-02-17 00:00:00,120.5567,120.9316,118.6823,119.7527,7574800
1676989800,2023-02-21 00:00:00,117.8980,119.1509,115.9840,116.1123,7695800
1677076200,2023-02-22 00:00:00,116.3293,117.2567,114.9778,115.5450,6987600
1677162600,2023-02-23 00:00:00,119.5011,120.2164,117.5527,119.6392,11714200
1677249000,2023-02-24 00:00:00,117.2518,118.0805,116.6253,117.5033,6208200
1677508200,2023-02-27 00:00:00,119.3679,119.5356,117.9473,118.0311,5852000
1677594600,2023-02-28 00:00:00,117.6957,119.6639,117.4935,118.0903,4770600
1677681000,2023-03-01 00:00:00,118.6033,119.6442,117.7204,118.1693,4725800
1677767400,2023-03-02 00:00:00,116.5908,119.7329,115.7670,119.2150,6528800
1677853800,2023-03-03 00:00:00,119.2249,120.9415,118.3074,120.8330,5385200
1678113000,2023-03-06 00:00:00,121.1684,122.2487,119.5110,119.7576,6485400
1678199400,2023-03-07 00:00:00,119.8119,120.3594,117.9226,118.4208,6616600
1678285800,2023-03-08 00:00:00,119.0374,121.6123,118.7908,121.5186,8112800
1678372200,2023-03-09 00:00:00,121.3065,123.1020,118.9486,119.1904,8223000
1678458600,2023-03-10 00:00:00,119.6047,120.2854,116.6697,117.2616,13168200
1678714200,2023-03-13 00:00:00,115.7818,118.6329,114.8248,117.1827,9831400
1678800600,2023-03-14 00:00:00,119.0769,121.3410,118.8648,120.6899,11314600
1678887000,2023-03-15 00:00:00,118.8796,119.6195,116.9410,119.3334,12602200
1678973400,2023-03-16 00:00:00,118.6527,124.2908,118.2778,124.1083,14744600
1679059800,2023-03-17 00:00:00,124.2514,125.3810,122.9491,123.4769,9868600
1679319000,2023-03-20 00:00:00,123.8123,125.0850,122.6778,124.7200,6521400
1679405400,2023-03-21 00:00:00,125.7263,126.9545,123.1218,125.1146,11118200
1679491800,2023-03-22 00:00:00,125.3020,128.6859,124.3105,124.3105,8938000
1679578200,2023-03-23 00:00:00,126.6881,129.1989,125.5980,127.6155,10951000
1679664600,2023-03-24 00:00:00,126.8657,127.0778,124.3105,125.5980,11042800
1679923800,2023-03-27 00:00:00,125.9236,126.2787,123.7531,124.1330,7025600
1680010200,2023-03-28 00:00:00,123.6446,123.8765,121.5581,123.2697,7771400
1680096600,2023-03-29 00:00:00,125.1146,127.8227,125.1146,127.1074,9979200
1680183000,2023-03-30 00:00:00,128.4146,129.7514,128.0446,128.9276,7807000
1680269400,2023-03-31 00:00:00,127.9460,130.0128,127.6895,129.8254,7281600
1680528600,2023-04-03 00:00:00,129.1644,129.6478,127.5662,129.0855,8036000
1680615000,2023-04-04 00:00:00,129.3469,129.4998,126.4810,127.1025,8057400
1680701400,2023-04-05 00:00:00,125.8002,126.0025,123.5312,124.8778,10065600
1680787800,2023-04-06 00:00:00,123.6348,125.3119,122.9639,124.5029,7448000
1681133400,2023-04-10 00:00:00,123.3684,126.4563,123.1662,126.3872,5991200
1681219800,2023-04-11 00:00:00,126.8460,127.0285,125.5289,125.7164,6288600
1681306200,2023-04-12 00:00:00,126.8016,127.0285,123.3832,123.4818,7749000
1681392600,2023-04-13 00:00:00,123.8123,125.1836,122.9146,124.4783,5760400
1681479000,2023-04-14 00:00:00,124.4092,125.7657,122.9836,124.3451,4901000
1681738200,2023-04-17 00:00:00,123.2204,124.2957,122.6531,124.2563,5297000
1681824600,2023-04-18 00:00:00,125.3859,126.1899,123.8715,124.8137,5703600
1681911000,2023-04-19 00:00:00,123.1020,123.8419,122.8258,123.6298,5013000
1681997400,2023-04-20 00:00:00,122.8258,125.5635,122.7321,123.7679,5879800
1682083800,2023-04-21 00:00:00,122.9146,123.6348,121.6271,122.5002,5202200
1682343000,2023-04-24 00:00:00,122.2339,123.0034,121.0648,121.8442,4489000
1682429400,2023-04-25 00:00:00,120.8823,120.8971,117.9276,117.9818,10464600
1682515800,2023-04-26 00:00:00,119.1805,119.9796,118.2334,118.8056,7695400
1682602200,2023-04-27 00:00:00,118.9388,120.1226,116.9755,119.9549,6814200
1682688600,2023-04-28 00:00:00,120.6060,121.9626,120.1424,121.9626,7553000
1682947800,2023-05-01 00:00:00,122.3177,123.2796,122.0020,122.8949,5202000
1683034200,2023-05-02 00:00:00,122.8554,123.4966,120.8527,121.8294,6717600
1683120600,2023-05-03 00:00:00,121.1980,122.6285,120.4334,120.5715,8223000
1683207000,2023-05-04 00:00:00,120.0092,121.1684,119.3087,120.1670,5889200
1683293400,2023-05-05 00:00:00,120.5173,123.2895,119.9549,122.7074,5553000
1683552600,2023-05-08 00:00:00,122.3128,123.4670,121.7110,123.3881,3918900
1683639000,2023-05-09 00:00:00,121.9280,122.1056,121.0895,121.4841,4951700
1683725400,2023-05-10 00:00:00,122.7666,123.3585,121.3164,122.4706,5474900
1683811800,2023-05-11 00:00:00,122.1253,122.3621,120.2509,121.3854,5339500
1683898200,2023-05-12 00:00:00,121.8096,122.2240,120.1720,121.2473,3364900
1684157400,2023-05-15 00:00:00,121.4249,124.4240,121.1980,124.4240,6192800
1684243800,2023-05-16 00:00:00,124.0195,125.7065,124.0195,124.3944,5126300
1684330200,2023-05-17 00:00:00,125.5783,128.1926,125.0949,127.7586,6322800
1684416600,2023-05-18 00:00:00,128.3505,132.5039,128.3505,132.2375,9632600
1684503000,2023-05-19 00:00:00,131.9711,132.1290,130.7971,131.5074,5313000
1684762200,2023-05-22 00:00:00,130.3729,131.8133,130.1953,131.3989,4235100
1684848600,2023-05-23 00:00:00,130.6294,131.2509,129.3173,129.5047,4853800
1684935000,2023-05-24 00:00:00,126.9989,127.9065,126.2294,127.6007,7897100
1685021400,2023-05-25 00:00:00,136.0752,139.2420,134.4474,138.5712,16072900
1685107800,2023-05-26 00:00:00,139.8833,146.3353,139.8734,145.3784,12978800
1685453400,2023-05-30 00:00:00,148.6241,149.6699,145.5165,146.0788,13295400
1685539800,2023-05-31 00:00:00,143.7802,145.3586,142.1425,142.3891,10728700
1685626200,2023-06-01 00:00:00,142.9120,145.8026,141.8662,144.5299,7272700
1685712600,2023-06-02 00:00:00,145.9013,146.1874,143.3362,144.1748,6765000
1685971800,2023-06-05 00:00:00,143.3263,143.7900,141.6689,142.3694,6727700
1686058200,2023-06-06 00:00:00,141.5703,144.2044,141.0573,143.3757,5815100
1686144600,2023-06-07 00:00:00,144.4708,146.1775,142.2214,142.5569,8687500
1686231000,2023-06-08 00:00:00,142.6950,144.5990,142.3891,144.2044,5376800
1686317400,2023-06-09 00:00:00,145.9407,147.1344,144.1748,144.8654,5955300
1686576600,2023-06-12 00:00:00,146.5129,149.4134,146.4044,149.1470,7632900
1686663000,2023-06-13 00:00:00,151.6627,152.2744,149.3640,151.2089,8274600
1686749400,2023-06-14 00:00:00,150.7551,153.6457,149.9856,153.5076,7123400
1686835800,2023-06-15 00:00:00,151.9587,153.6556,151.2582,152.4026,7588000
1686922200,2023-06-16 00:00:00,153.7049,153.8430,151.1102,151.3174,6583200
1687267800,2023-06-20 00:00:00,150.6959,151.8699,149.0977,150.7847,4597100
1687354200,2023-06-21 00:00:00,149.9954,150.4197,146.7300,147.3318,5911700
1687440600,2023-06-22 00:00:00,146.1578,148.6439,145.9605,148.0618,5958400
1687527000,2023-06-23 00:00:00,145.7631,146.4537,144.9838,145.5461,5963500
1687786200,2023-06-26 00:00:00,146.2860,148.3380,144.8555,144.8752,7403900
1687872600,2023-06-27 00:00:00,145.4474,149.7587,144.9838,149.4726,6459400
1687959000,2023-06-28 00:00:00,146.9174,149.5022,146.7891,148.1210,6800200
1688045400,2023-06-29 00:00:00,148.7919,148.9300,146.9075,147.9039,4225900
1688131800,2023-06-30 00:00:00,149.7093,150.9031,148.9892,150.2026,5309200
1688391000,2023-07-03 00:00:00,151.1102,151.9982,150.2026,151.5345,2826900
1688563800,2023-07-05 00:00:00,150.2026,151.1004,148.6340,148.6735,5187200
1688650200,2023-07-06 00:00:00,146.3452,147.0753,145.1811,146.9075,4775600
1688736600,2023-07-07 00:00:00,147.0259,149.2062,146.6510,147.0457,4351900
1688995800,2023-07-10 00:00:00,147.5685,149.3739,147.3416,149.1273,6415500
1689082200,2023-07-11 00:00:00,150.1336,150.1434,147.4107,149.2851,5146400
1689168600,2023-07-12 00:00:00,151.4654,152.5999,150.8439,152.4224,6484100
1689255000,2023-07-13 00:00:00,154.2869,156.3390,153.7542,156.0825,6395900
1689341400,2023-07-14 00:00:00,156.5560,158.5390,154.0995,154.7901,7565600
1689600600,2023-07-17 00:00:00,155.1156,158.2923,153.6062,157.6708,7314600
1689687000,2023-07-18 00:00:00,156.9802,158.6278,155.5004,158.1049,6272000
1689773400,2023-07-19 00:00:00,158.2726,158.3515,155.9345,156.4475,9333700
1689859800,2023-07-20 00:00:00,153.5470,154.3067,150.2421,150.9129,14823200
1689946200,2023-07-21 00:00:00,152.4125,153.1820,150.9524,151.7219,8246300
1690205400,2023-07-24 00:00:00,151.9192,152.4618,150.8439,151.8502,4362500
1690291800,2023-07-25 00:00:00,152.3829,155.2340,152.3829,154.2869,5773700
1690378200,2023-07-26 00:00:00,152.9354,153.7838,150.8932,152.5999,6110000
1690464600,2023-07-27 00:00:00,156.5166,158.7560,154.5632,155.3426,10244000
1690551000,2023-07-28 00:00:00,158.0063,158.8744,156.6941,158.3417,7319800
1690810200,2023-07-31 00:00:00,158.5390,159.0027,157.5228,158.4601,3934100
1690896600,2023-08-01 00:00:00,157.5228,158.7264,156.8125,158.3713,4595600
1690983000,2023-08-02 00:00:00,156.6350,156.6547,151.3964,152.5605,10033900
1691069400,2023-08-03 00:00:00,150.4295,153.1031,150.1138,152.1165,6691700
1691155800,2023-08-04 00:00:00,152.1461,154.4349,150.6959,152.1757,6804200
1691415000,2023-08-07 00:00:00,153.4089,154.0403,152.2941,153.8134,5701400
1691501400,2023-08-08 00:00:00,151.8304,151.8304,149.4923,151.2779,8446500
1691587800,2023-08-09 00:00:00,151.1103,151.2582,147.7165,148.2789,8827100
1691674200,2023-08-10 00:00:00,149.1075,151.1004,146.8977,147.9533,8639300
1691760600,2023-08-11 00:00:00,146.0196,146.1282,144.0761,144.2439,11182300
1692019800,2023-08-14 00:00:00,143.4941,148.7031,143.0698,148.6340,8154200
1692106200,2023-08-15 00:00:00,148.5255,149.0582,146.6510,146.8484,7596400
1692192600,2023-08-16 00:00:00,146.9667,147.1344,144.4412,144.5299,7232100
1692279000,2023-08-17 00:00:00,145.7829,145.8125,143.0797,143.5533,7397200
1692365400,2023-08-18 00:00:00,141.8564,144.6878,141.4223,144.1649,8817900
1692624600,2023-08-21 00:00:00,145.2008,149.2062,144.9838,149.0089,8109200
1692711000,2023-08-22 00:00:00,150.9919,151.1793,146.8878,147.5192,10827900
1692797400,2023-08-23 00:00:00,147.3416,151.1596,146.8582,150.7156,8347700
1692883800,2023-08-24 00:00:00,154.3560,154.4843,146.5820,146.8188,13494400
1692970200,2023-08-25 00:00:00,146.6116,148.7228,144.3030,147.0851,11769100
1693229400,2023-08-28 00:00:00,148.3380,149.0582,146.8977,148.9004,6822700
1693315800,2023-08-29 00:00:00,148.3380,153.2116,147.9138,152.7183,8770000
1693402200,2023-08-30 00:00:00,152.6493,154.1192,151.6035,153.4977,6526100
1693488600,2023-08-31 00:00:00,152.7677,155.0466,152.7677,154.1192,5965400
1693575000,2023-09-01 00:00:00,155.3130,155.5103,153.1721,154.1094,4495500
1693920600,2023-09-05 00:00:00,153.5372,155.5004,152.9946,154.4744,5472700
1694007000,2023-09-06 00:00:00,153.9120,154.6914,151.1990,152.6788,6104000
1694093400,2023-09-07 00:00:00,149.1963,149.6896,147.4403,149.2950,7813300
1694179800,2023-09-08 00:00:00,148.9103,150.1237,147.7363,148.3578,5305200
1694439000,2023-09-11 00:00:00,150.1434,150.1434,146.5030,148.4663,5824100
1694525400,2023-09-12 00:00:00,147.4008,149.6107,147.1542,147.3515,6174900
1694611800,2023-09-13 00:00:00,147.3021,149.7883,147.0358,148.5452,6192000
1694698200,2023-09-14 00:00:00,150.0448,150.1138,148.1506,149.3542,6951400
1694784600,2023-09-15 00:00:00,148.2098,148.5156,144.2044,144.8358,10179600
1695043800,2023-09-18 00:00:00,143.4743,145.8322,143.0205,145.3192,6786000
1695130200,2023-09-19 00:00:00,144.7766,145.0134,143.1192,144.0663,5573600
1695216600,2023-09-20 00:00:00,144.6779,145.2600,141.6196,141.6985,6977500
1695303000,2023-09-21 00:00:00,139.6662,140.6528,138.7981,138.8671,9905100
1695389400,2023-09-22 00:00:00,140.2187,141.4716,139.6465,140.0510,7331900
1695648600,2023-09-25 00:00:00,139.4097,141.1855,138.7685,141.0376,7861300
1695735000,2023-09-26 00:00:00,139.7353,140.4752,138.2160,138.8080,6702100
1695821400,2023-09-27 00:00:00,139.9425,140.9981,137.8806,140.0806,8814500
1695907800,2023-09-28 00:00:00,139.8241,143.6914,139.1828,142.3497,10791700
1695994200,2023-09-29 00:00:00,144.5595,144.9542,142.5174,143.0304,7985100
1696253400,2023-10-02 00:00:00,143.3165,145.2896,142.6456,144.2636,8600200
1696339800,2023-10-03 00:00:00,143.3362,144.8851,140.2483,141.0573,9456600
1696426200,2023-10-04 00:00:00,141.9156,143.5237,141.0376,143.2573,11083000
1696512600,2023-10-05 00:00:00,143.3362,143.9380,141.7380,143.2573,6093900
1696599000,2023-10-06 00:00:00,142.6950,146.9470,141.5999,146.3551,9946000
1696858200,2023-10-09 00:00:00,144.8160,146.4636,143.6815,145.9802,6840500
1696944600,2023-10-10 00:00:00,146.5031,148.9497,145.8421,147.7856,6790600
1697031000,2023-10-11 00:00:00,148.6143,149.4035,147.4797,149.3838,8921700
1697117400,2023-10-12 00:00:00,149.7981,151.9883,148.6932,150.1434,8554900
1697203800,2023-10-13 00:00:00,150.3703,150.5775,146.0591,146.3847,9133900
1697463000,2023-10-16 00:00:00,146.5524,148.6636,146.4241,148.0717,9461800
1697549400,2023-10-17 00:00:00,144.6187,147.4600,142.5273,146.3255,12857900
1697635800,2023-10-18 00:00:00,143.4743,144.7371,142.6851,143.3954,12530900
1697722200,2023-10-19 00:00:00,145.2699,145.6842,141.9452,142.4187,15718200
1697808600,2023-10-20 00:00:00,142.2806,143.4349,140.0214,140.1891,8128800
1698067800,2023-10-23 00:00:00,139.2420,142.5963,138.0779,140.6824,9910500
1698154200,2023-10-24 00:00:00,141.0770,142.5568,140.6133,142.3299,7822700
1698240600,2023-10-25 00:00:00,140.8797,141.2250,136.1738,136.8151,12447800
1698327000,2023-10-26 00:00:00,137.2295,138.7586,134.7927,135.6115,15094800
1698413400,2023-10-27 00:00:00,137.1703,137.8510,135.8187,136.4501,11346300
1698672600,2023-10-30 00:00:00,136.5487,137.7622,134.6743,136.1048,8836000
1698759000,2023-10-31 00:00:00,136.1048,137.4070,134.2698,137.0815,7900300
1698845400,2023-11-01 00:00:00,137.3281,140.6627,137.1900,140.4949,11750500
1698931800,2023-11-02 00:00:00,143.6618,145.0627,142.3496,144.1353,11736200
1699018200,2023-11-03 00:00:00,145.6053,148.5156,145.2008,147.4995,8177200
1699281000,2023-11-06 00:00:00,147.7362,148.4170,146.2959,147.9335,5423600
1699367400,2023-11-07 00:00:00,147.6474,149.4824,147.3021,148.8609,4600400
1699453800,2023-11-08 00:00:00,149.3344,150.0645,148.4170,149.3936,6165000
1699540200,2023-11-09 00:00:00,150.9031,152.4322,148.9694,149.1273,10529700
1699626600,2023-11-10 00:00:00,151.1892,155.5497,150.6367,155.1650,11426800
1699885800,2023-11-13 00:00:00,154.1981,154.9085,153.1031,154.2179,7058900
1699972200,2023-11-14 00:00:00,157.7399,159.3677,157.3749,158.9237,9744900
1700058600,2023-11-15 00:00:00,160.0484,160.0484,157.9372,159.0421,9002900
1700145000,2023-11-16 00:00:00,158.4798,159.9892,158.0852,159.6341,7281100
1700231400,2023-11-17 00:00:00,159.0125,160.7686,158.7166,160.3838,5167100
1700490600,2023-11-20 00:00:00,160.6009,163.2152,160.3345,162.6825,7132700
1700577000,2023-11-21 00:00:00,161.4888,161.7749,159.5256,160.2852,9001100
1700663400,2023-11-22 00:00:00,161.0645,162.7121,159.1605,159.9399,9139600
1700836200,2023-11-24 00:00:00,160.0583,160.2655,159.1704,159.5847,2943500
1701095400,2023-11-27 00:00:00,159.0520,160.6995,158.5686,159.4861,6034500
1701181800,2023-11-28 00:00:00,158.6968,159.3282,157.4735,158.5686,6165200
1701268200,2023-11-29 00:00:00,160.6108,162.1202,159.8314,160.0287,7642800
1701354600,2023-11-30 00:00:00,160.6502,160.6502,157.1085,158.3219,9300900
1701441000,2023-12-01 00:00:00,157.8484,159.5453,156.7237,158.9632,6115400
1701700200,2023-12-04 00:00:00,157.1085,157.3551,154.4547,156.6448,8137000
1701786600,2023-12-05 00:00:00,155.4018,156.8125,154.9578,156.6448,4845900
1701873000,2023-12-06 00:00:00,158.5094,158.8054,155.1748,155.3820,6457400
1701959400,2023-12-07 00:00:00,156.7336,159.2690,156.0923,158.9336,8790700
1702045800,2023-12-08 00:00:00,158.6771,160.7489,158.4995,160.2950,5683500
1702305000,2023-12-11 00:00:00,161.3309,164.7444,161.0941,164.1426,9671600
1702391400,2023-12-12 00:00:00,163.3534,165.9381,163.1067,165.8789,6985400
1702477800,2023-12-13 00:00:00,166.0467,168.7992,165.5041,167.8323,8037600
1702564200,2023-12-14 00:00:00,169.3121,171.5220,169.1148,170.9301,9446800
1702650600,2023-12-15 00:00:00,171.5516,173.4951,171.3642,171.7391,6902000
1702909800,2023-12-18 00:00:00,172.2581,172.5658,170.6801,172.0398,5157100
1702996200,2023-12-19 00:00:00,171.9008,172.7445,171.6130,172.6154,5031000
1703082600,2023-12-20 00:00:00,171.5535,172.3872,167.7423,167.8118,8557400
1703169000,2023-12-21 00:00:00,171.0572,172.2482,170.2334,171.9604,8184500
1703255400,2023-12-22 00:00:00,172.7941,173.1018,171.1168,171.9802,4089200
1703601000,2023-12-26 00:00:00,172.4765,174.9875,172.4765,174.3523,4829200
1703687400,2023-12-27 00:00:00,175.0272,175.4242,173.8858,174.5409,5113400
1703773800,2023-12-28 00:00:00,175.2952,175.4044,174.3920,174.5012,4033500
1703860200,2023-12-29 00:00:00,174.6997,175.0570,172.3673,173.5583,5391600
1704205800,2024-01-02 00:00:00,171.0572,171.0572,166.3528,167.7026,8989000
1704292200,2024-01-03 00:00:00,165.1022,166.2237,164.1296,164.7251,9303600
1704378600,2024-01-04 00:00:00,163.0477,165.4000,162.7401,163.7524,7095800
1704465000,2024-01-05 00:00:00,164.2388,166.3131,163.8616,164.8343,6869600
1704724200,2024-01-08 00:00:00,166.1443,170.7892,166.0252,170.6702,10514800
1704810600,2024-01-09 00:00:00,169.2509,172.4269,168.6554,171.1267,6974300
1704897000,2024-01-10 00:00:00,171.7520,171.8016,169.3501,171.2855,6330000
1704983400,2024-01-11 00:00:00,171.9703,173.2209,168.9134,172.2581,7993700
1705069800,2024-01-12 00:00:00,172.4467,172.8636,170.7694,171.6527,4561000
1705415400,2024-01-16 00:00:00,171.9902,175.5334,171.4443,174.3821,7678000
1705501800,2024-01-17 00:00:00,173.1712,173.6179,170.2037,173.3300,6751200
1705588200,2024-01-18 00:00:00,178.3223,179.1957,176.0793,178.9575,11983800
1705674600,2024-01-19 00:00:00,181.0219,185.9050,180.0592,185.7760,12742400
1705933800,2024-01-22 00:00:00,187.3937,188.5550,185.0713,186.6395,8308900
1706020200,2024-01-23 00:00:00,186.6097,187.7510,184.6941,187.5922,6031200
1706106600,2024-01-24 00:00:00,189.7758,193.8351,188.5947,190.9270,14706600
1706193000,2024-01-25 00:00:00,194.3313,194.4306,189.8155,190.9270,11109400
1706279400,2024-01-26 00:00:00,187.7411,189.0413,186.2921,186.8578,9921900
1706538600,2024-01-29 00:00:00,187.3044,189.0810,186.4112,189.0512,8035500
1706625000,2024-01-30 00:00:00,188.6840,189.4681,186.2722,187.1754,6340100
1706711400,2024-01-31 00:00:00,184.3369,187.2945,182.7687,184.4758,10827100
1706797800,2024-02-01 00:00:00,185.3293,186.6891,183.6620,186.1631,6322500
1706884200,2024-02-02 00:00:00,186.8082,190.2918,186.4509,189.7857,7865400
1707143400,2024-02-05 00:00:00,192.0883,194.2519,190.0040,193.4877,8600500
1707229800,2024-02-06 00:00:00,194.3810,194.4206,188.6939,191.2943,8505100
1707316200,2024-02-07 00:00:00,192.2471,195.3139,190.9667,195.1551,7138800
1707402600,2024-02-08 00:00:00,196.0880,199.3534,195.3437,197.9341,8963800
1707489000,2024-02-09 00:00:00,199.6412,202.6683,198.2716,202.3210,7642200
1707748200,2024-02-12 00:00:00,202.6683,205.5664,200.4550,201.5369,9718900
1707834600,2024-02-13 00:00:00,195.6910,200.0481,194.8176,197.8051,11269600
1707921000,2024-02-14 00:00:00,200.4848,202.3805,198.9067,201.7751,7932500
1708007400,2024-02-15 00:00:00,203.0653,203.2043,200.4947,201.1002,7103400
1708093800,2024-02-16 00:00:00,202.7973,204.5342,199.7007,200.2367,6273100
1708439400,2024-02-20 00:00:00,198.7678,199.2541,193.1899,196.2965,11318400
1708525800,2024-02-21 00:00:00,194.1725,195.0658,192.2669,195.0360,8624800
1708612200,2024-02-22 00:00:00,205.6260,209.1196,204.7823,208.3553,12445700
1708698600,2024-02-23 00:00:00,210.4396,211.7596,205.4175,207.0552,8526200
1708957800,2024-02-26 00:00:00,209.0203,210.0326,207.2636,208.7722,7552200
1709044200,2024-02-27 00:00:00,209.4272,210.1716,207.2735,208.1668,4969700
1709130600,2024-02-28 00:00:00,206.0527,207.1842,204.8816,205.8542,4505800
1709217000,2024-02-29 00:00:00,208.2263,210.9656,207.2239,210.3602,6450600
1709303400,2024-03-01 00:00:00,212.5139,219.6599,212.3750,218.8857,10273300
1709562600,2024-03-04 00:00:00,222.3198,225.4263,220.9998,222.4091,10905100
1709649000,2024-03-05 00:00:00,220.6921,221.5556,216.6526,219.0049,10421000
1709735400,2024-03-06 00:00:00,223.4413,227.0441,222.0022,224.6522,11245400
1709821800,2024-03-07 00:00:00,228.0068,233.1480,227.7389,232.4135,13524400
1709908200,2024-03-08 00:00:00,235.1528,237.3462,222.7565,223.3024,22519200
1710163800,2024-03-11 00:00:00,220.4738,222.2007,217.3772,219.3224,12843800
1710250200,2024-03-12 00:00:00,222.8657,226.3096,218.9056,226.2600,10410300
1710336600,2024-03-13 00:00:00,224.1758,224.1758,219.4912,221.7839,9835800
1710423000,2024-03-14 00:00:00,221.1089,222.3099,215.7792,217.8139,11440100
1710509400,2024-03-15 00:00:00,215.3128,218.6476,214.3103,216.2060,11402000
1710768600,2024-03-18 00:00:00,220.5035,221.4861,216.1862,216.6427,8671700
1710855000,2024-03-19 00:00:00,214.1019,217.2084,211.2237,216.1663,10606900
1710941400,2024-03-20 00:00:00,217.2084,219.9576,215.2036,219.6301,9158100
1711027800,2024-03-21 00:00:00,226.8654,228.3244,224.1162,224.6125,11728000
1711114200,2024-03-22 00:00:00,223.9078,227.5304,223.5306,225.9325,5350200
1711373400,2024-03-25 00:00:00,223.5306,227.5205,223.1733,225.3767,4938900
1711459800,2024-03-26 00:00:00,227.0838,227.7388,223.0741,223.2825,6402500
1711546200,2024-03-27 00:00:00,224.8904,225.1385,219.8286,223.2031,7614700
1711632600,2024-03-28 00:00:00,222.6275,224.2453,222.0618,223.3024,3763300
1711978200,2024-04-01 00:00:00,223.8085,229.2177,223.8085,226.2302,7896800
1712064600,2024-04-02 00:00:00,222.5679,223.7391,220.7120,223.3222,5995000
1712151000,2024-04-03 00:00:00,221.0593,225.8134,221.0097,224.2155,5914900
1712237400,2024-04-04 00:00:00,227.3816,228.0862,217.9925,218.2406,9294000
1712323800,2024-04-05 00:00:00,219.5607,222.3893,217.9627,220.9700,8104000
1712583000,2024-04-08 00:00:00,223.2031,223.5902,220.5035,221.3868,4215300
1712669400,2024-04-09 00:00:00,223.6696,224.2552,218.3895,222.4191,5372300
1712755800,2024-04-10 00:00:00,219.3423,222.6969,218.8460,220.4837,8164900
1712842200,2024-04-11 00:00:00,221.8037,225.8630,220.0172,225.6050,7200600
1712928600,2024-04-12 00:00:00,221.8235,222.1412,218.3200,219.0247,8741500
1713187800,2024-04-15 00:00:00,222.0717,223.2924,214.9852,215.7296,6750400
1713274200,2024-04-16 00:00:00,215.6998,218.7071,214.8463,217.5161,6754900
1713360600,2024-04-17 00:00:00,217.8635,218.4689,210.4793,210.8068,11726400
1713447000,2024-04-18 00:00:00,209.3875,210.6579,205.8046,207.0651,10350600
1713533400,2024-04-19 00:00:00,205.1694,206.4398,196.9515,197.7158,13584600
1713792600,2024-04-22 00:00:00,199.4625,202.8470,197.6562,201.4972,9801700
1713879000,2024-04-23 00:00:00,202.9561,207.0155,202.4003,206.2413,7300600
1713965400,2024-04-24 00:00:00,211.0450,211.5413,205.3977,206.4795,6564900
1714051800,2024-04-25 00:00:00,205.5366,212.0772,204.2067,210.6083,8682200
1714138200,2024-04-26 00:00:00,210.9358,217.0397,210.3503,216.0075,6365400
1714397400,2024-04-29 00:00:00,215.8487,216.9702,213.2881,216.7420,4818000
1714483800,2024-04-30 00:00:00,215.7098,217.9726,212.4841,212.4841,4944800
1714570200,2024-05-01 00:00:00,209.5563,212.9307,204.5640,206.2909,12945800
1714656600,2024-05-02 00:00:00,209.7845,211.1443,205.7550,210.4396,6382500
1714743000,2024-05-03 00:00:00,214.3004,216.7221,213.5362,216.0968,6379100
1715002200,2024-05-06 00:00:00,217.7245,221.0097,216.5832,220.9998,5343100
1715088600,2024-05-07 00:00:00,220.8807,221.5059,218.9850,219.0743,5067000
1715175000,2024-05-08 00:00:00,217.3077,220.1958,217.0595,219.7393,5404300
1715261400,2024-05-09 00:00:00,219.8286,220.1065,217.2481,218.3299,4023300
1715347800,2024-05-10 00:00:00,221.2876,223.7490,220.7616,221.6251,6126600
1715607000,2024-05-13 00:00:00,222.3198,222.8657,220.6524,221.5853,3972400
1715693400,2024-05-14 00:00:00,221.2677,225.6248,220.5730,225.3767,5050500
1715779800,2024-05-15 00:00:00,227.5503,232.2448,226.8158,232.1455,8212800
1715866200,2024-05-16 00:00:00,232.0959,233.3465,230.3491,230.4583,6209600
1715952600,2024-05-17 00:00:00,231.8379,232.0661,226.9051,228.5229,5241300
1716211800,2024-05-20 00:00:00,229.7338,234.2695,229.1581,233.2373,4986400
1716298200,2024-05-21 00:00:00,231.2126,233.1579,230.1308,232.9098,4396200
1716384600,2024-05-22 00:00:00,235.1330,235.4406,232.2349,234.8154,8112700
1716471000,2024-05-23 00:00:00,242.3186,242.7256,236.0063,238.0211,12401000
1716557400,2024-05-24 00:00:00,239.7183,242.6065,238.4876,242.4278,4644700
1716903000,2024-05-28 00:00:00,245.8321,248.9684,243.6188,247.9560,7703000
1716989400,2024-05-29 00:00:00,244.2540,245.1274,242.2393,243.8074,7581300
1717075800,2024-05-30 00:00:00,243.6486,244.2838,239.2717,240.4528,7087000
1717162200,2024-05-31 00:00:00,241.5445,242.1896,232.5028,238.6762,12722800
1717421400,2024-06-03 00:00:00,243.2615,243.5990,237.2271,241.6537,6312800
1717507800,2024-06-04 00:00:00,241.4750,241.8720,238.2990,240.7803,5797000
1717594200,2024-06-05 00:00:00,245.6733,252.6208,244.8595,252.5017,10950400
1717680600,2024-06-06 00:00:00,253.6034,254.0004,248.3729,250.5167,9828200
1717767000,2024-06-07 00:00:00,250.3480,252.1543,248.6111,250.3182,5470300
1718026200,2024-06-10 00:00:00,249.2165,254.7944,248.1744,253.9408,6418000
1718112600,2024-06-11 00:00:00,253.0873,253.9706,249.9609,253.5637,6117800
1718199000,2024-06-12 00:00:00,258.6155,262.5656,257.8116,261.1166,8051500
1718285400,2024-06-13 00:00:00,264.7889,266.1287,261.9801,265.2057,7647200
1718371800,2024-06-14 00:00:00,263.4092,266.5753,262.6351,265.8806,6257000
1718631000,2024-06-17 00:00:00,268.6794,271.1607,264.9179,270.4362,7502000
1718717400,2024-06-18 00:00:00,271.4683,276.1827,270.9721,274.6841,8241600
1718890200,2024-06-20 00:00:00,277.1256,277.4730,265.0766,266.9029,14053800
1718976600,2024-06-21 00:00:00,263.5780,266.9128,260.0546,262.9031,11653900
1719235800,2024-06-24 00:00:00,259.5385,261.1067,253.8118,253.8614,10154100
1719322200,2024-06-25 00:00:00,256.5809,259.9455,253.8912,259.8065,6592200
1719408600,2024-06-26 00:00:00,259.6477,261.0967,255.8166,258.9529,5950300
1719495000,2024-06-27 00:00:00,258.4468,260.4615,255.7075,256.9183,5738700
1719581400,2024-06-28 00:00:00,258.5262,264.4017,257.0374,258.7445,7743300
1719840600,2024-07-01 00:00:00,259.0423,259.3897,253.7423,259.0522,6186000
1719927000,2024-07-02 00:00:00,257.0473,261.6823,256.7694,261.6525,4117100
1720013400,2024-07-03 00:00:00,262.1091,268.3718,261.3052,267.5976,4633000
1720186200,2024-07-05 00:00:00,269.1856,270.0093,266.0394,267.6968,6415200
1720445400,2024-07-08 00:00:00,270.7934,273.6320,270.5056,272.1532,5832700
1720531800,2024-07-09 00:00:00,274.2176,275.5276,270.1185,272.7487,5912800
1720618200,2024-07-10 00:00:00,276.0438,279.6168,274.2176,279.1602,6181000
1720704600,2024-07-11 00:00:00,280.8772,280.9467,267.9748,268.9871,12282300
1720791000,2024-07-12 00:00:00,269.7612,276.8477,269.0268,272.3914,8392800
1721050200,2024-07-15 00:00:00,274.3367,275.3887,269.9796,271.7760,7814800
1721136600,2024-07-16 00:00:00,273.2449,273.5625,268.5107,271.6569,5638600
1721223000,2024-07-17 00:00:00,261.8113,262.0198,251.9459,252.3131,15181900
1721309400,2024-07-18 00:00:00,257.1863,258.0498,248.1347,253.6232,12807600
1721395800,2024-07-19 00:00:00,252.9483,253.2957,245.9314,246.2787,8589500
1721655000,2024-07-22 00:00:00,251.1023,255.9655,249.7227,255.7869,10757900
1721741400,2024-07-23 00:00:00,253.0674,255.4395,252.4322,252.9483,5869900
1721827800,2024-07-24 00:00:00,248.7103,249.4349,238.5372,239.1724,11295000
1721914200,2024-07-25 00:00:00,237.2073,241.8125,229.0886,234.7856,18765100
1722000600,2024-07-26 00:00:00,240.4031,240.5024,236.3934,238.5075,7325600
1722259800,2024-07-29 00:00:00,240.6215,243.3905,235.9865,236.8103,6745300
1722346200,2024-07-30 00:00:00,238.4181,238.9045,226.6173,227.7488,12932100
1722432600,2024-07-31 00:00:00,240.6810,245.8321,238.7060,245.1374,18412100
1722519000,2024-08-01 00:00:00,242.2095,244.9488,226.1905,229.2772,17111600
1722605400,2024-08-02 00:00:00,218.2704,220.6723,212.5735,216.7916,20261300
1722864600,2024-08-05 00:00:00,199.4725,216.8610,198.9861,211.7100,18420800
1722951000,2024-08-06 00:00:00,214.9157,221.1288,211.0450,215.8289,15388800
1723037400,2024-08-07 00:00:00,223.0046,224.4040,209.4272,209.8838,13066500
1723123800,2024-08-08 00:00:00,215.9678,223.5803,211.1046,223.2230,11407900
1723210200,2024-08-09 00:00:00,223.0145,224.7911,219.7294,223.1634,7241700
1723469400,2024-08-12 00:00:00,223.5009,227.8282,222.3694,225.2576,6751200
1723555800,2024-08-13 00:00:00,228.8207,234.5275,227.1533,234.4184,7647400
1723642200,2024-08-14 00:00:00,236.9195,237.3859,230.4186,234.6169,7187100
1723728600,2024-08-15 00:00:00,238.9938,245.4847,237.7333,244.5220,8376800
1723815000,2024-08-16 00:00:00,242.3782,245.5443,241.1773,244.8595,5194600
1724074200,2024-08-19 00:00:00,243.9463,249.5143,241.4651,249.4547,5564300
1724160600,2024-08-20 00:00:00,248.2736,249.6433,244.0258,246.1993,6578600
1724247000,2024-08-21 00:00:00,246.7353,249.9808,246.0108,248.7501,4813700
1724333400,2024-08-22 00:00:00,250.6259,251.4199,239.7282,240.6016,8007400
1724419800,2024-08-23 00:00:00,244.0059,248.4523,242.8645,246.5269,6933400
1724679000,2024-08-26 00:00:00,245.6336,246.6856,239.3213,240.7505,6925200
1724765400,2024-08-27 00:00:00,238.8648,243.9067,236.7805,243.1722,5534400
1724851800,2024-08-28 00:00:00,242.6660,243.8372,236.0362,239.0831,8114000
1724938200,2024-08-29 00:00:00,238.6663,242.6759,235.0039,236.1255,9256500
1725024600,2024-08-30 00:00:00,240.6314,242.7653,237.5844,241.6338,8623800
1725370200,2024-09-03 00:00:00,237.0782,237.0782,222.1312,223.5009,14466300
1725456600,2024-09-04 00:00:00,220.1661,226.8654,219.7989,222.9649,8646300
1725543000,2024-09-05 00:00:00,220.3943,226.0615,220.0668,222.5778,6535400
1725629400,2024-09-06 00:00:00,221.6747,221.9923,211.9680,213.3873,12019300
1725888600,2024-09-09 00:00:00,216.8214,218.6575,214.1714,218.2108,7933400
1725975000,2024-09-10 00:00:00,218.9651,220.4738,214.8364,220.2753,7651600
1726061400,2024-09-11 00:00:00,222.1114,231.9470,217.7543,231.6493,11148300
1726147800,2024-09-12 00:00:00,231.1729,234.1901,228.2351,232.1455,8209500
1726234200,2024-09-13 00:00:00,233.2373,235.7682,232.4631,235.1330,6405800
1726493400,2024-09-16 00:00:00,231.6394,233.2373,229.1383,232.0463,5505200
1726579800,2024-09-17 00:00:00,234.8352,235.3513,230.1010,231.9669,4722800
1726666200,2024-09-18 00:00:00,233.1281,236.0560,229.0589,229.3268,7299800
1726752600,2024-09-19 00:00:00,238.1700,242.0209,236.5225,239.2816,11254200
1726839000,2024-09-20 00:00:00,237.0088,237.8524,233.1976,236.1155,8183300
1727098200,2024-09-23 00:00:00,237.0187,238.0211,235.3414,237.1577,3781400
1727184600,2024-09-24 00:00:00,239.2717,242.5469,236.4927,241.5743,5435900
1727271000,2024-09-25 00:00:00,241.4055,245.2267,240.9788,243.6982,4978300
1727357400,2024-09-26 00:00:00,253.5835,254.0698,245.5145,250.7251,10082100
1727443800,2024-09-27 00:00:00,251.2908,251.3107,244.2739,245.8817,7128600
1727703000,2024-09-30 00:00:00,242.3187,245.1572,240.0558,243.6089,6252500
1727789400,2024-10-01 00:00:00,243.7875,244.7304,235.2223,237.0882,7751800
1727875800,2024-10-02 00:00:00,237.3760,242.6164,235.8078,240.5024,5842600
1727962200,2024-10-03 00:00:00,239.7382,245.2962,239.5297,242.7157,5926900
1728048600,2024-10-04 00:00:00,247.3407,247.3407,242.4973,245.9611,5771300
1728307800,2024-10-07 00:00:00,244.6808,248.7203,244.4625,246.3581,4958800
1728394200,2024-10-08 00:00:00,247.2911,251.2710,246.0207,250.6259,4435300
1728480600,2024-10-09 00:00:00,251.0924,253.4942,248.3332,253.2361,4063400
1728567000,2024-10-10 00:00:00,250.6159,253.9507,249.1173,252.7399,4044600
1728653400,2024-10-11 00:00:00,251.7077,255.3700,251.6978,254.7646,4202900
1728912600,2024-10-14 00:00:00,256.5809,260.2928,256.4816,259.3202,4608600
1728999000,2024-10-15 00:00:00,259.0423,260.1439,243.7379,245.3061,14128900
1729085400,2024-10-16 00:00:00,247.9561,247.9561,243.6585,245.4649,5692300
1729171800,2024-10-17 00:00:00,253.2659,254.2485,249.6135,249.6929,6745000
1729258200,2024-10-18 00:00:00,251.5985,251.6184,248.9783,249.6234,3720700
1729517400,2024-10-21 00:00:00,249.1173,251.1519,247.6186,250.9435,3923400
1729603800,2024-10-22 00:00:00,249.4448,250.5961,247.7972,249.8021,3629100
1729690200,2024-10-23 00:00:00,248.5714,249.7822,243.9960,247.1422,4971600
1729776600,2024-10-24 00:00:00,248.9882,249.3158,246.3383,248.1843,2595500
1729863000,2024-10-25 00:00:00,250.5961,254.6256,250.4075,251.0626,6835900
1730122200,2024-10-28 00:00:00,250.8740,251.1519,249.1173,249.3257,3557300
1730208600,2024-10-29 00:00:00,250.0105,256.3923,248.9783,254.9929,5392800
1730295000,2024-10-30 00:00:00,249.8517,251.1023,247.5789,248.7997,5348400
1730381400,2024-10-31 00:00:00,246.4078,246.4078,238.4777,239.8672,9464700
1730467800,2024-11-01 00:00:00,242.3584,245.4351,241.5247,242.9142,5521000
1730730600,2024-11-04 00:00:00,243.4700,245.6534,241.5842,242.4378,5199200
1730817000,2024-11-05 00:00:00,243.4104,247.1720,243.2417,246.4474,4344200
1730903400,2024-11-06 00:00:00,250.3976,253.7721,248.3332,252.8987,7284400
1730989800,2024-11-07 00:00:00,256.4519,259.1911,256.2037,259.0621,5370200
1731076200,2024-11-08 00:00:00,258.8041,259.9157,255.9854,257.3947,3915600
1731335400,2024-11-11 00:00:00,255.9854,256.1144,249.1074,251.6283,7667300
1731421800,2024-11-12 00:00:00,251.2015,251.6680,246.9933,249.9708,6574000
1731508200,2024-11-13 00:00:00,248.7699,249.2959,245.3656,245.7726,5537900
1731594600,2024-11-14 00:00:00,247.6881,249.0776,245.5244,246.3184,4607600
1731681000,2024-11-15 00:00:00,242.3385,242.7355,237.0088,238.1502,9499700
1731940200,2024-11-18 00:00:00,237.2371,240.3535,235.6094,239.7282,7696500
1732026600,2024-11-19 00:00:00,239.2915,242.4378,238.7953,242.3484,4505200
1732113000,2024-11-20 00:00:00,241.5048,241.9216,236.8599,240.7207,7585600
1732199400,2024-11-21 00:00:00,243.6784,246.3284,237.8028,244.2540,8825400
1732285800,2024-11-22 00:00:00,244.1250,244.7900,241.4849,242.7851,4746300
1732545000,2024-11-25 00:00:00,244.5022,244.5022,240.4627,241.8323,4562700
1732631400,2024-11-26 00:00:00,243.9761,244.2739,238.0906,239.6091,4996500
1732717800,2024-11-27 00:00:00,237.8623,238.0013,232.4135,236.4629,6911600
1732890600,2024-11-29 00:00:00,238.1998,242.6561,237.7929,240.3138,5607400
1733149800,2024-12-02 00:00:00,241.5247,247.2811,241.5247,246.0107,8070300
1733236200,2024-12-03 00:00:00,245.0778,246.8147,244.0853,246.5566,3227300
1733322600,2024-12-04 00:00:00,250.3380,251.1717,247.4499,250.7350,5457400
1733409000,2024-12-05 00:00:00,250.0006,250.2686,245.7229,246.4375,3872100
1733495400,2024-12-06 00:00:00,246.0207,247.5491,245.3557,246.7452,3885300
1733754600,2024-12-09 00:00:00,244.3731,247.0926,243.0928,244.2243,4532600
1733841000,2024-12-10 00:00:00,244.5815,245.2961,236.5820,238.0807,6402400
1733927400,2024-12-11 00:00:00,241.8224,245.1870,239.9168,243.9067,5588400
1734013800,2024-12-12 00:00:00,242.1797,242.8050,240.1153,241.5445,3979300
1734100200,2024-12-13 00:00:00,247.6484,249.7425,244.2044,247.6186,8628300
1734359400,2024-12-16 00:00:00,248.6210,252.4521,247.0529,251.3504,4893000
1734445800,2024-12-17 00:00:00,248.6012,249.2860,246.1696,248.0851,4027800
1734532200,2024-12-18 00:00:00,250.2686,252.5613,238.6464,240.1749,8125800
1734618600,2024-12-19 00:00:00,241.1773,241.4254,236.5622,237.0782,6893100
1734705000,2024-12-20 00:00:00,235.6193,243.4203,234.7657,240.8895,6909300
1734964200,2024-12-23 00:00:00,242.7746,248.8158,242.7746,248.4469,6650100
1735050600,2024-12-24 00:00:00,249.6631,250.5903,248.6064,250.5903,2097400
1735223400,2024-12-26 00:00:00,249.6432,251.6071,248.1080,250.1516,2169300
1735309800,2024-12-27 00:00:00,248.5067,249.2943,244.3995,247.6295,3812300
1735569000,2024-12-30 00:00:00,243.8612,246.5827,241.9771,243.9011,3532100
1735655400,2024-12-31 00:00:00,244.7484,245.2868,240.6512,241.4188,3071800
1735828200,2025-01-02 00:00:00,243.7615,246.9815,241.4986,244.0307,4464000
1735914600,2025-01-03 00:00:00,246.2338,251.5473,245.9148,251.0987,4994400
1736173800,2025-01-06 00:00:00,257.8676,262.4733,257.6981,259.4228,10533200
1736260200,2025-01-07 00:00:00,262.6029,262.7624,252.2650,253.2520,7661100
1736346600,2025-01-08 00:00:00,252.7735,253.5411,248.7360,251.4476,5189500
1736519400,2025-01-10 00:00:00,248.6363,248.8158,244.1603,246.4133,6901500
1736778600,2025-01-13 00:00:00,240.3222,244.1702,239.8736,243.8811,6007500
1736865000,2025-01-14 00:00:00,246.9616,247.6095,241.6381,244.6787,3791500
1736951400,2025-01-15 00:00:00,248.4768,251.2881,246.9316,250.4308,5316800
1737037800,2025-01-16 00:00:00,256.3124,256.4022,251.3678,251.5074,5696100
1737124200,2025-01-17 00:00:00,257.1798,257.8776,254.8171,257.4489,5387300
1737469800,2025-01-21 00:00:00,259.9910,263.5001,257.6483,261.5761,4923000
1737556200,2025-01-22 00:00:00,265.1749,268.8235,264.3176,266.3413,6616500
1737642600,2025-01-23 00:00:00,262.2041,266.0322,261.0876,266.0222,4704900
1737729000,2025-01-24 00:00:00,266.5705,266.6004,259.8116,260.7188,5119900
1737988200,2025-01-27 00:00:00,241.7278,244.3198,231.5196,235.0785,21944900
1738074600,2025-01-28 00:00:00,237.1521,240.2823,231.5395,239.7041,11707300
1738161000,2025-01-29 00:00:00,241.6581,241.6979,235.9060,238.7870,8366000
1738247400,2025-01-30 00:00:00,242.6649,245.0874,239.9235,244.4095,7676300
1738333800,2025-01-31 00:00:00,245.4064,250.6800,242.1665,242.8643,8009900
1738593000,2025-02-03 00:00:00,235.2380,240.8905,234.3907,238.0393,7479600
1738679400,2025-02-04 00:00:00,238.0692,241.8674,237.8399,240.7210,4579000
1738765800,2025-02-05 00:00:00,241.3690,246.7323,239.6543,246.3734,4811100
1738852200,2025-02-06 00:00:00,246.4133,247.6594,244.8481,247.5796,4877200
1738938600,2025-02-07 00:00:00,248.7859,249.8725,242.7247,244.2400,7258900
1739197800,2025-02-10 00:00:00,246.2338,249.5136,246.2338,248.8457,4231300
1739284200,2025-02-11 00:00:00,246.9316,250.2613,246.6425,249.0949,3134900
1739370600,2025-02-12 00:00:00,244.9379,247.9684,243.7814,247.7391,4212800
1739457000,2025-02-13 00:00:00,247.2307,251.3080,247.0214,251.1385,4486100
1739543400,2025-02-14 00:00:00,251.2183,252.4345,249.8526,251.7965,4279500
1739889000,2025-02-18 00:00:00,253.9299,256.4022,252.5541,255.4252,6361400
1739975400,2025-02-19 00:00:00,255.1860,257.5785,253.0925,256.5417,3025400
1740061800,2025-02-20 00:00:00,257.2695,258.8246,254.1292,257.0003,4401700
1740148200,2025-02-21 00:00:00,257.5486,257.8975,248.4170,249.2146,7578500
1740407400,2025-02-24 00:00:00,250.5205,251.2781,242.5254,242.6649,7518000
1740493800,2025-02-25 00:00:00,241.9571,243.0238,236.6038,237.5110,7658600
1740580200,2025-02-26 00:00:00,240.8506,245.3565,240.1527,243.0637,6675900
1740666600,2025-02-27 00:00:00,245.3067,245.6157,227.9906,228.0803,10520600
1740753000,2025-02-28 00:00:00,227.6616,233.0548,224.9301,232.0480,8654700
1741012200,2025-03-03 00:00:00,234.6399,234.6399,220.2646,222.3182,10001200
1741098600,2025-03-04 00:00:00,221.7699,230.0841,217.3736,224.5313,12563100
1741185000,2025-03-05 00:00:00,227.1133,229.4959,222.7768,228.6884,6799400
1741271400,2025-03-06 00:00:00,221.2914,225.4585,218.3905,219.0983,9155200
1741357800,2025-03-07 00:00:00,219.9157,225.0497,216.3967,224.3918,9426800
1741613400,2025-03-10 00:00:00,218.8889,220.6036,210.8539,213.8645,9616500
1741699800,2025-03-11 00:00:00,214.5424,218.3406,209.8072,213.5555,7381300
1741786200,2025-03-12 00:00:00,219.6366,222.2584,217.5032,219.8360,8710800
1741872600,2025-03-13 00:00:00,220.0952,223.1855,217.1344,218.8690,5126800
1741959000,2025-03-14 00:00:00,222.6572,226.2560,222.5874,225.8672,5100700
1742218200,2025-03-17 00:00:00,225.5282,230.3233,225.3189,228.2498,5192200
1742304600,2025-03-18 00:00:00,225.9270,227.0635,223.1855,224.7208,5196700
1742391000,2025-03-19 00:00:00,224.7208,230.3034,223.0858,226.7046,4932500
1742477400,2025-03-20 00:00:00,224.4416,228.2996,224.1924,226.3457,3654700
1742563800,2025-03-21 00:00:00,222.0790,224.9102,220.7232,224.0728,6319300
1742823000,2025-03-24 00:00:00,228.4890,231.6990,228.3893,229.9146,6503200
1742909400,2025-03-25 00:00:00,229.7352,229.9445,228.1401,228.9376,3451800
1742995800,2025-03-26 00:00:00,227.6915,228.0903,219.3674,221.3213,9591100
1743082200,2025-03-27 00:00:00,218.3705,220.0154,215.8982,217.0746,9072500
1743168600,2025-03-28 00:00:00,216.1275,217.3636,210.3953,211.5119,8722100
1743427800,2025-03-31 00:00:00,206.6869,211.0333,203.8756,210.8140,9477200
1743514200,2025-04-01 00:00:00,210.3056,211.8807,206.6171,211.8309,6151300
1743600600,2025-04-02 00:00:00,208.3118,215.9381,207.8233,213.4259,7096200
1743687000,2025-04-03 00:00:00,202.0613,203.8557,194.7341,194.9634,14299000
1743773400,2025-04-04 00:00:00,188.1147,189.6997,177.6771,180.2392,22160100
1744032600,2025-04-07 00:00:00,172.9519,194.2257,169.5823,184.3264,25600300
1744119000,2025-04-08 00:00:00,192.3914,195.1129,175.5039,179.3918,19097600
1744205400,2025-04-09 00:00:00,181.1962,212.1499,179.7108,210.1760,22178500
1744291800,2025-04-10 00:00:00,200.7553,201.8719,188.4536,195.6014,18282500
1744378200,2025-04-11 00:00:00,195.0929,201.3136,193.0992,200.6855,10156300
1744637400,2025-04-14 00:00:00,205.9791,206.1386,198.1534,200.9846,9843300
1744723800,2025-04-15 00:00:00,202.0413,204.5037,201.3136,202.2906,5097800
1744810200,2025-04-16 00:00:00,192.5608,196.1497,187.9452,193.7471,13067200
1744896600,2025-04-17 00:00:00,195.2126,195.3920,190.4075,191.9328,7067400
1745242200,2025-04-21 00:00:00,188.3140,188.8025,183.8280,187.2474,9572700
1745328600,2025-04-22 00:00:00,189.7596,192.7004,188.3739,191.3047,7242700
1745415000,2025-04-23 00:00:00,200.9547,202.4501,197.4656,198.2930,11495800
1745501400,2025-04-24 00:00:00,202.5896,208.6308,201.5528,208.3218,9696200
1745587800,2025-04-25 00:00:00,206.5373,212.6284,205.8595,211.3125,7487400
1745847000,2025-04-28 00:00:00,210.2358,211.5517,205.7598,209.9966,5804900
1745933400,2025-04-29 00:00:00,208.6807,211.5916,207.8732,209.6377,4506200
1746019800,2025-04-30 00:00:00,204.3840,211.0832,203.2575,210.6246,5974400
1746106200,2025-05-01 00:00:00,214.2633,215.8583,211.4521,211.6415,6878200
1746192600,2025-05-02 00:00:00,217.3138,220.2347,216.5661,218.3506,6522200
1746451800,2025-05-05 00:00:00,216.3568,218.9188,216.2272,216.9350,4536000
1746538200,2025-05-06 00:00:00,212.9873,216.7655,212.1798,214.9212,5019400
1746624600,2025-05-07 00:00:00,215.0508,220.2347,213.5256,219.3375,9068800
1746711000,2025-05-08 00:00:00,222.1587,224.1426,219.4173,221.2615,5919200
1746797400,2025-05-09 00:00:00,223.8335,224.6609,221.3014,222.7070,3495500
1747056600,2025-05-12 00:00:00,235.9857,237.9297,233.3240,236.6736,9246900
1747143000,2025-05-13 00:00:00,238.3085,245.9248,237.8599,244.7983,8665600
1747229400,2025-05-14 00:00:00,246.8818,248.6662,244.8382,247.2207,7439600
1747315800,2025-05-15 00:00:00,244.9877,248.2276,243.3229,246.3634,6446300
1747402200,2025-05-16 00:00:00,246.7721,246.8419,243.3628,245.6556,3800100
1747661400,2025-05-19 00:00:00,240.6512,245.7354,240.5415,245.2469,4196100
1747747800,2025-05-20 00:00:00,243.1135,244.8481,242.1266,244.7783,3115200
1747834200,2025-05-21 00:00:00,242.5752,247.8089,239.2755,240.7210,6392500
1747920600,2025-05-22 00:00:00,240.2823,242.8543,239.5745,240.0630,5185500
1748007000,2025-05-23 00:00:00,234.5003,238.1191,233.8623,236.7035,6577200
1748352600,2025-05-27 00:00:00,241.7378,244.9279,239.9135,244.2101,8858900
1748439000,2025-05-28 00:00:00,244.5291,245.4463,241.1596,241.6082,10739500
1748525400,2025-05-29 00:00:00,248.2276,248.4370,241.9472,243.3229,9120100
1748611800,2025-05-30 00:00:00,242.4755,242.4755,234.6399,239.0063,11064700
1748871000,2025-06-02 00:00:00,238.4381,243.2730,238.2188,242.5453,4719900
1748957400,2025-06-03 00:00:00,242.7247,248.3971,241.5983,248.0183,7518700
1749043800,2025-06-04 00:00:00,249.7928,251.8264,247.5896,250.9691,7258700
1749130200,2025-06-05 00:00:00,252.9529,255.2657,248.9852,250.5205,8054100
1749216600,2025-06-06 00:00:00,252.7535,254.7972,251.8563,251.9460,5589700
1749475800,2025-06-09 00:00:00,254.2090,259.0639,254.2090,256.1629,10841400
1749562200,2025-06-10 00:00:00,257.5586,261.8652,256.6614,261.2571,9763000
1749648600,2025-06-11 00:00:00,262.7823,264.0883,258.8844,261.0677,12286000
1749735000,2025-06-12 00:00:00,259.2533,263.1811,259.2533,262.3337,6781900
1749821400,2025-06-13 00:00:00,256.7511,259.7916,255.2557,256.1928,11950200
1750080600,2025-06-16 00:00:00,259.1536,264.2278,258.9742,262.5630,7497700
1750167000,2025-06-17 00:00:00,261.6259,264.7063,260.5493,260.7786,7284700
1750253400,2025-06-18 00:00:00,261.9649,264.0883,260.1804,261.7755,7367400
1750426200,2025-06-20 00:00:00,264.0285,264.1979,256.4221,259.4626,11439900
1750685400,2025-06-23 00:00:00,259.0440,261.8452,256.3224,261.1075,10420100
1750771800,2025-06-24 00:00:00,265.1051,270.7774,264.9157,270.6977,9035500
1750858200,2025-06-25 00:00:00,272.3725,274.4161,271.6049,274.3463,8480000
1750944600,2025-06-26 00:00:00,276.2205,277.0878,274.0971,276.3401,6789000
1751031000,2025-06-27 00:00:00,277.3171,279.6299,274.7850,277.5564,8170900
1751290200,2025-06-30 00:00:00,278.8324,279.0916,276.2404,278.0149,6375800
1751376600,2025-07-01 00:00:00,275.9414,277.1975,271.3158,274.9843,8931300
1751463000,2025-07-02 00:00:00,273.9675,281.0455,273.8080,280.3776,8713800
1751549400,2025-07-03 00:00:00,281.9427,284.3054,281.4343,282.7402,4443000
1751895000,2025-07-07 00:00:00,280.8860,281.7633,277.6859,278.8922,8616400
1751981400,2025-07-08 00:00:00,280.7365,283.8468,279.8293,282.6007,8186500
1752067800,2025-07-09 00:00:00,283.8468,286.9471,282.6904,284.5347,6810700
1752154200,2025-07-10 00:00:00,286.9970,287.2960,283.6773,286.6281,5635200
1752240600,2025-07-11 00:00:00,285.5814,288.0437,284.6642,286.5982,5677000
1752499800,2025-07-14 00:00:00,285.4119,285.6312,280.8661,284.4350,7455800
1752586200,2025-07-15 00:00:00,290.7653,292.2905,289.1802,289.8979,9892500
1752672600,2025-07-16 00:00:00,287.6051,288.6718,282.2517,288.3827,10065900
1752759000,2025-07-17 00:00:00,289.1503,291.6525,287.0867,290.8051,6998300
1752845400,2025-07-18 00:00:00,292.0014,292.4201,288.4325,289.4095,5522100
1753104600,2025-07-21 00:00:00,289.7684,292.6195,289.4992,289.6089,5910900
1753191000,2025-07-22 00:00:00,288.8412,288.9409,281.2449,284.4848,11537500
1753277400,2025-07-23 00:00:00,284.4150,285.7808,282.1122,285.7209,8194600
1753363800,2025-07-24 00:00:00,286.2992,287.3758,284.0362,286.9073,5902600
1753450200,2025-07-25 00:00:00,285.3421,287.1465,284.1758,286.5982,4014900
1753709400,2025-07-28 00:00:00,288.8811,290.6656,288.3927,290.5061,5671900
1753795800,2025-07-29 00:00:00,292.6494,295.8096,290.5758,291.9914,6968700
1753882200,2025-07-30 00:00:00,293.8457,296.4576,292.6793,295.3410,7930300
1753968600,2025-07-31 00:00:00,293.7859,294.0052,285.1627,287.8842,9928100
1754055000,2025-08-01 00:00:00,282.0324,286.0499,278.3240,283.0692,14032200
1754314200,2025-08-04 00:00:00,285.4020,289.4095,284.3253,289.2899,5323200
1754400600,2025-08-05 00:00:00,289.8381,290.4263,283.3284,286.2094,6918300
1754487000,2025-08-06 00:00:00,283.9465,286.3391,281.8929,285.7309,6124300
1754573400,2025-08-07 00:00:00,291.9216,293.7958,287.7247,290.2169,8069400
1754659800,2025-08-08 00:00:00,291.0244,293.0083,289.7484,292.6195,5121600
1754919000,2025-08-11 00:00:00,293.5964,296.1684,291.8220,292.4899,5799700
1755005400,2025-08-12 00:00:00,294.3740,299.3086,292.2406,299.1691,7592800
1755091800,2025-08-13 00:00:00,300.9037,302.0402,297.6439,300.3455,8959700
1755178200,2025-08-14 00:00:00,297.0756,301.8607,296.3578,300.9835,5827000
1755264600,2025-08-15 00:00:00,298.4314,298.4314,293.0282,294.7329,9026300
1755523800,2025-08-18 00:00:00,294.0052,296.2681,293.8656,295.9391,5577500
1755610200,2025-08-19 00:00:00,295.9392,296.1984,289.7285,289.9677,8191900
1755696600,2025-08-20 00:00:00,289.1004,289.1004,280.2779,288.0637,10091000
1755783000,2025-08-21 00:00:00,286.8873,288.9708,284.9932,286.5683,6067700
1755869400,2025-08-22 00:00:00,286.7378,295.4407,285.6512,292.7292,5810400
1756128600,2025-08-25 00:00:00,292.8388,294.8725,291.2139,293.0083,4965000
1756215000,2025-08-26 00:00:00,293.9055,296.3180,293.7560,295.8295,4967100
1756301400,2025-08-27 00:00:00,294.9323,297.1753,293.4668,296.7367,5646200
1756387800,2025-08-28 00:00:00,297.1753,299.8470,295.0619,297.9529,7194000
1756474200,2025-08-29 00:00:00,294.6432,294.6432,288.2032,289.3896,13420900
1756819800,2025-09-02 00:00:00,282.2119,285.7808,280.8661,285.5914,11543700
1756906200,2025-09-03 00:00:00,286.4686,287.0369,282.8997,285.5415,7249600
1756992600,2025-09-04 00:00:00,284.3552,289.3098,283.4181,288.9608,8079300
1757079000,2025-09-05 00:00:00,294.1547,294.2345,288.3528,292.3703,9809600
1757338200,2025-09-08 00:00:00,294.2245,296.8962,293.8855,295.6002,7223200
1757424600,2025-09-09 00:00:00,296.2980,297.0656,294.1946,296.8862,6797000
1757511000,2025-09-10 00:00:00,299.6576,301.4420,297.8432,299.8968,10221400
1757597400,2025-09-11 00:00:00,302.5984,304.6122,302.2296,302.9872,7312400
1757683800,2025-09-12 00:00:00,304.1137,304.6421,302.1598,303.3760,5231900
1757943000,2025-09-15 00:00:00,302.8776,306.2770,302.0701,306.2172,5390200
1758029400,2025-09-16 00:00:00,307.4733,307.7125,304.6222,306.2570,4227600
1758115800,2025-09-17 00:00:00,305.5493,306.1972,300.4352,304.3031,9647700
1758202200,2025-09-18 00:00:00,312.5774,317.6317,311.6303,315.9868,16335600
1758288600,2025-09-19 00:00:00,315.4185,315.5282,312.4578,314.7307,8381600
1758547800,2025-09-22 00:00:00,315.2889,322.1376,315.0198,321.1707,11618100
1758634200,2025-09-23 00:00:00,322.1576,324.3507,319.0273,320.7021,9159000
1758720600,2025-09-24 00:00:00,320.4030,320.9613,316.4852,320.1139,8632200
1758807000,2025-09-25 00:00:00,315.3089,321.0311,312.6272,320.0641,9592900
1758893400,2025-09-26 00:00:00,320.6423,321.4199,317.1532,320.8217,6886100
1759152600,2025-09-29 00:00:00,323.6429,325.8162,321.4697,321.6591,5833600
1759239000,2025-09-30 00:00:00,321.7488,325.7065,321.4298,325.3476,7459900
1759325400,2025-10-01 00:00:00,323.2741,333.0736,323.1046,332.6549,9911800
1759411800,2025-10-02 00:00:00,338.6064,338.9453,335.5160,337.1908,8092600
1759498200,2025-10-03 00:00:00,338.3572,339.7229,334.1403,335.6356,7770000
1759757400,2025-10-06 00:00:00,344.3884,347.4489,342.3148,342.3148,10263200
1759843800,2025-10-07 00:00:00,345.2158,345.5947,335.5160,336.0045,9365700
1759930200,2025-10-08 00:00:00,335.6855,345.3853,335.3765,344.9965,7841500
1760016600,2025-10-09 00:00:00,344.9666,346.0233,341.3379,344.1392,5565500
1760103000,2025-10-10 00:00:00,344.8968,345.4152,323.8224,324.3308,18804500
1760362200,2025-10-13 00:00:00,336.4332,340.0319,333.9608,338.6961,11760200
1760448600,2025-10-14 00:00:00,332.0269,338.0083,329.2256,332.4655,7296700
1760535000,2025-10-15 00:00:00,341.0388,342.0158,334.4693,340.7198,8283800
1760621400,2025-10-16 00:00:00,345.0962,346.0133,338.7559,342.2351,9047500
1760707800,2025-10-17 00:00:00,340.1615,343.8600,337.0911,341.7665,8396300
1760967000,2025-10-20 00:00:00,344.9267,348.9642,344.5878,346.1429,6436900
1761053400,2025-10-21 00:00:00,345.9834,346.0233,342.0955,344.2289,4391800
1761139800,2025-10-22 00:00:00,341.7964,343.7902,331.3689,337.5497,8014200
1761226200,2025-10-23 00:00:00,336.0045,344.8370,335.6855,343.7304,6422600
1761312600,2025-10-24 00:00:00,349.4925,351.8452,348.7349,350.0508,5649300
1761571800,2025-10-27 00:00:00,356.5605,359.4814,355.1050,358.8235,6663400
1761658200,2025-10-28 00:00:00,358.4945,363.5388,357.3481,361.9836,5086000
1761744600,2025-10-29 00:00:00,367.9351,371.6237,364.6853,367.4666,8102600
1761831000,2025-10-30 00:00:00,366.2903,368.7127,362.4223,362.6017,6932700
1761917400,2025-10-31 00:00:00,365.7420,367.2871,359.3817,361.8939,4917900
1762180200,2025-11-03 00:00:00,366.5495,368.3239,363.5588,364.9644,4470500
1762266600,2025-11-04 00:00:00,356.8696,360.6678,350.7087,351.6658,8269000
1762353000,2025-11-05 00:00:00,352.0047,363.1500,351.6259,358.3849,8605400
1762439400,2025-11-06 00:00:00,358.4746,359.0328,347.6283,350.0009,9600500
1762525800,2025-11-07 00:00:00,345.4651,347.1000,335.6356,347.0402,14723200
1762785000,2025-11-10 00:00:00,356.4409,358.8833,352.8521,357.6771,9180700
1762871400,2025-11-11 00:00:00,354.1480,354.9356,348.6551,349.9611,7661200
1762957800,2025-11-12 00:00:00,355.0951,356.3711,351.8452,354.4272,5870700
1763044200,2025-11-13 00:00:00,350.5393,351.7854,340.1915,343.7504,10654800
1763130600,2025-11-14 00:00:00,334.2001,347.8277,332.7147,343.9099,12271200
1763389800,2025-11-17 00:00:00,340.8793,347.2595,336.0045,339.2444,6921300
1763476200,2025-11-18 00:00:00,334.7085,336.7422,328.0991,332.2562,12933100
1763562600,2025-11-19 00:00:00,333.7714,341.9959,332.4256,338.3871,9842300
1763649000,2025-11-20 00:00:00,347.7778,348.6950,322.6859,324.0916,14686700
1763735400,2025-11-21 00:00:00,323.9919,330.5913,314.0727,325.1184,17298700
1763994600,2025-11-24 00:00:00,327.9795,339.5136,327.8100,338.0681,10650900
1764081000,2025-11-25 00:00:00,333.6917,339.6631,326.3346,338.9553,12052700
1764167400,2025-11-26 00:00:00,343.1821,349.2134,342.3647,346.6314,5533300
1764340200,2025-11-28 00:00:00,348.0869,351.4764,346.6314,351.1873,3352700
1764599400,2025-12-01 00:00:00,347.7679,353.9088,346.9803,351.8651,3902000
1764685800,2025-12-02 00:00:00,354.7462,359.6709,353.0514,358.3151,6657900
1764772200,2025-12-03 00:00:00,358.5842,363.4491,355.1250,363.2397,4642700
1764858600,2025-12-04 00:00:00,362.1332,363.2397,358.4845,360.4783,3971800
1764945000,2025-12-05 00:00:00,363.3295,367.4367,362.4123,363.2896,3619200
1765204200,2025-12-08 00:00:00,366.9582,369.5701,364.6055,367.4068,4334300
1765290600,2025-12-09 00:00:00,365.9015,368.4136,364.2167,367.8554,3173300
1765377000,2025-12-10 00:00:00,367.7657,374.4249,365.7918,372.9396,5653300
1765463400,2025-12-11 00:00:00,368.6330,370.0685,360.5581,369.7395,7499900
1765549800,2025-12-12 00:00:00,365.8516,366.4199,351.7854,353.0215,12705900
1765809000,2025-12-15 00:00:00,357.0191,358.0858,351.0975,351.8053,5605800
1765895400,2025-12-16 00:00:00,350.4794,353.2907,347.2296,350.8483,5849200
1765981800,2025-12-17 00:00:00,351.7954,351.7954,337.0114,338.1877,10780400
1766068200,2025-12-18 00:00:00,349.7517,350.9978,344.7572,346.1729,8260200
1766154600,2025-12-19 00:00:00,349.2234,357.4179,349.2234,355.1250,8838700
1766413800,2025-12-22 00:00:00,362.4100,362.4800,357.7700,359.7000,4799500
1766500200,2025-12-23 00:00:00,358.6000,363.3000,358.0600,363.1600,3542100
1766586600,2025-12-24 00:00:00,362.7000,364.5400,362.1500,364.1700,1640500
1766759400,2025-12-26 00:00:00,366.0700,367.3500,364.4900,365.8600,2921300
1767018600,2025-12-29 00:00:00,362.6600,365.8200,360.8200,364.2100,4874400
1767105000,2025-12-30 00:00:00,365.1600,366.2400,363.0700,363.3100,2927000
1767191400,2025-12-31 00:00:00,364.8300,365.5700,360.0700,360.1300,2687300
1767364200,2026-01-02 00:00:00,368.9500,376.3400,368.8400,373.3000,8972400
1767623400,2026-01-05 00:00:00,381.7200,383.9900,376.9400,377.5900,9071300
1767709800,2026-01-06 00:00:00,382.4000,389.3700,382.1400,387.6200,10201200
1767796200,2026-01-07 00:00:00,385.2000,387.8100,383.5900,385.0200,6058900
1767882600,2026-01-08 00:00:00,384.5600,384.7400,375.8600,378.9800,5724000
1767969000,2026-01-09 00:00:00,382.2800,390.8800,380.0800,389.2200,6490800
1768228200,2026-01-12 00:00:00,385.6700,391.9800,385.6700,390.6600,5532000
1768314600,2026-01-13 00:00:00,392.2700,396.1000,390.3800,391.5300,5281600
1768401000,2026-01-14 00:00:00,388.9600,389.3400,383.8100,388.3500,6696500
1768487400,2026-01-15 00:00:00,401.0700,403.6200,396.1200,396.4100,9948100
1768573800,2026-01-16 00:00:00,402.8500,405.3100,398.4200,400.3900,5485900
1768919400,2026-01-20 00:00:00,393.1600,397.1600,389.4300,390.3900,7158500
1769005800,2026-01-21 00:00:00,394.7500,405.8800,393.3700,401.9300,8754600
1769092200,2026-01-22 00:00:00,408.1800,408.7300,401.5700,402.8200,5462600
1769178600,2026-01-23 00:00:00,400.5000,403.0900,397.5300,400.0900,5869500
1769437800,2026-01-26 00:00:00,398.4000,400.7400,396.2200,398.8200,4326900
1769524200,2026-01-27 00:00:00,403.9000,409.3900,402.2100,407.2500,6145600
1769610600,2026-01-28 00:00:00,415.3400,418.4900,413.1300,416.6300,7641900
1769697000,2026-01-29 00:00:00,417.4400,420.6000,403.1700,417.5200,9352500
1769783400,2026-01-30 00:00:00,411.2800,416.6400,400.5800,403.4600,9029000
1770042600,2026-02-02 00:00:00,398.8600,412.0400,398.4300,407.9700,5946300
1770129000,2026-02-03 00:00:00,411.0300,412.5800,390.5200,397.6800,12188600
1770215400,2026-02-04 00:00:00,394.6700,396.7100,374.2400,382.0200,16908500
1770301800,2026-02-05 00:00:00,379.1400,388.0800,375.5600,381.0700,12007800
1770388200,2026-02-06 00:00:00,389.2000,403.0800,387.1900,401.6500,13460300
1770647400,2026-02-09 00:00:00,398.9100,409.6900,397.0000,406.6500,5915200
1770733800,2026-02-10 00:00:00,408.1800,408.8000,401.8300,404.7600,5645300
1770820200,2026-02-11 00:00:00,413.8400,418.0800,406.3600,414.7800,6211200
1770906600,2026-02-12 00:00:00,418.3300,420.0400,405.2800,406.1100,7379100
1770993000,2026-02-13 00:00:00,408.1500,412.0700,402.4900,407.7200,6481600
1771338600,2026-02-17 00:00:00,402.7100,410.8700,397.7700,407.5100,7312700
1771425000,2026-02-18 00:00:00,411.4400,417.0400,408.7200,412.5500,5839900
1771511400,2026-02-19 00:00:00,408.7100,411.0000,405.5600,410.2000,4056400
1771597800,2026-02-20 00:00:00,407.6600,416.8300,407.1800,415.0300,5715800
1771857000,2026-02-23 00:00:00,413.5700,417.7000,409.2800,412.8800,5842800
1771943400,2026-02-24 00:00:00,417.2200,421.6700,411.6700,419.1600,7828900
1772029800,2026-02-25 00:00:00,424.3500,427.9400,423.6800,426.1600,7714500
1772116200,2026-02-26 00:00:00,423.7200,423.7200,405.5600,412.0100,14811300
1772202600,2026-02-27 00:00:00,403.2600,409.2400,401.8800,406.3700,9049100
1772461800,2026-03-02 00:00:00,397.2500,407.3600,396.9200,406.3900,11490200
1772548200,2026-03-03 00:00:00,391.3600,394.5400,385.9300,391.0600,13768900
1772634600,2026-03-04 00:00:00,396.2500,401.2300,393.1000,399.1000,8767200
1772721000,2026-03-05 00:00:00,396.0600,401.1100,386.7500,395.3500,11793700
1772807400,2026-03-06 00:00:00,384.9700,392.6700,378.5300,380.5600,12423200
1773063000,2026-03-09 00:00:00,375.7600,395.3600,374.1600,394.3700,16338100
1773149400,2026-03-10 00:00:00,394.0000,403.8800,394.0000,397.3300,13687700
1773235800,2026-03-11 00:00:00,400.0100,404.3900,398.6900,401.0300,6024900
1773322200,2026-03-12 00:00:00,395.4600,396.0600,386.7400,388.1300,9845200
1773408600,2026-03-13 00:00:00,392.3200,396.3300,386.0700,387.3300,7636100
1773667800,2026-03-16 00:00:00,395.1400,399.4800,392.6400,393.9200,10317600
1773754200,2026-03-17 00:00:00,397.1600,397.6100,393.2200,396.8800,6646300
1773840600,2026-03-18 00:00:00,396.9600,399.6900,393.4700,393.6700,8372400
1773927000,2026-03-19 00:00:00,384.0000,397.5300,381.4400,394.9200,12674800
1774013400,2026-03-20 00:00:00,394.1100,395.7300,380.8700,384.7400,12846800
1774272600,2026-03-23 00:00:00,393.3600,399.2800,389.4400,391.3600,12742300
1774359000,2026-03-24 00:00:00,388.0300,396.8800,387.6200,394.5900,6177200
1774445400,2026-03-25 00:00:00,398.3600,402.5000,395.7400,399.0200,7388700
1774531800,2026-03-26 00:00:00,391.9200,392.6800,380.3000,380.8400,14806200
1774618200,2026-03-27 00:00:00,377.7900,381.3100,373.0100,374.2500,11811400
1774877400,2026-03-30 00:00:00,377.6200,379.2400,359.8600,362.5300,12198200
1774963800,2026-03-31 00:00:00,368.7400,383.5000,368.1000,383.4000,13834900
1775050200,2026-04-01 00:00:00,388.2600,396.6300,386.3800,391.9700,10805400
1775136600,2026-04-02 00:00:00,378.0700,393.5000,378.0000,392.3200,8505800
1775482200,2026-04-06 00:00:00,393.7500,397.1000,391.9000,395.9800,4186100
1775568600,2026-04-07 00:00:00,394.7100,400.0900,389.6400,399.9000,6672500
1775655000,2026-04-08 00:00:00,423.1600,424.9900,414.9900,422.9200,10184300
1775741400,2026-04-09 00:00:00,423.1700,430.6500,422.6300,430.3100,6018200
1775827800,2026-04-10 00:00:00,434.4500,441.5400,434.4500,436.8800,11224200
1776087000,2026-04-13 00:00:00,434.7500,443.6400,433.6000,443.3400,6549800
1776173400,2026-04-14 00:00:00,448.0000,452.1000,444.2400,452.0000,6932400
1776259800,2026-04-15 00:00:00,450.7000,453.3300,435.1500,453.0000,9155700
1776346200,2026-04-16 00:00:00,450.7300,457.0900,447.7700,454.8000,6450700
1776432600,2026-04-17 00:00:00,462.8000,464.5800,459.5000,464.1600,7184600
1776691800,2026-04-20 00:00:00,464.6400,465.7400,458.6500,463.9600,3935100
1776778200,2026-04-21 00:00:00,466.2900,468.4300,462.2400,464.6600,5598600
1776864600,2026-04-22 00:00:00,471.0500,477.4200,467.1700,476.8300,7835200
1776951000,2026-04-23 00:00:00,480.4000,488.0800,475.1900,481.8500,10619700
1777037400,2026-04-24 00:00:00,499.5100,509.5900,495.4600,506.4400,12614300
1777296600,2026-04-27 00:00:00,509.1900,510.1000,497.7500,506.2600,9040200
1777383000,2026-04-28 00:00:00,488.1900,496.6600,483.2900,491.2100,12664800
1777469400,2026-04-29 00:00:00,496.3500,499.5800,492.3400,499.5800,6007900
1777555800,2026-04-30 00:00:00,504.7100,507.7900,495.0200,506.7200,8401600
1777642200,2026-05-01 00:00:00,504.2100,511.9900,502.2500,509.8200,5308300
1777901400,2026-05-04 00:00:00,512.4700,513.1500,501.1500,506.7900,6867500
1777987800,2026-05-05 00:00:00,515.3800,526.2000,514.1200,522.6900,8624600
1778074200,2026-05-06 00:00:00,537.7700,549.8800,532.3500,549.7600,15262900
1778160600,2026-05-07 00:00:00,545.7700,549.7000,535.9200,540.1000,10905200
1778247000,2026-05-08 00:00:00,551.5800,566.7900,549.0000,566.5400,8553700
1778506200,2026-05-11 00:00:00,570.2600,578.0600,566.8000,576.3100,12680900
1778592600,2026-05-12 00:00:00,565.0100,570.4000,542.6700,561.2500,17720800
1778679000,2026-05-13 00:00:00,571.8000,576.2000,560.1200,572.4600,9586700
1778765400,2026-05-14 00:00:00,570.8400,581.1700,567.7500,578.3400,8458700
1778851800,2026-05-15 00:00:00,560.3100,565.8800,552.9100,556.3400,13009600
1779111000,2026-05-18 00:00:00,565.4800,567.2100,536.8700,546.1600,12317500
1779197400,2026-05-19 00:00:00,534.9400,553.3400,527.8700,543.9600,11905800
1779283800,2026-05-20 00:00:00,552.7500,564.7200,551.6500,564.6600,8892200
1779370200,2026-05-21 00:00:00,561.0200,570.6000,557.6200,567.8800,8293800
1779456600,2026-05-22 00:00:00,574.2700,582.5000,572.8600,576.3200,7535000
1779802200,2026-05-26 00:00:00,591.5800,603.9700,589.1000,602.1400,10008500
1779888600,2026-05-27 00:00:00,611.9400,612.3000,584.9300,595.5000,11209000
1779975000,2026-05-28 00:00:00,595.8100,604.7400,587.3100,599.8300,7625000
1780061400,2026-05-29 00:00:00,606.0300,611.7900,597.1200,598.9300,7596100
1780320600,2026-06-01 00:00:00,596.1000,613.4300,593.0900,607.8100,8649000
1780407000,2026-06-02 00:00:00,619.6000,632.5700,614.4700,632.2100,8083500
1780493400,2026-06-03 00:00:00,640.8000,642.7700,623.9100,637.9000,10179900
1780579800,2026-06-04 00:00:00,613.0000,634.7800,604.6100,627.5300,10462900
1780666200,2026-06-05 00:00:00,605.0900,607.0000,569.6900,569.6900,22038000
1780925400,2026-06-08 00:00:00,597.2100,606.2000,588.5400,598.1600,13823900
1781011800,2026-06-09 00:00:00,609.4800,613.6900,554.6600,591.0100,20329700
1781098200,2026-06-10 00:00:00,580.7600,598.7300,568.2900,570.9100,12711400
1781184600,2026-06-11 00:00:00,582.6100,611.6200,581.6100,609.4500,12196800
1781271000,2026-06-12 00:00:00,607.9500,624.6200,602.2100,619.9600,8963300
1781530200,2026-06-15 00:00:00,643.5000,649.2400,639.2500,647.1000,9613900
1781616600,2026-06-16 00:00:00,643.5200,648.3100,616.0000,616.0000,10949600
1781703000,2026-06-17 00:00:00,633.4600,643.5000,623.1300,623.9700,10658800
1781789400,2026-06-18 00:00:00,648.5500,663.8000,648.1500,659.8800,11229700
1782135000,2026-06-22 00:00:00,670.3500,671.8300,660.0200,668.9100,8043000
1782221400,2026-06-23 00:00:00,625.9300,636.8800,617.2700,622.0500,19126000
1782307800,2026-06-24 00:00:00,622.2800,625.2300,606.2300,618.9200,11902000
1782394200,2026-06-25 00:00:00,649.3700,650.0300,613.9300,636.8800,14877600
1782480600,2026-06-26 00:00:00,616.7900,621.7100,609.0000,611.6100,12728300
1782739800,2026-06-29 00:00:00,615.0300,633.2600,596.1700,631.9800,10473900
1782826200,2026-06-30 00:00:00,636.0700,659.7400,634.6000,655.8900,9406900
1782912600,2026-07-01 00:00:00,634.3500,639.8900,618.6200,620.4600,13424700
1782999000,2026-07-02 00:00:00,622.5800,627.7000,582.6000,592.2900,21288600
1783344600,2026-07-06 00:00:00,607.0500,618.2100,604.0500,604.3000,9820700
1783431000,2026-07-07 00:00:00,580.0200,585.9700,566.8300,581.4500,14619200
1783517400,2026-07-08 00:00:00,575.3300,595.0000,575.0400,593.0000,9521300
1783603800,2026-07-09 00:00:00,615.4800,618.1700,604.7000,607.7300,9045100
1783690200,2026-07-10 00:00:00,600.8700,615.0500,595.8400,611.0300,6608400
1783949400,2026-07-13 00:00:00,598.0100,599.3600,583.0900,585.6200,8736500
1784035800,2026-07-14 00:00:00,608.9000,608.9000,590.3800,600.3100,7581100
1784122200,2026-07-15 00:00:00,606.8800,606.8800,573.7200,590.7700,11020800
1784208600,2026-07-16 00:00:00,575.7500,581.8400,564.4500,568.9200,12353300
1784295000,2026-07-17 00:00:00,547.9400,567.4100,536.8100,556.5300,22083900
1784554200,2026-07-20 00:00:00,568.7800,572.7700,557.2400,558.8300,6962600
1784640600,2026-07-21 00:00:00,580.9600,586.0000,572.0500,584.0800,7129800
1784727000,2026-07-22 00:00:00,571.3500,592.0100,571.3500,586.9100,5249700
1784813400,2026-07-23 00:00:00,577.2000,586.8900,574.0000,580.1700,7963200
1784899800,2026-07-24 00:00:00,574.4300,578.5200,556.4900,561.1900,19156400
1785159000,2026-07-27 00:00:00,565.9400,567.6200,535.3100,548.5500,38682200
1785245400,2026-07-28 00:00:00,531.6500,535.9400,518.2500,529.6000,18429000
1785331800,2026-07-29 00:00:00,525.9900,532.1700,503.6300,504.2200,19440900
1785418200,2026-07-30 00:00:00,529.8600,544.6400,524.5600,538.9000,14175000
1785504600,2026-07-31 00:00:00,557.5000,561.4400,535.2400,540.5300,14673900
1785763800,2026-08-03 00:00:00,530.4300,548.4900,524.7700,545.4600,7283800
1785850200,2026-08-04 00:00:00,564.2900,578.6300,562.2800,575.7100,9566200
1785936600,2026-08-05 00:00:00,574.4100,585.0000,568.3800,569.7000,6209400
1786023000,2026-08-06 00:00:00,565.4800,580.4300,559.5600,571.4800,6231700
1786109400,2026-08-07 00:00:00,583.5800,586.0900,572.3200,582.7000,6505000
1786368600,2026-08-10 00:00:00,585.9900,586.2400,569.2000,569.4100,6476700
1786455000,2026-08-11 00:00:00,578.5700,578.6000,569.1700,572.9300,5029000
1786541400,2026-08-12 00:00:00,590.5500,590.5700,583.7900,584.8300,7414100
1786627800,2026-08-13 00:00:00,586.3800,597.9500,585.0100,589.1200,6786000
1786714200,2026-08-14 00:00:00,587.9950,590.2800,581.8700,587.8200,5463900
