time,datetime_kst,open,high,low,close,volume
1474896600,2016-09-26 00:00:00,2.5706,2.5839,2.5063,2.5342,2850000
1474983000,2016-09-27 00:00:00,2.5282,2.6712,2.5160,2.6706,4380000
1475069400,2016-09-28 00:00:00,2.6870,2.7282,2.6373,2.6882,4860000
1475155800,2016-09-29 00:00:00,2.6882,2.8355,2.6009,2.7870,12943500
1475242200,2016-09-30 00:00:00,2.8483,2.9701,2.8428,2.9168,7447500
1475501400,2016-10-03 00:00:00,2.9222,2.9762,2.8422,2.8561,3537000
1475587800,2016-10-04 00:00:00,2.9028,2.9186,2.8040,2.8343,4381500
1475674200,2016-10-05 00:00:00,2.8616,2.9586,2.8489,2.9004,3516000
1475760600,2016-10-06 00:00:00,2.9034,2.9550,2.8398,2.9507,4366500
1475847000,2016-10-07 00:00:00,2.9701,2.9877,2.8568,2.9338,4740000
1476106200,2016-10-10 00:00:00,2.9780,3.0126,2.8883,2.8901,4125000
1476192600,2016-10-11 00:00:00,2.8768,2.8786,2.6318,2.7094,11005500
1476279000,2016-10-12 00:00:00,2.7094,2.7094,2.6015,2.6791,4563000
1476365400,2016-10-13 00:00:00,2.6058,2.6106,2.4542,2.5821,7308000
1476451800,2016-10-14 00:00:00,2.6767,2.7343,2.6361,2.6452,8758500
1476711000,2016-10-17 00:00:00,2.6324,2.6797,2.5979,2.6003,3201000
1476797400,2016-10-18 00:00:00,2.7210,2.7252,2.6724,2.6955,3852000
1476883800,2016-10-19 00:00:00,2.6227,2.6682,2.5821,2.6555,4539000
1476970200,2016-10-20 00:00:00,2.6506,2.7391,2.5936,2.7125,4458000
1477056600,2016-10-21 00:00:00,2.6427,2.7003,2.6130,2.6906,3619500
1477315800,2016-10-24 00:00:00,2.7525,2.8440,2.7470,2.8404,4044000
1477402200,2016-10-25 00:00:00,2.8658,2.8713,2.8155,2.8337,4288500
1477488600,2016-10-26 00:00:00,2.7798,2.8701,2.7658,2.8173,4497000
1477575000,2016-10-27 00:00:00,2.9016,2.9247,2.7688,2.7798,4950000
1477661400,2016-10-28 00:00:00,2.7870,2.8640,2.7191,2.7319,5382000
1477920600,2016-10-31 00:00:00,2.7864,2.8131,2.7604,2.7749,2971500
1478007000,2016-11-01 00:00:00,2.7986,2.8398,2.6045,2.6967,5791500
1478093400,2016-11-02 00:00:00,2.7052,2.7519,2.6215,2.6427,6438000
1478179800,2016-11-03 00:00:00,2.6555,2.7003,2.5997,2.6252,5181000
1478266200,2016-11-04 00:00:00,2.5773,2.6506,2.5239,2.5791,2907000
1478529000,2016-11-07 00:00:00,2.7258,2.8052,2.6925,2.8022,3789000
1478615400,2016-11-08 00:00:00,2.8070,2.8695,2.7501,2.8204,4149000
1478701800,2016-11-09 00:00:00,2.6252,2.8040,2.5888,2.7755,8143500
1478788200,2016-11-10 00:00:00,2.8392,2.8834,2.5179,2.6015,11700000
1478874600,2016-11-11 00:00:00,2.6882,2.9089,2.6858,2.8949,8976000
1479133800,2016-11-14 00:00:00,2.9101,2.9422,2.8234,2.8464,3526500
1479220200,2016-11-15 00:00:00,2.8968,3.0314,2.8610,3.0107,5700000
1479306600,2016-11-16 00:00:00,2.9974,3.1223,2.9883,3.1150,6178500
1479393000,2016-11-17 00:00:00,3.2017,3.2599,3.0950,3.2169,4744500
1479479400,2016-11-18 00:00:00,3.2339,3.2963,3.1957,3.2830,3157500
1479738600,2016-11-21 00:00:00,3.3109,3.3612,3.2781,3.3266,4183500
1479825000,2016-11-22 00:00:00,3.4224,3.4661,3.3915,3.4600,5646000
1479911400,2016-11-23 00:00:00,3.4479,3.4903,3.4085,3.4739,3952500
1480084200,2016-11-25 00:00:00,3.5067,3.5067,3.4418,3.4885,1351500
1480343400,2016-11-28 00:00:00,3.4709,3.5036,3.4388,3.4594,2221500
1480429800,2016-11-29 00:00:00,3.4448,3.4952,3.3872,3.4394,1993500
1480516200,2016-11-30 00:00:00,3.4442,3.4570,3.3733,3.3775,1819500
1480602600,2016-12-01 00:00:00,3.3654,3.3727,2.8234,2.8780,10963500
1480689000,2016-12-02 00:00:00,2.8665,3.0017,2.8374,2.9895,6096000
1480948200,2016-12-05 00:00:00,3.0647,3.1253,3.0047,3.0987,6199500
1481034600,2016-12-06 00:00:00,3.1302,3.2363,3.1290,3.2272,4474500
1481121000,2016-12-07 00:00:00,3.2132,3.4497,3.1872,3.4315,6499500
1481207400,2016-12-08 00:00:00,3.4400,3.5740,3.4400,3.5194,7072500
1481293800,2016-12-09 00:00:00,3.6194,3.6249,3.4036,3.4752,5371500
1481553000,2016-12-12 00:00:00,3.4327,3.4527,3.3109,3.3963,3918000
1481639400,2016-12-13 00:00:00,3.4436,3.5806,3.4145,3.5109,6130500
1481725800,2016-12-14 00:00:00,3.5164,3.5703,3.4661,3.5030,5143500
1481812200,2016-12-15 00:00:00,3.5358,3.7328,3.5261,3.6873,7221000
1481898600,2016-12-16 00:00:00,3.7589,3.7698,3.5212,3.5673,4263000
1482157800,2016-12-19 00:00:00,3.6376,3.7195,3.5891,3.6783,4107000
1482244200,2016-12-20 00:00:00,3.8075,3.8075,3.7344,3.7814,5374500
1482330600,2016-12-21 00:00:00,3.8119,3.8278,3.7662,3.7814,2376000
1482417000,2016-12-22 00:00:00,3.9173,3.9339,3.7948,3.8424,3078000
1482503400,2016-12-23 00:00:00,3.8176,3.9027,3.8062,3.8996,1362000
1482849000,2016-12-27 00:00:00,3.9104,4.0647,3.9066,4.0419,4866000
1482935400,2016-12-28 00:00:00,4.1213,4.1238,3.8011,3.8068,8050500
1483021800,2016-12-29 00:00:00,3.7687,3.8081,3.6855,3.8062,5998500
1483108200,2016-12-30 00:00:00,3.8875,3.9040,3.5953,3.6271,5214000
1483453800,2017-01-03 00:00:00,3.7242,3.7897,3.5375,3.6328,6211500
1483540200,2017-01-04 00:00:00,3.6817,3.7134,3.6118,3.6658,3565500
1483626600,2017-01-05 00:00:00,3.6753,3.7255,3.5470,3.5648,3568500
1483713000,2017-01-06 00:00:00,3.5896,3.6791,3.5153,3.6506,4870500
1483972200,2017-01-09 00:00:00,3.6842,3.8119,3.6836,3.7681,5397000
1484058600,2017-01-10 00:00:00,3.7668,3.8487,3.7598,3.8252,3775500
1484145000,2017-01-11 00:00:00,3.8138,3.8615,3.7770,3.8615,3205500
1484231400,2017-01-12 00:00:00,3.8360,3.8360,3.5909,3.7617,5007000
1484317800,2017-01-13 00:00:00,3.7732,3.8646,3.7624,3.8329,4092000
1484663400,2017-01-17 00:00:00,3.7973,3.7973,3.6118,3.6487,4072500
1484749800,2017-01-18 00:00:00,3.6595,3.8081,3.6588,3.8011,3651000
1484836200,2017-01-19 00:00:00,3.7465,3.8748,3.7401,3.7490,2694000
1484922600,2017-01-20 00:00:00,3.8494,3.9605,3.8437,3.8945,4134000
1485181800,2017-01-23 00:00:00,3.8373,3.8742,3.7293,3.8176,4033500
1485268200,2017-01-24 00:00:00,3.8602,4.0584,3.8602,4.0444,4725000
1485354600,2017-01-25 00:00:00,4.2013,4.2489,4.1098,4.2223,5010000
1485441000,2017-01-26 00:00:00,4.2381,4.2477,4.0927,4.1486,3685500
1485527400,2017-01-27 00:00:00,4.2153,4.3074,4.2076,4.3061,3610500
1485786600,2017-01-30 00:00:00,4.2394,4.2426,4.0768,4.2375,7095000
1485873000,2017-01-31 00:00:00,4.1664,4.1778,3.9955,4.0723,6417000
1485959400,2017-02-01 00:00:00,4.2318,4.2775,4.1409,4.2661,5668500
1486045800,2017-02-02 00:00:00,4.1797,4.3036,4.1079,4.2553,4839000
1486132200,2017-02-03 00:00:00,4.3144,4.3493,4.2788,4.3290,2787000
1486391400,2017-02-06 00:00:00,4.3595,4.3811,4.2737,4.3741,4750500
1486477800,2017-02-07 00:00:00,4.4458,4.4681,4.3487,4.4223,4060500
1486564200,2017-02-08 00:00:00,4.4719,4.4992,4.3760,4.4439,3667500
1486650600,2017-02-09 00:00:00,4.4674,4.4674,4.3093,4.3277,5070000
1486737000,2017-02-10 00:00:00,4.4192,4.4192,4.1886,4.3175,5946000
1486996200,2017-02-13 00:00:00,4.3633,4.4357,4.3252,4.3480,4624500
1487082600,2017-02-14 00:00:00,4.3328,4.3448,4.2311,4.3023,3199500
1487169000,2017-02-15 00:00:00,4.3252,4.4230,4.2769,4.4096,3541500
1487255400,2017-02-16 00:00:00,4.4242,4.4522,4.3461,4.4262,2700000
1487341800,2017-02-17 00:00:00,4.3722,4.4973,4.3112,4.4973,3577500
1487687400,2017-02-21 00:00:00,4.5856,4.6923,4.5615,4.6904,4737000
1487773800,2017-02-22 00:00:00,4.6936,4.7114,4.6326,4.6910,2751000
1487860200,2017-02-23 00:00:00,4.6447,4.6580,4.3696,4.4579,7501500
1487946600,2017-02-24 00:00:00,4.2419,4.4516,4.1981,4.4503,5176500
1488205800,2017-02-27 00:00:00,4.4592,4.5837,4.4236,4.5786,3328500
1488292200,2017-02-28 00:00:00,4.5989,4.5989,4.3715,4.4014,4711500
1488378600,2017-03-01 00:00:00,4.5672,4.6243,4.4306,4.6078,4848000
1488465000,2017-03-02 00:00:00,4.6440,4.6701,4.4516,4.4649,4126500
1488551400,2017-03-03 00:00:00,4.4719,4.4789,4.3753,4.4566,3142500
1488810600,2017-03-06 00:00:00,4.3855,4.4878,4.3067,4.4636,3381000
1488897000,2017-03-07 00:00:00,4.4389,4.5811,4.4007,4.4948,4263000
1488983400,2017-03-08 00:00:00,4.5595,4.6351,4.4979,4.5278,4267500
1489069800,2017-03-09 00:00:00,4.5157,4.5735,4.4408,4.5494,2389500
1489156200,2017-03-10 00:00:00,4.6294,4.7368,4.6294,4.7063,4827000
1489411800,2017-03-13 00:00:00,4.7457,4.8187,4.7234,4.8155,4614000
1489498200,2017-03-14 00:00:00,4.7685,4.7742,4.6497,4.7711,4156500
1489584600,2017-03-15 00:00:00,4.8054,4.9108,4.7196,4.8867,4375500
1489671000,2017-03-16 00:00:00,4.9508,4.9508,4.8384,4.8676,2938500
1489757400,2017-03-17 00:00:00,4.9134,4.9242,4.8581,4.8943,2268000
1490016600,2017-03-20 00:00:00,4.9203,5.0569,4.8911,5.0036,3282000
1490103000,2017-03-21 00:00:00,5.0664,5.0747,4.6243,4.6555,8511000
1490189400,2017-03-22 00:00:00,4.6618,4.8168,4.6161,4.8041,4558500
1490275800,2017-03-23 00:00:00,4.8022,4.8346,4.7285,4.7673,3840000
1490362200,2017-03-24 00:00:00,4.9661,5.0442,4.8143,4.8676,5841000
1490621400,2017-03-27 00:00:00,4.7063,4.9273,4.6675,4.8930,7363500
1490707800,2017-03-28 00:00:00,4.9216,4.9947,4.8498,4.9419,4147500
1490794200,2017-03-29 00:00:00,4.9419,4.9419,4.8594,4.9007,3456000
1490880600,2017-03-30 00:00:00,4.8924,5.0112,4.8924,4.9845,5355000
1490967000,2017-03-31 00:00:00,4.9966,5.0499,4.9229,4.9750,3334500
1491226200,2017-04-03 00:00:00,5.0036,5.0245,4.7889,4.8886,4821000
1491312600,2017-04-04 00:00:00,4.7978,4.9070,4.7647,4.8136,3976500
1491399000,2017-04-05 00:00:00,4.8676,4.9483,4.7006,4.7095,5608500
1491485400,2017-04-06 00:00:00,4.7063,4.7596,4.5875,4.7272,5905500
1491571800,2017-04-07 00:00:00,4.7291,4.8321,4.6993,4.7901,2850000
1491831000,2017-04-10 00:00:00,4.7939,4.8035,4.6440,4.6790,3631500
1491917400,2017-04-11 00:00:00,4.6218,4.6218,4.3550,4.5653,7803000
1492003800,2017-04-12 00:00:00,4.5360,4.5430,4.2972,4.3245,8232000
1492090200,2017-04-13 00:00:00,4.2585,4.4344,4.2381,4.2413,4864500
1492435800,2017-04-17 00:00:00,4.2807,4.4084,4.2807,4.4071,5293500
1492522200,2017-04-18 00:00:00,4.3461,4.4706,4.3163,4.4598,3120000
1492608600,2017-04-19 00:00:00,4.5659,4.6561,4.5100,4.5329,3657000
1492695000,2017-04-20 00:00:00,4.6320,4.7704,4.5665,4.7501,5005500
1492781400,2017-04-21 00:00:00,4.7037,4.7126,4.5665,4.6834,5757000
1493040600,2017-04-24 00:00:00,4.8873,4.9292,4.8232,4.8848,7372500
1493127000,2017-04-25 00:00:00,4.9794,5.0569,4.9184,5.0372,4311000
1493213400,2017-04-26 00:00:00,5.0194,5.0347,4.8543,4.9076,5542500
1493299800,2017-04-27 00:00:00,5.0131,5.1357,4.9782,5.1166,5331000
1493386200,2017-04-28 00:00:00,5.0772,5.0772,4.8117,4.8556,7579500
1493645400,2017-05-01 00:00:00,4.9102,5.0023,4.8168,4.9972,5449500
1493731800,2017-05-02 00:00:00,4.9546,4.9546,4.7577,4.8365,4305000
1493818200,2017-05-03 00:00:00,4.7768,4.9108,4.7622,4.8899,2863500
1493904600,2017-05-04 00:00:00,4.9102,4.9292,4.8200,4.8778,2571000
1493991000,2017-05-05 00:00:00,4.9159,4.9356,4.8009,4.9299,2940000
1494250200,2017-05-08 00:00:00,4.9178,4.9521,4.8448,4.8752,1861500
1494336600,2017-05-09 00:00:00,4.8752,5.0601,4.8752,5.0233,4875000
1494423000,2017-05-10 00:00:00,5.1935,5.3675,5.1909,5.3415,6981000
1494509400,2017-05-11 00:00:00,5.3027,5.4685,5.1935,5.3955,3789000
1494595800,2017-05-12 00:00:00,5.4164,5.4641,5.3523,5.4444,3030000
1494855000,2017-05-15 00:00:00,5.4819,5.7055,5.4660,5.6940,3984000
1494941400,2017-05-16 00:00:00,5.7569,5.9494,5.6940,5.9481,4143000
1495027800,2017-05-17 00:00:00,5.7137,5.7715,5.1674,5.1674,14551500
1495114200,2017-05-18 00:00:00,5.2214,5.5041,5.1452,5.4635,12283500
1495200600,2017-05-19 00:00:00,5.6153,5.6972,5.5962,5.6432,6928500
1495459800,2017-05-22 00:00:00,5.7245,5.8300,5.7074,5.8236,5236500
1495546200,2017-05-23 00:00:00,5.8363,5.8439,5.6102,5.7563,4482000
1495632600,2017-05-24 00:00:00,5.8503,5.8967,5.7868,5.8636,3240000
1495719000,2017-05-25 00:00:00,5.9462,6.0180,5.8439,5.9621,3831000
1495805400,2017-05-26 00:00:00,5.9608,6.0377,5.8274,6.0339,4323000
1496151000,2017-05-30 00:00:00,6.0301,6.1984,6.0275,6.1546,4041000
1496237400,2017-05-31 00:00:00,6.2867,6.3197,6.0612,6.1527,6340500
1496323800,2017-06-01 00:00:00,6.1800,6.2124,6.0574,6.1679,3088500
1496410200,2017-06-02 00:00:00,6.2746,6.3807,6.1444,6.3515,5817000
1496669400,2017-06-05 00:00:00,6.3528,6.5008,6.3331,6.4067,4200000
1496755800,2017-06-06 00:00:00,6.3210,6.5941,6.3026,6.4703,5025000
1496842200,2017-06-07 00:00:00,6.5446,6.6850,6.5077,6.6221,6444000
1496928600,2017-06-08 00:00:00,6.7504,6.9740,6.5960,6.9689,7707000
1497015000,2017-06-09 00:00:00,7.1144,7.1830,5.6813,6.0904,32179500
1497274200,2017-06-12 00:00:00,5.8389,5.9881,5.4743,5.9881,22534500
1497360600,2017-06-13 00:00:00,6.2854,6.2886,5.8802,6.1037,14511000
1497447000,2017-06-14 00:00:00,6.1768,6.2194,5.7137,5.9068,11181000
1497533400,2017-06-15 00:00:00,5.5988,5.8262,5.5930,5.7645,8821500
1497619800,2017-06-16 00:00:00,5.7823,5.9037,5.6464,5.6978,8154000
1497879000,2017-06-19 00:00:00,5.8744,6.0504,5.8713,6.0224,11425500
1497965400,2017-06-20 00:00:00,6.0917,6.1400,5.8147,5.8223,8809500
1498051800,2017-06-21 00:00:00,5.9017,6.0282,5.8281,6.0205,6385500
1498138200,2017-06-22 00:00:00,6.0517,6.0567,5.8916,5.9754,7081500
1498224600,2017-06-23 00:00:00,5.9526,6.1298,5.9214,6.0307,5433000
1498483800,2017-06-26 00:00:00,6.1774,6.2321,5.7804,5.8808,11284500
1498570200,2017-06-27 00:00:00,5.7614,5.7855,5.3993,5.4056,13833000
1498656600,2017-06-28 00:00:00,5.5181,5.7042,5.3409,5.6820,9801000
1498743000,2017-06-29 00:00:00,5.5632,5.6038,5.0277,5.2557,18418500
1498829400,2017-06-30 00:00:00,5.3078,5.3879,5.1039,5.1770,8343000
1499088600,2017-07-03 00:00:00,5.2703,5.3205,4.9546,4.9546,6811500
1499261400,2017-07-05 00:00:00,5.0182,5.2881,5.0182,5.2691,9180000
1499347800,2017-07-06 00:00:00,5.0861,5.3313,5.0436,5.1992,8092500
1499434200,2017-07-07 00:00:00,5.3047,5.5187,5.2430,5.4546,7816500
1499693400,2017-07-10 00:00:00,5.5143,5.6851,5.4171,5.6502,6774000
1499779800,2017-07-11 00:00:00,5.6388,5.7919,5.5835,5.7830,7659000
1499866200,2017-07-12 00:00:00,5.9392,6.0961,5.8859,6.0586,14623500
1499952600,2017-07-13 00:00:00,6.0955,6.2009,5.9456,6.0078,13311000
1500039000,2017-07-14 00:00:00,6.0974,6.2518,6.0529,6.2479,9894000
1500298200,2017-07-17 00:00:00,6.2924,6.3108,6.1006,6.1679,8266500
1500384600,2017-07-18 00:00:00,6.0561,6.2257,5.9856,6.2257,5998500
1500471000,2017-07-19 00:00:00,6.3204,6.3972,6.2638,6.3928,6400500
1500557400,2017-07-20 00:00:00,6.4150,6.4747,6.2403,6.4480,5653500
1500643800,2017-07-21 00:00:00,6.3019,6.3184,6.1819,6.2829,6243000
1500903000,2017-07-24 00:00:00,6.3000,6.3013,6.1901,6.2213,5100000
1500989400,2017-07-25 00:00:00,6.1927,6.2562,6.0180,6.2174,6889500
1501075800,2017-07-26 00:00:00,6.3534,6.4988,6.3038,6.4029,7546500
1501162200,2017-07-27 00:00:00,6.4696,6.4982,5.8954,6.1139,19879500
1501248600,2017-07-28 00:00:00,6.0205,6.1228,5.9589,6.0542,4975500
1501507800,2017-07-31 00:00:00,6.0663,6.1482,5.8598,5.9183,6486000
1501594200,2017-08-01 00:00:00,5.9608,6.0174,5.8694,6.0174,4021500
1501680600,2017-08-02 00:00:00,6.1165,6.1584,5.7614,5.8890,8943000
1501767000,2017-08-03 00:00:00,5.8840,5.9316,5.7328,5.8192,5614500
1501853400,2017-08-04 00:00:00,5.8484,5.9646,5.7766,5.8255,3673500
1502112600,2017-08-07 00:00:00,5.8655,6.1342,5.8649,6.1285,6843000
1502199000,2017-08-08 00:00:00,6.1253,6.2861,6.0027,6.0644,6391500
1502285400,2017-08-09 00:00:00,5.9087,6.0250,5.8439,6.0047,4788000
1502371800,2017-08-10 00:00:00,5.8795,5.9049,5.4946,5.5035,10722000
1502458200,2017-08-11 00:00:00,5.4412,5.6280,5.3904,5.5943,5586000
1502717400,2017-08-14 00:00:00,5.7931,6.0453,5.7931,6.0275,6805500
1502803800,2017-08-15 00:00:00,6.0847,6.1050,5.9399,6.0720,3964500
1502890200,2017-08-16 00:00:00,6.1241,6.1723,6.0078,6.0993,4659000
1502976600,2017-08-17 00:00:00,5.9837,6.0650,5.6134,5.6134,8376000
1503063000,2017-08-18 00:00:00,5.7233,5.7900,5.5702,5.6648,5275500
1503322200,2017-08-21 00:00:00,5.6851,5.6877,5.4215,5.5435,6723000
1503408600,2017-08-22 00:00:00,5.6782,5.8408,5.6534,5.8065,4810500
1503495000,2017-08-23 00:00:00,5.6635,5.9278,5.6057,5.8833,4038000
1503581400,2017-08-24 00:00:00,5.9710,5.9710,5.7728,5.8763,3655500
1503667800,2017-08-25 00:00:00,5.9240,5.9710,5.7550,5.7887,3156000
1503927000,2017-08-28 00:00:00,5.8058,5.8560,5.7442,5.8338,2274000
1504013400,2017-08-29 00:00:00,5.6134,5.9138,5.6102,5.8751,3357000
1504099800,2017-08-30 00:00:00,5.9202,6.1933,5.9017,6.1743,6849000
1504186200,2017-08-31 00:00:00,6.2537,6.3756,6.1997,6.3553,6339000
1504272600,2017-09-01 00:00:00,6.4315,6.5376,6.3851,6.4385,4966500
1504618200,2017-09-05 00:00:00,6.3076,6.3915,6.0027,6.1660,7698000
1504704600,2017-09-06 00:00:00,6.2518,6.2835,6.1057,6.2028,3603000
1504791000,2017-09-07 00:00:00,6.2568,6.3019,6.1482,6.2314,2992500
1504877400,2017-09-08 00:00:00,6.1939,6.2251,5.9392,6.0008,4530000
1505136600,2017-09-11 00:00:00,6.1552,6.3915,6.1438,6.3527,6217500
1505223000,2017-09-12 00:00:00,6.4372,6.4919,6.3229,6.4379,4447500
1505309400,2017-09-13 00:00:00,6.3820,6.5173,6.3235,6.4639,3481500
1505395800,2017-09-14 00:00:00,6.3743,6.6634,6.3527,6.5541,4311000
1505482200,2017-09-15 00:00:00,6.6062,6.9111,6.5954,6.8863,6129000
1505741400,2017-09-18 00:00:00,7.0140,7.2903,7.0102,7.1595,7929000
1505827800,2017-09-19 00:00:00,7.2306,7.3094,7.0871,7.2338,4869000
1505914200,2017-09-20 00:00:00,7.2503,7.2503,6.6488,6.9289,12088500
1506000600,2017-09-21 00:00:00,6.9124,6.9213,6.6615,6.8444,4734000
1506087000,2017-09-22 00:00:00,6.7510,6.9727,6.7339,6.9422,3871500
1506346200,2017-09-25 00:00:00,6.8342,6.8463,6.4442,6.5382,10708500
1506432600,2017-09-26 00:00:00,6.7479,6.7625,6.4557,6.5268,7134000
1506519000,2017-09-27 00:00:00,6.7339,7.0610,6.7161,6.9841,7663500
1506605400,2017-09-28 00:00:00,6.9657,7.1417,6.9016,7.1410,4728000
1506691800,2017-09-29 00:00:00,7.1893,7.3386,7.1106,7.3214,6090000
1506951000,2017-10-02 00:00:00,7.3862,7.5546,7.2979,7.4485,6615000
1507037400,2017-10-03 00:00:00,7.4949,7.5838,7.4116,7.5222,4030500
1507123800,2017-10-04 00:00:00,7.4955,7.5717,7.3615,7.5717,4509000
1507210200,2017-10-05 00:00:00,7.6549,7.6822,7.4631,7.5876,4539000
1507296600,2017-10-06 00:00:00,7.4637,7.6861,7.4637,7.6861,2910000
1507555800,2017-10-09 00:00:00,7.7648,7.8766,7.7439,7.8468,4219500
1507642200,2017-10-10 00:00:00,8.0342,8.0392,7.7553,7.9992,5818500
1507728600,2017-10-11 00:00:00,7.9160,8.1599,7.9084,8.1561,4752000
1507815000,2017-10-12 00:00:00,8.1307,8.2387,8.0545,8.0735,4723500
1507901400,2017-10-13 00:00:00,8.1453,8.3117,8.1199,8.2323,4167000
1508160600,2017-10-16 00:00:00,8.3213,8.3518,8.1783,8.3505,4827000
1508247000,2017-10-17 00:00:00,8.3448,8.3460,8.1987,8.3321,2974500
1508333400,2017-10-18 00:00:00,8.3753,8.4521,8.0780,8.4140,6814500
1508419800,2017-10-19 00:00:00,8.1911,8.3460,7.9503,8.3403,7495500
1508506200,2017-10-20 00:00:00,8.5023,8.5919,8.4293,8.4604,4353000
1508765400,2017-10-23 00:00:00,8.5811,8.7329,8.4661,8.5963,7243500
1508851800,2017-10-24 00:00:00,8.6675,8.8009,8.5582,8.7716,5085000
1508938200,2017-10-25 00:00:00,8.6078,8.6992,8.1644,8.4293,12625500
1509024600,2017-10-26 00:00:00,8.4724,8.6262,8.4388,8.5804,5766000
1509111000,2017-10-27 00:00:00,8.7977,9.1464,8.6338,9.1064,9070500
1509370200,2017-10-30 00:00:00,8.7977,9.3008,8.7977,9.1921,7716000
1509456600,2017-10-31 00:00:00,9.2741,9.4862,9.1839,9.3986,5248500
1509543000,2017-11-01 00:00:00,9.6343,9.6425,9.0581,9.3109,7902000
1509629400,2017-11-02 00:00:00,9.3224,9.5091,9.1293,9.4342,6831000
1509715800,2017-11-03 00:00:00,9.5364,9.9404,9.3408,9.9372,11805000
1509978600,2017-11-06 00:00:00,10.1932,10.3698,10.0046,10.3603,10276500
1510065000,2017-11-07 00:00:00,10.3184,10.3959,10.1164,10.3317,8470500
1510151400,2017-11-08 00:00:00,10.2587,10.4524,10.1723,10.4359,5565000
1510237800,2017-11-09 00:00:00,10.1297,10.1577,9.4227,9.8007,17956500
1510324200,2017-11-10 00:00:00,9.8782,10.0147,9.8070,9.9868,6489000
1510583400,2017-11-13 00:00:00,9.8337,10.1119,9.7823,10.0681,5070000
1510669800,2017-11-14 00:00:00,9.9938,10.1329,9.8153,10.0402,6117000
1510756200,2017-11-15 00:00:00,9.7772,9.9055,9.5282,9.7740,8970000
1510842600,2017-11-16 00:00:00,9.9093,10.3349,9.9093,10.2142,7363500
1510929000,2017-11-17 00:00:00,10.3654,10.3978,10.0300,10.0789,6295500
1511188200,2017-11-20 00:00:00,10.1647,10.4880,10.1583,10.4346,6471000
1511274600,2017-11-21 00:00:00,10.6716,10.8342,10.5750,10.8088,9874500
1511361000,2017-11-22 00:00:00,10.9028,10.9129,10.5496,10.5979,6756000
1511533800,2017-11-24 00:00:00,10.6881,10.9028,10.6843,10.8812,6757500
1511793000,2017-11-27 00:00:00,10.6868,10.6874,10.4175,10.4715,10698000
1511879400,2017-11-28 00:00:00,10.5807,10.5998,10.2841,10.4619,9736500
1511965800,2017-11-29 00:00:00,10.4016,10.4213,8.7875,9.0867,36519000
1512052200,2017-11-30 00:00:00,9.3980,9.5218,9.0715,9.2550,14869500
1512138600,2017-12-01 00:00:00,8.9749,9.1026,8.2577,8.9381,19072500
1512397800,2017-12-04 00:00:00,9.2487,9.2709,8.1148,8.2895,23742000
1512484200,2017-12-05 00:00:00,8.1923,8.7653,7.9446,8.3003,16374000
1512570600,2017-12-06 00:00:00,8.0685,8.4274,7.9586,8.3842,10795500
1512657000,2017-12-07 00:00:00,8.5855,8.7081,8.4648,8.6293,9966000
1512743400,2017-12-08 00:00:00,8.9025,8.9425,8.4750,8.4960,9871500
1513002600,2017-12-11 00:00:00,8.5372,8.7170,8.4578,8.6440,5599500
1513089000,2017-12-12 00:00:00,8.5754,8.5754,8.3600,8.3848,5977500
1513175400,2017-12-13 00:00:00,8.4655,8.6160,8.3664,8.3835,4125000
1513261800,2017-12-14 00:00:00,8.3727,8.5271,8.2971,8.3645,5094000
1513348200,2017-12-15 00:00:00,8.4483,8.8136,8.3530,8.7367,10255500
1513607400,2017-12-18 00:00:00,9.0676,9.3313,8.9362,9.3255,15397500
1513693800,2017-12-19 00:00:00,9.2894,9.3873,9.1330,9.2919,8127000
1513780200,2017-12-20 00:00:00,9.5526,9.6155,9.2372,9.4864,8721000
1513866600,2017-12-21 00:00:00,9.5437,9.5437,9.1393,9.1794,6909000
1513953000,2017-12-22 00:00:00,9.0351,9.1718,8.9645,9.1552,3942000
1514298600,2017-12-26 00:00:00,8.8367,8.9086,8.6524,8.8908,4524000
1514385000,2017-12-27 00:00:00,8.8405,9.1145,8.8374,8.9804,2980500
1514471400,2017-12-28 00:00:00,9.0897,9.1177,8.9963,9.0376,3168000
1514557800,2017-12-29 00:00:00,9.0624,9.0948,8.7655,8.7668,4132500
1514903400,2018-01-02 00:00:00,8.9162,9.4896,8.8723,9.4896,9237000
1514989800,2018-01-03 00:00:00,9.5843,9.9785,9.5627,9.9620,9871500
1515076200,2018-01-04 00:00:00,10.1692,10.2404,9.8876,10.1368,8502000
1515162600,2018-01-05 00:00:00,10.2474,10.4305,10.0866,10.3199,7713000
1515421800,2018-01-08 00:00:00,10.3091,10.6486,10.2258,10.5519,6538500
1515508200,2018-01-09 00:00:00,10.6041,10.6111,10.1947,10.2487,9009000
1515594600,2018-01-10 00:00:00,9.8965,10.0097,9.6288,9.8698,13269000
1515681000,2018-01-11 00:00:00,9.9931,10.0580,9.8393,10.0446,5524500
1515767400,2018-01-12 00:00:00,10.0402,10.2659,9.9563,10.2004,5019000
1516113000,2018-01-16 00:00:00,10.4299,10.6626,10.1184,10.3097,9804000
1516199400,2018-01-17 00:00:00,10.5767,11.2455,10.5405,11.1966,11496000
1516285800,2018-01-18 00:00:00,11.1158,11.5227,11.0904,11.3561,9171000
1516372200,2018-01-19 00:00:00,11.4890,11.5405,11.1724,11.3867,9315000
1516631400,2018-01-22 00:00:00,11.4318,11.6505,11.2621,11.6505,5620500
1516717800,2018-01-23 00:00:00,11.7992,11.9162,11.6664,11.9150,6738000
1516804200,2018-01-24 00:00:00,11.5755,11.6683,10.8431,11.0949,18628500
1516890600,2018-01-25 00:00:00,11.5195,11.5341,10.5170,10.5176,13167000
1516977000,2018-01-26 00:00:00,10.9346,11.5227,10.8711,11.5151,12733500
1517236200,2018-01-29 00:00:00,11.3631,11.7077,11.0535,11.4782,9184500
1517322600,2018-01-30 00:00:00,10.8774,11.1750,10.7452,10.7795,11923500
1517409000,2018-01-31 00:00:00,11.1413,11.2818,10.8634,11.0561,6891000
1517495400,2018-02-01 00:00:00,10.7439,11.3739,10.6867,10.8927,6895500
1517581800,2018-02-02 00:00:00,10.5557,10.6422,9.9810,9.9830,13788000
1517841000,2018-02-05 00:00:00,9.7268,10.2252,8.5189,8.6473,16929000
1517927400,2018-02-06 00:00:00,8.1311,9.5570,8.1234,9.5360,20614500
1518013800,2018-02-07 00:00:00,9.4025,9.5843,8.9003,8.9016,12523500
1518100200,2018-02-08 00:00:00,9.0599,9.0859,7.7572,7.7750,17155500
1518186600,2018-02-09 00:00:00,8.3510,8.6168,7.4578,8.4833,20676000
1518445800,2018-02-12 00:00:00,8.7197,9.0980,8.5347,8.9308,14100000
1518532200,2018-02-13 00:00:00,8.7019,8.9601,8.6663,8.9175,7440000
1518618600,2018-02-14 00:00:00,8.7096,9.5691,8.7096,9.5163,11127000
1518705000,2018-02-15 00:00:00,9.7789,9.8679,9.1864,9.8679,12339000
1518791400,2018-02-16 00:00:00,9.6861,10.1126,9.6810,9.7560,7677000
1519137000,2018-02-20 00:00:00,9.6314,10.5399,9.6212,10.2614,11586000
1519223400,2018-02-21 00:00:00,10.4458,10.4591,9.8946,9.9137,9901500
1519309800,2018-02-22 00:00:00,10.0351,10.1451,9.7503,9.8399,5809500
1519396200,2018-02-23 00:00:00,10.0961,10.4788,10.0669,10.4788,8178000
1519655400,2018-02-26 00:00:00,10.7121,11.1572,10.6238,11.1457,8653500
1519741800,2018-02-27 00:00:00,11.1069,11.6053,11.0357,11.0427,10837500
1519828200,2018-02-28 00:00:00,11.2525,11.3765,10.7102,10.7388,10170000
1519914600,2018-03-01 00:00:00,10.7585,10.8736,9.8539,10.2207,14397000
1520001000,2018-03-02 00:00:00,9.7821,10.8056,9.7821,10.7490,9610500
1520260200,2018-03-05 00:00:00,10.5901,11.1953,10.4261,11.0421,8790000
1520346600,2018-03-06 00:00:00,11.3034,11.6251,11.1730,11.5411,12933000
1520433000,2018-03-07 00:00:00,11.2055,11.6880,11.1889,11.6321,9990000
1520519400,2018-03-08 00:00:00,11.7611,11.8698,11.4687,11.6816,8625000
1520605800,2018-03-09 00:00:00,11.8832,12.4127,11.8622,12.4096,12120000
1520861400,2018-03-12 00:00:00,12.6638,12.9957,12.5558,12.7961,12079500
1520947800,2018-03-13 00:00:00,13.0313,13.2869,12.0262,12.1985,22048500
1521034200,2018-03-14 00:00:00,12.3485,12.3778,11.8571,12.1934,13102500
1521120600,2018-03-15 00:00:00,12.2881,12.4089,11.9734,12.1578,7572000
1521207000,2018-03-16 00:00:00,12.2118,12.3625,12.0936,12.1483,4693500
1521466200,2018-03-19 00:00:00,11.8323,11.9626,10.9366,11.4445,17712000
1521552600,2018-03-20 00:00:00,11.5068,11.8113,11.4598,11.7122,8823000
1521639000,2018-03-21 00:00:00,11.6301,12.2277,11.5195,11.7916,9939000
1521725400,2018-03-22 00:00:00,11.2354,11.5831,10.8062,10.8234,15714000
1521811800,2018-03-23 00:00:00,10.7611,10.8317,9.7407,9.7407,16557000
1522071000,2018-03-26 00:00:00,10.4712,10.9734,10.0459,10.9658,18847500
1522157400,2018-03-27 00:00:00,11.2907,11.3015,9.4731,9.7433,23146500
1522243800,2018-03-28 00:00:00,9.6244,9.8247,8.9842,9.1253,20061000
1522330200,2018-03-29 00:00:00,9.3345,9.9702,9.1006,9.7153,17752500
1522675800,2018-04-02 00:00:00,9.4216,9.6632,8.3192,8.5901,19338000
1522762200,2018-04-03 00:00:00,8.9569,9.1412,8.6231,9.0821,15993000
1522848600,2018-04-04 00:00:00,8.3033,9.4985,8.2805,9.4286,16759500
1522935000,2018-04-05 00:00:00,9.6250,9.6587,8.9391,9.1387,13840500
1523021400,2018-04-06 00:00:00,8.7452,9.0586,8.1902,8.3046,13326000
1523280600,2018-04-09 00:00:00,8.6263,9.1768,8.4432,8.4566,16462500
1523367000,2018-04-10 00:00:00,9.0573,9.4121,8.8711,9.2697,18669000
1523453400,2018-04-11 00:00:00,9.1304,9.5176,9.0370,9.2735,10633500
1523539800,2018-04-12 00:00:00,9.5259,9.8781,9.4489,9.8018,13927500
1523626200,2018-04-13 00:00:00,10.1629,10.1819,9.4566,9.5716,14283000
1523885400,2018-04-16 00:00:00,9.7535,9.7789,9.3879,9.6333,8299500
1523971800,2018-04-17 00:00:00,9.8189,10.2392,9.7903,10.1762,12387000
1524058200,2018-04-18 00:00:00,9.9817,10.0370,9.5805,9.8609,12802500
1524144600,2018-04-19 00:00:00,9.3428,9.3453,8.4934,8.5875,33981000
1524231000,2018-04-20 00:00:00,8.5824,8.7096,8.1622,8.2792,16249500
1524490200,2018-04-23 00:00:00,8.4063,8.4286,7.8831,7.9461,16278000
1524576600,2018-04-24 00:00:00,8.1482,8.3758,7.5392,7.7528,21633000
1524663000,2018-04-25 00:00:00,7.8691,7.8971,7.3529,7.7255,20535000
1524749400,2018-04-26 00:00:00,8.0688,8.2175,7.9372,8.1972,17655000
1524835800,2018-04-27 00:00:00,8.4909,8.5176,7.9009,8.0160,13656000
1525095000,2018-04-30 00:00:00,8.0103,8.1565,7.6504,7.7503,11466000
1525181400,2018-05-01 00:00:00,7.6924,8.1597,7.6740,8.1336,13552500
1525267800,2018-05-02 00:00:00,8.1355,8.2334,7.9238,8.0217,10189500
1525354200,2018-05-03 00:00:00,7.8195,8.2709,7.6428,8.1667,15442500
1525440600,2018-05-04 00:00:00,7.9925,8.7827,7.9238,8.7554,19219500
1525699800,2018-05-07 00:00:00,8.9022,9.1164,8.8450,8.9950,14211000
1525786200,2018-05-08 00:00:00,8.8978,9.1864,8.8634,9.1864,10398000
1525872600,2018-05-09 00:00:00,9.2684,9.5850,9.1838,9.5831,12400500
1525959000,2018-05-10 00:00:00,9.7020,10.0948,9.7020,10.0948,12277500
1526045400,2018-05-11 00:00:00,9.8965,10.1400,9.7986,9.8539,11790000
1526304600,2018-05-14 00:00:00,10.2188,10.5742,10.1699,10.2417,13374000
1526391000,2018-05-15 00:00:00,10.0046,10.1082,9.6670,9.8793,10774500
1526477400,2018-05-16 00:00:00,9.9086,10.3237,9.9086,10.2779,10854000
1526563800,2018-05-17 00:00:00,10.1635,10.4254,9.9372,10.1578,8755500
1526650200,2018-05-18 00:00:00,9.9105,9.9480,9.6263,9.7306,9588000
1526909400,2018-05-21 00:00:00,10.1749,10.3231,9.7649,10.0345,13068000
1526995800,2018-05-22 00:00:00,10.3027,10.4229,10.0834,10.2036,12891000
1527082200,2018-05-23 00:00:00,9.9168,10.3682,9.8285,10.3669,9612000
1527168600,2018-05-24 00:00:00,10.3409,10.5500,10.0891,10.4744,10362000
1527255000,2018-05-25 00:00:00,10.4578,10.7586,10.4025,10.7325,9672000
1527600600,2018-05-29 00:00:00,10.5380,10.8075,10.3085,10.5271,10375500
1527687000,2018-05-30 00:00:00,10.6740,10.9677,10.5799,10.7357,12159000
1527773400,2018-05-31 00:00:00,10.6626,10.8272,10.4483,10.5030,9567000
1527859800,2018-06-01 00:00:00,10.7363,11.2118,10.6581,11.2067,17115000
1528119000,2018-06-04 00:00:00,11.3161,11.5189,11.1743,11.4807,11950500
1528205400,2018-06-05 00:00:00,11.5704,11.7408,11.4401,11.6333,9339000
1528291800,2018-06-06 00:00:00,11.6568,11.8616,11.5068,11.8577,8950500
1528378200,2018-06-07 00:00:00,11.8876,11.9385,11.2868,11.5430,9597000
1528464600,2018-06-08 00:00:00,11.1317,11.3021,10.9480,11.2385,9820500
1528723800,2018-06-11 00:00:00,11.1642,11.3409,11.0491,11.1553,6118500
1528810200,2018-06-12 00:00:00,11.2315,11.3574,11.0415,11.3263,7593000
1528896600,2018-06-13 00:00:00,11.3282,11.6429,11.2519,11.2875,8608500
1528983000,2018-06-14 00:00:00,11.4585,11.6543,11.2849,11.4807,8094000
1529069400,2018-06-15 00:00:00,11.1947,11.4807,11.1413,11.4585,10308000
1529328600,2018-06-18 00:00:00,11.1889,11.1889,10.7954,11.1063,12819000
1529415000,2018-06-19 00:00:00,10.6382,10.7528,10.2464,10.7394,14991000
1529501400,2018-06-20 00:00:00,10.9981,11.0656,10.7656,10.9082,7033500
1529587800,2018-06-21 00:00:00,11.1331,11.1401,10.4572,10.4993,9858000
1529674200,2018-06-22 00:00:00,10.6350,10.6904,10.1821,10.2559,5146500
1529933400,2018-06-25 00:00:00,9.8737,9.8903,8.9634,9.3501,16000500
1530019800,2018-06-26 00:00:00,9.4941,9.5852,9.3004,9.4482,7869000
1530106200,2018-06-27 00:00:00,9.5877,9.6769,8.7488,8.7532,12337500
1530192600,2018-06-28 00:00:00,8.7055,9.0220,8.6513,8.9743,10029000
1530279000,2018-06-29 00:00:00,9.1762,9.3425,9.0138,9.0138,8799000
1530538200,2018-07-02 00:00:00,8.7768,9.1883,8.5800,9.1800,8422500
1530624600,2018-07-03 00:00:00,9.2660,9.3304,8.6468,8.6609,7272000
1530797400,2018-07-05 00:00:00,8.9609,9.3718,8.9335,9.3616,10789500
1530883800,2018-07-06 00:00:00,9.3221,9.7533,9.2100,9.7151,14602500
1531143000,2018-07-09 00:00:00,10.0107,10.0107,9.5476,9.8967,10915500
1531229400,2018-07-10 00:00:00,9.9374,10.2744,9.9030,10.2063,11608500
1531315800,2018-07-11 00:00:00,9.6954,9.8928,9.3966,9.4138,16504500
1531402200,2018-07-12 00:00:00,9.3769,9.6482,9.1577,9.6157,13414500
1531488600,2018-07-13 00:00:00,9.6317,9.6686,9.4450,9.4928,6973500
1531747800,2018-07-16 00:00:00,9.5055,9.6463,9.4342,9.4539,6094500
1531834200,2018-07-17 00:00:00,9.2577,9.8737,9.2291,9.8731,10303500
1531920600,2018-07-18 00:00:00,9.9884,10.1432,9.8897,10.0865,9042000
1532007000,2018-07-19 00:00:00,9.9629,10.1426,9.8132,10.0126,7416000
1532093400,2018-07-20 00:00:00,9.9311,10.0438,9.7145,9.8661,6780000
1532352600,2018-07-23 00:00:00,9.7470,9.9578,9.3348,9.9075,8800500
1532439000,2018-07-24 00:00:00,10.0738,10.2432,9.5457,9.5877,10236000
1532525400,2018-07-25 00:00:00,9.5425,9.7381,9.2004,9.7381,14748000
1532611800,2018-07-26 00:00:00,9.9056,10.2802,9.8954,10.2674,16359000
1532698200,2018-07-27 00:00:00,10.2878,10.5541,9.8935,10.1196,12807000
1532957400,2018-07-30 00:00:00,10.0999,10.2012,9.6756,9.8317,10194000
1533043800,2018-07-31 00:00:00,10.0018,10.4197,9.9572,10.0152,7806000
1533130200,2018-08-01 00:00:00,10.0833,10.2859,9.8476,9.9604,6054000
1533216600,2018-08-02 00:00:00,9.7030,10.3037,9.5998,10.2693,7603500
1533303000,2018-08-03 00:00:00,10.2725,10.3579,10.1285,10.3196,4069500
1533562200,2018-08-06 00:00:00,10.2770,10.5095,10.0961,10.5057,5463000
1533648600,2018-08-07 00:00:00,10.6210,10.7808,10.5311,10.7630,5655000
1533735000,2018-08-08 00:00:00,10.7095,10.8936,10.6292,10.8452,4932000
1533821400,2018-08-09 00:00:00,10.7165,10.7242,10.4967,10.5095,6726000
1533907800,2018-08-10 00:00:00,9.9209,9.9954,9.5788,9.7177,16897500
1534167000,2018-08-13 00:00:00,9.7680,10.0241,9.7336,9.7559,9745500
1534253400,2018-08-14 00:00:00,9.9311,9.9909,9.6807,9.7266,5463000
1534339800,2018-08-15 00:00:00,9.5176,9.5801,9.0138,9.3259,12493500
1534426200,2018-08-16 00:00:00,9.5253,9.5438,9.1921,9.2609,8014500
1534512600,2018-08-17 00:00:00,8.9889,9.1246,8.6507,9.0494,12708000
1534771800,2018-08-20 00:00:00,9.1093,9.1883,8.7220,9.0284,8164500
1534858200,2018-08-21 00:00:00,9.1348,9.6259,9.0940,9.5629,10276500
1534944600,2018-08-22 00:00:00,9.4756,9.7202,9.3119,9.6884,8587500
1535031000,2018-08-23 00:00:00,9.6865,9.9343,9.6431,9.7215,7741500
1535117400,2018-08-24 00:00:00,9.8381,10.1470,9.8355,10.1394,8875500
1535376600,2018-08-27 00:00:00,10.3388,10.8452,10.2999,10.6146,16623000
1535463000,2018-08-28 00:00:00,10.7579,10.8675,10.4254,10.7375,11250000
1535549400,2018-08-29 00:00:00,10.7363,10.9121,10.6210,10.8267,7524000
1535635800,2018-08-30 00:00:00,10.7242,10.8694,10.4840,10.5222,9526500
1535722200,2018-08-31 00:00:00,10.4470,10.7420,10.4470,10.7019,4807500
1536067800,2018-09-04 00:00:00,10.5598,10.9707,10.5012,10.9477,8767500
1536154200,2018-09-05 00:00:00,10.8930,11.0134,10.5120,10.7904,6303000
1536240600,2018-09-06 00:00:00,10.6942,10.7076,9.8979,9.9247,13224000
1536327000,2018-09-07 00:00:00,9.8100,10.2400,9.7304,9.8043,8241000
1536586200,2018-09-10 00:00:00,10.0451,10.1254,9.8368,10.1241,5392500
1536672600,2018-09-11 00:00:00,9.9540,10.0381,9.6610,9.8215,8391000
1536759000,2018-09-12 00:00:00,9.4953,9.4953,8.8418,9.4845,19008000
1536845400,2018-09-13 00:00:00,9.7833,10.1661,9.6973,9.8183,13285500
1536931800,2018-09-14 00:00:00,9.9884,10.2432,9.8852,10.1368,9342000
1537191000,2018-09-17 00:00:00,9.9540,10.0967,9.6597,9.6826,6747000
1537277400,2018-09-18 00:00:00,9.8170,10.1285,9.8170,9.9546,6496500
1537363800,2018-09-19 00:00:00,9.9502,10.1349,9.8680,10.0113,4318500
1537450200,2018-09-20 00:00:00,10.1712,10.4795,10.1712,10.3560,9111000
1537536600,2018-09-21 00:00:00,10.3534,10.4980,10.1846,10.2630,5826000
1537795800,2018-09-24 00:00:00,10.0164,10.3878,9.9476,10.3719,5310000
1537882200,2018-09-25 00:00:00,10.2704,10.2979,9.7933,9.8546,10809000
1537968600,2018-09-26 00:00:00,9.7543,9.9166,9.5454,9.5767,5340000
1538055000,2018-09-27 00:00:00,9.6521,9.7926,9.5729,9.7006,3802500
1538141400,2018-09-28 00:00:00,9.6342,9.9594,9.5678,9.8763,7743000
1538400600,2018-10-01 00:00:00,9.9581,10.2046,9.8833,9.9587,6400500
1538487000,2018-10-02 00:00:00,9.8929,10.3643,9.8763,9.9747,8142000
1538573400,2018-10-03 00:00:00,10.0999,10.1855,9.7096,9.9913,7701000
1538659800,2018-10-04 00:00:00,9.8118,9.8373,9.1986,9.4541,15123000
1538746200,2018-10-05 00:00:00,9.3525,9.4835,8.5253,8.7865,22242000
1539005400,2018-10-08 00:00:00,8.6236,8.8025,8.2531,8.4748,12891000
1539091800,2018-10-09 00:00:00,8.4109,8.5796,8.2947,8.4678,7024500
1539178200,2018-10-10 00:00:00,8.1509,8.1522,7.3333,7.3442,26956500
1539264600,2018-10-11 00:00:00,7.3269,7.7664,6.9436,7.1104,20209500
1539351000,2018-10-12 00:00:00,7.7044,7.8143,7.1864,7.5064,13690500
1539610200,2018-10-15 00:00:00,7.4010,7.5505,7.2189,7.3058,8487000
1539696600,2018-10-16 00:00:00,7.5824,8.0513,7.5205,8.0213,10891500
1539783000,2018-10-17 00:00:00,8.1759,8.2455,7.7549,7.9197,9156000
1539869400,2018-10-18 00:00:00,7.8200,7.8252,7.2394,7.3269,15177000
1539955800,2018-10-19 00:00:00,7.4757,7.5869,6.8989,6.9813,14745000
1540215000,2018-10-22 00:00:00,7.1225,7.2426,6.9270,7.1174,8202000
1540301400,2018-10-23 00:00:00,6.5572,7.1225,6.3342,7.0030,20764500
1540387800,2018-10-24 00:00:00,6.6536,6.6753,5.5894,5.6181,29644500
1540474200,2018-10-25 00:00:00,5.7497,6.1349,5.7108,6.0001,15933000
1540560600,2018-10-26 00:00:00,5.5951,5.9918,5.3901,5.6807,19084500
1540819800,2018-10-29 00:00:00,6.0053,6.1030,5.1895,5.5134,15058500
1540906200,2018-10-30 00:00:00,5.4821,6.2065,5.4546,6.1994,18321000
1540992600,2018-10-31 00:00:00,6.4837,6.5667,6.2499,6.4224,14517000
1541079000,2018-11-01 00:00:00,6.5105,7.3703,6.5054,7.3065,19780500
1541165400,2018-11-02 00:00:00,7.2994,7.3582,6.7149,6.9788,18301500
1541428200,2018-11-05 00:00:00,6.9436,6.9590,6.4569,6.7993,12534000
1541514600,2018-11-06 00:00:00,6.7526,7.1135,6.7526,7.0458,7428000
1541601000,2018-11-07 00:00:00,7.3371,7.3537,7.0375,7.2988,13149000
1541687400,2018-11-08 00:00:00,7.0899,7.3595,6.9986,7.2030,8494500
1541773800,2018-11-09 00:00:00,6.8989,6.9724,6.6134,6.8012,8788500
1542033000,2018-11-12 00:00:00,6.4728,6.4754,5.8194,5.9101,15409500
1542119400,2018-11-13 00:00:00,6.0053,6.4882,6.0053,6.1285,10953000
1542205800,2018-11-14 00:00:00,6.3553,6.4882,6.0340,6.2001,10629000
1542292200,2018-11-15 00:00:00,6.1311,6.8989,6.1004,6.8274,14431500
1542378600,2018-11-16 00:00:00,6.1228,6.6721,6.0851,6.5834,12009000
1542637800,2018-11-19 00:00:00,6.4224,6.5514,5.8098,5.8174,13630500
1542724200,2018-11-20 00:00:00,5.3396,6.0800,5.3243,5.8449,21753000
1542810600,2018-11-21 00:00:00,6.0551,6.1764,5.9043,5.9145,10492500
1542983400,2018-11-23 00:00:00,5.8130,6.0685,5.7491,5.9120,5686500
1543242600,2018-11-26 00:00:00,6.1643,6.2486,5.9816,6.2461,10636500
1543329000,2018-11-27 00:00:00,6.1381,6.4326,6.0487,6.2863,7797000
1543415400,2018-11-28 00:00:00,6.4748,6.7188,6.1138,6.7181,11701500
1543501800,2018-11-29 00:00:00,6.6217,6.7565,6.5086,6.5584,6813000
1543588200,2018-11-30 00:00:00,6.5757,6.8414,6.3591,6.8280,9060000
1543847400,2018-12-03 00:00:00,7.4713,7.5326,7.1672,7.3799,18288000
1543933800,2018-12-04 00:00:00,7.2087,7.2362,6.2921,6.3036,18252000
1544106600,2018-12-06 00:00:00,5.7861,6.2001,5.6916,6.2001,21013500
1544193000,2018-12-07 00:00:00,6.1586,6.2026,5.4208,5.5057,19045500
1544452200,2018-12-10 00:00:00,5.4763,5.7989,5.4214,5.7389,14008500
1544538600,2018-12-11 00:00:00,6.0084,6.2378,5.7389,5.8404,23953500
1544625000,2018-12-12 00:00:00,6.1202,6.3502,5.9682,6.0992,17592000
1544711400,2018-12-13 00:00:00,6.2135,6.2997,5.9637,6.0314,13446000
1544797800,2018-12-14 00:00:00,5.8289,6.1420,5.7702,5.7740,10413000
1545057000,2018-12-17 00:00:00,5.7172,6.0129,5.4533,5.5575,15946500
1545143400,2018-12-18 00:00:00,5.6974,6.0417,5.6961,5.7772,13204500
1545229800,2018-12-19 00:00:00,5.7216,5.8705,4.9647,5.0471,29062500
1545316200,2018-12-20 00:00:00,5.0215,5.2764,4.7296,4.9180,19387500
1545402600,2018-12-21 00:00:00,5.0132,5.1882,4.6357,4.6925,19287000
1545661800,2018-12-24 00:00:00,4.5693,4.7175,4.2799,4.2850,13795500
1545834600,2018-12-26 00:00:00,4.4581,5.0254,4.2403,5.0215,17737500
1545921000,2018-12-27 00:00:00,4.7666,5.1365,4.6191,5.1339,12370500
1546007400,2018-12-28 00:00:00,5.2455,5.5263,5.1102,5.2422,17269500
1546266600,2018-12-31 00:00:00,5.4218,5.4730,5.1839,5.3416,12660000
1546439400,2019-01-02 00:00:00,4.9820,5.5987,4.9756,5.4833,13147500
1546525800,2019-01-03 00:00:00,5.1115,5.1820,4.4934,4.5088,28599000
1546612200,2019-01-04 00:00:00,4.7332,5.1512,4.6992,5.0916,17604000
1546871400,2019-01-07 00:00:00,5.1916,5.5333,5.0781,5.3903,16641000
1546957800,2019-01-08 00:00:00,5.5538,5.5609,5.0954,5.3076,14445000
1547044200,2019-01-09 00:00:00,5.4602,5.7910,5.4551,5.7179,17928000
1547130600,2019-01-10 00:00:00,5.5397,5.9019,5.5365,5.8789,12975000
1547217000,2019-01-11 00:00:00,5.7878,6.2039,5.7378,6.0430,12399000
1547476200,2019-01-14 00:00:00,5.8180,5.8833,5.6647,5.7570,10731000
1547562600,2019-01-15 00:00:00,5.7974,6.0039,5.7237,5.7949,14590500
1547649000,2019-01-16 00:00:00,5.8660,5.9423,5.6455,5.6532,10257000
1547735400,2019-01-17 00:00:00,5.5718,5.9391,5.4378,5.8487,15876000
1547821800,2019-01-18 00:00:00,6.0231,6.3622,5.9250,6.2501,15720000
1548167400,2019-01-22 00:00:00,6.0731,6.0795,5.5904,5.7244,18655500
1548253800,2019-01-23 00:00:00,5.8346,5.8910,5.4436,5.6051,15681000
1548340200,2019-01-24 00:00:00,5.9551,6.6354,5.9551,6.5635,32491500
1548426600,2019-01-25 00:00:00,6.6302,7.0604,6.5071,6.9828,17100000
1548685800,2019-01-28 00:00:00,6.2058,6.7264,6.1616,6.5571,14305500
1548772200,2019-01-29 00:00:00,6.5943,6.6418,6.2475,6.2738,9061500
1548858600,2019-01-30 00:00:00,6.6123,6.8918,6.4014,6.8181,14400000
1548945000,2019-01-31 00:00:00,6.7950,6.9950,6.6353,6.8232,10894500
1549031400,2019-02-01 00:00:00,6.8341,7.1553,6.8341,7.0617,10723500
1549290600,2019-02-04 00:00:00,7.0777,7.1694,6.8918,7.1681,4450500
1549377000,2019-02-05 00:00:00,7.1803,7.3630,7.1251,7.2681,9172500
1549463400,2019-02-06 00:00:00,7.5329,8.0169,7.5258,7.8522,17931000
1549549800,2019-02-07 00:00:00,7.5649,7.6617,7.1380,7.3277,18687000
1549636200,2019-02-08 00:00:00,6.9944,7.3322,6.9091,7.2976,10705500
1549895400,2019-02-11 00:00:00,7.4104,7.4515,7.2034,7.4021,8164500
1549981800,2019-02-12 00:00:00,7.6803,7.9195,7.6329,7.8688,13083000
1550068200,2019-02-13 00:00:00,8.0124,8.1182,7.8611,7.9374,12480000
1550154600,2019-02-14 00:00:00,7.8239,8.1740,7.8239,7.9996,11575500
1550241000,2019-02-15 00:00:00,8.2054,8.2483,7.9765,8.1291,10102500
1550586600,2019-02-19 00:00:00,7.9861,8.2458,7.9823,8.0765,7548000
1550673000,2019-02-20 00:00:00,8.1471,8.4426,8.1445,8.2990,9694500
1550759400,2019-02-21 00:00:00,8.3208,8.3599,8.0387,8.1163,11476500
1550845800,2019-02-22 00:00:00,8.3112,8.3990,8.1983,8.3695,12757500
1551105000,2019-02-25 00:00:00,8.7837,8.8670,8.5580,8.5798,12519000
1551191400,2019-02-26 00:00:00,8.4907,8.6061,8.3311,8.4022,8319000
1551277800,2019-02-27 00:00:00,8.2843,8.2843,7.8380,8.1054,15036000
1551364200,2019-02-28 00:00:00,8.0047,8.1907,7.9240,8.1253,7447500
1551450600,2019-03-01 00:00:00,8.3689,8.4452,8.0785,8.3375,10362000
1551709800,2019-03-04 00:00:00,8.5247,8.5849,8.0285,8.3413,14767500
1551796200,2019-03-05 00:00:00,8.3195,8.3766,8.1240,8.2221,7974000
1551882600,2019-03-06 00:00:00,8.1971,8.2278,7.8086,7.8201,14940000
1551969000,2019-03-07 00:00:00,7.6932,7.7323,7.4156,7.5540,15607500
1552055400,2019-03-08 00:00:00,7.1572,7.5605,7.0969,7.5419,12711000
1552311000,2019-03-11 00:00:00,7.6823,8.1862,7.6419,8.0797,12825000
1552397400,2019-03-12 00:00:00,8.1336,8.3016,7.9387,8.1740,10372500
1552483800,2019-03-13 00:00:00,8.3041,8.4650,8.2381,8.2740,8331000
1552570200,2019-03-14 00:00:00,8.2798,8.3913,8.1182,8.1330,6633000
1552656600,2019-03-15 00:00:00,8.4291,9.0247,8.3855,8.8337,22909500
1552915800,2019-03-18 00:00:00,8.8894,9.0247,8.6183,8.7760,10273500
1553002200,2019-03-19 00:00:00,9.0196,9.2090,8.9759,9.1313,13689000
1553088600,2019-03-20 00:00:00,9.1191,9.2758,8.7036,8.8712,13167000
1553175000,2019-03-21 00:00:00,8.8982,9.9694,8.8982,9.7909,21321000
1553261400,2019-03-22 00:00:00,9.6445,9.7048,8.9335,8.9579,18607500
1553520600,2019-03-25 00:00:00,8.8096,9.0106,8.4017,8.6162,23959500
1553607000,2019-03-26 00:00:00,8.9778,9.1044,8.6728,8.8783,17310000
1553693400,2019-03-27 00:00:00,8.8950,8.9759,8.2938,8.4891,19968000
1553779800,2019-03-28 00:00:00,8.5649,8.7588,8.2727,8.4448,11520000
1553866200,2019-03-29 00:00:00,8.7415,8.8776,8.6689,8.8333,12793500
1554125400,2019-04-01 00:00:00,9.2264,9.5077,9.1095,9.4839,18229500
1554211800,2019-04-02 00:00:00,9.4691,9.5841,9.3407,9.5141,8290500
1554298200,2019-04-03 00:00:00,9.8615,10.4126,9.8397,10.1621,30327000
1554384600,2019-04-04 00:00:00,10.0536,10.3997,10.0491,10.2006,14100000
1554471000,2019-04-05 00:00:00,10.3972,10.4498,10.2122,10.4338,7863000
1554730200,2019-04-08 00:00:00,10.2918,10.5327,10.2276,10.5089,7659000
1554816600,2019-04-09 00:00:00,10.3400,10.3400,10.0125,10.1544,16965000
1554903000,2019-04-10 00:00:00,10.1531,10.5006,10.1345,10.4152,13528500
1554989400,2019-04-11 00:00:00,10.4685,10.6020,10.2886,10.3895,9259500
1555075800,2019-04-12 00:00:00,10.6868,10.8275,10.5725,10.8217,12208500
1555335000,2019-04-15 00:00:00,10.8178,10.8538,10.4004,10.5911,9196500
1555421400,2019-04-16 00:00:00,10.7889,11.6059,10.7632,11.6001,19468500
1555507800,2019-04-17 00:00:00,12.2667,12.5840,11.8518,12.1280,16183500
1555594200,2019-04-18 00:00:00,12.1396,12.2577,11.9662,12.1511,9463500
1555939800,2019-04-22 00:00:00,11.9777,12.2372,11.8428,12.1563,4671000
1556026200,2019-04-23 00:00:00,12.3098,12.6399,12.2295,12.5210,8796000
1556112600,2019-04-24 00:00:00,12.4921,13.2577,12.4921,12.8839,11011500
1556199000,2019-04-25 00:00:00,12.7767,12.7767,11.8506,12.1826,12978000
1556285400,2019-04-26 00:00:00,11.4915,11.8814,11.1190,11.8775,13794000
1556544600,2019-04-29 00:00:00,11.9180,11.9610,11.6585,11.8152,4995000
1556631000,2019-04-30 00:00:00,11.7619,12.1582,11.7427,12.0773,6696000
1556717400,2019-05-01 00:00:00,12.4600,12.6264,11.7619,11.7812,12915000
1556803800,2019-05-02 00:00:00,11.7195,12.5429,11.6919,12.1736,13312500
1556890200,2019-05-03 00:00:00,12.3920,12.4350,11.9944,12.4176,8863500
1557149400,2019-05-06 00:00:00,11.1807,11.8345,11.0606,11.8075,17829000
1557235800,2019-05-07 00:00:00,11.3689,11.4247,10.5584,10.9456,24256500
1557322200,2019-05-08 00:00:00,10.7176,11.1749,10.6200,10.6830,12007500
1557408600,2019-05-09 00:00:00,10.1795,10.4505,9.5905,10.3028,18993000
1557495000,2019-05-10 00:00:00,10.0953,10.5230,9.6085,10.3329,20788500
1557754200,2019-05-13 00:00:00,9.3086,9.4974,8.7466,8.8744,24391500
1557840600,2019-05-14 00:00:00,9.2033,9.6406,9.0799,9.5096,17139000
1557927000,2019-05-15 00:00:00,9.1731,9.9335,9.1647,9.7427,14703000
1558013400,2019-05-16 00:00:00,9.3124,9.5713,9.0722,9.2482,21981000
1558099800,2019-05-17 00:00:00,8.8198,9.3593,8.5912,8.7017,24265500
1558359000,2019-05-20 00:00:00,7.9226,8.0665,7.4949,7.6587,26760000
1558445400,2019-05-21 00:00:00,8.1564,8.2611,7.9432,8.1403,19236000
1558531800,2019-05-22 00:00:00,7.6895,7.8790,7.5488,7.6311,15225000
1558618200,2019-05-23 00:00:00,7.1975,7.2778,6.8925,7.2451,20860500
1558704600,2019-05-24 00:00:00,7.4300,7.5206,7.0428,7.0569,13459500
1559050200,2019-05-28 00:00:00,7.1841,7.2573,6.8353,6.8649,13249500
1559136600,2019-05-29 00:00:00,6.6960,7.0543,6.6504,6.9580,20284500
1559223000,2019-05-30 00:00:00,7.0286,7.2945,6.9618,7.1166,19113000
1559309400,2019-05-31 00:00:00,6.8514,7.1584,6.7897,6.8077,18478500
1559568600,2019-06-03 00:00:00,7.0633,7.2573,6.7531,6.8732,23410500
1559655000,2019-06-04 00:00:00,7.2573,7.7601,7.0582,7.7454,32151000
1559741400,2019-06-05 00:00:00,8.0003,8.0061,7.2920,7.5912,25533000
1559827800,2019-06-06 00:00:00,7.5887,7.9881,7.5399,7.9066,14176500
1559914200,2019-06-07 00:00:00,7.9625,8.2258,7.9258,8.1545,14091000
1560173400,2019-06-10 00:00:00,8.5270,9.0787,8.4653,8.7903,21726000
1560259800,2019-06-11 00:00:00,9.2848,9.3124,8.6644,8.8564,18606000
1560346200,2019-06-12 00:00:00,8.5951,8.6188,8.2052,8.2316,11925000
1560432600,2019-06-13 00:00:00,8.4473,8.4807,8.1885,8.3876,11455500
1560519000,2019-06-14 00:00:00,7.6426,7.8449,7.5643,7.7229,14856000
1560778200,2019-06-17 00:00:00,7.7390,7.8135,7.5514,7.5675,8601000
1560864600,2019-06-18 00:00:00,7.8462,8.7087,7.7974,8.5546,26061000
1560951000,2019-06-19 00:00:00,8.6959,8.7485,8.4345,8.5713,13185000
1561037400,2019-06-20 00:00:00,9.1243,9.2026,8.6805,8.8089,19162500
1561123800,2019-06-21 00:00:00,8.6805,8.9078,8.5970,8.6272,12225000
1561383000,2019-06-24 00:00:00,8.6837,8.7986,8.6002,8.6843,9433500
1561469400,2019-06-25 00:00:00,8.7071,8.8473,8.2845,8.3154,12205500
1561555800,2019-06-26 00:00:00,8.8647,9.2557,8.8196,9.0968,19284000
1561642200,2019-06-27 00:00:00,9.2647,9.6487,9.2647,9.4982,13567500
1561728600,2019-06-28 00:00:00,9.7689,9.7992,9.4782,9.5374,11226000
1561987800,2019-07-01 00:00:00,10.7858,11.0366,10.0719,10.3092,21082500
1562074200,2019-07-02 00:00:00,10.1876,10.1876,9.7471,9.8770,12142500
1562160600,2019-07-03 00:00:00,9.9149,9.9149,9.5284,9.7233,9478500
1562333400,2019-07-05 00:00:00,9.4062,9.6004,9.2506,9.5683,9699000
1562592600,2019-07-08 00:00:00,9.3046,9.4339,9.1811,9.3367,8194500
1562679000,2019-07-09 00:00:00,9.1998,9.5786,9.1251,9.5522,9168000
1562765400,2019-07-10 00:00:00,9.8699,10.1593,9.7046,9.7529,16626000
1562851800,2019-07-11 00:00:00,9.8982,9.9477,9.6545,9.8268,8664000
1562938200,2019-07-12 00:00:00,9.9323,10.3986,9.9066,10.3883,12400500
1563197400,2019-07-15 00:00:00,10.5478,10.7729,10.4513,10.6301,8479500
1563283800,2019-07-16 00:00:00,10.4764,10.5472,10.1291,10.2860,9934500
1563370200,2019-07-17 00:00:00,10.5118,10.5401,10.2758,10.3722,7201500
1563456600,2019-07-18 00:00:00,10.4153,10.9041,10.3947,10.8475,13081500
1563543000,2019-07-19 00:00:00,10.9942,11.0945,10.7575,10.7755,9180000
1563802200,2019-07-22 00:00:00,10.9639,11.4611,10.9401,11.4064,13075500
1563888600,2019-07-23 00:00:00,11.6444,11.8406,11.4553,11.8406,10419000
1563975000,2019-07-24 00:00:00,12.0914,12.9989,12.0715,12.9198,23553000
1564061400,2019-07-25 00:00:00,12.6799,12.6831,12.1654,12.2644,14809500
1564147800,2019-07-26 00:00:00,12.5120,12.5326,12.2380,12.2554,8842500
1564407000,2019-07-29 00:00:00,12.1557,12.4098,11.8875,12.3499,7939500
1564493400,2019-07-30 00:00:00,12.0168,12.3532,11.8882,12.2663,5961000
1564579800,2019-07-31 00:00:00,12.0695,12.0695,10.7176,11.0816,21309000
1564666200,2019-08-01 00:00:00,10.9633,11.8785,10.1362,10.4166,25618500
1564752600,2019-08-02 00:00:00,10.0847,10.3574,9.6795,9.9285,16612500
1565011800,2019-08-05 00:00:00,9.0557,9.0975,8.3952,8.6312,22728000
1565098200,2019-08-06 00:00:00,9.0853,9.3252,8.6884,8.9779,20334000
1565184600,2019-08-07 00:00:00,8.5740,9.2338,8.5540,9.1670,19701000
1565271000,2019-08-08 00:00:00,9.4461,9.9162,9.2223,9.9162,18787500
1565357400,2019-08-09 00:00:00,9.5966,9.7156,9.1708,9.3618,17550000
1565616600,2019-08-12 00:00:00,9.1296,9.3618,8.8782,9.0261,12654000
1565703000,2019-08-13 00:00:00,8.9914,10.0442,8.8119,9.8230,19845000
1565789400,2019-08-14 00:00:00,9.1457,9.3786,8.7547,8.9020,27957000
1565875800,2019-08-15 00:00:00,9.1393,9.1393,8.6138,8.8286,14976000
1565962200,2019-08-16 00:00:00,9.2088,9.6255,9.1457,9.5509,16189500
1566221400,2019-08-19 00:00:00,10.2179,10.3369,9.9497,10.0995,15972000
1566307800,2019-08-20 00:00:00,10.0269,10.1536,9.7786,9.9394,8716500
1566394200,2019-08-21 00:00:00,10.2584,10.3549,10.0642,10.2211,9754500
1566480600,2019-08-22 00:00:00,10.2777,10.3761,9.8847,10.2102,9760500
1566567000,2019-08-23 00:00:00,9.8146,10.0687,8.7856,8.8872,31515000
1566826200,2019-08-26 00:00:00,9.3277,9.3445,8.9965,9.1071,11319000
1566912600,2019-08-27 00:00:00,9.3355,9.4223,8.8563,9.0119,11251500
1566999000,2019-08-28 00:00:00,8.8705,9.2158,8.6833,9.1772,10600500
1567085400,2019-08-29 00:00:00,9.5831,9.9831,9.5831,9.7985,18906000
1567171800,2019-08-30 00:00:00,10.0725,10.2250,9.8114,9.9658,10582500
1567517400,2019-09-03 00:00:00,9.6480,9.7464,9.2846,9.4474,12528000
1567603800,2019-09-04 00:00:00,9.9040,10.2333,9.8899,10.2198,19119000
1567690200,2019-09-05 00:00:00,10.8726,11.5293,10.8302,11.1743,17769000
1567776600,2019-09-06 00:00:00,11.2296,11.3389,10.9987,11.2193,7131000
1568035800,2019-09-09 00:00:00,11.4354,11.6585,11.2360,11.3768,9319500
1568122200,2019-09-10 00:00:00,11.1987,11.5267,10.9729,11.5267,7002000
1568208600,2019-09-11 00:00:00,11.6920,12.0432,11.4804,12.0432,9793500
1568295000,2019-09-12 00:00:00,12.3493,12.4818,11.8991,12.1493,11793000
1568381400,2019-09-13 00:00:00,12.1531,12.2554,11.8476,12.0393,6118500
1568640600,2019-09-16 00:00:00,11.7055,11.9563,11.4688,11.7943,6535500
1568727000,2019-09-17 00:00:00,11.7151,11.9235,11.5132,11.9017,5451000
1568813400,2019-09-18 00:00:00,11.8586,11.9383,11.4167,11.9248,8751000
1568899800,2019-09-19 00:00:00,12.0322,12.1139,11.6901,11.7434,7227000
1568986200,2019-09-20 00:00:00,11.8856,11.8856,10.9337,11.0887,11719500
1569245400,2019-09-23 00:00:00,11.0231,11.6084,11.0231,11.4277,8188500
1569331800,2019-09-24 00:00:00,11.6862,11.6985,10.6972,10.8744,18163500
1569418200,2019-09-25 00:00:00,10.6959,11.5380,10.4331,11.4304,11985000
1569504600,2019-09-26 00:00:00,11.4414,11.5651,11.1250,11.4665,10096500
1569591000,2019-09-27 00:00:00,11.2178,11.3441,10.3886,10.6309,17278500
1569850200,2019-09-30 00:00:00,10.8241,11.0007,10.6476,10.9672,7299000
1569936600,2019-10-01 00:00:00,11.1850,11.5844,10.5445,10.6669,14653500
1570023000,2019-10-02 00:00:00,10.3499,10.4730,9.9608,10.1637,19338000
1570109400,2019-10-03 00:00:00,10.1818,10.7082,9.8055,10.6837,17961000
1570195800,2019-10-04 00:00:00,10.7894,11.2752,10.7629,11.2629,13695000
1570455000,2019-10-07 00:00:00,11.1656,11.3679,11.0020,11.0065,9079500
1570541400,2019-10-08 00:00:00,10.6631,10.6876,9.9653,9.9943,25107000
1570627800,2019-10-09 00:00:00,10.4054,10.6946,10.3132,10.4981,15838500
1570714200,2019-10-10 00:00:00,10.5742,11.1302,10.5381,10.8035,18492000
1570800600,2019-10-11 00:00:00,11.4040,11.9220,11.3679,11.5290,27876000
1571059800,2019-10-14 00:00:00,11.4891,11.5973,11.3563,11.5271,7069500
1571146200,2019-10-15 00:00:00,11.7249,12.3666,11.6907,12.2828,19419000
1571232600,2019-10-16 00:00:00,12.1056,12.2654,11.6720,11.7487,15471000
1571319000,2019-10-17 00:00:00,12.1733,12.2751,11.6392,11.8718,12418500
1571405400,2019-10-18 00:00:00,11.7938,11.8782,11.1276,11.4755,14661000
1571664600,2019-10-21 00:00:00,11.7506,12.1353,11.7068,12.1282,11613000
1571751000,2019-10-22 00:00:00,12.1965,12.2732,11.8273,11.8447,9618000
1571837400,2019-10-23 00:00:00,11.1875,11.4684,10.9369,11.1560,15555000
1571923800,2019-10-24 00:00:00,11.5973,11.9826,11.5335,11.9652,14469000
1572010200,2019-10-25 00:00:00,12.0380,12.7313,12.0258,12.7016,18265500
1572269400,2019-10-28 00:00:00,12.9510,13.4226,12.9419,13.3678,15250500
1572355800,2019-10-29 00:00:00,13.4322,13.6900,12.9729,13.0173,10779000
1572442200,2019-10-30 00:00:00,13.2821,13.2821,12.7313,13.0193,8559000
1572528600,2019-10-31 00:00:00,12.8575,12.8981,12.2835,12.7744,9952500
1572615000,2019-11-01 00:00:00,13.1391,13.6552,12.9838,13.6552,10477500
1572877800,2019-11-04 00:00:00,14.1732,14.6235,14.1378,14.5495,12294000
1572964200,2019-11-05 00:00:00,14.7247,14.9579,14.4676,14.6332,9777000
1573050600,2019-11-06 00:00:00,14.5553,14.5611,13.8646,14.3033,11104500
1573137000,2019-11-07 00:00:00,14.9895,15.0462,14.3819,14.5842,12427500
1573223400,2019-11-08 00:00:00,14.4058,14.8168,14.1474,14.8168,7299000
1573482600,2019-11-11 00:00:00,14.4251,14.6661,14.2537,14.5759,6657000
1573569000,2019-11-12 00:00:00,14.7924,15.0372,14.5044,14.7047,13849500
1573655400,2019-11-13 00:00:00,14.3890,14.8381,14.2389,14.6964,12061500
1573741800,2019-11-14 00:00:00,14.5501,14.6197,14.2473,14.5752,11265000
1573828200,2019-11-15 00:00:00,15.0952,15.3342,14.7679,14.9541,14211000
1574087400,2019-11-18 00:00:00,14.9644,15.1493,14.6268,14.8632,8130000
1574173800,2019-11-19 00:00:00,15.0443,15.1383,14.3987,14.6332,12429000
1574260200,2019-11-20 00:00:00,14.3955,14.6583,13.8059,14.1300,17808000
1574346600,2019-11-21 00:00:00,13.9232,14.0546,13.4896,13.6474,15439500
1574433000,2019-11-22 00:00:00,13.8626,14.0037,13.5302,13.6404,10084500
1574692200,2019-11-25 00:00:00,14.0456,14.6545,14.0308,14.6326,14046000
1574778600,2019-11-26 00:00:00,14.5578,14.5881,14.2453,14.4348,10887000
1574865000,2019-11-27 00:00:00,14.6583,14.7627,14.5495,14.7440,7248000
1575037800,2019-11-29 00:00:00,14.5314,14.5649,14.2202,14.2673,4399500
1575297000,2019-12-02 00:00:00,14.2789,14.3794,13.5643,13.6397,13189500
1575383400,2019-12-03 00:00:00,12.7119,13.0231,12.5444,13.0160,14646000
1575469800,2019-12-04 00:00:00,13.5940,13.7653,13.4658,13.6275,8785500
1575556200,2019-12-05 00:00:00,13.8362,13.9973,13.6159,13.7911,7833000
1575642600,2019-12-06 00:00:00,14.2615,14.5140,14.2331,14.4322,9769500
1575901800,2019-12-09 00:00:00,14.4322,14.5469,14.1816,14.1887,4908000
1575988200,2019-12-10 00:00:00,14.3768,14.6422,14.2048,14.3465,7432500
1576074600,2019-12-11 00:00:00,14.5192,15.3194,14.4651,15.2872,11976000
1576161000,2019-12-12 00:00:00,15.2066,16.5745,15.1925,16.5274,20947500
1576247400,2019-12-13 00:00:00,16.4810,17.0210,16.0436,16.2555,21313500
1576506600,2019-12-16 00:00:00,16.8032,17.1634,16.7014,16.7169,10213500
1576593000,2019-12-17 00:00:00,16.9739,17.0641,16.6872,16.9366,9778500
1576679400,2019-12-18 00:00:00,16.9894,17.0738,16.7452,16.9121,7486500
1576765800,2019-12-19 00:00:00,17.0744,17.3257,16.8812,17.3096,7558500
1576852200,2019-12-20 00:00:00,17.6028,17.9539,17.4320,17.8656,10882500
1577111400,2019-12-23 00:00:00,18.2976,18.3047,17.9306,17.9861,11043000
1577197800,2019-12-24 00:00:00,18.0654,18.1196,17.8004,18.1196,3774000
1577370600,2019-12-26 00:00:00,18.2170,18.2589,17.9500,18.1880,5878500
1577457000,2019-12-27 00:00:00,18.3725,18.3725,17.8404,17.9855,7303500
1577716200,2019-12-30 00:00:00,17.9081,17.9332,17.1960,17.6069,9241500
1577802600,2019-12-31 00:00:00,17.3328,17.7830,17.2876,17.7249,5722500
1577975400,2020-01-02 00:00:00,18.3899,18.8323,18.1422,18.8304,10438500
1578061800,2020-01-03 00:00:00,17.8978,18.2705,17.6798,17.8133,14713500
1578321000,2020-01-06 00:00:00,17.1567,17.4108,16.8619,17.2483,11313000
1578407400,2020-01-07 00:00:00,17.8049,18.3873,17.5334,18.1377,10441500
1578493800,2020-01-08 00:00:00,18.2138,18.5008,17.8842,18.1777,10024500
1578580200,2020-01-09 00:00:00,18.8323,18.8484,17.9436,18.4918,11472000
1578666600,2020-01-10 00:00:00,18.7452,18.7510,17.9790,18.1138,11304000
1578925800,2020-01-13 00:00:00,18.5040,18.8665,18.3041,18.8239,8160000
1579012200,2020-01-14 00:00:00,18.8368,19.3663,18.5969,18.9452,9610500
1579098600,2020-01-15 00:00:00,18.9362,18.9845,18.0590,18.2622,11518500
1579185000,2020-01-16 00:00:00,18.7136,19.1787,18.6717,19.1774,10807500
1579271400,2020-01-17 00:00:00,19.4237,19.5772,19.1045,19.5495,11839500
1579617000,2020-01-21 00:00:00,19.3064,19.7359,19.2844,19.5134,6961500
1579703400,2020-01-22 00:00:00,19.9623,20.5982,19.7998,19.9791,10747500
1579789800,2020-01-23 00:00:00,20.2106,20.4454,19.5895,20.4350,9354000
1579876200,2020-01-24 00:00:00,21.2361,21.3483,19.3076,19.7443,19885500
1580135400,2020-01-27 00:00:00,17.9810,18.1848,17.3534,17.4540,19500000
1580221800,2020-01-28 00:00:00,18.1235,18.8620,17.7365,18.7033,14221500
1580308200,2020-01-29 00:00:00,18.4950,18.6169,17.6101,17.6720,12270000
1580394600,2020-01-30 00:00:00,17.3179,17.7746,16.5853,17.6062,17106000
1580481000,2020-01-31 00:00:00,17.1799,17.2018,15.5120,15.7120,22954500
1580740200,2020-02-03 00:00:00,15.9319,16.3892,15.8687,16.3118,13681500
1580826600,2020-02-04 00:00:00,17.5456,17.8687,17.3096,17.8333,15466500
1580913000,2020-02-05 00:00:00,18.7814,19.0787,18.2125,19.0006,19452000
1580999400,2020-02-06 00:00:00,19.0600,19.0813,18.3299,19.0129,12234000
1581085800,2020-02-07 00:00:00,18.4537,18.5298,17.6398,17.6714,16014000
1581345000,2020-02-10 00:00:00,17.2605,18.4718,17.2528,18.4718,11137500
1581431400,2020-02-11 00:00:00,18.9736,19.8675,18.9613,19.5805,16857000
1581517800,2020-02-12 00:00:00,20.2125,20.5363,20.1229,20.4409,11917500
1581604200,2020-02-13 00:00:00,19.8933,20.9214,19.8468,20.4860,13008000
1581690600,2020-02-14 00:00:00,20.9459,21.1935,19.9920,20.3544,11269500
1582036200,2020-02-18 00:00:00,19.2844,19.6224,19.0916,19.5089,16186500
1582122600,2020-02-19 00:00:00,20.3067,21.1007,20.2551,21.0245,13075500
1582209000,2020-02-20 00:00:00,20.7679,20.9613,19.1303,20.0848,20755500
1582295400,2020-02-21 00:00:00,19.6824,19.7037,18.0590,18.2815,25333500
1582554600,2020-02-24 00:00:00,15.6939,16.4608,15.4159,15.6733,30187500
1582641000,2020-02-25 00:00:00,16.3440,16.3718,13.9815,14.2337,38751000
1582727400,2020-02-26 00:00:00,14.5781,15.2586,14.0602,14.3530,33132000
1582813800,2020-02-27 00:00:00,13.0025,13.8751,12.2466,12.3272,38827500
1582900200,2020-02-28 00:00:00,11.0934,13.4146,11.0740,13.2218,45580500
1583159400,2020-03-02 00:00:00,14.0280,14.5317,12.5968,14.5310,36516000
1583245800,2020-03-03 00:00:00,14.7149,15.3076,12.6910,13.0599,32919000
1583332200,2020-03-04 00:00:00,13.8409,14.9857,13.2888,14.9716,20538000
1583418600,2020-03-05 00:00:00,13.7287,14.7884,13.2869,13.6287,23968500
1583505000,2020-03-06 00:00:00,12.5768,13.1244,11.8028,12.8096,26310000
1583760600,2020-03-09 00:00:00,9.8054,11.4088,9.5455,9.5642,31191000
1583847000,2020-03-10 00:00:00,10.7657,11.3901,9.6100,11.3901,33006000
1583933400,2020-03-11 00:00:00,10.3704,10.7703,9.1133,9.4578,33735000
1584019800,2020-03-12 00:00:00,7.5209,8.6251,6.5799,6.5812,47734500
1584106200,2020-03-13 00:00:00,7.8112,8.4490,6.3207,8.3794,43620000
1584365400,2020-03-16 00:00:00,5.7905,6.8663,5.0952,5.1455,47341500
1584451800,2020-03-17 00:00:00,5.1468,5.7969,4.2381,5.6570,73488000
1584538200,2020-03-18 00:00:00,4.4509,5.0926,3.4506,4.1923,67953000
1584624600,2020-03-19 00:00:00,4.0781,4.9011,3.7247,4.5102,67534500
1584711000,2020-03-20 00:00:00,5.0507,5.2558,4.1149,4.1245,63204000
1584970200,2020-03-23 00:00:00,4.3858,4.7779,3.9543,4.5083,63927000
1585056600,2020-03-24 00:00:00,5.3948,6.0689,5.3728,6.0527,67669500
1585143000,2020-03-25 00:00:00,6.1631,6.7927,5.5278,5.8158,65236500
1585229400,2020-03-26 00:00:00,6.2658,7.0381,6.0695,6.9787,55215000
1585315800,2020-03-27 00:00:00,6.2749,6.6009,5.8584,5.9042,51672000
1585575000,2020-03-30 00:00:00,6.1315,6.5848,5.9636,6.5396,39718500
1585661400,2020-03-31 00:00:00,6.5493,6.8599,5.9701,6.1173,50964000
1585747800,2020-04-01 00:00:00,5.5084,5.9623,4.9460,5.1275,47541000
1585834200,2020-04-02 00:00:00,5.0209,5.6150,5.0125,5.5969,43654500
1585920600,2020-04-03 00:00:00,5.6020,5.7732,5.0442,5.2643,43627500
1586179800,2020-04-06 00:00:00,5.9404,6.9535,5.9333,6.8792,51997500
1586266200,2020-04-07 00:00:00,7.6605,7.7283,6.7611,6.7927,79462500
1586352600,2020-04-08 00:00:00,7.1607,7.5566,6.8418,7.4733,50287500
1586439000,2020-04-09 00:00:00,7.7877,7.9704,6.7662,6.9832,75898500
1586784600,2020-04-13 00:00:00,6.9348,7.2867,6.7443,7.2350,36957000
1586871000,2020-04-14 00:00:00,7.7412,8.2255,7.6909,8.1958,51487500
1586957400,2020-04-15 00:00:00,7.7219,7.7231,7.2692,7.5307,37128000
1587043800,2020-04-16 00:00:00,7.9007,8.1693,7.5876,8.0847,47277000
1587130200,2020-04-17 00:00:00,8.5780,8.6084,8.0066,8.2946,47445000
1587389400,2020-04-20 00:00:00,7.9427,8.2972,7.7483,7.7593,35502000
1587475800,2020-04-21 00:00:00,7.4022,7.5294,6.5544,6.6694,60042000
1587562200,2020-04-22 00:00:00,7.2595,7.9259,7.1801,7.7864,37150500
1587648600,2020-04-23 00:00:00,7.8265,8.0744,7.5094,7.5888,42906000
1587735000,2020-04-24 00:00:00,7.6166,8.1144,7.3867,8.0718,34429500
1587994200,2020-04-27 00:00:00,8.3940,8.6368,8.2752,8.3979,42303000
1588080600,2020-04-28 00:00:00,8.8454,8.9958,8.2345,8.2668,55147500
1588167000,2020-04-29 00:00:00,8.6891,9.5401,8.6504,9.4530,42030000
1588253400,2020-04-30 00:00:00,9.3219,9.3516,8.3953,8.4592,55264500
1588339800,2020-05-01 00:00:00,7.8775,7.9098,7.0897,7.1737,65224500
1588599000,2020-05-04 00:00:00,6.9819,7.3958,6.9096,7.3751,35217000
1588685400,2020-05-05 00:00:00,7.7974,8.1693,7.6005,7.7490,47706000
1588771800,2020-05-06 00:00:00,8.0066,8.3856,7.9556,8.0176,46401000
1588858200,2020-05-07 00:00:00,8.4386,8.5425,8.1228,8.2526,32518500
1588944600,2020-05-08 00:00:00,8.5064,8.9900,8.4205,8.9739,38311500
1589203800,2020-05-11 00:00:00,8.6807,9.1844,8.6581,8.9493,27099000
1589290200,2020-05-12 00:00:00,9.1379,9.2186,8.1906,8.1906,34702500
1589376600,2020-05-13 00:00:00,8.4121,8.4650,7.3854,7.7496,53503500
1589463000,2020-05-14 00:00:00,7.5675,8.3940,7.1672,8.3688,54496500
1589549400,2020-05-15 00:00:00,7.5417,7.9336,7.3997,7.8445,55647000
1589808600,2020-05-18 00:00:00,8.3940,9.0559,8.3940,8.9422,42394500
1589895000,2020-05-19 00:00:00,8.8970,9.4555,8.8208,8.8350,40813500
1589981400,2020-05-20 00:00:00,9.3723,9.9889,9.3671,9.8397,39808500
1590067800,2020-05-21 00:00:00,9.8365,9.8449,9.0307,9.0752,37935000
1590154200,2020-05-22 00:00:00,9.1521,9.2328,8.7498,9.2070,25134000
1590499800,2020-05-26 00:00:00,9.9269,10.0612,9.4420,9.4924,41682000
1590586200,2020-05-27 00:00:00,9.6060,9.9049,8.7614,9.8978,41941500
1590672600,2020-05-28 00:00:00,9.7371,10.0903,9.1043,9.2483,33565500
1590759000,2020-05-29 00:00:00,9.3729,10.0515,9.2657,9.9508,38440500
1591018200,2020-06-01 00:00:00,9.7551,9.9508,9.5563,9.8275,21564000
1591104600,2020-06-02 00:00:00,9.9101,10.4602,9.7564,10.4602,34992000
1591191000,2020-06-03 00:00:00,10.8664,11.5030,10.8664,11.3771,30483000
1591277400,2020-06-04 00:00:00,11.2770,11.9266,11.1169,11.6767,31461000
1591363800,2020-06-05 00:00:00,12.5207,13.0430,12.4232,12.5271,26946000
1591623000,2020-06-08 00:00:00,12.8435,12.8435,12.0654,12.4509,25800000
1591709400,2020-06-09 00:00:00,12.0228,12.6007,11.8950,12.4722,22317000
1591795800,2020-06-10 00:00:00,12.7395,12.9617,12.4509,12.5872,23647500
1591882200,2020-06-11 00:00:00,11.6238,11.7736,10.1710,10.1852,47562000
1591968600,2020-06-12 00:00:00,11.1305,11.2338,9.9366,10.6075,35401500
1592227800,2020-06-15 00:00:00,9.9379,11.1014,9.7971,11.0730,29254500
1592314200,2020-06-16 00:00:00,12.0157,12.2243,11.0730,11.6599,30856500
1592400600,2020-06-17 00:00:00,11.9092,12.2701,11.7523,11.9828,21156000
1592487000,2020-06-18 00:00:00,11.8227,12.0880,11.7213,11.9273,13989000
1592573400,2020-06-19 00:00:00,12.3386,12.4554,11.6283,11.6871,29616000
1592832600,2020-06-22 00:00:00,11.7452,12.0577,11.3397,11.9996,19461000
1592919000,2020-06-23 00:00:00,12.2331,12.4811,12.0367,12.1045,18909000
1593005400,2020-06-24 00:00:00,11.8784,12.0974,11.0159,11.2912,31200000
1593091800,2020-06-25 00:00:00,11.2782,11.6200,10.7466,11.5689,21685500
1593178200,2020-06-26 00:00:00,11.4346,11.6335,10.8125,10.8764,21492000
1593437400,2020-06-29 00:00:00,10.8997,11.2595,10.4985,11.2505,17931000
1593523800,2020-06-30 00:00:00,11.3829,12.2576,11.3829,12.1588,32251500
1593610200,2020-07-01 00:00:00,12.1665,12.1730,11.6180,11.6503,21469500
1593696600,2020-07-02 00:00:00,12.1394,12.4075,11.9469,12.0838,24289500
1594042200,2020-07-06 00:00:00,12.6995,13.1737,12.6827,13.0529,21822000
1594128600,2020-07-07 00:00:00,12.8868,13.1917,12.5005,12.5703,17728500
1594215000,2020-07-08 00:00:00,12.8881,13.1142,12.5535,13.0903,14014500
1594301400,2020-07-09 00:00:00,13.2434,13.8500,12.6652,13.6110,25341000
1594387800,2020-07-10 00:00:00,13.6375,13.7583,13.0638,13.4753,16764000
1594647000,2020-07-13 00:00:00,14.0438,14.4980,12.7266,12.8028,24480000
1594733400,2020-07-14 00:00:00,12.5909,13.5296,12.0173,13.4812,25491000
1594819800,2020-07-15 00:00:00,13.7602,13.7706,12.7266,13.3461,20254500
1594906200,2020-07-16 00:00:00,12.9211,13.3390,12.7202,13.1833,13903500
1594992600,2020-07-17 00:00:00,13.4250,13.5697,13.1788,13.4275,12028500
1595251800,2020-07-20 00:00:00,13.4909,14.3171,13.2053,14.2551,16717500
1595338200,2020-07-21 00:00:00,14.5019,14.5697,13.8048,13.9534,16822500
1595424600,2020-07-22 00:00:00,14.0833,14.4418,13.7770,14.1207,13956000
1595511000,2020-07-23 00:00:00,14.1013,14.4780,13.0916,13.4631,22534500
1595597400,2020-07-24 00:00:00,12.7505,13.4049,12.2395,12.8216,19546500
1595856600,2020-07-27 00:00:00,13.3080,14.0516,13.2906,14.0361,17731500
1595943000,2020-07-28 00:00:00,13.7906,13.7906,13.1336,13.2060,20592000
1596029400,2020-07-29 00:00:00,13.6149,14.1989,13.5225,14.0613,19687500
1596115800,2020-07-30 00:00:00,13.8675,14.8992,13.8565,14.8843,25672500
1596202200,2020-07-31 00:00:00,14.9948,14.9961,13.9999,14.6330,26299500
1596461400,2020-08-03 00:00:00,14.9140,15.5801,14.9134,15.5039,16984500
1596547800,2020-08-04 00:00:00,15.4334,16.1932,15.3908,16.1699,12100500
1596634200,2020-08-05 00:00:00,16.1195,16.3288,15.7629,16.1383,12822000
1596720600,2020-08-06 00:00:00,16.0252,16.1570,15.5878,16.0795,10840500
1596807000,2020-08-07 00:00:00,15.9645,16.2151,14.9657,15.5329,17872500
1597066200,2020-08-10 00:00:00,15.6253,15.7300,14.8598,15.5426,11625000
1597152600,2020-08-11 00:00:00,15.4987,15.9638,14.9069,15.0277,15201000
1597239000,2020-08-12 00:00:00,15.4128,16.6241,15.2862,16.5414,18397500
1597325400,2020-08-13 00:00:00,16.5485,16.5485,15.7649,16.0000,12742500
1597411800,2020-08-14 00:00:00,16.1376,16.5375,15.8036,15.9438,12001500
1597671000,2020-08-17 00:00:00,16.3366,16.7462,16.2597,16.5472,11739000
1597757400,2020-08-18 00:00:00,16.7410,16.8366,16.1111,16.2739,11410500
1597843800,2020-08-19 00:00:00,16.2920,16.4070,15.8139,15.9580,10309500
1597930200,2020-08-20 00:00:00,15.4845,15.7765,15.2073,15.5426,16498500
1598016600,2020-08-21 00:00:00,15.5484,15.8921,15.2784,15.8850,10789500
1598275800,2020-08-24 00:00:00,16.3663,16.5200,15.9645,16.3243,11776500
1598362200,2020-08-25 00:00:00,16.3540,16.8527,16.3540,16.8502,11626500
1598448600,2020-08-26 00:00:00,16.9626,17.1706,16.7248,17.0401,11527500
1598535000,2020-08-27 00:00:00,17.1170,17.2094,16.0756,16.3760,17893500
1598621400,2020-08-28 00:00:00,16.4787,17.3192,16.3740,17.3037,13989000
1598880600,2020-08-31 00:00:00,17.2882,17.6299,16.8489,17.2552,12093000
1598967000,2020-09-01 00:00:00,17.5653,18.2501,17.3172,18.2268,10255500
1599053400,2020-09-02 00:00:00,19.0201,20.1164,18.5292,19.8619,18729000
1599139800,2020-09-03 00:00:00,18.9652,18.9930,16.0885,16.4722,37044000
1599226200,2020-09-04 00:00:00,16.1014,16.8256,14.2163,16.0155,26686500
1599571800,2020-09-08 00:00:00,14.2532,15.1292,13.6937,13.7350,21556500
1599658200,2020-09-09 00:00:00,14.7383,15.2009,14.2125,14.8708,19171500
1599744600,2020-09-10 00:00:00,15.3591,15.5814,13.9799,14.2532,19227000
1599831000,2020-09-11 00:00:00,14.5639,14.9961,13.7518,14.2034,14871000
1600090200,2020-09-14 00:00:00,15.0717,15.3630,14.7390,15.1014,11850000
1600176600,2020-09-15 00:00:00,15.6537,16.1693,15.5995,15.8779,11725500
1600263000,2020-09-16 00:00:00,16.0782,16.2623,15.3430,15.3998,10791000
1600349400,2020-09-17 00:00:00,14.2926,15.4767,14.1039,15.3294,14704500
1600435800,2020-09-18 00:00:00,15.5187,15.7009,14.0703,14.6149,17329500
1600695000,2020-09-21 00:00:00,13.7499,14.5665,13.4637,14.5445,25779000
1600781400,2020-09-22 00:00:00,14.8817,15.0943,14.1007,15.0717,13864500
1600867800,2020-09-23 00:00:00,14.9857,15.2978,13.8210,13.9495,14178000
1600954200,2020-09-24 00:00:00,13.6582,14.9302,13.6310,14.3572,24952500
1601040600,2020-09-25 00:00:00,14.4347,15.0684,13.7835,14.9767,15505500
1601299800,2020-09-28 00:00:00,15.5446,16.2145,15.2739,16.1996,15123000
1601386200,2020-09-29 00:00:00,16.0937,16.7371,16.0937,16.3346,19848000
1601472600,2020-09-30 00:00:00,16.1835,16.8599,16.0859,16.3566,20143500
1601559000,2020-10-01 00:00:00,16.9794,17.5188,16.8036,17.3721,18271500
1601645400,2020-10-02 00:00:00,16.1550,16.9115,15.7797,15.8236,24060000
1601904600,2020-10-05 00:00:00,16.2707,17.3702,16.2494,17.3683,14751000
1601991000,2020-10-06 00:00:00,17.3095,18.3044,16.8618,17.0717,16638000
1602077400,2020-10-07 00:00:00,17.8017,18.2016,17.7824,18.1015,13549500
1602163800,2020-10-08 00:00:00,18.5763,18.8309,18.3657,18.7301,11172000
1602250200,2020-10-09 00:00:00,19.3994,19.8613,19.3063,19.7127,18609000
1602509400,2020-10-12 00:00:00,20.4362,20.8859,20.1571,20.5687,15901500
1602595800,2020-10-13 00:00:00,20.5926,21.0047,20.1888,20.5441,14068500
1602682200,2020-10-14 00:00:00,20.6778,20.9240,19.8600,20.2185,11320500
1602768600,2020-10-15 00:00:00,19.1875,20.1843,18.9691,20.0590,10518000
1602855000,2020-10-16 00:00:00,20.5551,20.5596,19.7334,19.7728,8916000
1603114200,2020-10-19 00:00:00,20.2205,20.6042,19.2307,19.4543,11283000
1603200600,2020-10-20 00:00:00,19.7301,19.8852,19.2288,19.3923,6909000
1603287000,2020-10-21 00:00:00,19.5311,19.6229,18.9439,18.9827,8161500
1603373400,2020-10-22 00:00:00,19.1151,19.3038,18.3270,19.0492,9789000
1603459800,2020-10-23 00:00:00,18.8761,18.8761,18.2520,18.7701,6975000
1603719000,2020-10-26 00:00:00,18.2985,18.5408,16.8611,17.5711,13960500
1603805400,2020-10-27 00:00:00,17.9432,18.0873,17.1777,17.3896,7834500
1603891800,2020-10-28 00:00:00,16.5459,16.5562,15.5956,15.6589,15634500
1603978200,2020-10-29 00:00:00,15.7636,17.3431,15.6324,16.9057,10749000
1604064600,2020-10-30 00:00:00,16.3721,16.6525,15.5116,16.0827,11187000
1604327400,2020-11-02 00:00:00,16.6111,16.8611,15.9154,16.3417,10897500
1604413800,2020-11-03 00:00:00,16.7965,17.6939,16.7591,17.3140,12472500
1604500200,2020-11-04 00:00:00,18.3761,19.3503,17.7171,19.1287,17590500
1604586600,2020-11-05 00:00:00,20.6727,21.7942,20.6662,21.6514,20565000
1604673000,2020-11-06 00:00:00,21.4634,22.9467,21.2547,22.7651,15370500
1604932200,2020-11-09 00:00:00,24.1890,24.8059,21.8555,21.8956,16741500
1605018600,2020-11-10 00:00:00,21.3148,21.6023,19.7747,19.9265,16570500
1605105000,2020-11-11 00:00:00,20.8639,22.2024,20.8335,22.0978,11782500
1605191400,2020-11-12 00:00:00,22.1353,22.3782,20.9123,21.2425,11928000
1605277800,2020-11-13 00:00:00,21.9583,22.5901,21.5887,22.0306,10963500
1605537000,2020-11-16 00:00:00,22.5494,23.6896,22.3846,23.6553,12468000
1605623400,2020-11-17 00:00:00,23.4079,23.4661,22.5603,23.0791,9009000
1605709800,2020-11-18 00:00:00,23.1779,23.6967,22.5519,22.5894,10455000
1605796200,2020-11-19 00:00:00,22.5138,23.6502,21.9783,23.6379,8220000
1605882600,2020-11-20 00:00:00,23.6159,24.2051,23.1676,23.2542,11338500
1606141800,2020-11-23 00:00:00,23.6773,24.5087,23.3381,24.3065,11436000
1606228200,2020-11-24 00:00:00,24.7426,24.7749,23.5565,24.6993,9943500
1606314600,2020-11-25 00:00:00,24.5811,25.0604,24.1405,24.4351,6964500
1606487400,2020-11-27 00:00:00,24.9248,25.7814,24.9241,25.2762,8937000
1606746600,2020-11-30 00:00:00,25.4235,26.3098,24.4861,26.2265,10632000
1606833000,2020-12-01 00:00:00,26.8867,28.0367,26.6807,27.6180,12735000
1606919400,2020-12-02 00:00:00,27.3448,28.2007,27.1975,27.8280,7210500
1607005800,2020-12-03 00:00:00,28.3261,28.7667,27.7472,27.8700,7801500
1607092200,2020-12-04 00:00:00,28.3300,30.2273,28.0812,30.1898,10473000
1607351400,2020-12-07 00:00:00,30.7532,30.7532,29.7376,30.5846,8889000
1607437800,2020-12-08 00:00:00,30.4767,31.2739,30.0800,30.9702,6286500
1607524200,2020-12-09 00:00:00,30.6278,31.1653,27.7317,28.3216,19231500
1607610600,2020-12-10 00:00:00,27.7337,28.8985,27.2627,28.2666,11490000
1607697000,2020-12-11 00:00:00,27.5334,27.9656,26.4223,27.2912,13248000
1607956200,2020-12-14 00:00:00,28.0909,28.7641,27.9081,28.3190,10854000
1608042600,2020-12-15 00:00:00,29.3436,29.7370,28.8293,29.4999,7351500
1608129000,2020-12-16 00:00:00,29.7590,29.7706,28.7764,29.4347,6372000
1608215400,2020-12-17 00:00:00,29.9618,30.0309,29.2460,29.5923,6106500
1608301800,2020-12-18 00:00:00,29.7816,29.9108,28.6420,29.2060,8797500
1608561000,2020-12-21 00:00:00,28.1019,28.7744,27.2944,28.6310,11620500
1608647400,2020-12-22 00:00:00,28.7842,28.9005,27.8674,28.5251,6235500
1608733800,2020-12-23 00:00:00,28.7092,28.8798,27.8952,27.9326,4338000
1608820200,2020-12-24 00:00:00,28.2667,28.7454,28.1336,28.7390,2637000
1609165800,2020-12-28 00:00:00,29.6771,29.7850,28.4618,28.5755,7542000
1609252200,2020-12-29 00:00:00,28.9451,28.9451,27.4112,28.3558,7833000
1609338600,2020-12-30 00:00:00,28.7564,29.9381,28.6866,29.8218,7807500
1609425000,2020-12-31 00:00:00,29.8251,30.2211,29.2461,30.1391,5871000
1609770600,2021-01-04 00:00:00,30.6947,32.6162,29.0071,29.7230,17731500
1609857000,2021-01-05 00:00:00,29.5046,31.5023,29.5046,31.4448,8538000
1609943400,2021-01-06 00:00:00,30.5551,33.1066,30.3187,31.2135,16782000
1610029800,2021-01-07 00:00:00,32.6078,35.0067,32.5781,34.6533,10443000
1610116200,2021-01-08 00:00:00,36.3500,36.7712,33.5608,34.6824,13090500
1610375400,2021-01-11 00:00:00,33.8864,36.7053,33.8560,35.9455,9625500
1610461800,2021-01-12 00:00:00,36.5031,37.5627,35.5733,36.6517,10501500
1610548200,2021-01-13 00:00:00,37.4290,37.7320,36.2460,36.7493,6897000
1610634600,2021-01-14 00:00:00,38.0098,40.3286,38.0098,39.1405,11373000
1610721000,2021-01-15 00:00:00,38.9518,39.0694,35.9604,36.6569,16302000
1611066600,2021-01-19 00:00:00,38.2947,40.5057,38.1952,40.3810,13351500
1611153000,2021-01-20 00:00:00,41.8314,42.1784,39.6877,40.0443,11220000
1611239400,2021-01-21 00:00:00,41.0807,42.1771,39.8292,41.8269,11056500
1611325800,2021-01-22 00:00:00,40.7040,41.1653,39.5158,39.5313,12573000
1611585000,2021-01-25 00:00:00,40.7169,40.8397,37.4354,39.7013,12499500
1611671400,2021-01-26 00:00:00,39.7801,39.7801,37.7966,37.8502,7641000
1611757800,2021-01-27 00:00:00,35.7291,35.9054,31.5346,32.1213,25056000
1611844200,2021-01-28 00:00:00,33.9207,35.4480,33.1188,34.0499,16110000
1611930600,2021-01-29 00:00:00,34.2469,34.7160,31.8854,32.3700,15256500
1612189800,2021-02-01 00:00:00,34.0034,36.3694,33.5679,36.1956,13749000
1612276200,2021-02-02 00:00:00,37.9251,37.9516,36.3106,37.8431,10789500
1612362600,2021-02-03 00:00:00,38.2488,38.5686,35.4428,35.5023,14184000
1612449000,2021-02-04 00:00:00,35.2154,36.4469,34.4330,36.3797,8400000
1612535400,2021-02-05 00:00:00,37.1505,37.1505,35.4564,35.5895,8242500
1612794600,2021-02-08 00:00:00,36.3054,38.8949,36.2899,38.8949,17278500
1612881000,2021-02-09 00:00:00,38.4136,39.2891,37.8386,38.3994,8659500
1612967400,2021-02-10 00:00:00,39.4118,40.0372,37.1925,38.7625,15432000
1613053800,2021-02-11 00:00:00,39.6231,42.8019,39.6231,42.8019,20781000
1613140200,2021-02-12 00:00:00,42.1461,44.5935,41.6770,44.3596,15841500
1613485800,2021-02-16 00:00:00,45.8760,46.3761,44.3971,45.1446,14367000
1613572200,2021-02-17 00:00:00,43.7083,44.3299,40.8384,42.6526,19341000
1613658600,2021-02-18 00:00:00,40.9011,41.9309,39.7549,41.3682,15594000
1613745000,2021-02-19 00:00:00,43.2671,45.0826,42.8587,44.3854,23602500
1614004200,2021-02-22 00:00:00,42.6455,43.5494,38.9402,39.5475,22419000
1614090600,2021-02-23 00:00:00,37.3088,39.4868,33.9872,38.7450,27033000
1614177000,2021-02-24 00:00:00,37.7798,42.4808,36.8920,42.3955,17964000
1614263400,2021-02-25 00:00:00,40.7693,41.6822,34.6016,35.1011,35817000
1614349800,2021-02-26 00:00:00,36.7725,38.4756,34.6985,37.5162,29536500
1614609000,2021-03-01 00:00:00,39.3394,41.2448,38.3296,41.2448,24520500
1614695400,2021-03-02 00:00:00,41.6150,41.6635,37.2636,37.3605,19687700
1614781800,2021-03-03 00:00:00,37.6997,37.7869,33.7456,33.9297,21749000
1614868200,2021-03-04 00:00:00,33.7553,34.1041,27.5624,29.0549,34294300
1614954600,2021-03-05 00:00:00,31.2258,31.9429,26.8743,31.7394,30945800
1615213800,2021-03-08 00:00:00,31.7007,31.9139,26.6514,26.6708,28761200
1615300200,2021-03-09 00:00:00,29.4038,32.0592,29.0743,31.4487,19994900
1615386600,2021-03-10 00:00:00,33.1350,33.1350,29.6752,29.7721,19953500
1615473000,2021-03-11 00:00:00,32.2725,33.9588,31.8363,33.4064,19094300
1615559400,2021-03-12 00:00:00,31.5165,32.5535,30.8672,32.3888,17047600
1615815000,2021-03-15 00:00:00,32.7570,34.5306,32.1562,34.4724,15325300
1615901400,2021-03-16 00:00:00,35.6935,37.3992,35.1120,35.8389,27404900
1615987800,2021-03-17 00:00:00,34.1914,37.9419,33.4451,37.2345,21743500
1616074200,2021-03-18 00:00:00,35.6257,35.7808,32.4178,32.6698,25749000
1616160600,2021-03-19 00:00:00,32.9605,34.5499,31.3808,33.6777,20615000
1616419800,2021-03-22 00:00:00,34.8310,37.0213,34.5209,35.8583,23763800
1616506200,2021-03-23 00:00:00,36.2325,36.3586,32.4900,32.9942,26947000
1616592600,2021-03-24 00:00:00,34.5455,35.0303,31.5592,31.5980,26195900
1616679000,2021-03-25 00:00:00,29.9886,32.1701,29.1838,31.8113,30291400
1616765400,2021-03-26 00:00:00,31.8113,36.5913,31.7144,36.5428,35670300
1617024600,2021-03-29 00:00:00,35.2727,35.7865,33.4499,34.7006,28422700
1617111000,2021-03-30 00:00:00,34.0510,34.6909,33.2366,34.4389,17926000
1617197400,2021-03-31 00:00:00,35.3211,37.7935,35.2436,37.0470,25362500
1617283800,2021-04-01 00:00:00,38.8310,41.1482,38.8310,41.1191,27795500
1617629400,2021-04-05 00:00:00,43.1746,43.9212,41.6039,43.6303,26445800
1617715800,2021-04-06 00:00:00,42.7771,43.6012,40.7895,42.0596,17961500
1617802200,2021-04-07 00:00:00,42.6510,42.6607,41.0513,42.0596,12421800
1617888600,2021-04-08 00:00:00,43.3879,43.6303,42.2729,43.4267,12957100
1617975000,2021-04-09 00:00:00,42.4959,43.1455,41.8172,43.1261,10748500
1618234200,2021-04-12 00:00:00,42.3893,42.4571,40.5277,41.7784,14926000
1618320600,2021-04-13 00:00:00,42.6607,42.7868,40.3047,41.3906,14056400
1618407000,2021-04-14 00:00:00,41.0997,42.1469,39.3933,40.0138,12838600
1618493400,2021-04-15 00:00:00,41.0610,42.3311,40.3532,42.1469,13642000
1618579800,2021-04-16 00:00:00,42.1856,42.3117,41.1870,41.4488,11016200
1618839000,2021-04-19 00:00:00,40.4986,41.0028,37.0858,38.3947,20268200
1618925400,2021-04-20 00:00:00,37.8226,38.3268,35.9126,36.5622,13892000
1619011800,2021-04-21 00:00:00,36.7755,39.5291,36.2035,39.5097,15160200
1619098200,2021-04-22 00:00:00,39.1412,39.3739,36.1356,36.8240,20962100
1619184600,2021-04-23 00:00:00,37.1536,39.3351,37.1342,38.9279,13212600
1619443800,2021-04-26 00:00:00,38.8697,41.1676,38.7825,40.9252,13528500
1619530200,2021-04-27 00:00:00,41.4779,41.6039,39.7133,40.0817,12557200
1619616600,2021-04-28 00:00:00,39.4418,39.4515,38.1135,38.2201,12753600
1619703000,2021-04-29 00:00:00,39.9460,39.9653,37.3087,39.0830,14812500
1619789400,2021-04-30 00:00:00,37.1827,37.9777,35.4472,35.7768,19385800
1620048600,2021-05-03 00:00:00,36.5719,36.6398,34.0122,34.5261,13899900
1620135000,2021-05-04 00:00:00,33.3626,33.4014,31.0260,32.9360,24428000
1620221400,2021-05-05 00:00:00,34.0026,34.7006,32.7227,33.4984,16034800
1620307800,2021-05-06 00:00:00,33.1590,34.3225,32.1507,34.3225,15387300
1620394200,2021-05-07 00:00:00,35.3987,36.4071,34.8170,35.8059,16784600
1620653400,2021-05-10 00:00:00,34.9042,34.9042,30.9096,30.9581,25439800
1620739800,2021-05-11 00:00:00,28.1367,31.3266,27.8167,31.1326,29951300
1620826200,2021-05-12 00:00:00,29.1838,29.6298,26.9635,27.2738,34045700
1620912600,2021-05-13 00:00:00,28.6312,29.5716,27.4386,28.4373,25520000
1620999000,2021-05-14 00:00:00,29.5619,31.6853,28.6796,30.9581,21881300
1621258200,2021-05-17 00:00:00,30.0370,30.1534,28.5342,30.1534,19224800
1621344600,2021-05-18 00:00:00,30.7448,31.1036,29.3002,29.3680,15262600
1621431000,2021-05-19 00:00:00,27.5937,31.1908,27.3610,31.0745,29208700
1621517400,2021-05-20 00:00:00,31.7532,33.9153,31.6756,33.5856,28593200
1621603800,2021-05-21 00:00:00,34.2256,34.2643,32.7809,33.1009,25100300
1621863000,2021-05-24 00:00:00,33.9347,36.0095,33.8474,35.4181,21577500
1621949400,2021-05-25 00:00:00,36.1938,36.6010,35.1369,35.8156,19468200
1622035800,2021-05-26 00:00:00,35.9029,36.5331,35.0885,36.0483,13436700
1622122200,2021-05-27 00:00:00,35.7575,37.0954,35.5926,36.7076,16449400
1622208600,2021-05-28 00:00:00,36.9112,38.0747,36.7270,37.5996,15891400
1622554200,2021-06-01 00:00:00,38.3171,39.3061,36.5913,37.1730,18159400
1622640600,2021-06-02 00:00:00,37.1051,38.3753,36.7561,37.9971,12370500
1622727000,2021-06-03 00:00:00,36.6785,37.1148,35.4084,35.9901,16945800
1622813400,2021-06-04 00:00:00,36.9209,38.7728,36.8918,38.5304,15960500
1623072600,2021-06-07 00:00:00,38.0650,38.2395,36.9888,37.7257,11453800
1623159000,2021-06-08 00:00:00,38.5886,38.7534,36.1647,37.0082,13475800
1623245400,2021-06-09 00:00:00,37.3863,37.7063,36.4749,36.5525,11721000
1623331800,2021-06-10 00:00:00,36.6495,38.1717,36.3780,37.8517,17601900
1623418200,2021-06-11 00:00:00,37.8614,38.2880,37.3960,38.2880,7971500
1623677400,2021-06-14 00:00:00,38.5983,39.9169,37.8711,39.9169,18513300
1623763800,2021-06-15 00:00:00,39.5581,40.3338,38.5304,38.8213,13301400
1623850200,2021-06-16 00:00:00,39.2576,39.6454,36.9112,37.9874,18089300
1623936600,2021-06-17 00:00:00,37.5123,39.9169,37.4736,39.0830,18466200
1624023000,2021-06-18 00:00:00,38.0941,38.3753,35.6314,36.1841,21346600
1624282200,2021-06-21 00:00:00,36.4071,36.9985,35.4763,36.9597,12722000
1624368600,2021-06-22 00:00:00,36.7464,37.6481,36.2616,37.4251,10500400
1624455000,2021-06-23 00:00:00,37.4251,38.4238,37.4251,37.8614,8615400
1624541400,2021-06-24 00:00:00,38.6661,39.9750,38.6661,39.8296,12716800
1624627800,2021-06-25 00:00:00,39.9169,40.4210,39.0637,39.4224,9244100
1624887000,2021-06-28 00:00:00,40.2368,42.7383,40.1884,42.3214,18209300
1624973400,2021-06-29 00:00:00,41.9917,43.3297,41.5748,43.2813,13090200
1625059800,2021-06-30 00:00:00,43.0195,43.3685,42.3408,43.1843,9830900
1625146200,2021-07-01 00:00:00,42.8062,43.0195,40.8477,41.2743,11578200
1625232600,2021-07-02 00:00:00,42.2438,42.3699,40.9640,42.0014,10933300
1625578200,2021-07-06 00:00:00,42.3117,42.7965,40.1011,41.7300,10020300
1625664600,2021-07-07 00:00:00,42.4668,42.5735,39.4515,39.9847,10623800
1625751000,2021-07-08 00:00:00,37.3766,39.1509,36.6107,38.5692,14764300
1625837400,2021-07-09 00:00:00,38.9570,40.6634,38.0553,40.4986,9799600
1626096600,2021-07-12 00:00:00,40.8767,42.0111,40.5374,42.0111,9021800
1626183000,2021-07-13 00:00:00,41.4488,42.0014,40.8186,41.3227,9289300
1626269400,2021-07-14 00:00:00,42.2147,43.4267,40.5859,40.8767,15361500
1626355800,2021-07-15 00:00:00,40.5180,40.5277,37.3766,38.2201,14968000
1626442200,2021-07-16 00:00:00,38.8116,39.2188,35.4763,35.6411,14425600
1626701400,2021-07-19 00:00:00,34.1383,35.8059,33.6535,35.7187,17527800
1626787800,2021-07-20 00:00:00,36.1065,37.8905,34.7588,37.1730,12487200
1626874200,2021-07-21 00:00:00,37.4930,40.5762,37.4251,40.5762,12599700
1626960600,2021-07-22 00:00:00,39.6551,40.3532,38.6855,39.5000,8148900
1627047000,2021-07-23 00:00:00,40.0332,40.3435,38.7340,40.2853,8740400
1627306200,2021-07-26 00:00:00,39.3448,40.5180,39.3448,40.1884,7703500
1627392600,2021-07-27 00:00:00,39.5581,39.6066,35.5926,37.9584,17917400
1627479000,2021-07-28 00:00:00,38.3365,40.2368,37.8323,39.9266,12983000
1627565400,2021-07-29 00:00:00,39.9751,42.3602,39.9751,42.1275,15318400
1627651800,2021-07-30 00:00:00,40.9058,43.1455,40.7895,43.0389,13599200
1627911000,2021-08-02 00:00:00,43.8145,45.4628,43.5139,43.8339,17018600
1627997400,2021-08-03 00:00:00,43.9115,44.5805,42.2826,44.5708,10801400
1628083800,2021-08-04 00:00:00,44.7550,46.6844,44.6483,46.1609,13768900
1628170200,2021-08-05 00:00:00,46.7038,46.7232,45.0265,45.7342,8580700
1628256600,2021-08-06 00:00:00,44.9198,45.8312,44.7938,45.2107,6202000
1628515800,2021-08-09 00:00:00,45.4725,45.8312,44.1539,44.7453,5943700
1628602200,2021-08-10 00:00:00,44.9586,45.1525,42.1760,43.0970,9994500
1628688600,2021-08-11 00:00:00,43.6885,43.7466,41.1385,42.8256,10016600
1628775000,2021-08-12 00:00:00,42.1178,42.1760,40.2950,41.3227,9746100
1628861400,2021-08-13 00:00:00,41.2064,42.2729,41.0028,42.1566,7655800
1629120600,2021-08-16 00:00:00,41.6039,42.1081,40.6537,41.7009,6658600
1629207000,2021-08-17 00:00:00,40.6537,40.6731,38.1426,39.2285,13983700
1629293400,2021-08-18 00:00:00,39.0637,39.7133,37.4057,37.4833,10760100
1629379800,2021-08-19 00:00:00,37.0179,39.0346,36.0095,38.4238,14855300
1629466200,2021-08-20 00:00:00,38.7437,39.5097,37.8226,39.1994,10732300
1629725400,2021-08-23 00:00:00,40.1399,42.4571,40.1399,42.3602,12229000
1629811800,2021-08-24 00:00:00,42.6413,43.0873,42.0596,42.3989,8557100
1629898200,2021-08-25 00:00:00,42.8353,44.2605,42.7674,43.4170,10125800
1629984600,2021-08-26 00:00:00,43.1649,43.9503,42.3796,43.3200,9529400
1630071000,2021-08-27 00:00:00,43.4849,46.0542,43.3297,45.8603,12358300
1630330200,2021-08-30 00:00:00,46.3257,47.5085,45.6955,46.2869,10291100
1630416600,2021-08-31 00:00:00,46.3160,46.5099,43.9890,45.1331,9620800
1630503000,2021-09-01 00:00:00,45.7924,45.8603,44.4350,44.5611,7246900
1630589400,2021-09-02 00:00:00,44.9392,45.2979,44.3090,44.8907,7168600
1630675800,2021-09-03 00:00:00,44.7356,46.3936,44.5611,45.8021,7374000
1631021400,2021-09-07 00:00:00,45.9185,45.9669,44.5223,45.3464,5660800
1631107800,2021-09-08 00:00:00,44.6968,44.9586,42.4280,43.5818,11787400
1631194200,2021-09-09 00:00:00,43.5430,44.8519,43.5236,44.1636,8643000
1631280600,2021-09-10 00:00:00,45.2204,47.1498,45.0943,45.1719,14399600
1631539800,2021-09-13 00:00:00,46.3451,46.7038,44.5320,46.4129,11356400
1631626200,2021-09-14 00:00:00,46.9268,47.4795,45.7052,46.4129,10129200
1631712600,2021-09-15 00:00:00,46.5972,47.2177,45.3367,47.1110,9321800
1631799000,2021-09-16 00:00:00,46.2869,48.0224,45.5888,47.5764,9094400
1631885400,2021-09-17 00:00:00,47.1595,47.1692,44.5708,45.3270,14478900
1632144600,2021-09-20 00:00:00,42.4183,42.8546,39.9072,41.9820,19454600
1632231000,2021-09-21 00:00:00,42.6995,43.1649,41.0610,42.2729,9972400
1632317400,2021-09-22 00:00:00,43.1067,45.1525,42.6704,44.8519,11093200
1632403800,2021-09-23 00:00:00,45.4628,47.0722,45.0071,46.6359,11819600
1632490200,2021-09-24 00:00:00,45.4337,46.7620,45.3561,46.4905,7465000
1632749400,2021-09-27 00:00:00,45.1040,46.7135,44.1733,46.2384,10241300
1632835800,2021-09-28 00:00:00,43.5334,44.3963,40.7701,40.9446,23988000
1632922200,2021-09-29 00:00:00,41.2646,41.3809,38.5692,38.8988,19889700
1633008600,2021-09-30 00:00:00,39.8102,40.6731,38.7825,38.8213,14470200
1633095000,2021-10-01 00:00:00,39.2673,39.4612,36.9015,38.8504,16368700
1633354200,2021-10-04 00:00:00,38.1135,38.3171,35.4569,35.8932,20555400
1633440600,2021-10-05 00:00:00,36.4555,38.1911,36.1259,37.4736,15194100
1633527000,2021-10-06 00:00:00,36.1841,37.9487,35.7962,37.8711,16403200
1633613400,2021-10-07 00:00:00,39.2963,40.7507,39.0443,39.1606,13234300
1633699800,2021-10-08 00:00:00,39.6551,39.8199,37.8905,38.1329,10297000
1633959000,2021-10-11 00:00:00,37.5802,39.1606,37.1924,37.2118,9446400
1634045400,2021-10-12 00:00:00,38.0165,38.1135,35.3599,35.9223,19847400
1634131800,2021-10-13 00:00:00,36.5525,37.1342,36.1065,36.5040,11660600
1634218200,2021-10-14 00:00:00,38.4334,39.8296,38.1426,39.8005,14800900
1634304600,2021-10-15 00:00:00,40.7507,41.0028,40.0429,40.5665,10988500
1634563800,2021-10-18 00:00:00,39.8878,41.6621,39.2091,41.5554,8498200
1634650200,2021-10-19 00:00:00,41.7978,43.1261,41.3324,43.0776,11476200
1634736600,2021-10-20 00:00:00,42.7868,43.3685,42.3020,42.8547,9908200
1634823000,2021-10-21 00:00:00,42.0111,44.3284,41.9820,44.2023,10019700
1634909400,2021-10-22 00:00:00,43.4752,44.8229,42.4377,42.7092,12691700
1635168600,2021-10-25 00:00:00,43.2425,44.2799,42.8159,43.6885,9706700
1635255000,2021-10-26 00:00:00,44.6192,45.0362,43.1843,43.5915,12067800
1635341400,2021-10-27 00:00:00,42.8837,44.2217,42.2341,42.7480,13076300
1635427800,2021-10-28 00:00:00,44.4447,45.6664,44.1829,45.5694,15904400
1635514200,2021-10-29 00:00:00,44.5708,46.1996,44.2314,46.1996,12735000
1635773400,2021-11-01 00:00:00,46.3354,48.4393,46.0057,48.4393,14647400
1635859800,2021-11-02 00:00:00,48.3036,50.2427,48.2939,50.2427,12421100
1635946200,2021-11-03 00:00:00,50.4851,52.1721,49.8549,52.0364,11472200
1636032600,2021-11-04 00:00:00,53.7331,58.0089,52.9090,57.2817,20539200
1636119000,2021-11-05 00:00:00,58.2125,60.5007,57.4078,59.0560,19536100
1636381800,2021-11-08 00:00:00,60.2098,62.7404,59.6184,61.6060,15603900
1636468200,2021-11-09 00:00:00,63.2833,63.6324,59.5408,61.4702,16385900
1636554600,2021-11-10 00:00:00,58.2222,60.5976,55.3329,56.1861,17648300
1636641000,2021-11-11 00:00:00,58.8718,60.1032,57.5629,59.7638,13055700
1636727400,2021-11-12 00:00:00,60.3262,62.2944,59.3081,61.4218,13052700
1636986600,2021-11-15 00:00:00,62.7598,62.7694,59.3954,61.2763,11837400
1637073000,2021-11-16 00:00:00,60.4813,64.4080,60.1225,64.1365,12693000
1637159400,2021-11-17 00:00:00,63.9911,64.1171,61.7611,62.5562,11636600
1637245800,2021-11-18 00:00:00,65.8042,66.8028,64.0202,65.9108,14102700
1637332200,2021-11-19 00:00:00,65.7945,67.7433,64.8443,66.5216,14527400
1637591400,2021-11-22 00:00:00,67.4234,70.2836,63.2445,63.4385,16809800
1637677800,2021-11-23 00:00:00,62.8567,64.5825,59.4826,62.7694,16233700
1637764200,2021-11-24 00:00:00,61.0727,64.8637,59.3469,64.8443,14762200
1637937000,2021-11-26 00:00:00,61.1794,63.0022,58.0283,59.5020,14919700
1638196200,2021-11-29 00:00:00,62.0035,66.5895,61.2957,66.3277,18352700
1638282600,2021-11-30 00:00:00,65.2321,67.2294,60.9758,62.7016,22246300
1638369000,2021-12-01 00:00:00,65.4842,68.8001,61.1309,61.2375,24798700
1638455400,2021-12-02 00:00:00,59.3954,62.7694,57.8635,61.3248,21014200
1638541800,2021-12-03 00:00:00,63.8941,65.8817,58.8524,61.0145,18842800
1638801000,2021-12-06 00:00:00,60.1710,61.3636,55.0517,60.6946,13816300
1638887400,2021-12-07 00:00:00,64.7280,70.3127,64.6892,69.7988,21654500
1638973800,2021-12-08 00:00:00,68.7711,69.0328,66.4053,68.5384,12500700
1639060200,2021-12-09 00:00:00,67.3167,69.4110,63.6615,63.8941,14533000
1639146600,2021-12-10 00:00:00,67.3458,68.3056,63.1864,65.5424,12329100
1639405800,2021-12-13 00:00:00,65.9496,66.6186,60.1129,60.4425,13561500
1639492200,2021-12-14 00:00:00,58.1737,60.4716,57.1460,59.6475,13311200
1639578600,2021-12-15 00:00:00,59.9577,66.2599,57.4369,66.0466,19005700
1639665000,2021-12-16 00:00:00,66.9095,67.3846,56.2540,57.4272,27692100
1639751400,2021-12-17 00:00:00,55.5947,59.7056,55.1293,57.1654,17729000
1640010600,2021-12-20 00:00:00,54.4312,56.9715,53.7816,55.7983,15681400
1640097000,2021-12-21 00:00:00,59.3225,61.7664,56.9950,61.5822,20477000
1640183400,2021-12-22 00:00:00,60.5833,63.5509,59.7493,63.4054,13011600
1640269800,2021-12-23 00:00:00,64.0067,66.6736,63.9291,65.3741,14507000
1640615400,2021-12-27 00:00:00,66.0432,70.7953,65.9463,70.7856,15598000
1640701800,2021-12-28 00:00:00,71.8329,71.8329,67.4689,68.3902,14401800
1640788200,2021-12-29 00:00:00,68.2932,70.0485,67.4980,68.8557,10702000
1640874600,2021-12-30 00:00:00,68.3708,69.1854,65.8396,66.2954,11188200
1640961000,2021-12-31 00:00:00,66.6251,67.9828,65.7814,65.9560,10152000
1641220200,2022-01-03 00:00:00,66.9646,69.9321,66.3245,69.9224,15794800
1641306600,2022-01-04 00:00:00,70.3879,71.9687,64.0455,68.9235,21988000
1641393000,2022-01-05 00:00:00,67.4882,69.2630,62.0089,62.0768,20821000
1641479400,2022-01-06 00:00:00,62.1543,64.3849,59.9820,63.5606,19343100
1641565800,2022-01-07 00:00:00,63.1145,64.0552,57.3539,57.9357,22625900
1641825000,2022-01-10 00:00:00,55.6082,58.3721,52.1945,58.1879,25112700
1641911400,2022-01-11 00:00:00,57.3054,61.5240,56.1319,61.3785,22053900
1641997800,2022-01-12 00:00:00,63.0272,64.3946,60.7482,62.6296,19392000
1642084200,2022-01-13 00:00:00,65.4614,67.0906,57.7806,58.3818,28866500
1642170600,2022-01-14 00:00:00,56.9853,62.5908,56.7914,62.5326,23880600
1642516200,2022-01-18 00:00:00,59.0704,59.5262,53.8238,54.2893,29055200
1642602600,2022-01-19 00:00:00,55.7440,56.4034,49.1978,49.2851,28683300
1642689000,2022-01-20 00:00:00,50.5459,51.5933,44.4264,44.6010,32438800
1642775400,2022-01-21 00:00:00,43.8543,47.4522,42.0892,42.3899,45826500
1643034600,2022-01-24 00:00:00,39.7617,44.1064,35.5140,44.0773,53548700
1643121000,2022-01-25 00:00:00,40.5085,42.0407,38.1907,38.9762,40326300
1643207400,2022-01-26 00:00:00,42.4578,45.6775,38.8889,40.8479,46405000
1643293800,2022-01-27 00:00:00,42.0892,42.1377,34.9127,35.2619,50033700
1643380200,2022-01-28 00:00:00,35.2716,37.2499,32.1003,37.2499,43946700
1643639400,2022-01-31 00:00:00,37.8124,43.3985,37.1433,43.2336,39362500
1643725800,2022-02-01 00:00:00,44.5040,44.7077,41.0128,44.5234,37795600
1643812200,2022-02-02 00:00:00,47.0061,48.0050,45.0568,47.8498,40548600
1643898600,2022-02-03 00:00:00,44.2034,46.3563,40.8770,41.3425,32875300
1643985000,2022-02-04 00:00:00,40.8091,43.1754,39.1508,42.1474,30575600
1644244200,2022-02-07 00:00:00,42.3220,44.1452,41.5655,42.0989,28382000
1644330600,2022-02-08 00:00:00,41.4589,45.4641,41.2552,45.1926,33686800
1644417000,2022-02-09 00:00:00,46.9673,49.6828,45.2993,49.4791,35302800
1644503400,2022-02-10 00:00:00,46.1430,50.6332,44.2034,45.0180,51371000
1644589800,2022-02-11 00:00:00,45.1538,46.2109,37.2596,38.3458,51212800
1644849000,2022-02-14 00:00:00,38.5495,40.5860,36.7165,38.3943,43218400
1644935400,2022-02-15 00:00:00,40.6345,44.8919,40.4115,44.6204,39910800
1645021800,2022-02-16 00:00:00,42.7390,45.0956,41.7401,44.7077,35357600
1645108200,2022-02-17 00:00:00,42.7875,43.0493,39.4417,39.6356,41858900
1645194600,2022-02-18 00:00:00,39.8975,40.1011,36.6293,38.4331,46904100
1645540200,2022-02-22 00:00:00,37.0754,40.3048,35.7177,37.4439,49765600
1645626600,2022-02-23 00:00:00,38.8598,40.0527,34.5539,34.8254,52830600
1645713000,2022-02-24 00:00:00,30.8493,38.8404,30.5971,38.7337,68362100
1645799400,2022-02-25 00:00:00,38.7919,40.5764,37.0075,40.5182,40949000
1646058600,2022-02-28 00:00:00,38.9859,40.9546,37.3954,39.7714,43350600
1646145000,2022-03-01 00:00:00,39.5484,40.0527,34.2824,35.4752,46635000
1646231400,2022-03-02 00:00:00,36.3383,39.6453,36.1056,38.9083,41485400
1646317800,2022-03-03 00:00:00,39.4223,39.6356,35.7080,36.4159,45902800
1646404200,2022-03-04 00:00:00,35.5237,36.2898,32.3525,33.7199,46799000
1646663400,2022-03-07 00:00:00,33.7684,34.5248,28.6090,28.6866,50665800
1646749800,2022-03-08 00:00:00,28.7739,33.3029,27.6198,30.2189,68456500
1646836200,2022-03-09 00:00:00,33.0895,34.5830,32.0712,33.8750,46482400
1646922600,2022-03-10 00:00:00,32.0712,32.1973,29.8698,31.7609,43831500
1647009000,2022-03-11 00:00:00,33.1283,33.3804,29.5788,29.7631,34118300
1647264600,2022-03-14 00:00:00,29.1036,29.9183,26.4755,27.0671,49351500
1647351000,2022-03-15 00:00:00,27.5908,30.7620,27.1640,30.5583,42082900
1647437400,2022-03-16 00:00:00,32.0421,35.3006,31.0917,35.2037,55754000
1647523800,2022-03-17 00:00:00,34.1854,35.8825,33.2835,35.8340,37147500
1647610200,2022-03-18 00:00:00,35.5043,38.4719,34.5248,37.9870,39797700
1647869400,2022-03-21 00:00:00,37.5312,38.7628,35.7662,37.8221,38312100
1647955800,2022-03-22 00:00:00,37.6252,39.7883,37.4700,38.4012,34654100
1648042200,2022-03-23 00:00:00,37.3536,38.7892,35.4913,35.5883,38313200
1648128600,2022-03-24 00:00:00,36.6843,40.9813,36.1800,40.8261,44687200
1648215000,2022-03-25 00:00:00,40.8067,41.0977,38.5564,40.7485,36316000
1648474200,2022-03-28 00:00:00,39.9629,41.5245,38.1393,41.4275,35741000
1648560600,2022-03-29 00:00:00,43.4936,44.6187,41.8155,44.2113,40148500
1648647000,2022-03-30 00:00:00,43.3674,43.8427,39.4585,40.1083,38435700
1648733400,2022-03-31 00:00:00,40.0210,40.5836,37.2663,37.6155,38547400
1648819800,2022-04-01 00:00:00,37.8968,38.1490,33.5804,35.2003,57428500
1649079000,2022-04-04 00:00:00,35.4816,37.0723,35.0839,36.8201,28200500
1649165400,2022-04-05 00:00:00,35.9763,36.1218,31.5532,31.8927,57649600
1649251800,2022-04-06 00:00:00,29.9236,31.1361,28.6724,29.5939,69146900
1649338200,2022-04-07 00:00:00,29.3417,30.4765,27.7994,29.5939,55657300
1649424600,2022-04-08 00:00:00,28.9634,29.0604,27.3047,27.4405,71608900
1649683800,2022-04-11 00:00:00,26.2280,26.8779,25.5491,25.6946,60558200
1649770200,2022-04-12 00:00:00,27.1980,27.9740,25.0835,25.4521,66793200
1649856600,2022-04-13 00:00:00,25.9662,27.6830,25.5200,27.1883,50484000
1649943000,2022-04-14 00:00:00,27.6927,27.7606,24.7731,24.8410,51193200
1650288600,2022-04-18 00:00:00,24.5015,26.8391,24.4045,26.1698,49251700
1650375000,2022-04-19 00:00:00,25.8789,28.0225,25.4327,27.8867,45358800
1650461400,2022-04-20 00:00:00,29.1671,29.9236,27.3920,27.6442,51891900
1650547800,2022-04-21 00:00:00,28.7112,29.6520,25.0350,25.4230,53808500
1650634200,2022-04-22 00:00:00,25.3163,25.7625,23.6382,23.7158,57459200
1650893400,2022-04-25 00:00:00,23.1726,24.9865,22.9689,24.8992,58210600
1650979800,2022-04-26 00:00:00,23.9680,24.1523,21.6789,21.7565,55039200
1651066200,2022-04-27 00:00:00,20.9708,22.8816,20.8350,21.2909,52406400
1651152600,2022-04-28 00:00:00,22.5034,25.5103,21.7274,24.8119,63555800
1651239000,2022-04-29 00:00:00,23.5703,25.1708,21.4364,21.5722,48104400
1651498200,2022-05-02 00:00:00,21.7080,23.8128,21.1551,23.7643,57669900
1651584600,2022-05-03 00:00:00,23.5994,24.9089,23.0368,24.3560,53115700
1651671000,2022-05-04 00:00:00,24.9186,27.2950,22.6003,27.1786,77054200
1651757400,2022-05-05 00:00:00,25.7334,25.8207,22.0669,23.2696,64302700
1651843800,2022-05-06 00:00:00,22.5422,24.1232,21.2812,22.6488,73607500
1652103000,2022-05-09 00:00:00,21.1648,21.9214,18.7399,19.1279,72482100
1652189400,2022-05-10 00:00:00,20.8059,21.4849,19.1279,20.4567,72934500
1652275800,2022-05-11 00:00:00,19.9135,21.3394,18.4004,18.5750,76546000
1652362200,2022-05-12 00:00:00,17.9542,19.3897,17.4207,18.8272,79889100
1652448600,2022-05-13 00:00:00,19.9523,22.2221,19.5740,21.8147,65885900
1652707800,2022-05-16 00:00:00,21.2036,21.8341,20.5634,20.7283,49300800
1652794200,2022-05-17 00:00:00,22.3870,23.9971,22.1542,23.8419,65619700
1652880600,2022-05-18 00:00:00,22.6973,23.6188,19.9135,20.2239,61497800
1652967000,2022-05-19 00:00:00,19.9329,21.3782,19.3024,19.8941,62522000
1653053400,2022-05-20 00:00:00,20.8932,20.9999,17.1297,19.7486,86718200
1653312600,2022-05-23 00:00:00,19.3315,20.2045,18.8660,20.0105,54498700
1653399000,2022-05-24 00:00:00,19.0988,19.2830,17.8863,18.5265,57291400
1653485400,2022-05-25 00:00:00,18.1676,20.0978,18.1579,19.5837,54536300
1653571800,2022-05-26 00:00:00,19.0212,22.1445,18.8951,21.8632,60520000
1653658200,2022-05-27 00:00:00,22.8913,24.6761,22.8816,24.5015,54680400
1654003800,2022-05-31 00:00:00,24.3851,24.8313,23.0368,24.1135,48671900
1654090200,2022-06-01 00:00:00,24.5791,24.9477,22.0281,22.9980,52378500
1654176600,2022-06-02 00:00:00,22.6973,25.4909,22.6003,25.4133,49439000
1654263000,2022-06-03 00:00:00,23.8128,24.2008,22.7943,23.2114,42093200
1654522200,2022-06-06 00:00:00,24.4918,24.8119,22.7749,23.1920,40514000
1654608600,2022-06-07 00:00:00,22.3288,23.9971,21.8632,23.8613,37067500
1654695000,2022-06-08 00:00:00,23.4345,23.7255,21.7468,22.2221,38501600
1654781400,2022-06-09 00:00:00,21.7177,22.8525,20.3985,20.4567,37937200
1654867800,2022-06-10 00:00:00,19.3800,19.8941,18.0997,18.2452,58924000
1655127000,2022-06-13 00:00:00,16.4216,16.8872,14.8794,15.0831,77061300
1655213400,2022-06-14 00:00:00,15.5293,15.7329,14.7533,15.2868,52253400
1655299800,2022-06-15 00:00:00,15.8590,16.9066,15.0055,16.1112,77001800
1655386200,2022-06-16 00:00:00,14.6854,14.7339,12.5999,13.1625,90753100
1655472600,2022-06-17 00:00:00,13.2401,13.5990,12.3962,13.2886,64012800
1655818200,2022-06-21 00:00:00,14.1034,14.9667,14.0549,14.3556,57522800
1655904600,2022-06-22 00:00:00,13.6359,14.5391,13.5388,13.8787,49362200
1655991000,2022-06-23 00:00:00,14.1604,14.1701,12.9561,13.6068,47625300
1656077400,2022-06-24 00:00:00,14.2186,15.3938,14.1507,15.3550,60548200
1656336600,2022-06-27 00:00:00,15.8406,15.9863,14.9276,15.3453,43426900
1656423000,2022-06-28 00:00:00,15.5395,16.1028,14.1021,14.1409,56957600
1656509400,2022-06-29 00:00:00,13.5971,13.6359,12.6550,13.1600,61516700
1656595800,2022-06-30 00:00:00,12.6550,13.4320,12.0237,12.7230,70274900
1656682200,2022-07-01 00:00:00,12.1305,12.2374,10.8097,11.2661,92067100
1657027800,2022-07-05 00:00:00,10.4309,11.5575,10.2269,11.5089,82942200
1657114200,2022-07-06 00:00:00,11.5769,12.1402,11.1884,11.7420,77177800
1657200600,2022-07-07 00:00:00,12.5384,13.4902,12.5384,13.3154,75926300
1657287000,2022-07-08 00:00:00,12.7521,13.7622,12.5870,13.5097,77437200
1657546200,2022-07-11 00:00:00,12.8687,13.0629,12.2859,12.5384,52520600
1657632600,2022-07-12 00:00:00,12.8007,13.0629,12.3539,12.5967,53368400
1657719000,2022-07-13 00:00:00,11.8294,13.1697,11.7809,12.9075,70014100
1657805400,2022-07-14 00:00:00,12.7910,13.8496,12.1791,13.6651,78227900
1657891800,2022-07-15 00:00:00,14.3255,14.7140,13.6359,14.6751,74112400
1658151000,2022-07-18 00:00:00,15.3744,15.7143,14.2089,14.4906,83926600
1658237400,2022-07-19 00:00:00,15.1607,16.6758,15.0539,16.4622,78348500
1658323800,2022-07-20 00:00:00,16.3456,17.9093,16.0251,17.6762,85890600
1658410200,2022-07-21 00:00:00,17.9870,18.5697,17.1712,18.5503,80210800
1658496600,2022-07-22 00:00:00,18.2978,18.3658,16.6564,17.1420,65689500
1658755800,2022-07-25 00:00:00,16.7341,16.8701,15.9571,16.8021,43336800
1658842200,2022-07-26 00:00:00,16.4427,16.7438,15.7823,15.9571,48959700
1658928600,2022-07-27 00:00:00,16.8215,18.5697,16.6758,18.1909,78797600
1659015000,2022-07-28 00:00:00,18.3172,18.9582,17.0740,18.8125,69548100
1659101400,2022-07-29 00:00:00,18.0355,19.4147,17.7927,19.2593,61313500
1659360600,2022-08-01 00:00:00,18.8514,20.0168,18.4823,19.4341,61205100
1659447000,2022-08-02 00:00:00,18.8708,20.2693,18.5600,19.3467,60816500
1659533400,2022-08-03 00:00:00,19.4050,21.0949,19.2981,20.9298,57214600
1659619800,2022-08-04 00:00:00,20.8521,21.6290,20.6093,21.4348,56294600
1659706200,2022-08-05 00:00:00,20.3567,21.4834,19.9780,20.9395,60067800
1659965400,2022-08-08 00:00:00,20.0557,20.7744,19.0068,19.9488,59477700
1660051800,2022-08-09 00:00:00,18.6765,18.6765,16.4233,17.1809,65153600
1660138200,2022-08-10 00:00:00,18.5309,19.4438,17.8607,19.3370,69125300
1660224600,2022-08-11 00:00:00,19.8809,20.9783,19.1136,19.2107,70069200
1660311000,2022-08-12 00:00:00,19.6575,21.0949,19.4050,20.9783,57238400
1660570200,2022-08-15 00:00:00,20.6287,21.3377,20.2014,21.1531,48991600
1660656600,2022-08-16 00:00:00,20.8618,21.1143,19.8032,20.5316,48777200
1660743000,2022-08-17 00:00:00,19.5992,19.6186,18.1715,18.9873,67988800
1660829400,2022-08-18 00:00:00,19.1524,20.7452,18.9388,20.2888,50790800
1660915800,2022-08-19 00:00:00,19.4827,19.7934,18.3463,18.6183,49700800
1661175000,2022-08-22 00:00:00,17.5791,17.6276,16.2873,16.5496,51389400
1661261400,2022-08-23 00:00:00,16.5884,17.5402,16.5204,16.8312,49723200
1661347800,2022-08-24 00:00:00,16.7535,17.0837,16.2873,16.9089,42087500
1661434200,2022-08-25 00:00:00,16.9575,18.8222,16.9186,18.7640,58659800
1661520600,2022-08-26 00:00:00,18.6960,18.7737,15.4909,15.5201,84676900
1661779800,2022-08-29 00:00:00,15.0345,15.5881,14.5197,14.6168,61062700
1661866200,2022-08-30 00:00:00,15.0539,15.1219,13.5582,14.0535,77063100
1661952600,2022-08-31 00:00:00,14.2672,14.2769,13.2669,13.6359,86870500
1662039000,2022-09-01 00:00:00,12.6550,12.8784,11.6255,12.8395,113345600
1662125400,2022-09-02 00:00:00,13.4417,13.7330,12.2665,12.4899,100737200
1662471000,2022-09-06 00:00:00,12.5384,12.6550,11.7226,12.0625,79919100
1662557400,2022-09-07 00:00:00,12.0625,12.9366,11.8780,12.6161,79632700
1662643800,2022-09-08 00:00:00,12.2762,13.4028,12.0140,13.2571,103258300
1662730200,2022-09-09 00:00:00,13.8496,14.4226,13.7816,14.2284,81908900
1662989400,2022-09-12 00:00:00,14.4032,14.6168,13.8884,14.3546,67153300
1663075800,2022-09-13 00:00:00,12.7715,13.1017,11.6061,11.7420,85975600
1663162200,2022-09-14 00:00:00,11.9266,12.3733,11.5964,12.1014,65846900
1663248600,2022-09-15 00:00:00,11.8780,12.3053,11.2564,11.5672,94630600
1663335000,2022-09-16 00:00:00,11.1399,11.7517,10.8582,11.7129,87622100
1663594200,2022-09-19 00:00:00,11.2856,12.0820,11.2370,11.9071,75532200
1663680600,2022-09-20 00:00:00,11.5466,11.7318,11.1374,11.4005,70577400
1663767000,2022-09-21 00:00:00,11.4589,12.5892,11.0886,11.1081,125021300
1663853400,2022-09-22 00:00:00,10.8840,11.0302,9.9876,10.2409,112096100
1663939800,2022-09-23 00:00:00,9.8122,9.8804,9.2081,9.7732,120047000
1664199000,2022-09-26 00:00:00,9.6563,10.0948,9.2568,9.3055,96464800
1664285400,2022-09-27 00:00:00,9.7830,10.0168,9.1496,9.5588,115839400
1664371800,2022-09-28 00:00:00,9.3250,10.0850,9.2081,9.9096,119412700
1664458200,2022-09-29 00:00:00,9.4517,9.4906,8.5747,9.0522,128122600
1664544600,2022-09-30 00:00:00,8.6721,9.3640,8.5162,8.6332,109534300
1664803800,2022-10-03 00:00:00,8.8573,9.7440,8.6527,9.4517,126786100
1664890200,2022-10-04 00:00:00,10.3091,10.8158,10.2702,10.7574,114533100
1664976600,2022-10-05 00:00:00,10.2604,11.3615,9.9486,11.1276,110030200
1665063000,2022-10-06 00:00:00,11.0010,11.6148,10.7671,10.9035,117138000
1665149400,2022-10-07 00:00:00,9.9194,10.0168,8.7696,8.9742,134873300
1665408600,2022-10-10 00:00:00,8.8378,8.8573,7.6588,8.0680,163448700
1665495000,2022-10-11 00:00:00,7.6100,7.8147,7.0157,7.3762,186475200
1665581400,2022-10-12 00:00:00,7.2982,7.4249,7.0449,7.1521,110516500
1665667800,2022-10-13 00:00:00,6.2556,8.1460,6.0510,7.7952,284532700
1665754200,2022-10-14 00:00:00,8.0485,8.0583,6.6941,6.7526,177216100
1666013400,2022-10-17 00:00:00,7.2788,7.4736,7.0157,7.1423,113321500
1666099800,2022-10-18 00:00:00,7.8342,7.9998,6.8598,7.2105,185506400
1666186200,2022-10-19 00:00:00,7.0839,7.6003,7.0157,7.3762,134272400
1666272600,2022-10-20 00:00:00,7.5029,8.2044,7.3957,7.5029,170614600
1666359000,2022-10-21 00:00:00,7.4541,8.4188,7.3567,8.3603,178616600
1666618200,2022-10-24 00:00:00,8.4188,8.5844,7.8731,8.4578,147205700
1666704600,2022-10-25 00:00:00,8.5747,9.2276,8.5260,9.0229,127146900
1666791000,2022-10-26 00:00:00,8.5162,9.4224,8.3311,8.7793,143571600
1666877400,2022-10-27 00:00:00,8.9255,9.1983,8.2629,8.3019,129662300
1666963800,2022-10-28 00:00:00,8.3408,9.3152,8.2726,9.2568,129291600
1667223000,2022-10-31 00:00:00,9.0619,9.1106,8.5260,8.6916,118351000
1667309400,2022-11-01 00:00:00,9.1691,9.2763,8.7111,8.8670,108638200
1667395800,2022-11-02 00:00:00,9.0327,9.5199,7.9901,8.0290,174985600
1667482200,2022-11-03 00:00:00,7.5808,8.0778,7.3372,7.6880,135668700
1667568600,2022-11-04 00:00:00,8.4968,8.8280,8.2044,8.7598,173041700
1667831400,2022-11-07 00:00:00,9.0327,9.4419,8.6527,9.3445,105846700
1667917800,2022-11-08 00:00:00,9.8512,10.2896,9.3640,9.9096,147373300
1668004200,2022-11-09 00:00:00,9.4906,9.5686,8.9450,9.0034,107444900
1668090600,2022-11-10 00:00:00,10.5235,11.8584,10.2896,11.7707,196270300
1668177000,2022-11-11 00:00:00,11.9656,13.0667,11.5271,12.8815,166468400
1668436200,2022-11-14 00:00:00,12.6574,13.1641,12.4041,12.4431,108739600
1668522600,2022-11-15 00:00:00,13.9729,14.0703,12.9692,13.5149,159797700
1668609000,2022-11-16 00:00:00,12.5990,12.6574,11.5661,11.8194,112310400
1668695400,2022-11-17 00:00:00,11.0497,12.2579,11.0204,12.0533,128795400
1668781800,2022-11-18 00:00:00,12.6574,12.6964,11.7610,12.1702,117064100
1669041000,2022-11-21 00:00:00,11.7610,11.8877,11.4394,11.5856,84238200
1669127400,2022-11-22 00:00:00,11.8292,12.6087,11.5466,12.5697,86949600
1669213800,2022-11-23 00:00:00,12.5697,13.3980,12.5113,12.9790,113790600
1669386600,2022-11-25 00:00:00,12.7938,12.9205,12.5015,12.5308,41754500
1669645800,2022-11-28 00:00:00,12.0436,12.4333,11.3030,11.5369,87803100
1669732200,2022-11-29 00:00:00,11.6441,11.8682,11.2056,11.4297,75056000
1669818600,2022-11-30 00:00:00,11.5369,13.4954,11.2251,13.4662,133385800
1669905000,2022-12-01 00:00:00,13.7293,13.7682,12.6087,13.1544,112133900
1669991400,2022-12-02 00:00:00,12.1702,12.7938,11.9851,12.6964,98017700
1670250600,2022-12-05 00:00:00,12.4723,12.8231,11.8877,12.2677,71095100
1670337000,2022-12-06 00:00:00,12.2190,12.2774,11.0887,11.4199,86923400
1670423400,2022-12-07 00:00:00,11.1179,11.6246,11.0399,11.4005,86276700
1670509800,2022-12-08 00:00:00,11.5856,12.3943,11.3517,12.2969,101888300
1670596200,2022-12-09 00:00:00,12.1702,12.6574,11.8682,12.0046,88787400
1670855400,2022-12-12 00:00:00,11.8292,12.6769,11.6343,12.6477,73482200
1670941800,2022-12-13 00:00:00,14.3431,14.5283,12.8036,13.2810,180078900
1671028200,2022-12-14 00:00:00,13.1641,13.6708,12.2190,12.6672,139612300
1671114600,2022-12-15 00:00:00,11.9169,12.0630,11.0302,11.1081,107181700
1671201000,2022-12-16 00:00:00,10.9133,11.1861,10.4943,10.8256,88813800
1671460200,2022-12-19 00:00:00,10.8353,10.8645,10.0850,10.4163,82876800
1671546600,2022-12-20 00:00:00,10.0232,10.5121,9.9352,10.1797,88304000
1671633000,2022-12-21 00:00:00,10.3948,11.0206,10.3655,10.8935,83240400
1671719400,2022-12-22 00:00:00,10.3068,10.3264,8.9084,9.5636,135617300
1671805800,2022-12-23 00:00:00,9.3778,9.5929,9.0258,9.5538,92378600
1672151400,2022-12-27 00:00:00,9.3680,9.3778,8.9280,9.0649,78142100
1672237800,2022-12-28 00:00:00,8.8987,9.2214,8.5466,8.6640,83917300
1672324200,2022-12-29 00:00:00,9.0747,9.6125,8.9769,9.4560,90966000
1672410600,2022-12-30 00:00:00,9.0649,9.4854,8.8595,9.4560,64369800
1672756200,2023-01-03 00:00:00,9.9450,9.9841,8.9867,9.1529,97509800
1672842600,2023-01-04 00:00:00,9.6614,10.0428,9.3680,9.8472,114576600
1672929000,2023-01-05 00:00:00,9.5832,9.7787,9.3191,9.3583,83312800
1673015400,2023-01-06 00:00:00,9.7298,10.8251,9.3485,10.6295,123492600
1673274600,2023-01-09 00:00:00,11.2749,11.9985,11.0304,11.2749,136968300
1673361000,2023-01-10 00:00:00,11.1282,11.7247,10.9424,11.7052,90401400
1673447400,2023-01-11 00:00:00,11.7149,12.1550,11.3922,12.1256,80469400
1673533800,2023-01-12 00:00:00,12.3114,12.7906,11.5585,12.5363,135343400
1673620200,2023-01-13 00:00:00,12.0963,12.7124,11.9985,12.6635,74389800
1673965800,2023-01-17 00:00:00,12.5950,13.1329,12.3897,12.7710,74500500
1674052200,2023-01-18 00:00:00,13.1524,13.4555,12.5266,12.5363,82050400
1674138600,2023-01-19 00:00:00,12.2039,12.2430,11.3629,11.5096,99618400
1674225000,2023-01-20 00:00:00,11.8421,12.5755,11.4900,12.5070,89921600
1674484200,2023-01-23 00:00:00,12.8884,14.5801,12.8395,14.4139,125178200
1674570600,2023-01-24 00:00:00,13.9738,14.5214,13.8467,14.1205,75816000
1674657000,2023-01-25 00:00:00,13.4067,14.3063,13.0351,14.2085,93424800
1674743400,2023-01-26 00:00:00,14.6877,14.9615,13.9836,14.9028,111443300
1674829800,2023-01-27 00:00:00,14.1792,15.0201,14.0325,14.6486,101402600
1675089000,2023-01-30 00:00:00,14.0325,14.2965,13.4262,13.4947,81286700
1675175400,2023-01-31 00:00:00,13.3675,14.2281,13.3382,14.1987,97363300
1675261800,2023-02-01 00:00:00,14.4041,16.8977,14.3552,16.4283,150219900
1675348200,2023-02-02 00:00:00,16.9466,17.9929,16.6336,17.5235,116420900
1675434600,2023-02-03 00:00:00,16.4087,17.7289,16.2327,16.5554,94867600
1675693800,2023-02-06 00:00:00,15.7633,16.4870,15.5091,15.7438,77254800
1675780200,2023-02-07 00:00:00,15.8611,17.4551,15.7731,17.2008,119100900
1675866600,2023-02-08 00:00:00,16.9466,17.2986,15.9882,16.1251,72392900
1675953000,2023-02-09 00:00:00,16.9466,17.5039,15.8513,16.2132,84793400
1676039400,2023-02-10 00:00:00,15.7047,15.8611,14.9126,15.4504,78447700
1676298600,2023-02-13 00:00:00,15.6362,16.2523,15.2255,16.0567,60332300
1676385000,2023-02-14 00:00:00,15.7047,17.1421,15.3233,16.9466,111460800
1676471400,2023-02-15 00:00:00,16.4381,17.2008,16.0665,17.1519,74638200
1676557800,2023-02-16 00:00:00,16.2816,16.7901,15.8220,15.9198,81774100
1676644200,2023-02-17 00:00:00,15.6264,15.7633,14.7072,15.1570,82871000
1676989800,2023-02-21 00:00:00,14.4628,14.9713,13.5827,13.7000,68114400
1677076200,2023-02-22 00:00:00,13.7978,14.0912,13.2404,13.5240,70471500
1677162600,2023-02-23 00:00:00,14.7952,15.0006,13.9640,14.7463,94198000
1677249000,2023-02-24 00:00:00,13.9738,14.2183,13.6511,13.9934,74689200
1677508200,2023-02-27 00:00:00,14.6290,14.6779,14.1792,14.1792,61896900
1677594600,2023-02-28 00:00:00,14.0814,14.9321,13.9934,14.3259,59300500
1677681000,2023-03-01 00:00:00,14.4823,14.8832,14.1596,14.3552,63832600
1677767400,2023-03-02 00:00:00,13.7000,14.9028,13.3578,14.6779,73485400
1677853800,2023-03-03 00:00:00,14.7170,15.4211,14.3259,15.3331,72055200
1678113000,2023-03-06 00:00:00,15.4797,15.8905,14.7072,14.8343,56252700
1678199400,2023-03-07 00:00:00,14.8539,15.0788,14.1694,14.3259,66744300
1678285800,2023-03-08 00:00:00,14.5312,15.5482,14.5214,15.4602,71670200
1678372200,2023-03-09 00:00:00,15.4015,16.1740,14.4725,14.5801,87945700
1678458600,2023-03-10 00:00:00,14.7757,14.9126,13.5044,13.7391,128656300
1678714200,2023-03-13 00:00:00,13.3089,14.2183,12.8590,13.7098,121199400
1678800600,2023-03-14 00:00:00,14.4334,15.1962,14.2183,14.8832,107012500
1678887000,2023-03-15 00:00:00,14.2770,14.5214,13.4458,14.3650,126199700
1678973400,2023-03-16 00:00:00,14.1596,16.1545,13.9836,16.0567,108646600
1679059800,2023-03-17 00:00:00,16.1251,16.5261,15.4797,15.7731,79179200
1679319000,2023-03-20 00:00:00,15.7829,16.4185,15.4309,16.2425,62536400
1679405400,2023-03-21 00:00:00,16.6587,17.1680,15.6108,16.3257,76051300
1679491800,2023-03-22 00:00:00,16.3355,17.6479,15.8654,15.9046,95075000
1679578200,2023-03-23 00:00:00,16.6685,17.7948,16.2866,17.1288,97514400
1679664600,2023-03-24 00:00:00,16.7469,16.8644,15.7087,16.2278,90583300
1679923800,2023-03-27 00:00:00,16.4139,16.5706,15.4835,15.6402,64605200
1680010200,2023-03-28 00:00:00,15.5423,15.5520,14.5923,15.3072,75621600
1680096600,2023-03-29 00:00:00,16.0025,17.1092,15.9634,16.7273,90012500
1680183000,2023-03-30 00:00:00,17.3932,17.9123,17.2169,17.5793,80622200
1680269400,2023-03-31 00:00:00,17.1974,17.9612,17.0700,17.9221,68287500
1680528600,2023-04-03 00:00:00,17.5499,17.7850,16.7762,17.4422,57147300
1680615000,2023-04-04 00:00:00,17.5010,17.5303,16.1690,16.4433,64093400
1680701400,2023-04-05 00:00:00,15.9144,15.9732,15.0624,15.5912,86953300
1680787800,2023-04-06 00:00:00,15.1309,15.6794,14.7784,15.3366,65901100
1681133400,2023-04-10 00:00:00,14.9057,16.1592,14.8273,16.0515,63177700
1681219800,2023-04-11 00:00:00,16.3747,16.4433,15.7773,15.8752,52220200
1681306200,2023-04-12 00:00:00,16.3159,16.3943,14.9546,15.0134,76962300
1681392600,2023-04-13 00:00:00,15.0722,15.6206,14.7294,15.3464,59431400
1681479000,2023-04-14 00:00:00,15.3170,15.8556,14.7686,15.2582,56858500
1681738200,2023-04-17 00:00:00,14.7882,15.2974,14.6413,15.2582,56761700
1681824600,2023-04-18 00:00:00,15.6892,16.0221,15.0918,15.4541,56833200
1681911000,2023-04-19 00:00:00,14.8861,15.0624,14.6706,14.9449,53185600
1681997400,2023-04-20 00:00:00,14.4846,15.5716,14.4454,14.8861,65191000
1682083800,2023-04-21 00:00:00,14.7784,14.7784,14.1810,14.5531,68276000
1682343000,2023-04-24 00:00:00,14.4748,14.7294,14.0634,14.3279,48740200
1682429400,2023-04-25 00:00:00,14.1222,14.1222,12.8980,12.9274,89382800
1682515800,2023-04-26 00:00:00,13.3387,13.5052,12.9078,13.0939,68911200
1682602200,2023-04-27 00:00:00,13.0547,13.3191,12.2614,13.2604,87997600
1682688600,2023-04-28 00:00:00,13.4758,13.9753,13.2604,13.9361,65456800
1682947800,2023-05-01 00:00:00,14.1614,14.4846,14.0243,14.3572,57191000
1683034200,2023-05-02 00:00:00,14.3572,14.6021,13.6227,14.0536,61126500
1683120600,2023-05-03 00:00:00,13.8284,14.3181,13.5248,13.5542,71240700
1683207000,2023-05-04 00:00:00,13.2212,13.7109,12.9470,13.3191,62383900
1683293400,2023-05-05 00:00:00,13.3387,14.3768,13.1624,14.1712,62636200
1683552600,2023-05-08 00:00:00,14.1614,14.3964,13.7794,14.3475,41012800
1683639000,2023-05-09 00:00:00,13.7794,13.8284,13.4562,13.6521,57414300
1683725400,2023-05-10 00:00:00,14.0830,14.3377,13.6227,14.0145,78346700
1683811800,2023-05-11 00:00:00,14.0341,14.1320,13.3583,13.7794,54962200
1683898200,2023-05-12 00:00:00,13.8872,14.0732,13.3093,13.7305,46243600
1684157400,2023-05-15 00:00:00,13.8088,14.8273,13.6815,14.7980,64054000
1684243800,2023-05-16 00:00:00,14.6706,15.2485,14.6608,14.7392,54294600
1684330200,2023-05-17 00:00:00,15.1603,16.0025,14.8273,15.8067,77302900
1684416600,2023-05-18 00:00:00,16.0025,17.4324,15.9830,17.3051,91302200
1684503000,2023-05-19 00:00:00,17.2267,17.2757,16.7077,17.0309,49521200
1684762200,2023-05-22 00:00:00,16.5706,17.3540,16.5412,17.1680,43944400
1684848600,2023-05-23 00:00:00,16.8448,17.1876,16.4433,16.5706,41287200
1684935000,2023-05-24 00:00:00,15.5618,15.8948,15.1701,15.6990,87475800
1685021400,2023-05-25 00:00:00,17.7850,18.9896,17.2659,18.7545,124768700
1685107800,2023-05-26 00:00:00,19.6359,22.7796,19.6163,22.4075,112964600
1685453400,2023-05-30 00:00:00,24.0626,24.2878,22.1235,22.3977,99439100
1685539800,2023-05-31 00:00:00,21.2616,22.2018,20.6545,20.7132,73938700
1685626200,2023-06-01 00:00:00,21.0364,22.2802,20.3998,21.7024,74757400
1685712600,2023-06-02 00:00:00,22.2214,22.4173,21.0854,21.5652,65015000
1685971800,2023-06-05 00:00:00,21.3008,21.3008,20.2333,20.5369,35747700
1686058200,2023-06-06 00:00:00,20.1256,21.6044,20.0081,21.2812,49445200
1686144600,2023-06-07 00:00:00,21.6926,22.6229,21.0462,21.1931,65066100
1686231000,2023-06-08 00:00:00,21.3400,22.0060,21.0168,21.8199,43045900
1686317400,2023-06-09 00:00:00,22.5544,23.0049,21.6338,21.9374,50142100
1686576600,2023-06-12 00:00:00,22.7209,24.1703,22.6523,24.0920,52761000
1686663000,2023-06-13 00:00:00,25.2574,25.5414,24.2095,25.0321,82626800
1686749400,2023-06-14 00:00:00,24.7873,26.1486,24.3270,26.0898,84622000
1686835800,2023-06-15 00:00:00,25.2182,26.0213,24.8950,25.4141,64797200
1686922200,2023-06-16 00:00:00,26.2172,26.2367,24.6110,24.7187,55392600
1687267800,2023-06-20 00:00:00,24.3466,25.0223,23.4848,24.1409,43349100
1687354200,2023-06-21 00:00:00,23.7074,24.0213,22.2655,22.3440,59099400
1687440600,2023-06-22 00:00:00,21.8536,22.9325,21.7947,22.6579,44637500
1687527000,2023-06-23 00:00:00,21.5299,21.8536,21.1081,21.4710,44294000
1687786200,2023-06-26 00:00:00,21.8928,22.8737,21.6280,21.6672,47524300
1687872600,2023-06-27 00:00:00,21.8634,24.0213,21.5887,23.9036,54471000
1687959000,2023-06-28 00:00:00,22.7363,23.9722,22.6677,23.2660,55584500
1688045400,2023-06-29 00:00:00,23.6485,23.6485,22.7265,23.3543,45213700
1688131800,2023-06-30 00:00:00,24.0997,24.6882,23.8251,24.3548,47598800
1688391000,2023-07-03 00:00:00,24.7765,25.2572,24.2076,25.0021,25289900
1688563800,2023-07-05 00:00:00,24.5117,24.6981,23.3739,23.3935,38292000
1688650200,2023-07-06 00:00:00,22.1674,22.6088,21.6182,22.5402,49420400
1688736600,2023-07-07 00:00:00,22.6383,23.5701,22.3930,22.5206,41284000
1688995800,2023-07-10 00:00:00,22.7167,23.9722,22.6383,23.8545,39943500
1689082200,2023-07-11 00:00:00,24.2076,24.2665,22.8344,23.8741,44231000
1689168600,2023-07-12 00:00:00,24.9531,25.3552,24.5215,25.1983,54237000
1689255000,2023-07-13 00:00:00,26.0026,26.9246,25.7083,26.7579,42645500
1689341400,2023-07-14 00:00:00,26.8167,27.4935,25.4043,25.7280,47910200
1689600600,2023-07-17 00:00:00,25.7770,27.9839,25.2768,27.5229,50068600
1689687000,2023-07-18 00:00:00,27.2189,28.0036,26.5715,27.7191,45800100
1689773400,2023-07-19 00:00:00,27.8662,27.8957,26.5225,26.7677,49085500
1689859800,2023-07-20 00:00:00,25.2964,25.5612,23.4131,23.8251,67340600
1689946200,2023-07-21 00:00:00,24.5313,25.1002,24.0311,24.4430,43146400
1690205400,2023-07-24 00:00:00,24.4332,24.9531,24.0409,24.4234,29911500
1690291800,2023-07-25 00:00:00,24.8256,26.0811,24.8256,25.6299,39288500
1690378200,2023-07-26 00:00:00,24.7177,25.2375,23.7466,24.5804,54225500
1690464600,2023-07-27 00:00:00,26.4832,27.5131,25.5024,25.9536,83083300
1690551000,2023-07-28 00:00:00,27.4543,27.8957,26.6304,27.6112,60636000
1690810200,2023-07-31 00:00:00,27.9153,28.1997,27.4150,27.8662,37007400
1690896600,2023-08-01 00:00:00,27.2777,28.1703,26.9148,27.9839,36908400
1690983000,2023-08-02 00:00:00,26.9737,26.9737,24.3155,24.7961,81886500
1691069400,2023-08-03 00:00:00,23.8251,25.1100,23.6093,24.6686,51031600
1691155800,2023-08-04 00:00:00,24.3450,25.4533,23.6191,24.4038,59250900
1691415000,2023-08-07 00:00:00,24.9727,25.2866,24.5019,25.1689,40030800
1691501400,2023-08-08 00:00:00,24.0311,24.0801,22.9816,23.9918,52987700
1691587800,2023-08-09 00:00:00,23.9330,23.9722,22.5107,22.6481,49811500
1691674200,2023-08-10 00:00:00,23.2072,23.9428,21.8830,22.3734,65350400
1691760600,2023-08-11 00:00:00,21.5103,21.5789,20.6079,20.7354,66258400
1692019800,2023-08-14 00:00:00,20.4607,22.5205,20.2646,22.4911,55110100
1692106200,2023-08-15 00:00:00,22.1871,22.3832,21.2847,21.3827,45574800
1692192600,2023-08-16 00:00:00,21.2945,21.3631,20.0782,20.1371,54398900
1692279000,2023-08-17 00:00:00,20.2253,20.3529,19.3328,19.5289,50769000
1692365400,2023-08-18 00:00:00,18.8521,20.0390,18.7442,19.7643,63687900
1692624600,2023-08-21 00:00:00,20.1174,21.6084,19.9997,21.4612,60272400
1692711000,2023-08-22 00:00:00,22.2753,22.3832,20.6962,20.9414,59640500
1692797400,2023-08-23 00:00:00,20.5490,22.4519,20.5000,22.1674,67010200
1692883800,2023-08-24 00:00:00,23.4328,23.4622,19.8526,20.0194,87095000
1692970200,2023-08-25 00:00:00,19.9507,20.7648,19.0287,20.2646,73315300
1693229400,2023-08-28 00:00:00,20.8531,21.1768,20.3627,21.0100,57976500
1693315800,2023-08-29 00:00:00,20.6863,22.8639,20.5686,22.6284,62384100
1693402200,2023-08-30 00:00:00,22.4813,23.2464,21.9418,22.9521,58519900
1693488600,2023-08-31 00:00:00,22.7265,23.8153,22.6971,23.4033,57584100
1693575000,2023-09-01 00:00:00,23.8839,24.0409,23.0600,23.5603,50183300
1693920600,2023-09-05 00:00:00,23.2954,24.1095,22.9325,23.5603,39873800
1694007000,2023-09-06 00:00:00,23.4131,23.8251,22.2263,22.9914,45032300
1694093400,2023-09-07 00:00:00,21.4416,21.6280,20.5981,21.4514,61690800
1694179800,2023-09-08 00:00:00,21.3043,21.7653,20.8139,21.0885,40693000
1694439000,2023-09-11 00:00:00,21.8143,21.8830,20.1959,21.0395,55474600
1694525400,2023-09-12 00:00:00,20.5981,21.5593,20.4509,20.5392,49005100
1694611800,2023-09-13 00:00:00,20.4804,21.4514,20.3921,20.8237,56098900
1694698200,2023-09-14 00:00:00,21.4416,21.5103,20.6471,21.2356,54201500
1694784600,2023-09-15 00:00:00,20.8335,20.8629,19.0777,19.4112,77383000
1695043800,2023-09-18 00:00:00,18.9208,19.7938,18.8325,19.5485,41631100
1695130200,2023-09-19 00:00:00,19.4139,19.4631,18.7459,19.0897,50047300
1695216600,2023-09-20 00:00:00,19.3157,19.5711,18.1171,18.1564,58695600
1695303000,2023-09-21 00:00:00,17.4490,17.8125,17.0855,17.1149,68048000
1695389400,2023-09-22 00:00:00,17.5865,18.0483,17.3212,17.5276,65378900
1695648600,2023-09-25 00:00:00,17.3016,17.9599,17.0363,17.9009,56510100
1695735000,2023-09-26 00:00:00,17.4293,17.6062,16.6925,16.9381,70947400
1695821400,2023-09-27 00:00:00,17.3311,17.7634,16.5942,17.3704,80980900
1695907800,2023-09-28 00:00:00,17.2623,18.8834,17.0462,18.3136,88909800
1695994200,2023-09-29 00:00:00,19.0897,19.3157,18.3332,18.5395,75732800
1696253400,2023-10-02 00:00:00,18.6181,19.2371,18.1072,18.7459,65982800
1696339800,2023-10-03 00:00:00,18.2743,19.0504,17.2230,17.5767,77741000
1696426200,2023-10-04 00:00:00,17.8616,18.4806,17.4588,18.3136,74018800
1696512600,2023-10-05 00:00:00,18.2546,18.5395,17.5079,18.0778,63584100
1696599000,2023-10-06 00:00:00,17.7044,19.4434,17.3507,19.1290,92805900
1696858200,2023-10-09 00:00:00,18.5887,19.1880,18.1269,19.0406,62652500
1696944600,2023-10-10 00:00:00,19.2174,20.2589,18.9522,19.6989,67622800
1697031000,2023-10-11 00:00:00,19.9543,20.3178,19.4729,20.1508,62660000
1697117400,2023-10-12 00:00:00,20.3080,21.1922,19.7382,20.3178,83392100
1697203800,2023-10-13 00:00:00,20.4357,20.5242,18.5199,18.6476,88671200
1697463000,2023-10-16 00:00:00,18.7950,19.6497,18.7655,19.4631,65688500
1697549400,2023-10-17 00:00:00,18.3037,19.4139,17.5963,18.9620,90214600
1697635800,2023-10-18 00:00:00,18.0483,18.4609,17.6651,17.9599,81406400
1697722200,2023-10-19 00:00:00,18.4315,18.5985,16.9283,17.1248,115930900
1697808600,2023-10-20 00:00:00,17.1149,17.4784,16.2798,16.3486,83690500
1698067800,2023-10-23 00:00:00,16.0637,16.9577,15.5528,16.1030,89594500
1698154200,2023-10-24 00:00:00,16.3682,16.8300,16.1324,16.7416,79093400
1698240600,2023-10-25 00:00:00,16.0931,16.2307,14.4524,14.7078,107436500
1698327000,2023-10-26 00:00:00,14.8650,15.4054,14.2264,14.4720,101804700
1698413400,2023-10-27 00:00:00,15.0321,15.2973,14.6685,14.8356,91507300
1698672600,2023-10-30 00:00:00,14.5605,14.8454,13.7745,14.2755,104353000
1698759000,2023-10-31 00:00:00,14.2854,14.7668,13.7646,14.6391,75873100
1698845400,2023-11-01 00:00:00,14.6882,15.7394,14.6685,15.6707,100044400
1698931800,2023-11-02 00:00:00,16.6040,17.1051,16.0931,16.7809,89974100
1699018200,2023-11-03 00:00:00,17.2918,18.4315,17.1935,18.0581,88065900
1699281000,2023-11-06 00:00:00,18.1269,18.3136,17.4195,17.9304,52668800
1699367400,2023-11-07 00:00:00,17.8420,18.5494,17.7437,18.2743,56719500
1699453800,2023-11-08 00:00:00,18.3332,18.6280,17.9599,18.3430,50269100
1699540200,2023-11-09 00:00:00,18.7066,19.3550,17.9599,18.0679,75784400
1699626600,2023-11-10 00:00:00,18.7262,20.4161,18.5002,20.2392,95598900
1699885800,2023-11-13 00:00:00,19.7578,19.8462,19.2371,19.6694,57461900
1699972200,2023-11-14 00:00:00,21.1333,21.9979,21.0056,21.7523,94381100
1700058600,2023-11-15 00:00:00,22.2140,22.7740,21.7916,22.2337,78026200
1700145000,2023-11-16 00:00:00,21.9782,22.5088,21.7523,22.3221,61404400
1700231400,2023-11-17 00:00:00,22.0765,22.8821,21.9782,22.7249,54090800
1700490600,2023-11-20 00:00:00,22.6856,23.9923,22.6463,23.7565,56824400
1700577000,2023-11-21 00:00:00,23.1572,23.1867,22.0568,22.4400,63297900
1700663400,2023-11-22 00:00:00,22.8232,23.6976,22.4204,22.5972,64858200
1700836200,2023-11-24 00:00:00,22.5677,22.7446,22.3516,22.6856,21933500
1701095400,2023-11-27 00:00:00,22.3909,23.1277,22.2042,22.5677,40671500
1701181800,2023-11-28 00:00:00,22.1060,22.4891,21.5852,22.1453,53548300
1701268200,2023-11-29 00:00:00,23.0491,23.8744,22.7347,22.8133,69262600
1701354600,2023-11-30 00:00:00,23.0393,23.0590,21.8014,22.4105,58913500
1701441000,2023-12-01 00:00:00,21.9881,22.7937,21.4575,22.6660,54913400
1701700200,2023-12-04 00:00:00,21.9684,22.0470,20.9172,21.9193,55773300
1701786600,2023-12-05 00:00:00,21.3003,21.7031,20.9663,21.5459,51980900
1701873000,2023-12-06 00:00:00,22.4302,22.4891,21.0350,21.0940,60117400
1701959400,2023-12-07 00:00:00,21.6344,22.9902,21.4379,22.7740,77337000
1702045800,2023-12-08 00:00:00,22.6070,23.6190,22.5481,23.2849,69286800
1702305000,2023-12-11 00:00:00,23.9629,25.9180,23.8843,25.6527,80772700
1702391400,2023-12-12 00:00:00,25.2990,26.2521,25.1517,26.1833,55752100
1702477800,2023-12-13 00:00:00,26.2324,27.9026,25.9573,27.4310,80992700
1702564200,2023-12-14 00:00:00,28.1188,29.9560,28.1090,29.6613,86502800
1702650600,2023-12-15 00:00:00,29.9266,31.0368,29.8185,30.0346,66922000
1702909800,2023-12-18 00:00:00,30.0248,30.1722,28.9441,29.7595,46100400
1702996200,2023-12-19 00:00:00,29.7988,30.4374,29.7595,30.2115,39361100
1703082600,2023-12-20 00:00:00,29.6711,30.0838,27.5588,27.6079,59562600
1703169000,2023-12-21 00:00:00,29.2947,29.9446,28.9008,29.7969,62019200
1703255400,2023-12-22 00:00:00,30.1514,30.6043,29.4227,30.0430,42657600
1703601000,2023-12-26 00:00:00,30.4566,32.0321,30.4369,31.6678,48619700
1703687400,2023-12-27 00:00:00,32.0617,32.2389,31.3625,31.8549,47991500
1703773800,2023-12-28 00:00:00,32.0912,32.2783,31.5595,31.7269,34883800
1703860200,2023-12-29 00:00:00,31.6776,31.8549,30.4172,30.9194,53294900
1704205800,2024-01-02 00:00:00,29.4325,29.4424,26.8428,27.6108,79763800
1704292200,2024-01-03 00:00:00,26.1830,26.6360,25.4839,25.8482,62304900
1704378600,2024-01-04 00:00:00,24.5780,25.9270,24.4204,25.1885,75067000
1704465000,2024-01-05 00:00:00,25.2574,26.2126,25.0112,25.5331,73944700
1704724200,2024-01-08 00:00:00,26.0846,28.2312,26.0255,27.9949,73206500
1704810600,2024-01-09 00:00:00,27.0791,28.6940,26.9314,27.9850,67616000
1704897000,2024-01-10 00:00:00,28.2017,28.2410,26.6754,27.7388,62528400
1704983400,2024-01-11 00:00:00,27.8176,28.5955,26.3701,28.0244,77551200
1705069800,2024-01-12 00:00:00,28.1426,28.5365,27.1874,27.6699,48992100
1705415400,2024-01-16 00:00:00,27.7192,29.3734,27.2760,28.7432,77707000
1705501800,2024-01-17 00:00:00,27.9358,28.1130,26.5474,27.9949,77075400
1705588200,2024-01-18 00:00:00,30.2498,30.8308,29.3537,30.7126,99590300
1705674600,2024-01-19 00:00:00,31.9238,34.4545,31.4118,34.3265,91848600
1705933800,2024-01-22 00:00:00,35.1339,36.0103,33.6962,34.7203,73322100
1706020200,2024-01-23 00:00:00,34.6908,35.4589,33.6963,35.3702,50847400
1706106600,2024-01-24 00:00:00,36.5322,38.3243,35.7050,36.8473,97248200
1706193000,2024-01-25 00:00:00,38.8954,38.9250,35.9611,36.5519,82851400
1706279400,2024-01-26 00:00:00,34.3363,35.0059,33.1842,33.4895,70933100
1706538600,2024-01-29 00:00:00,33.7061,34.5923,32.9971,34.5037,54398800
1706625000,2024-01-30 00:00:00,34.0311,34.5923,32.5442,33.0168,55768200
1706711400,2024-01-31 00:00:00,31.4315,33.3516,30.6634,31.6087,85888800
1706797800,2024-02-01 00:00:00,31.7859,32.2192,30.7225,31.9533,60671300
1706884200,2024-02-02 00:00:00,31.8549,33.4008,31.6776,33.1350,67828900
1707143400,2024-02-05 00:00:00,34.0212,35.0551,32.9085,34.5628,65899800
1707229800,2024-02-06 00:00:00,34.8287,34.9370,32.1601,33.3122,62828900
1707316200,2024-02-07 00:00:00,33.9129,34.9468,32.9479,34.8188,63261800
1707402600,2024-02-08 00:00:00,35.1930,37.3692,35.0945,36.5814,59516900
1707489000,2024-02-09 00:00:00,37.2805,38.9348,36.6011,38.7182,65860900
1707748200,2024-02-12 00:00:00,38.8068,40.6974,38.0584,38.5508,72207900
1707834600,2024-02-13 00:00:00,35.1634,37.3790,34.6219,36.2761,86489300
1707921000,2024-02-14 00:00:00,37.5562,38.6690,37.0344,38.5212,62424100
1708007400,2024-02-15 00:00:00,39.3878,39.5060,37.9107,38.5114,60937300
1708093800,2024-02-16 00:00:00,39.2302,40.1559,37.3889,37.7434,77150800
1708439400,2024-02-20 00:00:00,36.6700,37.0934,34.1295,35.8626,80980100
1708525800,2024-02-21 00:00:00,34.5726,35.5967,34.0507,35.5869,64615200
1708612200,2024-02-22 00:00:00,39.8309,41.4064,39.2598,40.7860,96865500
1708698600,2024-02-23 00:00:00,41.4950,42.0268,38.8068,39.5552,68430000
1708957800,2024-02-26 00:00:00,40.5891,41.1602,39.7817,40.5793,49475100
1709044200,2024-02-27 00:00:00,41.1701,41.5147,40.1558,40.4808,48124600
1709130600,2024-02-28 00:00:00,39.1318,39.8801,38.5508,39.1908,46281900
1709217000,2024-02-29 00:00:00,40.5793,42.4699,40.1460,42.1843,67431600
1709303400,2024-03-01 00:00:00,43.7204,48.2008,43.5629,47.5903,90615500
1709562600,2024-03-04 00:00:00,49.2347,50.6232,48.2500,49.0083,81255500
1709649000,2024-03-05 00:00:00,47.2752,48.2500,44.5673,46.1231,76835800
1709735400,2024-03-06 00:00:00,49.0083,51.0564,47.9743,49.4514,91762300
1709821800,2024-03-07 00:00:00,51.3518,55.2020,51.3026,54.4733,91590800
1709908200,2024-03-08 00:00:00,55.0838,56.1178,48.0531,48.2008,129037200
1710163800,2024-03-11 00:00:00,46.2216,47.0586,44.4097,46.0542,76456400
1710250200,2024-03-12 00:00:00,47.6986,48.9295,45.2960,48.8212,89505900
1710336600,2024-03-13 00:00:00,47.1669,47.3047,44.3999,45.3747,79513600
1710423000,2024-03-14 00:00:00,44.8036,45.6308,41.5344,42.8638,77822900
1710509400,2024-03-15 00:00:00,41.1701,43.4644,40.9830,42.0858,72496500
1710768600,2024-03-18 00:00:00,44.0159,44.5673,41.6821,41.8889,65139200
1710855000,2024-03-19 00:00:00,40.1199,41.3420,38.3854,40.8196,83450200
1710941400,2024-03-20 00:00:00,40.9872,43.1651,40.0312,42.7709,79396800
1711027800,2024-03-21 00:00:00,46.9298,48.0533,45.3924,45.6388,82495700
1711114200,2024-03-22 00:00:00,45.0179,46.8115,44.5941,45.7570,57152800
1711373400,2024-03-25 00:00:00,43.8550,46.4962,43.5002,45.2248,54917700
1711459800,2024-03-26 00:00:00,46.1414,46.6834,44.2295,44.3773,55697600
1711546200,2024-03-27 00:00:00,45.5599,45.8654,43.2735,45.8260,56643600
1711632600,2024-03-28 00:00:00,45.6388,46.6144,45.3431,45.8556,45684700
1711978200,2024-04-01 00:00:00,46.0527,49.2654,46.0428,47.2944,63270000
1712064600,2024-04-02 00:00:00,45.1657,45.4909,43.7367,45.2150,57411500
1712151000,2024-04-03 00:00:00,43.6480,46.4961,43.5692,45.5205,54158200
1712237400,2024-04-04 00:00:00,47.4324,47.7872,41.3715,41.7559,82719300
1712323800,2024-04-05 00:00:00,42.0811,43.8846,41.3321,42.9878,71151400
1712583000,2024-04-08 00:00:00,43.8550,44.5350,42.8695,43.3622,42780900
1712669400,2024-04-09 00:00:00,44.7124,45.1854,42.5443,44.7321,66283900
1712755800,2024-04-10 00:00:00,42.4851,44.1211,41.5785,42.4654,74894000
1712842200,2024-04-11 00:00:00,43.0764,45.3825,42.0417,45.1362,64703800
1712928600,2024-04-12 00:00:00,42.6921,42.9188,40.4353,40.9083,79978400
1713187800,2024-04-15 00:00:00,42.3669,42.7709,38.5333,39.2034,62077800
1713274200,2024-04-16 00:00:00,39.1738,40.5733,38.6417,39.9524,62696200
1713360600,2024-04-17 00:00:00,40.0115,40.2579,36.1089,36.5228,85426600
1713447000,2024-04-18 00:00:00,35.5176,36.2666,34.0295,34.4040,91529700
1713533400,2024-04-19 00:00:00,33.4678,34.0788,29.7623,30.3437,105240100
1713792600,2024-04-22 00:00:00,31.1223,32.3739,30.0579,31.6052,65096900
1713879000,2024-04-23 00:00:00,32.3443,34.1576,32.1176,33.6156,66511500
1713965400,2024-04-24 00:00:00,36.3750,36.9367,34.0985,34.9756,80370100
1714051800,2024-04-25 00:00:00,34.7686,37.6266,34.1379,36.8678,80677600
1714138200,2024-04-26 00:00:00,36.7791,39.7060,36.4736,39.2231,59041700
1714397400,2024-04-29 00:00:00,39.0260,40.2382,38.1489,40.0214,51120700
1714483800,2024-04-30 00:00:00,39.4991,40.8886,37.5675,37.6266,56304200
1714570200,2024-05-01 00:00:00,35.5570,37.5083,33.1623,33.8718,97290300
1714656600,2024-05-02 00:00:00,35.4585,36.3750,33.6255,35.9217,56653400
1714743000,2024-05-03 00:00:00,38.1883,39.0063,37.5478,38.4052,58599400
1715002200,2024-05-06 00:00:00,39.3907,40.7802,38.9078,40.7014,48404800
1715088600,2024-05-07 00:00:00,40.9280,41.3025,39.6962,39.7750,51508400
1715175000,2024-05-08 00:00:00,38.4938,39.9130,38.3953,39.8243,53735100
1715261400,2024-05-09 00:00:00,39.8144,40.0312,38.7402,39.3808,39132700
1715347800,2024-05-10 00:00:00,40.5536,41.6278,39.9327,40.4353,47048400
1715607000,2024-05-13 00:00:00,40.9970,41.4602,40.4846,40.6718,30565400
1715693400,2024-05-14 00:00:00,40.5831,42.8104,40.4550,42.5837,41581500
1715779800,2024-05-15 00:00:00,44.0225,46.3877,43.3524,46.3188,58063500
1715866200,2024-05-16 00:00:00,46.2793,47.3338,45.5402,45.5895,46325500
1715952600,2024-05-17 00:00:00,46.3385,46.6933,43.6875,44.7420,40965800
1716211800,2024-05-20 00:00:00,45.2938,48.5854,45.1460,47.5506,55103200
1716298200,2024-05-21 00:00:00,45.8753,47.4915,45.7373,47.2846,36437200
1716384600,2024-05-22 00:00:00,48.5361,49.2753,47.4028,48.6643,55487800
1716471000,2024-05-23 00:00:00,52.3796,52.4289,46.8608,48.1025,81175900
1716557400,2024-05-24 00:00:00,49.2950,51.3153,48.6347,50.6944,48477400
1716903000,2024-05-28 00:00:00,52.5669,54.0944,50.9999,53.2567,50658400
1716989400,2024-05-29 00:00:00,50.4086,51.1674,49.9159,50.2411,42965600
1717075800,2024-05-30 00:00:00,50.1031,50.5959,48.2701,49.2753,38260500
1717162200,2024-05-31 00:00:00,49.5709,49.9848,43.7367,47.8857,72522600
1717421400,2024-06-03 00:00:00,50.0735,50.1918,45.4515,47.8857,53127300
1717507800,2024-06-04 00:00:00,47.7576,47.9448,45.7570,46.9002,46692500
1717594200,2024-06-05 00:00:00,49.3048,53.0892,48.8515,52.7443,66560100
1717680600,2024-06-06 00:00:00,53.0103,53.0103,50.4874,51.7489,43947600
1717767000,2024-06-07 00:00:00,51.4730,52.1332,50.0735,51.1182,50248700
1718026200,2024-06-10 00:00:00,49.7877,53.7889,49.6892,53.1680,43759400
1718112600,2024-06-11 00:00:00,52.6063,53.6903,50.9506,53.3848,37695700
1718199000,2024-06-12 00:00:00,56.4202,58.5883,55.9866,57.8689,73759300
1718285400,2024-06-13 00:00:00,59.1993,60.5987,57.4550,59.9779,45660700
1718371800,2024-06-14 00:00:00,58.0956,59.6724,57.5042,59.2289,39112000
1718631000,2024-06-17 00:00:00,60.1158,62.2347,58.0956,61.7616,54196500
1718717400,2024-06-18 00:00:00,62.5008,65.2306,62.1854,64.2944,47069100
1718890200,2024-06-20 00:00:00,64.5703,64.8758,57.9379,59.1500,60852900
1718976600,2024-06-21 00:00:00,57.5732,59.3077,55.2179,57.3564,50012300
1719235800,2024-06-24 00:00:00,55.6318,56.6567,52.2614,52.4486,54326400
1719322200,2024-06-25 00:00:00,53.5940,54.7997,51.7361,54.6515,43610200
1719408600,2024-06-26 00:00:00,54.5131,55.5607,52.2302,54.1376,41093400
1719495000,2024-06-27 00:00:00,53.6928,54.9282,52.2005,53.1690,35417000
1719581400,2024-06-28 00:00:00,54.2265,57.8930,53.4557,54.7108,55584600
1719840600,2024-07-01 00:00:00,54.7108,54.8985,51.6372,54.7108,43335000
1719927000,2024-07-02 00:00:00,53.7225,57.0727,53.6434,56.9245,45011700
1720013400,2024-07-03 00:00:00,57.4186,60.7985,56.5094,59.6818,40242700
1720186200,2024-07-05 00:00:00,61.1345,61.6484,59.0888,60.0968,38395400
1720445400,2024-07-08 00:00:00,61.5298,63.7436,61.4705,63.5558,42861600
1720531800,2024-07-09 00:00:00,64.3662,65.3742,61.6880,63.4965,41789800
1720618200,2024-07-10 00:00:00,65.1173,68.1908,64.2476,67.7856,48280800
1720704600,2024-07-11 00:00:00,69.1889,69.2581,60.5020,61.2630,75368500
1720791000,2024-07-12 00:00:00,62.1030,66.5107,60.9270,63.1901,51046400
1721050200,2024-07-15 00:00:00,64.1784,65.9771,62.3106,63.3878,48228700
1721136600,2024-07-16 00:00:00,64.2575,64.8208,61.5002,64.5342,39846400
1721223000,2024-07-17 00:00:00,57.9128,58.6045,50.6193,50.9454,99429800
1721309400,2024-07-18 00:00:00,53.5248,53.5347,48.5439,51.0542,94172600
1721395800,2024-07-19 00:00:00,51.1727,51.7558,46.2017,46.4488,75969100
1721655000,2024-07-22 00:00:00,49.4630,52.3290,48.2376,52.3093,73675300
1721741400,2024-07-23 00:00:00,49.9078,51.4593,49.4136,49.9374,50181600
1721827800,2024-07-24 00:00:00,47.8620,48.2178,41.7545,42.3969,90534800
1721914200,2024-07-25 00:00:00,41.0232,43.1875,36.9515,39.3135,143325900
1722000600,2024-07-26 00:00:00,41.7446,42.4957,40.2326,41.4284,82759200
1722259800,2024-07-29 00:00:00,42.8614,44.4723,40.7761,41.3197,80788400
1722346200,2024-07-30 00:00:00,41.8830,42.1696,36.3487,36.8033,108596000
1722432600,2024-07-31 00:00:00,41.8039,44.2351,40.9342,43.8694,96880500
1722519000,2024-08-01 00:00:00,41.5569,42.9108,33.0281,34.5895,163864400
1722605400,2024-08-02 00:00:00,30.2016,31.2195,27.8100,28.9959,198233900
1722864600,2024-08-05 00:00:00,23.2442,29.7964,23.2244,27.5629,220042200
1722951000,2024-08-06 00:00:00,28.2646,30.4388,26.8514,28.2448,137309500
1723037400,2024-08-07 00:00:00,30.9527,31.5654,25.6358,25.9125,146256500
1723123800,2024-08-08 00:00:00,28.2349,31.2294,26.5549,31.0910,149988600
1723210200,2024-08-09 00:00:00,30.3498,31.4172,29.2331,30.6463,96949800
1723469400,2024-08-12 00:00:00,30.7452,32.2078,29.8755,31.0416,89135100
1723555800,2024-08-13 00:00:00,32.2770,35.0145,31.8125,34.8662,103380000
1723642200,2024-08-14 00:00:00,35.7557,36.2103,32.8798,34.6389,112421600
1723728600,2024-08-15 00:00:00,36.9120,39.9954,36.4277,39.4518,107522700
1723815000,2024-08-16 00:00:00,38.3351,39.7582,37.6235,39.2641,82364600
1724074200,2024-08-19 00:00:00,38.8193,41.2604,37.4456,41.1121,77684200
1724160600,2024-08-20 00:00:00,40.5686,41.4284,38.6415,39.6198,83644600
1724247000,2024-08-21 00:00:00,40.2721,41.8632,39.8570,41.2406,83611500
1724333400,2024-08-22 00:00:00,42.0115,42.3771,36.6748,37.0701,107889900
1724419800,2024-08-23 00:00:00,38.7007,40.7267,38.1374,39.9262,87128100
1724679000,2024-08-26 00:00:00,39.2838,39.8175,36.4771,36.9317,86603000
1724765400,2024-08-27 00:00:00,36.0818,38.5130,35.1034,38.0386,74033300
1724851800,2024-08-28 00:00:00,37.6433,38.4043,34.8761,36.1708,101998500
1724938200,2024-08-29 00:00:00,36.6254,38.4734,35.2121,35.7656,97333200
1725024600,2024-08-30 00:00:00,38.2264,38.7600,36.6254,38.3351,85280800
1725370200,2024-09-03 00:00:00,36.3684,36.3783,29.0552,29.7174,140077900
1725456600,2024-09-04 00:00:00,28.7291,31.3184,28.3931,29.9447,108759900
1725543000,2024-09-05 00:00:00,28.7093,30.8341,28.4919,29.4011,100075900
1725629400,2024-09-06 00:00:00,28.7686,28.8279,25.2009,25.6556,156147600
1725888600,2024-09-09 00:00:00,26.8612,27.4048,25.8433,27.1083,84474500
1725975000,2024-09-10 00:00:00,27.2170,28.0571,25.9323,28.0175,81557500
1726061400,2024-09-11 00:00:00,28.5512,32.0398,26.7624,31.8421,143140900
1726147800,2024-09-12 00:00:00,31.3776,32.3066,29.9941,31.4369,98895800
1726234200,2024-09-13 00:00:00,32.1386,33.3245,31.9805,33.0379,78147300
1726493400,2024-09-16 00:00:00,31.6544,32.2572,30.4783,31.7828,79670100
1726579800,2024-09-17 00:00:00,32.9194,33.1664,30.9922,31.7828,86913700
1726666200,2024-09-18 00:00:00,32.1584,33.6013,30.6859,30.7748,113735500
1726752600,2024-09-19 00:00:00,34.2733,36.0126,33.4827,34.7081,123984300
1726839000,2024-09-20 00:00:00,33.6507,33.9966,31.6642,33.1565,108589600
1727098200,2024-09-23 00:00:00,33.5716,33.9768,32.8008,33.5222,59731600
1727184600,2024-09-24 00:00:00,34.4924,35.3438,33.2450,34.7201,83369600
1727271000,2024-09-25 00:00:00,34.3637,36.0963,34.3043,35.3834,73587500
1727357400,2024-09-26 00:00:00,39.7989,40.1059,36.3438,39.2544,138171800
1727443800,2024-09-27 00:00:00,39.6009,39.6108,36.7299,37.2843,85253500
1727703000,2024-09-30 00:00:00,35.8884,37.0368,34.7003,36.3141,74316700
1727789400,2024-10-01 00:00:00,36.2250,36.6210,32.4134,33.4925,124928300
1727875800,2024-10-02 00:00:00,33.5123,35.6903,32.8292,34.6112,81729100
1727962200,2024-10-03 00:00:00,33.7301,36.2448,33.6410,34.8587,86857200
1728048600,2024-10-04 00:00:00,36.9378,37.1556,35.0963,36.3141,100846900
1728307800,2024-10-07 00:00:00,35.5616,36.8685,35.2151,36.0468,73150200
1728394200,2024-10-08 00:00:00,36.0567,37.4526,35.3042,37.0863,66629700
1728480600,2024-10-09 00:00:00,36.9180,38.3733,36.1656,38.2248,67182800
1728567000,2024-10-10 00:00:00,36.7299,38.0367,35.9973,37.4526,79999000
1728653400,2024-10-11 00:00:00,36.5616,38.6604,36.4923,38.2842,58434500
1728912600,2024-10-14 00:00:00,39.0465,40.6504,38.9574,40.4128,69661800
1728999000,2024-10-15 00:00:00,40.0861,40.7791,33.3044,34.1261,131664200
1729085400,2024-10-16 00:00:00,35.3933,35.3933,33.6608,34.1162,70233000
1729171800,2024-10-17 00:00:00,36.7992,36.9873,34.8587,34.8587,97549000
1729258200,2024-10-18 00:00:00,35.8884,35.9676,34.5023,34.9181,56704300
1729517400,2024-10-21 00:00:00,34.4924,35.0270,33.3935,34.7399,59115800
1729603800,2024-10-22 00:00:00,34.0568,34.6805,33.5123,34.3439,51493100
1729690200,2024-10-23 00:00:00,34.0667,34.5320,31.9679,33.4628,81658300
1729776600,2024-10-24 00:00:00,34.2350,34.3934,33.1955,33.9479,60128300
1729863000,2024-10-25 00:00:00,34.8389,36.5022,34.8191,34.9280,82300500
1730122200,2024-10-28 00:00:00,34.9478,35.7300,34.4033,34.9973,51661100
1730208600,2024-10-29 00:00:00,35.1062,38.0664,34.5914,37.6011,72288200
1730295000,2024-10-30 00:00:00,34.6211,35.3438,33.5717,33.6707,89440100
1730381400,2024-10-31 00:00:00,32.6807,32.6906,28.9384,29.7898,135437800
1730467800,2024-11-01 00:00:00,30.3838,31.5125,30.0769,30.5224,80726000
1730730600,2024-11-04 00:00:00,30.3046,31.3540,29.7106,30.0472,60422400
1730817000,2024-11-05 00:00:00,30.0571,31.1758,29.9482,31.0669,63174900
1730903400,2024-11-06 00:00:00,32.9183,34.1558,32.0768,33.7796,97893100
1730989800,2024-11-07 00:00:00,35.4131,36.0072,35.0864,35.8488,77945800
1731076200,2024-11-08 00:00:00,35.2052,35.9181,34.4924,35.0567,62666300
1731335400,2024-11-11 00:00:00,34.0073,34.0667,31.1659,32.4431,99155700
1731421800,2024-11-12 00:00:00,32.0471,32.2253,30.0769,31.3540,75694800
1731508200,2024-11-13 00:00:00,30.5224,30.9085,29.1760,29.3938,92269200
1731594600,2024-11-14 00:00:00,30.2848,30.5323,29.0869,29.3047,68994200
1731681000,2024-11-15 00:00:00,27.7306,28.2058,26.1663,26.3940,113560200
1731940200,2024-11-18 00:00:00,26.4336,27.5524,26.0376,27.3940,70256700
1732026600,2024-11-19 00:00:00,27.0969,27.7504,26.8197,27.5722,57030600
1732113000,2024-11-20 00:00:00,27.0672,27.2851,25.7406,26.8593,90911700
1732199400,2024-11-21 00:00:00,27.7702,28.6315,26.2059,28.2058,106013200
1732285800,2024-11-22 00:00:00,27.9682,28.4038,27.5623,28.2058,52604100
1732545000,2024-11-25 00:00:00,29.2849,29.7997,28.4533,29.0374,70536000
1732631400,2024-11-26 00:00:00,29.7403,29.9482,27.1860,27.8494,73204200
1732717800,2024-11-27 00:00:00,27.4039,27.4732,25.3248,26.7108,84235700
1732890600,2024-11-29 00:00:00,27.2751,28.7503,27.2256,27.7801,54303400
1733149800,2024-12-02 00:00:00,28.2751,30.4927,28.1761,29.8987,89389800
1733236200,2024-12-03 00:00:00,29.2849,29.9779,29.1067,29.4334,59730300
1733322600,2024-12-04 00:00:00,31.2253,31.2451,29.9383,30.5719,67498800
1733409000,2024-12-05 00:00:00,30.4432,30.5620,28.5919,28.8295,59282100
1733495400,2024-12-06 00:00:00,28.9087,29.5621,28.6117,29.3146,49152300
1733754600,2024-12-09 00:00:00,28.7800,30.0175,28.3246,28.9384,54963000
1733841000,2024-12-10 00:00:00,29.1364,29.2354,26.2950,26.7900,77681700
1733927400,2024-12-11 00:00:00,28.0474,29.3344,27.5128,28.8295,77277400
1734013800,2024-12-12 00:00:00,28.1662,28.5424,27.4633,28.1761,59937600
1734100200,2024-12-13 00:00:00,30.0670,30.9976,29.1958,30.3937,103693900
1734359400,2024-12-16 00:00:00,30.8095,32.6213,30.0868,32.1857,85469700
1734445800,2024-12-17 00:00:00,31.2649,31.7699,30.2452,30.8194,64499000
1734532200,2024-12-18 00:00:00,31.4630,32.1560,26.7306,27.5524,102912200
1734618600,2024-12-19 00:00:00,27.6910,27.7306,25.8000,26.0376,86520100
1734705000,2024-12-20 00:00:00,25.5624,28.0870,25.3347,27.0276,108080200
1734964200,2024-12-23 00:00:00,27.6899,29.5464,27.6601,29.3777,79330900
1735050600,2024-12-24 00:00:00,30.0428,30.3506,29.4472,30.2613,39963700
1735223400,2024-12-26 00:00:00,29.6854,30.8768,29.5464,30.3506,45184100
1735309800,2024-12-27 00:00:00,29.7649,29.9634,28.3848,29.4769,59316300
1735569000,2024-12-30 00:00:00,28.0373,28.5735,27.1239,27.7395,64859000
1735655400,2024-12-31 00:00:00,27.9976,28.3650,26.7367,27.1140,61199500
1735828200,2025-01-02 00:00:00,27.9281,28.8415,26.8460,27.4714,80996300
1735914600,2025-01-03 00:00:00,28.1168,29.9039,27.9579,29.6060,72119600
1736173800,2025-01-06 00:00:00,31.5817,33.3887,31.5817,32.2569,95159500
1736260200,2025-01-07 00:00:00,33.3291,33.4879,30.3804,30.9265,79205700
1736346600,2025-01-08 00:00:00,30.5790,30.7875,28.9706,29.9634,69523500
1736519400,2025-01-10 00:00:00,28.8515,28.8812,27.2431,27.8586,85395000
1736778600,2025-01-13 00:00:00,26.2503,27.6700,26.0616,27.6501,68286400
1736865000,2025-01-14 00:00:00,28.2657,28.7522,26.9850,27.9182,79759400
1736951400,2025-01-15 00:00:00,29.4372,30.2414,29.0897,29.7251,69461300
1737037800,2025-01-16 00:00:00,31.2342,31.4924,29.7748,29.7748,78881100
1737124200,2025-01-17 00:00:00,31.8001,32.4753,31.2541,32.2569,69688900
1737469800,2025-01-21 00:00:00,33.0908,34.2822,32.2668,33.4482,60897500
1737556200,2025-01-22 00:00:00,34.4411,35.8906,34.1631,34.8978,57709400
1737642600,2025-01-23 00:00:00,33.2000,34.6694,32.7731,34.6694,44900600
1737729000,2025-01-24 00:00:00,34.6893,34.6893,32.0781,32.4157,60111500
1737988200,2025-01-27 00:00:00,27.4615,27.8785,23.6689,24.8802,198431800
1738074600,2025-01-28 00:00:00,25.2574,25.6149,23.5796,25.1879,103185300
1738161000,2025-01-29 00:00:00,25.9226,26.1113,24.6717,25.4957,94141700
1738247400,2025-01-30 00:00:00,26.3893,27.4714,25.9524,26.9552,87140400
1738333800,2025-01-31 00:00:00,27.4317,29.0401,26.5084,26.8261,102136600
1738593000,2025-02-03 00:00:00,24.6220,26.2999,24.1355,25.4262,103914300
1738679400,2025-02-04 00:00:00,25.1582,26.4091,25.0192,26.0616,60520500
1738765800,2025-02-05 00:00:00,25.9028,27.7494,25.3567,27.5012,70330700
1738852200,2025-02-06 00:00:00,26.9750,27.6005,26.5283,27.4913,59735100
1738938600,2025-02-07 00:00:00,27.6700,28.0771,25.6149,26.1411,87930800
1739197800,2025-02-10 00:00:00,26.7268,27.3523,26.7070,27.1537,53330500
1739284200,2025-02-11 00:00:00,26.4885,27.6998,26.4885,27.2034,43880500
1739370600,2025-02-12 00:00:00,25.9921,27.3424,25.7638,27.3424,57999300
1739457000,2025-02-13 00:00:00,27.2927,28.3451,27.2034,28.2657,61026300
1739543400,2025-02-14 00:00:00,28.2856,28.6132,27.9083,28.3451,43089600
1739889000,2025-02-18 00:00:00,28.9905,30.0131,28.5040,29.7748,60222200
1739975400,2025-02-19 00:00:00,29.9734,31.6612,29.5464,31.2442,58412700
1740061800,2025-02-20 00:00:00,31.8299,32.4058,30.4797,31.4725,50903200
1740148200,2025-02-21 00:00:00,31.6810,31.7307,28.1962,28.6033,61966500
1740407400,2025-02-24 00:00:00,28.9507,29.0500,26.4687,26.5680,63724100
1740493800,2025-02-25 00:00:00,26.4687,26.7268,24.6419,24.8901,90907500
1740580200,2025-02-26 00:00:00,25.8035,26.8062,25.3369,26.1013,75869500
1740666600,2025-02-27 00:00:00,26.5878,26.7070,21.5741,21.5939,144841600
1740753000,2025-02-28 00:00:00,21.6436,23.0534,20.8692,22.5669,110939400
1741012200,2025-03-03 00:00:00,23.5498,23.5597,19.5686,20.3628,141822100
1741098600,2025-03-04 00:00:00,20.1345,22.1003,18.8637,20.5018,154119800
1741185000,2025-03-05 00:00:00,21.0975,22.0010,19.9756,21.7925,117702400
1741271400,2025-03-06 00:00:00,19.5686,20.8692,18.8736,19.0920,164277600
1741357800,2025-03-07 00:00:00,19.3601,20.9387,18.6154,20.7302,139349200
1741613400,2025-03-10 00:00:00,19.2012,19.6579,16.9773,17.8609,169215200
1741699800,2025-03-11 00:00:00,17.9205,18.3672,16.3915,17.2851,161267000
1741786200,2025-03-12 00:00:00,18.4070,18.9729,17.7715,18.1687,137654500
1741872600,2025-03-13 00:00:00,18.2481,19.1317,17.4538,17.9602,117160200
1741959000,2025-03-14 00:00:00,18.9232,19.7870,18.8537,19.6579,99718700
1742218200,2025-03-17 00:00:00,19.3700,21.1273,19.3601,20.6408,82794200
1742304600,2025-03-18 00:00:00,20.0451,20.2536,19.3799,19.7870,79140900
1742391000,2025-03-19 00:00:00,19.7473,21.2167,19.3204,20.2338,83249700
1742477400,2025-03-20 00:00:00,19.4693,20.4224,19.4494,19.7870,80380600
1742563800,2025-03-21 00:00:00,18.6849,19.3501,18.2382,19.1416,84348300
1742823000,2025-03-24 00:00:00,20.3330,21.2166,20.2238,20.8493,91671300
1742909400,2025-03-25 00:00:00,20.7447,20.9340,20.2667,20.4659,57784400
1742995800,2025-03-26 00:00:00,20.2169,20.4260,18.1255,18.7131,94328400
1743082200,2025-03-27 00:00:00,18.0956,18.3346,17.2889,17.6873,103112800
1743168600,2025-03-28 00:00:00,17.2591,17.5180,15.6756,15.9644,138232400
1743427800,2025-03-31 00:00:00,15.0083,15.9146,14.3411,15.8847,111345600
1743514200,2025-04-01 00:00:00,15.6656,15.9245,14.7693,15.8847,106085000
1743600600,2025-04-02 00:00:00,15.1278,16.8209,14.9685,16.1934,141655200
1743687000,2025-04-03 00:00:00,13.7535,14.0622,11.3533,11.3633,302517400
1743773400,2025-04-04 00:00:00,10.0089,10.3873,8.1465,8.6943,499158100
1744032600,2025-04-07 00:00:00,7.8477,10.9351,7.2004,9.1125,723467300
1744119000,2025-04-08 00:00:00,10.3674,10.7956,7.5689,8.2162,488735500
1744205400,2025-04-09 00:00:00,8.4453,13.0563,8.2063,12.7177,787748800
1744291800,2025-04-10 00:00:00,10.8753,11.0944,8.3158,9.5906,686331800
1744378200,2025-04-11 00:00:00,9.3117,10.3475,8.8735,10.1881,412972900
1744637400,2025-04-14 00:00:00,11.1044,11.1143,9.9292,10.4271,358849500
1744723800,2025-04-15 00:00:00,10.5566,10.9749,10.3674,10.5566,230001400
1744810200,2025-04-16 00:00:00,9.0926,9.7101,8.2959,9.3018,362439300
1744896600,2025-04-17 00:00:00,9.5109,9.5109,8.8636,9.1623,233659100
1745242200,2025-04-21 00:00:00,8.6345,8.7042,8.1166,8.6743,255318100
1745328600,2025-04-22 00:00:00,8.9233,9.3615,8.8138,9.1424,249211900
1745415000,2025-04-23 00:00:00,10.5367,10.8554,10.0587,10.2479,368456100
1745501400,2025-04-24 00:00:00,11.0048,12.0405,10.8056,11.9509,339636700
1745587800,2025-04-25 00:00:00,11.5824,12.5385,11.4629,12.2895,274438500
1745847000,2025-04-28 00:00:00,12.1102,12.4787,11.4031,12.2397,203468900
1745933400,2025-04-29 00:00:00,11.7617,12.2198,11.5724,11.8114,184045100
1746019800,2025-04-30 00:00:00,10.9450,12.1600,10.7060,12.1102,229393200
1746106200,2025-05-01 00:00:00,12.4887,12.7576,12.0007,12.0505,203349500
1746192600,2025-05-02 00:00:00,12.8372,13.6340,12.8372,13.2356,223410600
1746451800,2025-05-05 00:00:00,12.8771,13.3551,12.8173,12.9966,127572300
1746538200,2025-05-06 00:00:00,12.2795,12.8970,12.0704,12.5883,158548700
1746624600,2025-05-07 00:00:00,12.5584,13.3451,12.1799,13.2256,189249300
1746711000,2025-05-08 00:00:00,13.7833,14.2813,13.3252,13.6041,203277000
1746797400,2025-05-09 00:00:00,14.1518,14.4108,13.6838,14.0522,149644500
1747056600,2025-05-12 00:00:00,16.8209,17.3985,16.4325,17.0599,263806000
1747143000,2025-05-13 00:00:00,17.2889,18.7828,17.2093,18.5239,212931800
1747229400,2025-05-14 00:00:00,18.8923,19.2907,18.3546,18.7629,179343100
1747315800,2025-05-15 00:00:00,18.2450,18.8326,17.7471,18.3944,141287600
1747402200,2025-05-16 00:00:00,18.4541,18.5239,17.6873,18.3147,113068600
1747661400,2025-05-19 00:00:00,17.0798,18.1355,17.0200,17.9861,123632000
1747747800,2025-05-20 00:00:00,17.5479,17.9263,17.3686,17.8964,84252500
1747834200,2025-05-21 00:00:00,17.4881,18.5139,16.5818,16.9304,149964800
1747920600,2025-05-22 00:00:00,16.9005,17.3586,16.4125,16.4424,144981100
1748007000,2025-05-23 00:00:00,15.1477,15.9345,15.0382,15.6656,179062600
1748352600,2025-05-27 00:00:00,16.6715,17.4383,16.2831,17.2192,136539700
1748439000,2025-05-28 00:00:00,17.3586,17.4981,16.8308,16.9702,126785300
1748525400,2025-05-29 00:00:00,18.1056,18.1355,16.8308,17.1296,179820200
1748611800,2025-05-30 00:00:00,16.8308,16.8308,15.1776,16.1038,194058700
1748871000,2025-06-02 00:00:00,15.9943,17.0300,15.9743,16.8308,103937000
1748957400,2025-06-03 00:00:00,16.8607,18.3048,16.5121,18.2251,158644000
1749043800,2025-06-04 00:00:00,18.6035,19.1812,18.1454,19.0119,146325300
1749130200,2025-06-05 00:00:00,19.4102,19.9082,18.3446,18.7330,187397100
1749216600,2025-06-06 00:00:00,19.3206,19.8683,19.0716,19.1015,114398700
1749475800,2025-06-09 00:00:00,19.6293,20.9738,19.5994,20.4958,162686000
1749562200,2025-06-10 00:00:00,20.7547,22.0095,20.6053,21.8004,142811000
1749648600,2025-06-11 00:00:00,22.2685,22.5075,20.9041,21.5514,160395000
1749735000,2025-06-12 00:00:00,21.1531,21.9797,21.0037,21.6012,100384500
1749821400,2025-06-13 00:00:00,20.2368,20.9738,19.7588,19.9580,166989600
1750080600,2025-06-16 00:00:00,20.7447,22.1290,20.7049,21.8104,121972300
1750167000,2025-06-17 00:00:00,21.5215,22.4378,21.2526,21.3323,122379500
1750253400,2025-06-18 00:00:00,21.6311,22.2884,21.1431,21.5215,113893800
1750426200,2025-06-20 00:00:00,22.0494,22.2386,20.2866,21.1232,137078900
1750685400,2025-06-23 00:00:00,21.0933,21.8900,20.1970,21.4917,125143700
1750771800,2025-06-24 00:00:00,22.6386,24.0073,22.6086,23.9274,137608000
1750858200,2025-06-25 00:00:00,24.3769,24.5767,23.8474,24.5568,107621600
1750944600,2025-06-26 00:00:00,25.1562,25.3360,24.5668,25.1762,92382200
1751031000,2025-06-27 00:00:00,25.1862,25.8156,24.2570,25.0863,113655600
1751290200,2025-06-30 00:00:00,25.4659,25.4759,24.6567,25.0863,78035000
1751376600,2025-07-01 00:00:00,24.3569,25.1462,23.5577,24.6866,107277300
1751463000,2025-07-02 00:00:00,24.4868,26.3650,24.4269,26.0254,107157100
1751549400,2025-07-03 00:00:00,26.3750,26.6947,26.2052,26.4050,62695800
1751895000,2025-07-07 00:00:00,25.7057,26.0254,24.5967,24.9464,93297600
1751981400,2025-07-08 00:00:00,25.6058,27.0044,25.3360,26.3451,90457500
1752067800,2025-07-09 00:00:00,26.6048,27.3841,25.8655,26.6248,86818700
1752154200,2025-07-10 00:00:00,27.3641,27.7038,26.6348,27.3441,87602500
1752240600,2025-07-11 00:00:00,26.8246,27.5140,26.5249,27.2642,71855400
1752499800,2025-07-14 00:00:00,26.6148,26.7447,25.2961,26.4749,99670600
1752586200,2025-07-15 00:00:00,28.0235,28.4331,27.1843,27.2642,108926200
1752672600,2025-07-16 00:00:00,26.5749,27.0244,24.8864,27.0044,125700900
1752759000,2025-07-17 00:00:00,26.9345,27.4840,26.3950,27.2942,85334100
1752845400,2025-07-18 00:00:00,27.6338,27.8736,26.7347,27.3042,68274300
1753104600,2025-07-21 00:00:00,27.5339,28.4731,27.4141,27.4740,79860300
1753191000,2025-07-22 00:00:00,27.0944,27.2542,25.3160,26.2951,118871600
1753277400,2025-07-23 00:00:00,25.6257,25.8855,24.8165,25.7556,105639200
1753363800,2025-07-24 00:00:00,25.6357,25.7656,24.9264,25.5958,77503300
1753450200,2025-07-25 00:00:00,25.1462,25.5958,24.8065,25.5758,68037900
1753709400,2025-07-28 00:00:00,26.3551,26.9645,26.3151,26.8546,88108400
1753795800,2025-07-29 00:00:00,27.3841,28.1334,26.4749,27.0044,101714500
1753882200,2025-07-30 00:00:00,27.7238,28.1034,26.9045,27.5839,96772200
1753968600,2025-07-31 00:00:00,26.6748,26.7147,24.1771,24.9564,133413800
1754055000,2025-08-01 00:00:00,23.5577,24.8065,22.5487,24.0572,132665200
1754314200,2025-08-04 00:00:00,24.5668,25.1562,24.2171,24.9764,85963800
1754400600,2025-08-05 00:00:00,25.3960,25.6557,23.5877,24.4968,99733400
1754487000,2025-08-06 00:00:00,23.8175,24.0972,22.9283,23.9673,103447500
1754573400,2025-08-07 00:00:00,25.4559,25.8555,24.5068,24.9764,117228400
1754659800,2025-08-08 00:00:00,25.1362,25.8056,24.8765,25.6857,71389900
1754919000,2025-08-11 00:00:00,26.0054,26.8646,25.4259,25.5858,75943500
1755005400,2025-08-12 00:00:00,26.1852,28.0535,25.6557,27.9735,125315900
1755091800,2025-08-13 00:00:00,28.6229,29.3023,28.2832,29.2423,89497100
1755178200,2025-08-14 00:00:00,28.0934,29.6320,27.9236,29.3922,84286800
1755264600,2025-08-15 00:00:00,28.6829,28.6829,27.0444,27.3441,93664700
1755523800,2025-08-18 00:00:00,27.0744,27.6239,27.0044,27.5040,50310400
1755610200,2025-08-19 00:00:00,27.5439,27.8337,26.0753,26.2152,75595100
1755696600,2025-08-20 00:00:00,26.0853,26.0853,23.6376,25.7756,117636500
1755783000,2025-08-21 00:00:00,25.3760,25.8755,24.8864,25.3260,67871100
1755869400,2025-08-22 00:00:00,25.5358,28.2932,25.3160,27.4240,117140900
1756128600,2025-08-25 00:00:00,27.3241,27.5539,26.7847,27.2742,55018700
1756215000,2025-08-26 00:00:00,27.5040,28.1933,27.4940,27.9136,57544300
1756301400,2025-08-27 00:00:00,27.5839,28.2033,27.2542,28.1534,61375200
1756387800,2025-08-28 00:00:00,28.3831,29.0825,27.9336,28.5030,74466400
1756474200,2025-08-29 00:00:00,27.2942,27.3241,25.6457,26.0154,108411300
1756819800,2025-09-02 00:00:00,24.0572,25.2561,23.7775,25.2261,101906700
1756906200,2025-09-03 00:00:00,25.3860,25.3860,24.0972,24.8864,79482200
1756992600,2025-09-04 00:00:00,24.3869,25.7057,23.9573,25.6257,81641200
1757079000,2025-09-05 00:00:00,26.7946,26.9445,25.5758,26.4250,110749400
1757338200,2025-09-08 00:00:00,26.9345,27.4041,26.6548,27.0544,72341700
1757424600,2025-09-09 00:00:00,27.1443,27.3441,26.5449,27.1543,55882300
1757511000,2025-09-10 00:00:00,28.4531,28.8027,28.0435,28.5730,86721600
1757597400,2025-09-11 00:00:00,29.0325,29.5820,28.9426,29.1424,69919800
1757683800,2025-09-12 00:00:00,29.3422,29.5221,28.7628,29.2723,52502600
1757943000,2025-09-15 00:00:00,29.1124,30.0016,28.8927,29.9716,61268000
1758029400,2025-09-16 00:00:00,30.3013,30.6210,29.7618,30.4512,54148200
1758115800,2025-09-17 00:00:00,30.2514,31.2205,29.1324,30.4412,80483900
1758202200,2025-09-18 00:00:00,32.7290,34.1077,32.3993,33.6082,104513300
1758288600,2025-09-19 00:00:00,33.5283,33.5682,32.0896,32.9888,66106100
1758547800,2025-09-22 00:00:00,33.1686,34.7171,33.1586,34.3974,62948200
1758634200,2025-09-23 00:00:00,34.6773,35.2769,33.6479,34.2775,63661700
1758720600,2025-09-24 00:00:00,33.9377,34.3675,32.7885,34.1776,58369900
1758807000,2025-09-25 00:00:00,32.4187,34.0377,31.3395,33.8278,79969600
1758893400,2025-09-26 00:00:00,33.9078,34.2076,32.8085,33.9977,60944500
1759152600,2025-09-29 00:00:00,35.0070,35.4667,33.9677,33.9977,56593700
1759239000,2025-09-30 00:00:00,34.0477,34.9371,33.5480,34.8172,60696800
1759325400,2025-10-01 00:00:00,34.1576,36.9558,33.9577,36.8358,67094700
1759411800,2025-10-02 00:00:00,38.9345,39.2942,38.1150,39.0544,68834400
1759498200,2025-10-03 00:00:00,39.4541,40.0338,37.5953,38.2049,69252500
1759757400,2025-10-06 00:00:00,42.8019,43.3416,41.6327,41.6827,99880300
1759843800,2025-10-07 00:00:00,42.7520,42.9918,38.6746,38.8046,96375900
1759930200,2025-10-08 00:00:00,38.8445,42.9119,38.6547,42.7520,77149800
1760016600,2025-10-09 00:00:00,42.5521,42.8119,40.9831,42.2123,63095700
1760103000,2025-10-10 00:00:00,42.4921,42.8119,34.1476,34.1876,204858900
1760362200,2025-10-13 00:00:00,38.2049,39.4441,37.3455,39.1144,89274100
1760448600,2025-10-14 00:00:00,36.5960,38.9844,35.9264,36.6060,100358200
1760535000,2025-10-15 00:00:00,39.5241,40.1437,37.6853,39.9538,96059800
1760621400,2025-10-16 00:00:00,41.4228,41.9025,39.2543,40.5434,89397000
1760707800,2025-10-17 00:00:00,39.5840,40.7733,38.2949,40.2636,92083400
1760967000,2025-10-20 00:00:00,41.1330,43.0118,41.1031,42.2123,62424500
1761053400,2025-10-21 00:00:00,41.7826,42.0025,40.4935,41.4828,54386700
1761139800,2025-10-22 00:00:00,40.0537,40.7833,35.9464,38.3648,110646700
1761226200,2025-10-23 00:00:00,37.7053,41.4428,37.5254,41.1430,72467000
1761312600,2025-10-24 00:00:00,43.4015,44.1311,42.9319,43.1117,69872500
1761571800,2025-10-27 00:00:00,45.4602,47.1291,45.1104,46.8093,72684100
1761658200,2025-10-28 00:00:00,46.4096,47.5788,45.9099,46.9292,53995000
1761744600,2025-10-29 00:00:00,49.3376,50.7267,48.0185,49.3476,88268800
1761831000,2025-10-30 00:00:00,48.4682,49.9373,47.2390,47.3589,76956300
1761917400,2025-10-31 00:00:00,48.7380,49.9572,46.6794,47.7487,75650400
1762180200,2025-11-03 00:00:00,49.4676,50.1571,47.9985,48.5482,52610600
1762266600,2025-11-04 00:00:00,44.7407,46.8493,42.5021,42.7720,87734300
1762353000,2025-11-05 00:00:00,43.1917,48.3983,43.1817,46.7993,76488900
1762439400,2025-11-06 00:00:00,46.4296,46.9592,42.1224,42.9818,106419600
1762525800,2025-11-07 00:00:00,41.0731,41.7127,37.0157,41.7127,143013500
1762785000,2025-11-10 00:00:00,45.0305,45.4902,43.4315,44.9305,74223300
1762871400,2025-11-11 00:00:00,43.6914,44.0111,41.6227,41.7826,80862700
1762957800,2025-11-12 00:00:00,43.9812,44.6008,42.8219,43.6814,77730900
1763044200,2025-11-13 00:00:00,42.1424,42.6121,37.9751,39.1943,126123700
1763130600,2025-11-14 00:00:00,35.7166,40.5734,35.1270,38.8345,125398600
1763389800,2025-11-17 00:00:00,37.8752,40.0537,35.5067,36.8159,101936600
1763476200,2025-11-18 00:00:00,35.2869,35.9864,33.1283,34.3275,153515800
1763562600,2025-11-19 00:00:00,34.6973,37.2756,34.1776,35.9364,120458900
1763649000,2025-11-20 00:00:00,38.7646,39.1643,30.3901,30.7898,228883600
1763735400,2025-11-21 00:00:00,30.8298,33.0184,28.1016,31.7092,205537900
1763994600,2025-11-24 00:00:00,32.6686,36.2862,32.6286,35.8365,108832500
1764081000,2025-11-25 00:00:00,34.3175,36.4261,32.0290,36.1463,108634700
1764167400,2025-11-26 00:00:00,37.4155,40.1237,37.2756,39.1643,104203900
1764340200,2025-11-28 00:00:00,39.6240,41.3029,39.2243,41.2330,57190400
1764599400,2025-12-01 00:00:00,39.5541,42.3322,39.4341,41.2829,79426200
1764685800,2025-12-02 00:00:00,42.7620,44.5808,42.0025,43.7713,111736200
1764772200,2025-12-03 00:00:00,44.4209,46.6494,43.1217,46.5495,94299300
1764858600,2025-12-04 00:00:00,45.8599,46.0698,44.4109,45.1304,77656900
1764945000,2025-12-05 00:00:00,46.4396,48.0185,46.2697,46.4695,77049800
1765204200,2025-12-08 00:00:00,47.5288,48.5682,46.6694,47.9586,69225000
1765290600,2025-12-09 00:00:00,47.0092,48.0185,46.4396,47.7587,56373300
1765377000,2025-12-10 00:00:00,47.6188,50.0572,46.9792,49.6175,91153100
1765463400,2025-12-11 00:00:00,47.9785,48.8680,44.6307,48.7580,88063000
1765549800,2025-12-12 00:00:00,46.8893,47.3490,41.0331,41.6827,138088200
1765809000,2025-12-15 00:00:00,43.0818,43.3915,40.7733,41.1530,78218600
1765895400,2025-12-16 00:00:00,40.7233,41.6327,39.2143,40.4635,94566700
1765981800,2025-12-17 00:00:00,40.9731,41.2929,35.6766,35.9864,126113900
1766068200,2025-12-18 00:00:00,39.9438,40.3935,38.0850,38.5547,97164000
1766154600,2025-12-19 00:00:00,39.5741,42.3322,39.4741,41.6927,92529100
1766413800,2025-12-22 00:00:00,44.4209,44.5308,42.7020,43.2317,62717400
1766500200,2025-12-23 00:00:00,42.5921,43.7713,42.1923,43.6714,44455700
1766586600,2025-12-24 00:00:00,43.6914,44.3309,43.5614,44.1810,30717800
1766759400,2025-12-26 00:00:00,44.7207,44.7607,43.7813,44.1810,38006400
1767018600,2025-12-29 00:00:00,42.9518,44.3010,42.3222,43.7913,54612100
1767105000,2025-12-30 00:00:00,44.1211,44.7207,43.5415,43.6414,40697400
1767191400,2025-12-31 00:00:00,43.8612,44.1211,41.9825,42.0025,44754800
1767364200,2026-01-02 00:00:00,45.1004,48.0585,45.0505,47.2090,132719700
1767623400,2026-01-05 00:00:00,50.3170,51.1864,48.5981,49.1878,94987500
1767709800,2026-01-06 00:00:00,51.0765,54.2644,51.0365,53.9746,92678600
1767796200,2026-01-07 00:00:00,52.1658,52.7054,50.8067,52.2557,65698500
1767882600,2026-01-08 00:00:00,51.7661,51.7761,48.0985,49.6175,79844800
1767969000,2026-01-09 00:00:00,51.0565,54.7241,50.2770,53.9146,87214400
1768228200,2026-01-12 00:00:00,52.3557,55.1139,52.3157,54.6142,53193700
1768314600,2026-01-13 00:00:00,55.6535,57.5922,55.3937,56.0333,61895400
1768401000,2026-01-14 00:00:00,54.8540,55.4037,52.9653,55.3437,70434900
1768487400,2026-01-15 00:00:00,60.9201,61.6296,57.9720,58.0419,89664300
1768573800,2026-01-16 00:00:00,61.1499,62.1492,59.4610,60.7102,58559500
1768919400,2026-01-20 00:00:00,57.3024,61.0100,57.1825,57.9020,71408300
1769005800,2026-01-21 00:00:00,60.2005,65.0673,59.4210,63.4384,103027300
1769092200,2026-01-22 00:00:00,66.8562,66.9161,62.9987,63.6782,62594200
1769178600,2026-01-23 00:00:00,62.4391,63.3185,60.1106,61.5596,58613600
1769437800,2026-01-26 00:00:00,60.7102,61.9194,59.5609,60.6602,42592400
1769524200,2026-01-27 00:00:00,63.2685,65.9468,62.4990,64.9174,61155400
1769610600,2026-01-28 00:00:00,68.9548,70.8835,67.9355,70.0441,74205500
1769697000,2026-01-29 00:00:00,70.3539,71.9328,62.6090,70.4238,78058200
1769783400,2026-01-30 00:00:00,67.0760,69.8142,60.2505,61.7495,83504200
1770042600,2026-02-02 00:00:00,59.4210,66.8961,59.0613,65.1573,66961000
1770129000,2026-02-03 00:00:00,66.7662,67.5757,56.9826,61.1599,101338500
1770215400,2026-02-04 00:00:00,59.4011,60.9900,49.2977,53.1551,139149400
1770301800,2026-02-05 00:00:00,51.2764,55.4536,49.9772,53.2151,109350300
1770388200,2026-02-06 00:00:00,56.3630,62.2092,55.6335,61.7095,108594200
1770647400,2026-02-09 00:00:00,59.9507,65.0074,59.2512,63.9880,66670500
1770733800,2026-02-10 00:00:00,64.6276,65.1673,61.3798,63.2985,58273900
1770820200,2026-02-11 00:00:00,67.1660,69.0547,63.1886,68.0054,89724200
1770906600,2026-02-12 00:00:00,69.6243,70.8136,62.7289,63.0587,90896100
1770993000,2026-02-13 00:00:00,63.8881,66.2066,61.3898,64.5477,79931300
1771338600,2026-02-17 00:00:00,61.9794,65.9168,59.5210,64.3078,79420400
1771425000,2026-02-18 00:00:00,65.2172,68.4051,64.0280,66.2466,69349000
1771511400,2026-02-19 00:00:00,64.2879,65.4671,62.9187,65.1873,68827500
1771597800,2026-02-20 00:00:00,63.7182,68.1753,63.5383,67.0660,81017900
1771857000,2026-02-23 00:00:00,65.8069,67.6057,63.4284,65.8168,66926300
1771943400,2026-02-24 00:00:00,68.0654,69.9541,66.3065,68.4851,66892100
1772029800,2026-02-25 00:00:00,70.8435,72.3126,70.4338,71.8129,52929300
1772116200,2026-02-26 00:00:00,70.9835,71.0634,61.5896,65.2972,97787900
1772202600,2026-02-27 00:00:00,61.4697,63.7182,60.6203,62.7289,70112700
1772461800,2026-03-02 00:00:00,58.0719,62.7788,58.0120,62.7189,81699800
1772548200,2026-03-03 00:00:00,55.0839,55.8234,51.3263,53.3850,131198300
1772634600,2026-03-04 00:00:00,55.9233,57.6822,54.3444,56.5829,78143300
1772721000,2026-03-05 00:00:00,55.2838,57.6522,51.0965,54.7641,110055800
1772807400,2026-03-06 00:00:00,50.0572,53.3250,46.7693,47.8586,125241500
1773063000,2026-03-09 00:00:00,45.4802,53.7448,44.5008,53.2851,114897700
1773149400,2026-03-10 00:00:00,53.3250,57.7421,53.3250,54.5542,104717600
1773235800,2026-03-11 00:00:00,55.4636,57.7022,55.3137,56.0532,83007700
1773322200,2026-03-12 00:00:00,53.4949,53.8447,49.4975,50.2471,105674400
1773408600,2026-03-13 00:00:00,51.8460,53.9246,50.0072,50.6868,83244300
1773667800,2026-03-16 00:00:00,54.0246,55.6435,52.9753,53.6548,79819200
1773754200,2026-03-17 00:00:00,55.0639,55.3637,53.2651,54.9140,59567700
1773840600,2026-03-18 00:00:00,54.9939,56.4430,53.9646,53.9846,75470000
1773927000,2026-03-19 00:00:00,49.4975,56.0732,48.4682,54.8141,93732700
1774013400,2026-03-20 00:00:00,54.6542,55.3237,48.9679,51.1065,101773000
1774272600,2026-03-23 00:00:00,54.5942,56.7728,52.2457,52.9953,115257400
1774359000,2026-03-24 00:00:00,51.5062,56.0532,51.5062,54.9240,92153500
1774445400,2026-03-25 00:00:00,56.6029,58.2118,55.5536,57.0026,84440300
1774531800,2026-03-26 00:00:00,54.1545,54.4043,48.8380,48.9379,116603800
1774618200,2026-03-27 00:00:00,48.0085,49.3476,45.9299,46.5795,99401400
1774877400,2026-03-30 00:00:00,47.8286,48.2584,39.4941,40.5934,139746200
1774963800,2026-03-31 00:00:00,42.8519,48.1484,42.5821,47.8786,138002100
1775050200,2026-04-01 00:00:00,50.0072,54.0546,49.5875,52.2258,121955600
1775136600,2026-04-02 00:00:00,46.0298,53.0352,46.0198,52.7154,104471700
1775482200,2026-04-06 00:00:00,53.7148,55.5636,52.8454,54.7741,68780400
1775568600,2026-04-07 00:00:00,54.2844,56.5629,52.0958,56.5129,107326500
1775655000,2026-04-08 00:00:00,66.2865,67.9355,63.5184,67.4558,111697300
1775741400,2026-04-09 00:00:00,68.0754,72.2326,68.0754,71.9328,79331600
1775827800,2026-04-10 00:00:00,74.2513,78.2487,74.2513,76.3399,78863600
1776087000,2026-04-13 00:00:00,75.5405,80.6871,75.2007,80.5072,64504600
1776173400,2026-04-14 00:00:00,83.2154,85.5139,80.6571,85.2541,61657000
1776259800,2026-04-15 00:00:00,84.6045,85.9237,79.7077,85.9037,68425400
1776346200,2026-04-16 00:00:00,84.9543,89.3314,83.2554,88.3121,63777500
1776432600,2026-04-17 00:00:00,93.1389,94.6879,90.6006,94.6180,67081400
1776691800,2026-04-20 00:00:00,95.9071,96.8665,91.9697,95.8771,49367800
1776778200,2026-04-21 00:00:00,97.9058,99.8845,95.2575,98.0257,65206900
1776864600,2026-04-22 00:00:00,102.8726,106.0205,99.5347,105.5708,58165200
1776951000,2026-04-23 00:00:00,108.5488,116.6935,107.3896,112.6961,96510200
1777037400,2026-04-24 00:00:00,125.1280,130.0347,120.1612,128.2359,83092400
1777296600,2026-04-27 00:00:00,128.2459,129.5051,117.7128,123.3092,73334600
1777383000,2026-04-28 00:00:00,108.6787,115.5442,103.9219,109.4882,94099700
1777469400,2026-04-29 00:00:00,114.6848,118.2425,112.2264,117.8927,55503700
1777555800,2026-04-30 00:00:00,122.7295,127.3665,117.4230,126.8968,58536700
1777642200,2026-05-01 00:00:00,124.3085,131.2939,121.5803,130.3145,40940300
1777901400,2026-05-04 00:00:00,132.1134,133.5824,123.7189,127.4664,46455700
1777987800,2026-05-05 00:00:00,134.9115,147.1635,133.9322,144.0656,52130100
1778074200,2026-05-06 00:00:00,157.7366,165.8912,148.9623,165.7413,65579200
1778160600,2026-05-07 00:00:00,162.0138,162.7933,147.5133,152.0004,72375200
1778247000,2026-05-08 00:00:00,162.8932,177.3837,161.4042,176.8241,47016500
1778506200,2026-05-11 00:00:00,180.8814,191.1647,178.8228,190.2952,50496000
1778592600,2026-05-12 00:00:00,177.5036,182.1206,150.4813,172.4070,91705600
1778679000,2026-05-13 00:00:00,183.7195,188.3665,172.1471,184.1193,59522300
1778765400,2026-05-14 00:00:00,182.5503,189.4358,178.1632,186.0680,43319000
1778851800,2026-05-15 00:00:00,166.8906,174.2857,161.0344,164.0724,62126600
1779111000,2026-05-18 00:00:00,172.8367,174.4956,142.5965,151.6506,75610500
1779197400,2026-05-19 00:00:00,141.1475,160.4948,134.9315,151.7905,85384000
1779283800,2026-05-20 00:00:00,160.8945,173.5862,160.8945,173.0865,58913200
1779370200,2026-05-21 00:00:00,171.1478,179.8521,168.1198,178.2731,52278700
1779456600,2026-05-22 00:00:00,184.6789,195.1421,183.2199,190.4351,45133000
1779802200,2026-05-26 00:00:00,211.2415,228.3503,209.7525,225.6420,52533000
1779888600,2026-05-27 00:00:00,242.5010,242.5010,203.8663,217.8372,74732700
1779975000,2026-05-28 00:00:00,218.8565,231.7381,207.4240,224.4828,47153500
1780061400,2026-05-29 00:00:00,231.6681,238.9134,218.4168,224.1930,37035700
1780320600,2026-06-01 00:00:00,217.1276,233.9066,210.0023,226.8812,37499600
1780407000,2026-06-02 00:00:00,243.0207,266.9050,238.6635,266.1455,42799700
1780493400,2026-06-03 00:00:00,281.2856,284.3935,257.0915,280.3562,49817200
1780579800,2026-06-04 00:00:00,241.8814,274.3201,228.4003,262.5279,59036000
1780666200,2026-06-05 00:00:00,230.6987,233.5369,181.6909,182.4204,108280300
1780925400,2026-06-08 00:00:00,210.4820,222.0444,201.5578,211.3015,68180500
1781011800,2026-06-09 00:00:00,226.9112,230.8686,157.4568,201.5479,124754300
1781098200,2026-06-10 00:00:00,191.4145,212.8505,177.1838,180.5316,94924200
1781184600,2026-06-11 00:00:00,192.1740,225.4822,192.1740,223.8432,72493400
1781271000,2026-06-12 00:00:00,222.0744,242.2412,214.5993,234.5262,50419100
1781530200,2026-06-15 00:00:00,265.8157,274.6999,261.4286,272.3214,39914100
1781616600,2026-06-16 00:00:00,266.9550,274.7498,225.8519,226.0418,54771900
1781703000,2026-06-17 00:00:00,247.2579,259.6198,233.1471,233.7068,49127300
1781789400,2026-06-18 00:00:00,265.8657,285.9625,264.8264,279.1070,49319800
1782135000,2026-06-22 00:00:00,299.0639,301.8021,286.0524,300.5729,36399600
1782221400,2026-06-23 00:00:00,235.8454,252.8142,222.8539,231.2684,70699700
1782307800,2026-06-24 00:00:00,232.9573,236.8447,210.9917,229.4196,57018500
1782394200,2026-06-25 00:00:00,267.8744,268.2241,225.5921,252.4445,57401800
1782480600,2026-06-26 00:00:00,226.0918,231.0985,211.9610,215.4587,51987400
1782739800,2026-06-29 00:00:00,216.2182,238.4936,192.1740,236.3650,48952600
1782826200,2026-06-30 00:00:00,241.2918,271.8218,240.4324,266.5352,36721000
1782912600,2026-07-01 00:00:00,237.6342,246.3085,215.2389,217.4075,60156300
1782999000,2026-07-02 00:00:00,219.0863,225.9818,168.7693,181.3511,91060900
1783344600,2026-07-06 00:00:00,197.0808,210.6619,194.0927,194.5224,42756600
1783431000,2026-07-07 00:00:00,165.2916,171.7674,149.9817,165.1717,78957300
1783517400,2026-07-08 00:00:00,159.1057,176.6342,158.7659,174.7055,63175900
1783603800,2026-07-09 00:00:00,199.6791,204.4160,189.3359,192.3239,52530500
1783690200,2026-07-10 00:00:00,182.2805,195.8116,176.6842,192.1340,37626300
1783949400,2026-07-13 00:00:00,174.4956,177.5536,161.4442,165.2616,52686700
1784035800,2026-07-14 00:00:00,187.5670,188.3065,170.1484,176.5443,49269200
1784122200,2026-07-15 00:00:00,183.6496,183.8794,149.9017,165.4415,67008900
1784208600,2026-07-16 00:00:00,150.3414,155.7279,137.9096,142.3866,76391300
1784295000,2026-07-17 00:00:00,124.6483,144.3054,116.3937,135.3812,105762300
1784554200,2026-07-20 00:00:00,143.4260,148.6425,135.5811,136.7204,52804300
1784640600,2026-07-21 00:00:00,155.7379,160.5347,148.7724,158.4361,55698500
1784727000,2026-07-22 00:00:00,147.0036,165.6414,146.9037,160.8845,46926500
1784813400,2026-07-23 00:00:00,152.0603,162.8133,150.5513,157.3968,57831400
1784899800,2026-07-24 00:00:00,151.3508,154.3988,132.4631,136.7204,71734900
1785159000,2026-07-27 00:00:00,140.5578,147.9230,115.3743,128.0660,90434900
1785245400,2026-07-28 00:00:00,113.0759,114.8747,101.4635,109.4682,125338900
1785331800,2026-07-29 00:00:00,107.5495,112.5962,91.4400,91.9297,149950200
1785418200,2026-07-30 00:00:00,107.3096,117.9227,105.0511,114.6448,109931900
1785504600,2026-07-31 00:00:00,129.8149,133.7923,112.3463,114.6448,102613300
1785763800,2026-08-03 00:00:00,106.0805,118.7921,102.0231,116.6335,81117500
1785850200,2026-08-04 00:00:00,131.4238,142.3267,129.5750,139.8083,78456600
1785936600,2026-08-05 00:00:00,135.4512,144.2454,129.9148,131.9835,67515700
1786023000,2026-08-06 00:00:00,125.1480,139.9083,120.6709,132.2433,57025200
1786109400,2026-08-07 00:00:00,141.8770,143.8257,131.4738,140.1581,61350700
1786368600,2026-08-10 00:00:00,142.7064,143.3560,129.9148,129.9148,50105400
1786455000,2026-08-11 00:00:00,136.1707,136.5105,129.9748,132.9129,38282500
1786541400,2026-08-12 00:00:00,147.2035,147.6032,141.7970,142.0668,55970000
1786627800,2026-08-13 00:00:00,142.0669,154.0290,141.7471,145.2648,54831600
1786714200,2026-08-14 00:00:00,143.6958,146.5539,138.8090,144.8550,45331100
1786973400,2026-08-17 00:00:00,150.5113,156.8172,148.8024,151.4307,43560500
1787059800,2026-08-18 00:00:00,134.1121,137.5098,122.3198,129.0154,87105200
1787146200,2026-08-19 00:00:00,132.5431,133.6524,116.7634,120.6609,78078100
1787232600,2026-08-20 00:00:00,119.9114,124.4784,117.3431,122.1299,50500900
1787319000,2026-08-21 00:00:00,126.5071,126.7069,116.6335,120.5210,48174900
1787578200,2026-08-24 00:00:00,114.9946,114.9946,105.9305,111.0872,67194300
1787664600,2026-08-25 00:00:00,117.2931,119.8014,113.0559,115.5942,47392300
1787751000,2026-08-26 00:00:00,114.6248,117.3131,112.4563,116.5236,39918800
1787837400,2026-08-27 00:00:00,123.3191,124.7982,117.6129,122.9694,55965600
1787923800,2026-08-28 00:00:00,119.8414,121.1206,110.1378,111.2670,60995600
1788183000,2026-08-31 00:00:00,112.3363,114.9746,110.2577,112.7161,34269700
1788269400,2026-09-01 00:00:00,106.2903,108.5688,102.2430,105.8406,63954400
1788355800,2026-09-02 00:00:00,104.4315,107.9992,101.2736,106.2803,47235300
1788442200,2026-09-03 00:00:00,102.9325,107.4196,98.5554,106.6701,55094500
1788528600,2026-09-04 00:00:00,111.1471,118.1026,109.6581,117.2032,63548000
1788874200,2026-09-08 00:00:00,125.0380,127.4564,121.5203,123.1892,52642700
1788960600,2026-09-09 00:00:00,121.1606,128.3958,121.1606,125.7875,40630800
1789047000,2026-09-10 00:00:00,116.2738,119.2418,113.4756,115.6842,54498500
1789133400,2026-09-11 00:00:00,120.6309,124.4184,117.7928,121.7402,53536100
1789392600,2026-09-14 00:00:00,101.4635,105.3209,99.8046,101.0637,101135900
1789479000,2026-09-15 00:00:00,104.4815,105.8706,100.8938,102.2530,57147000
1789565400,2026-09-16 00:00:00,107.3696,109.2484,100.9938,103.9019,74637500
1789651800,2026-09-17 00:00:00,113.2557,115.4043,111.9366,114.7448,56833100
1789738200,2026-09-18 00:00:00,116.9533,123.8188,116.6035,123.5890,45459700
1789997400,2026-09-21 00:00:00,131.9835,143.9056,129.5351,141.8370,62514300
1790083800,2026-09-22 00:00:00,137.6700,152.6400,137.4600,151.9500,66530800
1790170200,2026-09-23 00:00:00,149.8900,151.0000,139.5800,146.2500,62051700
1790256600,2026-09-24 00:00:00,138.4700,147.2000,136.9000,146.3300,65335900
