time,datetime_kst,open,high,low,close,volume
1786188900,2026-08-08 20:35:00,140.71,140.95,140.71,140.94,12359
1786189200,2026-08-08 20:40:00,140.95,140.95,140.74,140.76,20019
1786189500,2026-08-08 20:45:00,140.76,140.93,140.76,140.82,16283
1786189800,2026-08-08 20:50:00,140.82,140.83,140.6,140.68,24680
1786190100,2026-08-08 20:55:00,140.68,140.79,140.61,140.75,19565
1786190400,2026-08-08 21:00:00,140.76,140.8,140.65,140.68,11745
1786190700,2026-08-08 21:05:00,140.69,140.79,140.61,140.71,12131
1786191000,2026-08-08 21:10:00,140.7,140.98,140.69,140.88,24468
1786191300,2026-08-08 21:15:00,140.88,141,140.85,140.95,42731
1786191600,2026-08-08 21:20:00,140.95,140.95,140.79,140.9,9216
1786191900,2026-08-08 21:25:00,140.9,140.91,140.64,140.65,7323
1786192200,2026-08-08 21:30:00,140.65,140.76,140.57,140.73,28253
1786192500,2026-08-08 21:35:00,140.74,140.75,140.56,140.58,24699
1786192800,2026-08-08 21:40:00,140.58,140.75,140.57,140.74,7731
1786193100,2026-08-08 21:45:00,140.73,140.84,140.68,140.75,6078
1786193400,2026-08-08 21:50:00,140.75,140.77,140.65,140.65,2658
1786193700,2026-08-08 21:55:00,140.64,140.83,140.62,140.8,3372
1786194000,2026-08-08 22:00:00,140.8,140.86,140.72,140.78,4339
1786194300,2026-08-08 22:05:00,140.78,140.82,140.63,140.82,2439
1786194600,2026-08-08 22:10:00,140.86,142.2,140.86,141.87,125566
1786194900,2026-08-08 22:15:00,141.91,142.06,141.66,141.84,28282
1786195200,2026-08-08 22:20:00,141.88,142.4,141.85,142.15,33907
1786195500,2026-08-08 22:25:00,142.17,142.23,141.97,142.07,44493
1786195800,2026-08-08 22:30:00,142.1,142.13,141.7,141.95,27935
1786196100,2026-08-08 22:35:00,141.91,142.14,141.72,141.74,32590
1786196400,2026-08-08 22:40:00,141.74,141.85,141.61,141.64,21143
1786196700,2026-08-08 22:45:00,141.64,141.73,141.43,141.43,19029
1786197000,2026-08-08 22:50:00,141.44,141.56,141.43,141.54,32350
1786197300,2026-08-08 22:55:00,141.53,141.71,141.46,141.62,50188
1786197600,2026-08-08 23:00:00,141.62,142.1,141.61,142.08,42725
1786197900,2026-08-08 23:05:00,142.08,142.36,142,142.05,28389
1786198200,2026-08-08 23:10:00,142.04,142.24,141.83,142.2,26715
1786198500,2026-08-08 23:15:00,142.21,142.26,141.97,142.05,16080
1786198800,2026-08-08 23:20:00,142.1,142.15,141.91,141.92,9618
1786199100,2026-08-08 23:25:00,141.92,142.07,141.86,141.91,16368
1786199400,2026-08-08 23:30:00,141.91,141.96,141.77,141.83,10845
1786199700,2026-08-08 23:35:00,141.81,141.93,141.81,141.81,9527
1786200000,2026-08-08 23:40:00,141.81,141.83,141.7,141.82,4260
1786200300,2026-08-08 23:45:00,141.83,142.13,141.83,141.97,17400
1786200600,2026-08-08 23:50:00,141.98,141.98,141.76,141.79,7272
1786200900,2026-08-08 23:55:00,141.79,141.99,141.67,141.78,11071
1786201200,2026-08-09 00:00:00,141.78,141.84,141.67,141.7,7495
1786201500,2026-08-09 00:05:00,141.7,141.79,141.6,141.66,5831
1786201800,2026-08-09 00:10:00,141.66,141.92,141.65,141.75,5989
1786202100,2026-08-09 00:15:00,141.76,141.92,141.72,141.76,4993
1786202400,2026-08-09 00:20:00,141.77,141.81,141.66,141.71,8952
1786202700,2026-08-09 00:25:00,141.72,141.81,141.68,141.78,8164
1786203000,2026-08-09 00:30:00,141.77,141.9,141.7,141.78,21896
1786203300,2026-08-09 00:35:00,141.78,141.96,141.75,141.82,13868
1786203600,2026-08-09 00:40:00,141.85,141.99,141.85,141.98,3964
1786203900,2026-08-09 00:45:00,141.98,142.1,141.98,142.08,925
1786204200,2026-08-09 00:50:00,141.95,141.95,141.77,141.77,2916
1786204500,2026-08-09 00:55:00,141.78,141.96,141.78,141.89,6469
1786204800,2026-08-09 01:00:00,141.9,141.95,141.8,141.85,11473
1786205100,2026-08-09 01:05:00,141.84,141.98,141.79,141.94,7772
1786205400,2026-08-09 01:10:00,141.95,142.13,141.87,142.03,7724
1786205700,2026-08-09 01:15:00,142.03,142.24,142.01,142.1,6318
1786206000,2026-08-09 01:20:00,142.08,142.22,142.05,142.18,2484
1786206300,2026-08-09 01:25:00,142.18,142.44,142.16,142.42,6275
1786206600,2026-08-09 01:30:00,142.42,142.44,142.26,142.28,20489
1786206900,2026-08-09 01:35:00,142.3,142.39,142.27,142.28,6773
1786207200,2026-08-09 01:40:00,142.28,142.34,142.2,142.34,4141
1786207500,2026-08-09 01:45:00,142.34,142.41,142.25,142.39,3158
1786207800,2026-08-09 01:50:00,142.38,142.4,142.16,142.16,1955
1786208100,2026-08-09 01:55:00,142.15,142.34,142.14,142.32,25763
1786208400,2026-08-09 02:00:00,142.31,142.34,142.1,142.1,19677
1786208700,2026-08-09 02:05:00,142.1,142.24,142.1,142.24,12668
1786209000,2026-08-09 02:10:00,142.24,142.37,142.23,142.36,8303
1786209300,2026-08-09 02:15:00,142.36,142.37,142.16,142.19,6895
1786209600,2026-08-09 02:20:00,142.19,142.31,142.19,142.21,5179
1786209900,2026-08-09 02:25:00,142.21,142.29,142.2,142.22,3918
1786210200,2026-08-09 02:30:00,142.22,142.33,142.17,142.31,14163
1786210500,2026-08-09 02:35:00,142.37,142.95,142.37,142.72,24366
1786210800,2026-08-09 02:40:00,142.72,142.85,142.54,142.85,8368
1786211100,2026-08-09 02:45:00,142.84,142.9,142.51,142.52,6536
1786211400,2026-08-09 02:50:00,142.54,142.73,142.51,142.64,4449
1786211700,2026-08-09 02:55:00,142.64,142.67,142.6,142.6,3860
1786212000,2026-08-09 03:00:00,142.6,142.66,142.54,142.66,12078
1786212300,2026-08-09 03:05:00,142.66,142.77,142.58,142.72,10043
1786212600,2026-08-09 03:10:00,142.72,142.72,142.6,142.6,8590
1786212900,2026-08-09 03:15:00,142.6,142.67,142.54,142.63,3801
1786213200,2026-08-09 03:20:00,142.62,142.78,142.59,142.76,10658
1786213500,2026-08-09 03:25:00,142.76,142.77,142.66,142.74,9387
1786213800,2026-08-09 03:30:00,142.74,142.78,142.64,142.7,7208
1786214100,2026-08-09 03:35:00,142.7,142.85,142.69,142.81,4353
1786214400,2026-08-09 03:40:00,142.8,142.83,142.73,142.75,2867
1786214700,2026-08-09 03:45:00,142.73,142.76,142.67,142.71,1851
1786215000,2026-08-09 03:50:00,142.72,142.8,142.71,142.79,1637
1786215300,2026-08-09 03:55:00,142.78,142.94,142.76,142.78,3962
1786215600,2026-08-09 04:00:00,142.78,142.91,142.77,142.87,3088
1786215900,2026-08-09 04:05:00,142.88,143.34,142.85,143.34,25867
1786216200,2026-08-09 04:10:00,143.33,143.4,143.24,143.32,22689
1786216500,2026-08-09 04:15:00,143.34,143.4,143.14,143.37,26439
1786216800,2026-08-09 04:20:00,143.38,143.44,143.3,143.38,13757
1786217100,2026-08-09 04:25:00,143.39,143.46,143.24,143.25,26092
1786217400,2026-08-09 04:30:00,143.24,143.37,143.16,143.37,12708
1786217700,2026-08-09 04:35:00,143.38,144.84,143.37,144.79,71690
1786218000,2026-08-09 04:40:00,144.76,144.83,144.36,144.47,48620
1786218300,2026-08-09 04:45:00,144.47,144.48,144.01,144.2,23350
1786218600,2026-08-09 04:50:00,144.2,144.22,144.05,144.08,12159
1786218900,2026-08-09 04:55:00,144.09,144.26,144.03,144.03,8689
1786219200,2026-08-09 05:00:00,144.04,144.3,143.94,143.94,23902
1786219500,2026-08-09 05:05:00,143.93,144.12,143.92,144,20281
1786219800,2026-08-09 05:10:00,144.01,144.01,143.88,143.89,9845
1786220100,2026-08-09 05:15:00,143.89,144.03,143.82,143.82,10121
1786220400,2026-08-09 05:20:00,143.82,144.07,143.82,144.07,11180
1786220700,2026-08-09 05:25:00,144.07,144.33,144.06,144.25,9956
1786221000,2026-08-09 05:30:00,144.24,144.29,144.05,144.06,9520
1786221300,2026-08-09 05:35:00,144.05,144.33,144.04,144.24,5766
1786221600,2026-08-09 05:40:00,144.24,144.4,144.21,144.29,6145
1786221900,2026-08-09 05:45:00,144.29,144.43,144.21,144.35,16706
1786222200,2026-08-09 05:50:00,144.3,144.31,144.11,144.18,12074
1786222500,2026-08-09 05:55:00,144.18,144.3,144.15,144.24,13815
1786222800,2026-08-09 06:00:00,144.27,144.36,144.24,144.31,10306
1786223100,2026-08-09 06:05:00,144.31,144.43,144.24,144.25,7127
1786223400,2026-08-09 06:10:00,144.25,144.33,144.03,144.03,3918
1786223700,2026-08-09 06:15:00,144.03,144.34,144.03,144.26,8902
1786224000,2026-08-09 06:20:00,144.21,144.4,144.2,144.39,12393
1786224300,2026-08-09 06:25:00,144.38,144.39,144.15,144.25,2671
1786224600,2026-08-09 06:30:00,144.26,144.46,144.26,144.46,3428
1786224900,2026-08-09 06:35:00,144.45,144.46,144.28,144.34,2129
1786225200,2026-08-09 06:40:00,144.35,144.48,144.23,144.25,8927
1786225500,2026-08-09 06:45:00,144.24,144.49,144.23,144.4,5900
1786225800,2026-08-09 06:50:00,144.4,144.47,144.35,144.38,1307
1786226100,2026-08-09 06:55:00,144.38,144.42,144.25,144.26,4775
1786226400,2026-08-09 07:00:00,144.26,144.6,144.26,144.54,4021
1786226700,2026-08-09 07:05:00,144.52,144.55,144.37,144.38,3146
1786227000,2026-08-09 07:10:00,144.39,144.4,144.11,144.13,5392
1786227300,2026-08-09 07:15:00,144.16,144.28,144.1,144.2,21883
1786227600,2026-08-09 07:20:00,144.18,144.38,144.17,144.24,2054
1786227900,2026-08-09 07:25:00,144.25,144.38,144.24,144.32,4223
1786228200,2026-08-09 07:30:00,144.33,144.46,144.3,144.34,2598
1786228500,2026-08-09 07:35:00,144.34,144.41,144.33,144.39,1827
1786228800,2026-08-09 07:40:00,144.39,144.4,144.14,144.14,2489
1786229100,2026-08-09 07:45:00,144.14,144.33,144.14,144.2,2530
1786229400,2026-08-09 07:50:00,144.2,144.38,144.07,144.32,1879
1786229700,2026-08-09 07:55:00,144.32,144.38,144.03,144.05,2856
1786230000,2026-08-09 08:00:00,144.05,144.28,143.95,144.17,9138
1786230300,2026-08-09 08:05:00,144.17,144.21,143.84,143.86,5082
1786230600,2026-08-09 08:10:00,143.85,143.91,143.58,143.63,4063
1786230900,2026-08-09 08:15:00,143.65,143.81,143.52,143.72,3583
1786231200,2026-08-09 08:20:00,143.71,143.75,143.71,143.74,3346
1786231500,2026-08-09 08:25:00,143.73,143.89,143.65,143.7,5630
1786231800,2026-08-09 08:30:00,143.69,143.7,143.53,143.54,5182
1786232100,2026-08-09 08:35:00,143.55,143.61,143.53,143.56,15034
1786232400,2026-08-09 08:40:00,143.57,143.6,143.25,143.32,10809
1786232700,2026-08-09 08:45:00,143.34,143.37,143.17,143.24,16244
1786233000,2026-08-09 08:50:00,143.24,143.25,142.96,143.17,9576
1786233300,2026-08-09 08:55:00,143.16,143.19,143.08,143.16,7162
1786233600,2026-08-09 09:00:00,143.17,143.19,143,143.01,14043
1786233900,2026-08-09 09:05:00,143.02,143.03,142.91,142.93,12726
1786234200,2026-08-09 09:10:00,142.94,143.04,142.9,142.97,51318
1786234500,2026-08-09 09:15:00,142.97,143.11,142.8,142.9,27681
1786234800,2026-08-09 09:20:00,142.9,143.09,142.88,143.09,3187
1786235100,2026-08-09 09:25:00,143.09,143.1,142.93,142.98,12394
1786235400,2026-08-09 09:30:00,142.99,142.99,142.82,142.86,4110
1786235700,2026-08-09 09:35:00,142.86,142.95,142.85,142.9,9369
1786236000,2026-08-09 09:40:00,142.91,143.1,142.9,142.97,6363
1786236300,2026-08-09 09:45:00,142.97,143,142.81,142.81,8953
1786236600,2026-08-09 09:50:00,142.81,142.82,142.71,142.73,2998
1786236900,2026-08-09 09:55:00,142.73,142.76,142.68,142.74,3835
1786237200,2026-08-09 10:00:00,142.75,143,142.71,143,4397
1786237500,2026-08-09 10:05:00,143,143,142.8,142.8,3308
1786237800,2026-08-09 10:10:00,142.78,142.97,142.78,142.91,4979
1786238100,2026-08-09 10:15:00,142.91,142.94,142.76,142.76,11422
1786238400,2026-08-09 10:20:00,142.77,142.77,142.48,142.48,5795
1786238700,2026-08-09 10:25:00,142.47,142.56,142.43,142.56,4793
1786239000,2026-08-09 10:30:00,142.55,142.56,142.32,142.32,24862
1786239300,2026-08-09 10:35:00,142.32,142.4,142.26,142.4,15967
1786239600,2026-08-09 10:40:00,142.4,142.5,142.39,142.49,9691
1786239900,2026-08-09 10:45:00,142.5,142.75,142.36,142.73,7503
1786240200,2026-08-09 10:50:00,142.64,142.82,142.62,142.66,4055
1786240500,2026-08-09 10:55:00,142.66,142.87,142.53,142.66,11373
1786240800,2026-08-09 11:00:00,142.66,142.68,142.56,142.67,21172
1786241100,2026-08-09 11:05:00,142.67,142.74,142.65,142.67,2956
1786241400,2026-08-09 11:10:00,142.67,142.77,142.67,142.75,1638
1786241700,2026-08-09 11:15:00,142.73,142.73,142.54,142.66,1454
1786242000,2026-08-09 11:20:00,142.67,142.72,142.65,142.68,1737
1786242300,2026-08-09 11:25:00,142.68,142.73,142.6,142.7,1673
1786242600,2026-08-09 11:30:00,142.7,142.7,142.64,142.66,1473
1786242900,2026-08-09 11:35:00,142.66,142.76,142.64,142.64,4222
1786243200,2026-08-09 11:40:00,142.65,142.84,142.62,142.83,4755
1786243500,2026-08-09 11:45:00,142.79,142.9,142.77,142.83,5954
1786243800,2026-08-09 11:50:00,142.84,142.94,142.8,142.92,1825
1786244100,2026-08-09 11:55:00,142.92,143,142.8,142.93,11325
1786244400,2026-08-09 12:00:00,142.88,142.9,142.7,142.89,10030
1786244700,2026-08-09 12:05:00,142.84,142.84,142.72,142.76,13273
1786245000,2026-08-09 12:10:00,142.76,142.8,142.7,142.71,5733
1786245300,2026-08-09 12:15:00,142.71,142.71,142.42,142.52,3994
1786245600,2026-08-09 12:20:00,142.52,142.56,142.42,142.56,5702
1786245900,2026-08-09 12:25:00,142.56,142.59,142.48,142.57,8905
1786246200,2026-08-09 12:30:00,142.55,142.6,142.47,142.59,7884
1786246500,2026-08-09 12:35:00,142.59,142.6,142.51,142.56,28679
1786246800,2026-08-09 12:40:00,142.56,142.58,142.45,142.54,34501
1786247100,2026-08-09 12:45:00,142.53,142.54,142.43,142.46,9820
1786247400,2026-08-09 12:50:00,142.46,142.64,142.45,142.59,15277
1786247700,2026-08-09 12:55:00,142.58,142.67,142.58,142.67,5869
1786248000,2026-08-09 13:00:00,142.66,142.68,142.52,142.53,12100
1786248300,2026-08-09 13:05:00,142.53,142.63,142.5,142.56,2420
1786248600,2026-08-09 13:10:00,142.57,142.57,142.41,142.43,3151
1786248900,2026-08-09 13:15:00,142.43,142.53,142.4,142.41,1641
1786249200,2026-08-09 13:20:00,142.41,142.41,142.28,142.4,5046
1786249500,2026-08-09 13:25:00,142.42,142.44,142.37,142.4,3782
1786249800,2026-08-09 13:30:00,142.42,142.42,142.3,142.33,1565
1786250100,2026-08-09 13:35:00,142.35,142.46,142.35,142.45,2356
1786250400,2026-08-09 13:40:00,142.45,142.49,142.39,142.41,3593
1786250700,2026-08-09 13:45:00,142.41,142.5,142.39,142.49,3800
1786251000,2026-08-09 13:50:00,142.49,142.66,142.44,142.45,9683
1786251300,2026-08-09 13:55:00,142.42,142.46,142.39,142.41,3687
1786251600,2026-08-09 14:00:00,142.41,142.41,142.26,142.27,2470
1786251900,2026-08-09 14:05:00,142.27,142.39,142.23,142.28,18355
1786252200,2026-08-09 14:10:00,142.28,142.36,142.22,142.32,16583
1786252500,2026-08-09 14:15:00,142.32,142.48,142.31,142.4,9831
1786252800,2026-08-09 14:20:00,142.39,142.41,142.33,142.41,12824
1786253100,2026-08-09 14:25:00,142.41,142.41,142.07,142.11,30459
1786253400,2026-08-09 14:30:00,142.1,142.13,141.98,142.08,8997
1786253700,2026-08-09 14:35:00,142.08,142.09,141.94,142.02,12603
1786254000,2026-08-09 14:40:00,142,142.04,141.96,142,6491
1786254300,2026-08-09 14:45:00,142,142.15,141.99,142.14,1993
1786254600,2026-08-09 14:50:00,142.14,142.15,142.06,142.08,2624
1786254900,2026-08-09 14:55:00,142.08,142.16,142.01,142.08,2253
1786255200,2026-08-09 15:00:00,142.08,142.36,142,142.29,9688
1786255500,2026-08-09 15:05:00,142.29,142.47,142.29,142.37,11362
1786255800,2026-08-09 15:10:00,142.37,142.38,142.32,142.36,13631
1786256100,2026-08-09 15:15:00,142.35,142.5,142.28,142.42,14791
1786256400,2026-08-09 15:20:00,142.39,142.44,142.3,142.42,9117
1786256700,2026-08-09 15:25:00,142.44,142.45,142.37,142.38,2456
1786257000,2026-08-09 15:30:00,142.37,142.43,142.37,142.43,2479
1786257300,2026-08-09 15:35:00,142.42,143.48,142.42,143.13,67286
1786257600,2026-08-09 15:40:00,143.13,143.2,143.04,143.08,9933
1786257900,2026-08-09 15:45:00,143.07,143.12,142.89,142.92,8564
1786258200,2026-08-09 15:50:00,142.91,143,142.8,142.86,23819
1786258500,2026-08-09 15:55:00,142.86,143.06,142.85,143.06,6538
1786258800,2026-08-09 16:00:00,143.06,143.11,142.93,142.98,3723
1786259100,2026-08-09 16:05:00,142.97,143.48,142.96,143.48,14064
1786259400,2026-08-09 16:10:00,143.44,143.69,143.37,143.65,42881
1786259700,2026-08-09 16:15:00,143.66,143.66,143.38,143.51,8795
1786260000,2026-08-09 16:20:00,143.52,143.6,143.4,143.54,3451
1786260300,2026-08-09 16:25:00,143.51,143.57,143.42,143.54,5412
1786260600,2026-08-09 16:30:00,143.56,143.81,143.55,143.8,18103
1786260900,2026-08-09 16:35:00,143.8,143.84,143.71,143.78,2994
1786261200,2026-08-09 16:40:00,143.79,143.79,143.57,143.7,11632
1786261500,2026-08-09 16:45:00,143.7,143.7,143.49,143.52,18499
1786261800,2026-08-09 16:50:00,143.51,143.89,143.49,143.62,16935
1786262100,2026-08-09 16:55:00,143.62,143.62,143.34,143.44,83128
1786262400,2026-08-09 17:00:00,143.43,143.73,143.42,143.46,88578
1786262700,2026-08-09 17:05:00,143.45,143.46,143.28,143.31,94470
1786263000,2026-08-09 17:10:00,143.31,143.32,143.03,143.03,152459
1786263300,2026-08-09 17:15:00,143.03,143.08,142.8,142.87,30504
1786263600,2026-08-09 17:20:00,142.87,143.15,142.81,142.96,224991
1786263900,2026-08-09 17:25:00,142.96,142.96,142.51,142.61,23186
1786264200,2026-08-09 17:30:00,142.6,142.66,142.5,142.57,125205
1786264500,2026-08-09 17:35:00,142.57,142.64,142.23,142.25,267497
1786264800,2026-08-09 17:40:00,142.24,142.49,142.22,142.24,385378
1786265100,2026-08-09 17:45:00,142.24,142.4,142.18,142.29,185854
1786265400,2026-08-09 17:50:00,142.29,142.34,142.22,142.23,33002
1786265700,2026-08-09 17:55:00,142.22,142.28,142.02,142.03,60689
1786266000,2026-08-09 18:00:00,142,142.02,141.77,141.86,56771
1786266300,2026-08-09 18:05:00,141.86,141.87,141.4,141.47,744320
1786266600,2026-08-09 18:10:00,141.46,141.65,141.24,141.57,32315
1786266900,2026-08-09 18:15:00,141.58,141.86,141.54,141.73,20985
1786267200,2026-08-09 18:20:00,141.73,142.02,141.73,141.91,19746
1786267500,2026-08-09 18:25:00,141.91,142.11,141.81,141.88,16201
1786267800,2026-08-09 18:30:00,141.82,141.82,141.62,141.64,5962
1786268100,2026-08-09 18:35:00,141.68,141.87,141.68,141.73,8155
1786268400,2026-08-09 18:40:00,141.72,142.09,141.72,142.09,13635
1786268700,2026-08-09 18:45:00,142.09,142.09,141.94,141.95,21048
1786269000,2026-08-09 18:50:00,141.94,142.1,141.84,142.1,15037
1786269300,2026-08-09 18:55:00,142.06,142.15,141.99,142.07,7586
1786269600,2026-08-09 19:00:00,142.07,142.09,141.93,141.93,7965
1786269900,2026-08-09 19:05:00,141.93,142.06,141.93,142.01,8418
1786270200,2026-08-09 19:10:00,142.02,142.02,141.84,141.84,5099
1786270500,2026-08-09 19:15:00,141.85,141.87,141.56,141.66,24208
1786270800,2026-08-09 19:20:00,141.66,141.95,141.58,141.88,8008
1786271100,2026-08-09 19:25:00,141.88,141.94,141.87,141.9,5607
1786271400,2026-08-09 19:30:00,141.91,141.96,141.9,141.92,6406
1786271700,2026-08-09 19:35:00,141.92,142.07,141.92,142.02,9527
1786272000,2026-08-09 19:40:00,142.03,142.03,141.92,141.94,15983
1786272300,2026-08-09 19:45:00,141.95,141.98,141.91,141.94,10280
1786272600,2026-08-09 19:50:00,141.94,142.05,141.9,142.05,9685
1786272900,2026-08-09 19:55:00,142.08,142.12,141.93,141.93,15565
1786273200,2026-08-09 20:00:00,141.93,141.98,141.41,141.62,19475
1786273500,2026-08-09 20:05:00,141.62,141.63,141.47,141.5,20807
1786273800,2026-08-09 20:10:00,141.52,141.6,141.49,141.58,11302
1786274100,2026-08-09 20:15:00,141.59,141.66,141.57,141.64,6047
1786274400,2026-08-09 20:20:00,141.64,141.67,141.57,141.64,10837
1786274700,2026-08-09 20:25:00,141.64,141.79,141.62,141.74,6231
1786275000,2026-08-09 20:30:00,141.75,141.75,141.64,141.64,3904
1786275300,2026-08-09 20:35:00,141.64,141.69,141.58,141.64,1546
1786275600,2026-08-09 20:40:00,141.64,141.64,141.43,141.52,3601
1786275900,2026-08-09 20:45:00,141.54,141.69,141.5,141.57,6520
1786276200,2026-08-09 20:50:00,141.57,141.63,141.51,141.63,4499
1786276500,2026-08-09 20:55:00,141.62,141.69,141.6,141.61,4006
1786276800,2026-08-09 21:00:00,141.61,141.66,141.47,141.63,4959
1786277100,2026-08-09 21:05:00,141.64,142.02,141.63,142.01,6378
1786277400,2026-08-09 21:10:00,141.98,142.07,141.93,142.01,6736
1786277700,2026-08-09 21:15:00,141.99,142.07,141.96,142.04,5835
1786278000,2026-08-09 21:20:00,142.04,142.22,142.03,142.15,30049
1786278300,2026-08-09 21:25:00,142.15,142.45,142.14,142.35,190600
1786278600,2026-08-09 21:30:00,142.34,142.8,142.32,142.43,564300
1786278900,2026-08-09 21:35:00,142.42,142.5,142.4,142.42,101211
1786279200,2026-08-09 21:40:00,142.42,142.44,142.23,142.37,20168
1786279500,2026-08-09 21:45:00,142.37,142.51,142.33,142.49,7555
1786279800,2026-08-09 21:50:00,142.49,142.76,142.48,142.73,41269
1786280100,2026-08-09 21:55:00,142.74,142.74,142.47,142.5,27044
1786280400,2026-08-09 22:00:00,142.51,142.64,142.49,142.63,12472
1786280700,2026-08-09 22:05:00,142.63,142.9,142.63,142.87,16745
1786281000,2026-08-09 22:10:00,142.88,142.91,142.78,142.86,7323
1786281300,2026-08-09 22:15:00,142.86,143.2,142.83,143.13,37866
1786281600,2026-08-09 22:20:00,143.1,143.2,143.02,143.04,23303
1786281900,2026-08-09 22:25:00,143.02,143.16,142.98,143.03,20076
1786282200,2026-08-09 22:30:00,143.03,143.17,142.94,143.13,21620
1786282500,2026-08-09 22:35:00,143.14,143.17,143.04,143.04,8079
1786282800,2026-08-09 22:40:00,143.05,143.18,142.56,142.66,16613
1786283100,2026-08-09 22:45:00,142.63,142.89,142.63,142.76,24948
1786283400,2026-08-09 22:50:00,142.78,142.79,142.6,142.68,13324
1786283700,2026-08-09 22:55:00,142.66,142.67,142.55,142.58,9344
1786284000,2026-08-09 23:00:00,142.64,142.7,142.55,142.59,3874
1786284300,2026-08-09 23:05:00,142.59,142.74,142.55,142.7,4771
1786284600,2026-08-09 23:10:00,142.7,142.81,142.69,142.81,11579
1786284900,2026-08-09 23:15:00,142.8,142.81,142.65,142.65,3015
1786285200,2026-08-09 23:20:00,142.64,142.7,142.61,142.67,1527
1786285500,2026-08-09 23:25:00,142.67,142.67,142.4,142.47,11620
1786285800,2026-08-09 23:30:00,142.48,142.48,142.11,142.19,21747
1786286100,2026-08-09 23:35:00,142.2,142.28,142.15,142.2,21999
1786286400,2026-08-09 23:40:00,142.21,142.21,142.08,142.16,11836
1786286700,2026-08-09 23:45:00,142.18,142.22,142.09,142.1,10502
1786287000,2026-08-09 23:50:00,142.1,142.32,142.03,142.24,16919
1786287300,2026-08-09 23:55:00,142.24,142.3,142.13,142.14,9612
1786287600,2026-08-10 00:00:00,142.17,142.41,142.09,142.41,18268
1786287900,2026-08-10 00:05:00,142.37,142.59,142.36,142.44,21601
1786288200,2026-08-10 00:10:00,142.44,142.49,142.39,142.43,21854
1786288500,2026-08-10 00:15:00,142.38,142.45,142.04,142.09,9879
1786288800,2026-08-10 00:20:00,142.08,142.1,141.92,142.1,16688
1786289100,2026-08-10 00:25:00,142.08,142.13,141.93,141.98,33643
1786289400,2026-08-10 00:30:00,141.99,142.02,141.87,141.9,19110
1786289700,2026-08-10 00:35:00,141.89,141.92,141.83,141.87,20409
1786290000,2026-08-10 00:40:00,141.84,142.03,141.83,142.01,20261
1786290300,2026-08-10 00:45:00,141.98,141.99,141.86,141.89,22152
1786290600,2026-08-10 00:50:00,141.9,141.92,141.83,141.87,11187
1786290900,2026-08-10 00:55:00,141.87,141.96,141.86,141.93,9371
1786291200,2026-08-10 01:00:00,141.95,141.96,141.63,141.64,9707
1786291500,2026-08-10 01:05:00,141.65,141.77,141.61,141.67,25562
1786291800,2026-08-10 01:10:00,141.66,141.71,141.41,141.47,10642
1786292100,2026-08-10 01:15:00,141.49,141.51,141.4,141.46,18164
1786292400,2026-08-10 01:20:00,141.46,141.56,141.45,141.5,6153
1786292700,2026-08-10 01:25:00,141.5,141.51,141.36,141.4,2938
1786293000,2026-08-10 01:30:00,141.42,141.55,141.41,141.47,1913
1786293300,2026-08-10 01:35:00,141.48,141.48,141.34,141.36,12872
1786293600,2026-08-10 01:40:00,141.35,141.38,141.34,141.34,4040
1786293900,2026-08-10 01:45:00,141.35,141.5,141.35,141.48,4902
1786294200,2026-08-10 01:50:00,141.43,141.47,141.35,141.44,10393
1786294500,2026-08-10 01:55:00,141.44,141.49,141.36,141.4,10012
1786294800,2026-08-10 02:00:00,141.45,141.52,141.36,141.42,8765
1786295100,2026-08-10 02:05:00,141.43,141.6,141.42,141.44,6105
1786295400,2026-08-10 02:10:00,141.44,141.7,141.44,141.57,13302
1786295700,2026-08-10 02:15:00,141.57,141.63,141.55,141.61,6351
1786296000,2026-08-10 02:20:00,141.61,141.62,141.57,141.62,2697
1786296300,2026-08-10 02:25:00,141.64,141.68,141.58,141.58,1400
1786296600,2026-08-10 02:30:00,141.59,141.71,141.58,141.63,1086
1786296900,2026-08-10 02:35:00,141.64,141.72,141.56,141.59,3844
1786297200,2026-08-10 02:40:00,141.59,141.59,141.5,141.51,12606
1786297500,2026-08-10 02:45:00,141.51,142.05,141.51,141.9,11174
1786297800,2026-08-10 02:50:00,141.89,141.95,141.73,141.74,9028
1786298100,2026-08-10 02:55:00,141.74,141.83,141.72,141.74,8964
1786298400,2026-08-10 03:00:00,141.75,141.87,141.62,141.81,5874
1786298700,2026-08-10 03:05:00,141.83,141.9,141.76,141.84,8976
1786299000,2026-08-10 03:10:00,141.83,141.86,141.74,141.8,15364
1786299300,2026-08-10 03:15:00,141.8,141.86,141.73,141.77,6187
1786299600,2026-08-10 03:20:00,141.77,141.88,141.76,141.88,7343
1786299900,2026-08-10 03:25:00,141.89,141.97,141.85,141.87,2817
1786300200,2026-08-10 03:30:00,141.88,141.99,141.87,141.93,2800
1786300500,2026-08-10 03:35:00,141.93,141.96,141.91,141.93,8385
1786300800,2026-08-10 03:40:00,141.93,142,141.83,141.88,10053
1786301100,2026-08-10 03:45:00,141.87,142.04,141.87,142,5063
1786301400,2026-08-10 03:50:00,142.01,142.05,141.78,141.83,14039
1786301700,2026-08-10 03:55:00,141.83,141.83,141.51,141.52,20464
1786302000,2026-08-10 04:00:00,141.52,141.65,141.51,141.53,15143
1786302300,2026-08-10 04:05:00,141.52,141.62,141.51,141.59,7194
1786302600,2026-08-10 04:10:00,141.56,141.59,141.51,141.59,2488
1786302900,2026-08-10 04:15:00,141.58,141.6,141.53,141.59,1391
1786303200,2026-08-10 04:20:00,141.59,141.59,141.53,141.56,1593
1786303500,2026-08-10 04:25:00,141.53,141.58,141.51,141.55,1469
1786303800,2026-08-10 04:30:00,141.55,141.58,141.42,141.43,1609
1786304100,2026-08-10 04:35:00,141.43,141.51,141.42,141.49,1368
1786304400,2026-08-10 04:40:00,141.49,141.6,141.47,141.51,1744
1786304700,2026-08-10 04:45:00,141.51,141.56,141.41,141.45,1235
1786305000,2026-08-10 04:50:00,141.45,141.53,141.43,141.47,1556
1786305300,2026-08-10 04:55:00,141.47,141.55,141.46,141.54,1460
1786305600,2026-08-10 05:00:00,141.54,141.57,141.43,141.56,4568
1786305900,2026-08-10 05:05:00,141.55,141.79,141.54,141.77,5851
1786306200,2026-08-10 05:10:00,141.77,141.77,141.64,141.64,2718
1786306500,2026-08-10 05:15:00,141.63,141.71,141.62,141.71,1158
1786306800,2026-08-10 05:20:00,141.71,141.72,141.68,141.71,625
1786307100,2026-08-10 05:25:00,141.71,141.78,141.69,141.78,1993
1786307400,2026-08-10 05:30:00,141.78,141.8,141.77,141.8,375
1786307700,2026-08-10 05:35:00,141.8,141.83,141.72,141.76,466
1786308000,2026-08-10 05:40:00,141.77,141.85,141.77,141.83,1304
1786308300,2026-08-10 05:45:00,141.83,141.87,141.8,141.85,1345
1786308600,2026-08-10 05:50:00,141.85,141.95,141.8,141.91,1554
1786308900,2026-08-10 05:55:00,141.9,141.91,141.7,141.74,1539
1786309200,2026-08-10 06:00:00,141.75,141.84,141.67,141.71,1575
1786309500,2026-08-10 06:05:00,141.76,141.76,141.5,141.58,1617
1786309800,2026-08-10 06:10:00,141.57,141.63,141.48,141.48,1766
1786310100,2026-08-10 06:15:00,141.48,141.6,141.45,141.6,3078
1786310400,2026-08-10 06:20:00,141.58,141.65,141.56,141.64,1513
1786310700,2026-08-10 06:25:00,141.64,141.9,141.64,141.78,2304
1786311000,2026-08-10 06:30:00,141.78,141.78,141.67,141.68,2111
1786311300,2026-08-10 06:35:00,141.67,141.77,141.66,141.76,1420
1786311600,2026-08-10 06:40:00,141.77,141.99,141.77,141.94,3467
1786311900,2026-08-10 06:45:00,141.94,141.95,141.87,141.88,9945
1786312200,2026-08-10 06:50:00,141.88,141.96,141.85,141.93,6932
1786312500,2026-08-10 06:55:00,141.93,142.01,139.14,141.35,154937
1786312800,2026-08-10 07:00:00,141.39,142.17,140.46,140.89,50588
1786313100,2026-08-10 07:05:00,140.86,140.89,140.06,140.68,49885
1786313400,2026-08-10 07:10:00,140.7,141,140.35,140.81,41597
1786313700,2026-08-10 07:15:00,140.86,140.95,140.25,140.4,28408
1786314000,2026-08-10 07:20:00,140.39,140.97,140.34,140.93,12393
1786314300,2026-08-10 07:25:00,140.95,140.95,139.44,139.78,29109
1786314600,2026-08-10 07:30:00,139.78,140.15,139.55,139.96,41970
1786314900,2026-08-10 07:35:00,139.94,140.19,139.65,140.06,14129
1786315200,2026-08-10 07:40:00,140.07,140.28,138.88,139.19,48516
1786315500,2026-08-10 07:45:00,139.21,139.21,138.69,138.76,73329
1786315800,2026-08-10 07:50:00,138.73,139.28,138.73,139.26,75970
1786316100,2026-08-10 07:55:00,139.26,139.66,139.15,139.65,72163
1786316400,2026-08-10 08:00:00,139.67,140.44,139.66,139.98,84974
1786316700,2026-08-10 08:05:00,139.97,140.15,139.38,139.64,49712
1786317000,2026-08-10 08:10:00,139.61,139.79,139.54,139.66,37337
1786317300,2026-08-10 08:15:00,139.67,139.74,139.16,139.32,41503
1786317600,2026-08-10 08:20:00,139.36,139.85,139.36,139.54,49276
1786317900,2026-08-10 08:25:00,139.52,139.7,139.27,139.51,40009
1786318200,2026-08-10 08:30:00,139.49,139.49,139,139.29,58770
1786318500,2026-08-10 08:35:00,139.3,139.79,139.24,139.78,71667
1786318800,2026-08-10 08:40:00,139.75,139.94,139.64,139.74,55368
1786319100,2026-08-10 08:45:00,139.74,140.07,139.6,139.77,39484
1786319400,2026-08-10 08:50:00,139.73,139.85,139.62,139.75,18304
1786319700,2026-08-10 08:55:00,139.72,139.74,139.11,139.13,44959
1786320000,2026-08-10 09:00:00,139.1,141.03,138.88,140.64,389764
1786320300,2026-08-10 09:05:00,140.62,144.22,140.6,143.7,170806
1786320600,2026-08-10 09:10:00,143.61,145.43,143.39,144.79,189975
1786320900,2026-08-10 09:15:00,144.78,145.08,143.09,143.24,102530
1786321200,2026-08-10 09:20:00,143.23,143.65,142.33,142.49,146886
1786321500,2026-08-10 09:25:00,142.53,143.39,141.84,142.82,90864
1786321800,2026-08-10 09:30:00,142.81,143.26,142.05,142.12,38580
1786322100,2026-08-10 09:35:00,142.15,142.31,140.68,140.82,124045
1786322400,2026-08-10 09:40:00,140.81,141.2,140.3,140.55,61091
1786322700,2026-08-10 09:45:00,140.59,141.6,140.59,141.6,64635
1786323000,2026-08-10 09:50:00,141.55,142.17,141.41,141.49,103419
1786323300,2026-08-10 09:55:00,141.52,141.56,140.1,140.26,42839
1786323600,2026-08-10 10:00:00,140.17,141.08,139.78,140.68,127781
1786323900,2026-08-10 10:05:00,140.55,141.32,140.06,141.1,42811
1786324200,2026-08-10 10:10:00,141.08,142.4,141.02,142.36,92913
1786324500,2026-08-10 10:15:00,142.37,143,141.71,142.29,60682
1786324800,2026-08-10 10:20:00,142.3,143.14,142.08,142.9,29153
1786325100,2026-08-10 10:25:00,142.91,143.03,142.33,142.33,32529
1786325400,2026-08-10 10:30:00,142.33,142.54,141.27,141.52,35193
1786325700,2026-08-10 10:35:00,141.54,142.35,141.3,142.26,29211
1786326000,2026-08-10 10:40:00,142.23,142.28,141.69,142.09,21740
1786326300,2026-08-10 10:45:00,142.1,142.98,141.97,142.87,29167
1786326600,2026-08-10 10:50:00,142.87,143.11,142.46,142.5,33320
1786326900,2026-08-10 10:55:00,142.51,142.61,142.2,142.34,20952
1786327200,2026-08-10 11:00:00,142.4,142.58,141.94,142.49,20681
1786327500,2026-08-10 11:05:00,142.45,142.6,142.03,142.08,14074
1786327800,2026-08-10 11:10:00,142.14,142.57,142.1,142.17,20229
1786328100,2026-08-10 11:15:00,142.19,142.22,141.46,141.68,30449
1786328400,2026-08-10 11:20:00,141.68,141.88,141.56,141.61,20025
1786328700,2026-08-10 11:25:00,141.57,141.84,141.49,141.77,12605
1786329000,2026-08-10 11:30:00,141.79,141.92,141.12,141.16,57594
1786329300,2026-08-10 11:35:00,141.17,142.1,141.06,142.1,44377
1786329600,2026-08-10 11:40:00,142.1,142.35,141.88,142.21,38645
1786329900,2026-08-10 11:45:00,142.22,142.59,142.12,142.39,22739
1786330200,2026-08-10 11:50:00,142.4,142.66,142.26,142.4,28834
1786330500,2026-08-10 11:55:00,142.41,142.47,141.96,141.96,26451
1786330800,2026-08-10 12:00:00,141.96,142.34,141.96,142.06,20393
1786331100,2026-08-10 12:05:00,142.05,142.15,141.84,142.07,29439
1786331400,2026-08-10 12:10:00,142.07,142.18,141.81,142.05,34532
1786331700,2026-08-10 12:15:00,141.95,142.47,141.85,142.36,20629
1786332000,2026-08-10 12:20:00,142.38,142.43,142.07,142.17,23125
1786332300,2026-08-10 12:25:00,142.2,142.28,141.9,142.13,13612
1786332600,2026-08-10 12:30:00,142.12,142.19,141.8,142.14,12844
1786332900,2026-08-10 12:35:00,142.16,142.59,142.04,142.43,17953
1786333200,2026-08-10 12:40:00,142.43,142.54,142.28,142.54,15292
1786333500,2026-08-10 12:45:00,142.53,142.59,142.3,142.3,19114
1786333800,2026-08-10 12:50:00,142.31,142.78,142.3,142.48,23015
1786334100,2026-08-10 12:55:00,142.47,142.58,142.23,142.5,19770
1786334400,2026-08-10 13:00:00,142.5,142.87,142.4,142.73,15917
1786334700,2026-08-10 13:05:00,142.73,142.98,142.59,142.98,15196
1786335000,2026-08-10 13:10:00,143,143,142.43,142.64,31259
1786335300,2026-08-10 13:15:00,142.62,142.95,142.48,142.74,10172
1786335600,2026-08-10 13:20:00,142.71,142.81,142.6,142.67,6214
1786335900,2026-08-10 13:25:00,142.61,142.9,142.58,142.9,11364
1786336200,2026-08-10 13:30:00,142.9,142.91,142.5,142.55,20146
1786336500,2026-08-10 13:35:00,142.54,142.59,142.25,142.25,31572
1786336800,2026-08-10 13:40:00,142.23,142.53,141.89,142.29,45549
1786337100,2026-08-10 13:45:00,142.29,142.58,142.09,142.29,18595
1786337400,2026-08-10 13:50:00,142.3,142.52,141.98,141.98,15656
1786337700,2026-08-10 13:55:00,141.97,141.99,141.43,141.69,78381
1786338000,2026-08-10 14:00:00,141.7,142.31,141.67,142.31,193922
1786338300,2026-08-10 14:05:00,142.31,142.69,142.3,142.59,49899
1786338600,2026-08-10 14:10:00,142.61,142.78,142.53,142.68,24425
1786338900,2026-08-10 14:15:00,142.69,142.73,142.26,142.35,21541
1786339200,2026-08-10 14:20:00,142.38,142.63,142.27,142.55,22721
1786339500,2026-08-10 14:25:00,142.55,142.6,142.18,142.28,28071
1786339800,2026-08-10 14:30:00,142.26,142.56,142.13,142.52,16029
1786340100,2026-08-10 14:35:00,142.56,142.9,142.53,142.81,34150
1786340400,2026-08-10 14:40:00,142.76,142.8,142.55,142.56,11978
1786340700,2026-08-10 14:45:00,142.54,142.87,142.5,142.78,10064
1786341000,2026-08-10 14:50:00,142.73,143.54,142.7,143.52,47207
1786341300,2026-08-10 14:55:00,143.53,144,143.45,143.86,58992
1786341600,2026-08-10 15:00:00,143.88,144.35,143.78,144.15,108371
1786341900,2026-08-10 15:05:00,144.15,144.63,144.04,144.42,90779
1786342200,2026-08-10 15:10:00,144.41,145.19,144.4,144.82,139317
1786342500,2026-08-10 15:15:00,144.82,145.02,144.54,144.88,62835
1786342800,2026-08-10 15:20:00,144.93,144.97,144.02,144.14,120310
1786343100,2026-08-10 15:25:00,144.15,144.19,143.48,143.71,141880
1786343400,2026-08-10 15:30:00,143.69,144.34,143.5,144.05,87388
1786343700,2026-08-10 15:35:00,144.08,144.18,143.89,144.04,25478
1786344000,2026-08-10 15:40:00,144.07,144.44,143.97,144.2,27056
1786344300,2026-08-10 15:45:00,144.21,144.38,144.09,144.29,15984
1786344600,2026-08-10 15:50:00,144.28,144.44,143.8,143.81,27355
1786344900,2026-08-10 15:55:00,143.83,144.1,143.71,143.9,35000
1786345200,2026-08-10 16:00:00,143.91,144.27,143.69,144.24,41031
1786345500,2026-08-10 16:05:00,144.22,144.41,143.99,144.27,14403
1786345800,2026-08-10 16:10:00,144.25,144.26,143.63,144.25,24727
1786346100,2026-08-10 16:15:00,144.28,144.61,144.1,144.54,54051
1786346400,2026-08-10 16:20:00,144.6,145.21,144.59,145.12,131878
1786346700,2026-08-10 16:25:00,145.14,145.2,144.76,145.14,27794
1786347000,2026-08-10 16:30:00,145.12,145.54,145.07,145.35,68208
1786347300,2026-08-10 16:35:00,145.35,145.96,145.35,145.8,51631
1786347600,2026-08-10 16:40:00,145.83,145.94,145.47,145.77,34627
1786347900,2026-08-10 16:45:00,145.77,145.95,145.1,145.17,74251
1786348200,2026-08-10 16:50:00,145.16,145.58,145.13,145.46,26520
1786348500,2026-08-10 16:55:00,145.46,145.87,145.46,145.64,45352
1786348800,2026-08-10 17:00:00,145.7,147.03,143.89,146.95,631514
1786349100,2026-08-10 17:05:00,146.92,146.97,145.78,146.16,106238
1786349400,2026-08-10 17:10:00,146.16,146.44,145.64,146.37,50873
1786349700,2026-08-10 17:15:00,146.4,146.62,146.09,146.27,45081
1786350000,2026-08-10 17:20:00,146.25,146.32,145.32,145.69,58922
1786350300,2026-08-10 17:25:00,145.69,145.81,145.44,145.75,56243
1786350600,2026-08-10 17:30:00,145.75,145.96,145.47,145.94,29861
1786350900,2026-08-10 17:35:00,145.95,146.38,145.84,145.98,62347
1786351200,2026-08-10 17:40:00,146,146.13,145.68,145.72,22351
1786351500,2026-08-10 17:45:00,145.72,146.05,145.51,145.99,25938
1786351800,2026-08-10 17:50:00,145.98,146.21,145.84,146.01,33752
1786352100,2026-08-10 17:55:00,146.01,146.47,145.94,146.22,32726
1786352400,2026-08-10 18:00:00,146.18,146.35,146,146.3,20580
1786352700,2026-08-10 18:05:00,146.37,146.45,146.03,146.37,20150
1786353000,2026-08-10 18:10:00,146.41,146.62,146.15,146.3,25988
1786353300,2026-08-10 18:15:00,146.3,146.4,145.82,145.9,57344
1786353600,2026-08-10 18:20:00,145.87,146.28,145.87,146.28,29471
1786353900,2026-08-10 18:25:00,146.28,146.28,145.92,145.96,31104
1786354200,2026-08-10 18:30:00,145.9,146,145.56,145.87,43040
1786354500,2026-08-10 18:35:00,145.82,145.82,144.86,144.92,87574
1786354800,2026-08-10 18:40:00,144.91,145.13,144.72,145.13,55640
1786355100,2026-08-10 18:45:00,145.04,145.38,144.72,145.38,55083
1786355400,2026-08-10 18:50:00,145.35,145.84,145.35,145.47,26527
1786355700,2026-08-10 18:55:00,145.5,145.72,145.41,145.5,30703
1786356000,2026-08-10 19:00:00,145.48,145.8,145.19,145.55,45049
1786356300,2026-08-10 19:05:00,145.58,145.58,144.73,144.8,32908
1786356600,2026-08-10 19:10:00,144.84,144.88,144.16,144.19,82739
1786356900,2026-08-10 19:15:00,144.21,144.74,143.98,144.6,42000
1786357200,2026-08-10 19:20:00,144.68,145.3,144.68,145.28,28199
1786357500,2026-08-10 19:25:00,145.31,145.31,144.88,145.13,19159
1786357800,2026-08-10 19:30:00,145.12,145.21,144.82,145.06,47992
1786358100,2026-08-10 19:35:00,145.03,145.07,144.6,144.61,30529
1786358400,2026-08-10 19:40:00,144.61,144.84,144.58,144.84,31266
1786358700,2026-08-10 19:45:00,144.84,145.12,144.71,144.78,18881
1786359000,2026-08-10 19:50:00,144.77,145.49,144.77,145.24,33083
1786359300,2026-08-10 19:55:00,145.27,145.44,144.31,144.71,66883
1786359600,2026-08-10 20:00:00,144.65,145.31,143.51,144.03,130618
1786359900,2026-08-10 20:05:00,144,144.01,142.68,142.83,112810
1786360200,2026-08-10 20:10:00,142.7,143.26,142.06,143.23,169821
1786360500,2026-08-10 20:15:00,143.23,143.4,142.07,142.5,108295
1786360800,2026-08-10 20:20:00,142.42,143.06,142.13,142.37,34284
1786361100,2026-08-10 20:25:00,142.37,143.75,142.07,143.53,65130
1786361400,2026-08-10 20:30:00,143.51,144.16,143.46,144.01,116323
1786361700,2026-08-10 20:35:00,143.98,144.15,143.65,143.65,49531
1786362000,2026-08-10 20:40:00,143.77,143.97,142.13,142.35,127666
1786362300,2026-08-10 20:45:00,142.34,143.21,141.94,142.15,203894
1786362600,2026-08-10 20:50:00,142.11,143.11,142.03,142.79,46553
1786362900,2026-08-10 20:55:00,142.8,143.5,142.73,143.27,62832
1786363200,2026-08-10 21:00:00,143.27,143.4,142.58,143.18,52007
1786363500,2026-08-10 21:05:00,143.17,143.5,142.84,143.18,76742
1786363800,2026-08-10 21:10:00,143.18,143.32,142.13,142.18,94298
1786364100,2026-08-10 21:15:00,142.18,142.18,141.01,141.11,98067
1786364400,2026-08-10 21:20:00,141.1,141.36,140.4,140.91,77731
1786364700,2026-08-10 21:25:00,140.86,141.25,140.79,140.9,95536
1786365000,2026-08-10 21:30:00,140.9,141.05,140.02,140.08,80428
1786365300,2026-08-10 21:35:00,140.1,141.07,139.73,140.44,153734
1786365600,2026-08-10 21:40:00,140.5,141.21,140.24,141.15,78360
1786365900,2026-08-10 21:45:00,141.14,141.22,140.64,140.96,51188
1786366200,2026-08-10 21:50:00,140.85,140.96,139.77,140.13,94299
1786366500,2026-08-10 21:55:00,140.15,140.34,139.94,140.17,65706
1786366800,2026-08-10 22:00:00,140.16,141.29,140.06,141.14,120234
1786367100,2026-08-10 22:05:00,141.12,141.69,141,141.61,142944
1786367400,2026-08-10 22:10:00,141.57,141.94,141.17,141.38,44175
1786367700,2026-08-10 22:15:00,141.3,141.86,141,141.86,56810
1786368000,2026-08-10 22:20:00,141.8,142.43,141.5,142.19,138563
1786368300,2026-08-10 22:25:00,142.13,142.82,141.83,142.74,516679
1786368600,2026-08-10 22:30:00,142.74,143.42,137.16,138.11,1897578
1786368900,2026-08-10 22:35:00,138.04,140.43,136.94,138.42,1450534
1786369200,2026-08-10 22:40:00,138.45,138.93,135.98,137.53,1206344
1786369500,2026-08-10 22:45:00,137.52,139.47,136.97,138.9,646561
1786369800,2026-08-10 22:50:00,138.9,139.38,136.52,136.68,1073416
1786370100,2026-08-10 22:55:00,136.73,137.83,136.05,137.36,494291
1786370400,2026-08-10 23:00:00,137.31,138.64,136.77,137.7,415927
1786370700,2026-08-10 23:05:00,137.71,139.87,137.58,139.77,601557
1786371000,2026-08-10 23:10:00,139.79,141.19,139.79,140.04,602815
1786371300,2026-08-10 23:15:00,140.07,140.56,138.06,138.11,293824
1786371600,2026-08-10 23:20:00,138.12,139.34,137.05,137.34,273024
1786371900,2026-08-10 23:25:00,137.35,138.24,136.67,137.25,362816
1786372200,2026-08-10 23:30:00,137.23,138.16,136.88,137.48,315516
1786372500,2026-08-10 23:35:00,137.46,138.73,136.74,136.91,225391
1786372800,2026-08-10 23:40:00,136.9,137.53,136.55,136.84,97961
1786373100,2026-08-10 23:45:00,136.84,137.43,136.64,136.89,127748
1786373400,2026-08-10 23:50:00,136.91,137.12,134.43,134.52,434494
1786373700,2026-08-10 23:55:00,134.53,135.12,133.57,133.57,431837
1786374000,2026-08-11 00:00:00,133.62,134.99,133.32,134.77,336395
1786374300,2026-08-11 00:05:00,134.81,135.44,133.94,134.01,211110
1786374600,2026-08-11 00:10:00,134.01,134.92,133.84,134.58,232359
1786374900,2026-08-11 00:15:00,134.5,135.42,134.47,135.04,225143
1786375200,2026-08-11 00:20:00,135.01,135.22,133.92,134.6,314401
1786375500,2026-08-11 00:25:00,134.61,134.79,133.61,134.25,316505
1786375800,2026-08-11 00:30:00,134.24,134.58,133.27,133.61,118484
1786376100,2026-08-11 00:35:00,133.66,134.1,133.46,133.76,129365
1786376400,2026-08-11 00:40:00,133.79,135.27,133.55,135.21,222434
1786376700,2026-08-11 00:45:00,135.21,135.4,134.48,134.61,263931
1786377000,2026-08-11 00:50:00,134.64,136.34,134.55,136.28,237277
1786377300,2026-08-11 00:55:00,136.27,136.36,135.82,135.85,108986
1786377600,2026-08-11 01:00:00,135.99,136.47,135.8,136.02,126140
1786377900,2026-08-11 01:05:00,136,136.18,134.8,135.06,159265
1786378200,2026-08-11 01:10:00,135.09,135.16,134.55,135.1,174659
1786378500,2026-08-11 01:15:00,135.07,135.9,134.89,135.37,94420
1786378800,2026-08-11 01:20:00,135.3,136.09,135.23,136.09,65235
1786379100,2026-08-11 01:25:00,136.09,136.18,135.03,135.03,52009
1786379400,2026-08-11 01:30:00,135.02,135.38,133.83,134.45,1185341
1786379700,2026-08-11 01:35:00,134.47,135.1,133.81,134.03,258825
1786380000,2026-08-11 01:40:00,134.02,134.22,133.04,133.52,252890
1786380300,2026-08-11 01:45:00,133.55,134.27,133.39,134.21,88320
1786380600,2026-08-11 01:50:00,134.21,134.23,133.35,133.51,76526
1786380900,2026-08-11 01:55:00,133.6,134.02,133.59,133.83,55472
1786381200,2026-08-11 02:00:00,133.84,133.89,133.59,133.82,48376
1786381500,2026-08-11 02:05:00,133.82,134.72,133.77,134.71,83534
1786381800,2026-08-11 02:10:00,134.72,135.04,134.52,134.62,52786
1786382100,2026-08-11 02:15:00,134.67,134.99,134.18,134.33,37675
1786382400,2026-08-11 02:20:00,134.4,134.61,134.26,134.36,31915
1786382700,2026-08-11 02:25:00,134.3,134.44,133.78,134.07,52009
1786383000,2026-08-11 02:30:00,134.06,134.52,134.04,134.46,25691
1786383300,2026-08-11 02:35:00,134.45,134.54,133.62,133.75,40468
1786383600,2026-08-11 02:40:00,133.7,133.83,133.23,133.35,35885
1786383900,2026-08-11 02:45:00,133.33,133.68,133.3,133.37,38277
1786384200,2026-08-11 02:50:00,133.35,133.91,133.28,133.73,42990
1786384500,2026-08-11 02:55:00,133.75,134.03,133.57,133.75,32767
1786384800,2026-08-11 03:00:00,133.76,134.01,133.48,133.91,27425
1786385100,2026-08-11 03:05:00,133.96,134.4,133.81,134.32,34123
1786385400,2026-08-11 03:10:00,134.28,134.52,133.99,133.99,23923
1786385700,2026-08-11 03:15:00,134.03,134.23,133.91,133.93,19962
1786386000,2026-08-11 03:20:00,133.93,134.33,133.85,134.11,24775
1786386300,2026-08-11 03:25:00,134.04,134.11,133.84,133.92,14844
1786386600,2026-08-11 03:30:00,133.98,134.61,133.86,134.46,30010
1786386900,2026-08-11 03:35:00,134.45,134.64,133.99,134.22,35980
1786387200,2026-08-11 03:40:00,134.25,134.48,134.18,134.29,22144
1786387500,2026-08-11 03:45:00,134.23,134.32,134,134.07,11403
1786387800,2026-08-11 03:50:00,134.12,134.42,134.04,134.12,9503
1786388100,2026-08-11 03:55:00,134.13,134.46,133.9,134.46,10242
1786388400,2026-08-11 04:00:00,134.45,135.08,134.41,134.75,23158
1786388700,2026-08-11 04:05:00,134.71,134.92,134.53,134.65,31546
1786389000,2026-08-11 04:10:00,134.64,134.95,134.5,134.77,22928
1786389300,2026-08-11 04:15:00,134.78,135.12,134.71,134.81,30195
1786389600,2026-08-11 04:20:00,134.84,135.4,134.6,135.4,38462
1786389900,2026-08-11 04:25:00,135.39,135.94,135.23,135.59,80020
1786390200,2026-08-11 04:30:00,135.67,135.8,134.74,134.86,68437
1786390500,2026-08-11 04:35:00,134.83,134.96,134.54,134.55,112300
1786390800,2026-08-11 04:40:00,134.54,134.62,133.8,133.83,29354
1786391100,2026-08-11 04:45:00,133.8,134.27,133.35,134.18,222976
1786391400,2026-08-11 04:50:00,134.17,134.17,131.8,131.81,343349
1786391700,2026-08-11 04:55:00,131.8,131.91,130.15,130.3,290328
1786392000,2026-08-11 05:00:00,130.26,131.09,130.26,130.51,120939
1786392300,2026-08-11 05:05:00,130.46,130.93,130.42,130.89,39027
1786392600,2026-08-11 05:10:00,130.85,130.97,130.69,130.75,30724
1786392900,2026-08-11 05:15:00,130.75,131.04,130.7,130.84,34585
1786393200,2026-08-11 05:20:00,130.85,131.01,130.81,130.9,28284
1786393500,2026-08-11 05:25:00,130.89,130.97,130.81,130.83,29427
1786393800,2026-08-11 05:30:00,130.83,130.83,130.53,130.74,21368
1786394100,2026-08-11 05:35:00,130.72,131.13,130.66,131.08,32434
1786394400,2026-08-11 05:40:00,131.06,131.32,130.97,131.26,74758
1786394700,2026-08-11 05:45:00,131.28,131.3,131.12,131.23,42473
1786395000,2026-08-11 05:50:00,131.23,131.31,131.16,131.24,23915
1786395300,2026-08-11 05:55:00,131.24,131.66,131.19,131.61,31776
1786395600,2026-08-11 06:00:00,131.6,131.6,131.27,131.39,61474
1786395900,2026-08-11 06:05:00,131.38,131.39,131.05,131.22,29302
1786396200,2026-08-11 06:10:00,131.23,131.39,130.97,131.32,62256
1786396500,2026-08-11 06:15:00,131.35,131.38,131.11,131.18,86698
1786396800,2026-08-11 06:20:00,131.21,131.21,130.88,130.97,24878
1786397100,2026-08-11 06:25:00,130.96,131.17,130.89,131.14,10267
1786397400,2026-08-11 06:30:00,131.13,131.35,131.13,131.27,24981
1786397700,2026-08-11 06:35:00,131.26,131.39,131.21,131.34,22769
1786398000,2026-08-11 06:40:00,131.34,131.36,131.18,131.21,22590
1786398300,2026-08-11 06:45:00,131.21,131.21,130.92,130.92,10244
1786398600,2026-08-11 06:50:00,130.92,131.09,130.85,131.03,67189
1786398900,2026-08-11 06:55:00,131.03,131.24,130.98,131.24,29908
1786399200,2026-08-11 07:00:00,131.24,131.86,131.24,131.6,39749
1786399500,2026-08-11 07:05:00,131.58,131.67,131.36,131.38,22508
1786399800,2026-08-11 07:10:00,131.36,131.76,131.29,131.69,40749
1786400100,2026-08-11 07:15:00,131.69,131.72,131.47,131.47,79091
1786400400,2026-08-11 07:20:00,131.47,131.52,131.12,131.23,37327
1786400700,2026-08-11 07:25:00,131.23,131.54,131.22,131.43,20658
1786401000,2026-08-11 07:30:00,131.42,131.43,131.02,131.11,18539
1786401300,2026-08-11 07:35:00,131.1,131.21,131.04,131.13,27786
1786401600,2026-08-11 07:40:00,131.13,131.13,130.85,130.87,18961
1786401900,2026-08-11 07:45:00,130.86,131,130.74,130.99,53643
1786402200,2026-08-11 07:50:00,131,131.24,130.89,131.09,45897
1786402500,2026-08-11 07:55:00,131.09,131.19,131.02,131.1,20203
1786402800,2026-08-11 08:00:00,131.09,131.1,130.56,130.71,41133
1786403100,2026-08-11 08:05:00,130.71,130.74,130.56,130.63,39322
1786403400,2026-08-11 08:10:00,130.63,130.88,130.53,130.86,28709
1786403700,2026-08-11 08:15:00,130.88,130.91,130.36,130.37,21405
1786404000,2026-08-11 08:20:00,130.37,130.52,130.16,130.37,50609
1786404300,2026-08-11 08:25:00,130.36,130.48,130.19,130.39,44478
1786404600,2026-08-11 08:30:00,130.44,130.5,130.28,130.42,57771
1786404900,2026-08-11 08:35:00,130.41,130.6,130.36,130.51,29342
1786405200,2026-08-11 08:40:00,130.5,130.73,130.47,130.63,24441
1786405500,2026-08-11 08:45:00,130.6,130.8,130.5,130.53,35744
1786405800,2026-08-11 08:50:00,130.59,130.66,129.84,129.93,45195
1786406100,2026-08-11 08:55:00,129.95,130.09,129.7,130.03,68216
1786406400,2026-08-11 09:00:00,130.04,130.42,129.1,130.1,233726
1786406700,2026-08-11 09:05:00,130.12,130.57,129.52,130.2,140291
1786407000,2026-08-11 09:10:00,130.12,131.92,129.96,131.46,151054
1786407300,2026-08-11 09:15:00,131.44,131.46,130.72,131.31,231105
1786407600,2026-08-11 09:20:00,131.3,131.84,130.96,131.2,89557
1786407900,2026-08-11 09:25:00,131.18,131.76,131.1,131.65,108018
1786408200,2026-08-11 09:30:00,131.71,131.71,131.24,131.32,83178
1786408500,2026-08-11 09:35:00,131.3,131.53,131.11,131.34,35987
1786408800,2026-08-11 09:40:00,131.33,132.09,131.32,131.91,43188
1786409100,2026-08-11 09:45:00,131.97,132.53,131.9,132.17,88996
1786409400,2026-08-11 09:50:00,132.15,133.23,132.14,133.03,87232
1786409700,2026-08-11 09:55:00,133.03,133.18,132.72,132.79,86245
1786410000,2026-08-11 10:00:00,132.72,132.97,132.1,132.22,121653
1786410300,2026-08-11 10:05:00,132.17,132.66,131.88,132.61,131407
1786410600,2026-08-11 10:10:00,132.64,133.85,132.64,133.85,114900
1786410900,2026-08-11 10:15:00,133.86,134.1,133.46,133.72,56616
1786411200,2026-08-11 10:20:00,133.73,134.49,133.6,134.29,38484
1786411500,2026-08-11 10:25:00,134.25,134.28,133.67,133.69,53970
1786411800,2026-08-11 10:30:00,133.66,133.96,133.33,133.33,30337
1786412100,2026-08-11 10:35:00,133.34,133.6,133.21,133.4,40105
1786412400,2026-08-11 10:40:00,133.41,133.8,133.32,133.77,38828
1786412700,2026-08-11 10:45:00,133.8,134.24,133.6,134.22,37165
1786413000,2026-08-11 10:50:00,134.2,134.34,133.96,134.13,37421
1786413300,2026-08-11 10:55:00,134.2,134.22,133.65,133.72,86584
1786413600,2026-08-11 11:00:00,133.67,134.04,133.62,134.04,19832
1786413900,2026-08-11 11:05:00,134.06,134.1,133.41,133.43,21427
1786414200,2026-08-11 11:10:00,133.47,133.75,133.39,133.64,67120
1786414500,2026-08-11 11:15:00,133.66,133.8,133.44,133.76,51234
1786414800,2026-08-11 11:20:00,133.75,133.75,133.35,133.56,24847
1786415100,2026-08-11 11:25:00,133.58,133.87,133.45,133.84,17876
1786415400,2026-08-11 11:30:00,133.82,134.2,133.82,134.13,49890
1786415700,2026-08-11 11:35:00,134.14,134.14,133.92,133.99,30332
1786416000,2026-08-11 11:40:00,134,134.34,133.93,134.25,27721
1786416300,2026-08-11 11:45:00,134.31,134.46,134.09,134.24,53485
1786416600,2026-08-11 11:50:00,134.23,134.38,133.9,134.02,21736
1786416900,2026-08-11 11:55:00,134.03,134.03,133.71,133.8,44764
1786417200,2026-08-11 12:00:00,133.81,134.2,133.64,134.15,65914
1786417500,2026-08-11 12:05:00,134.2,134.22,133.67,134.02,64281
1786417800,2026-08-11 12:10:00,134.03,134.04,133.72,133.89,58002
1786418100,2026-08-11 12:15:00,133.89,133.97,133.71,133.81,27273
1786418400,2026-08-11 12:20:00,133.84,134.45,133.73,134.45,38532
1786418700,2026-08-11 12:25:00,134.46,134.8,134.31,134.71,58800
1786419000,2026-08-11 12:30:00,134.72,134.74,134.36,134.47,44636
1786419300,2026-08-11 12:35:00,134.48,134.81,134.38,134.67,56925
1786419600,2026-08-11 12:40:00,134.65,134.96,134.5,134.73,93708
1786419900,2026-08-11 12:45:00,134.77,134.9,134.63,134.9,22340
1786420200,2026-08-11 12:50:00,134.89,135.2,134.71,135.17,37008
1786420500,2026-08-11 12:55:00,135.18,135.18,134.7,134.7,24198
1786420800,2026-08-11 13:00:00,134.75,135.04,134.74,134.85,25218
1786421100,2026-08-11 13:05:00,134.84,135.01,134.74,134.77,21243
1786421400,2026-08-11 13:10:00,134.81,135.19,134.74,135.18,19441
1786421700,2026-08-11 13:15:00,135.19,135.25,135,135.11,29595
1786422000,2026-08-11 13:20:00,135.07,135.24,134.94,135.04,16957
1786422300,2026-08-11 13:25:00,135.06,135.32,134.92,135.28,37616
1786422600,2026-08-11 13:30:00,135.31,135.46,135.01,135.01,26523
1786422900,2026-08-11 13:35:00,135.02,135.25,134.97,135.2,13921
1786423200,2026-08-11 13:40:00,135.18,135.19,134.77,134.85,44725
1786423500,2026-08-11 13:45:00,134.84,134.96,134.8,134.8,20572
1786423800,2026-08-11 13:50:00,134.79,134.81,134.2,134.25,65376
1786424100,2026-08-11 13:55:00,134.24,134.4,134.17,134.31,44172
1786424400,2026-08-11 14:00:00,134.31,134.42,134.06,134.14,33093
1786424700,2026-08-11 14:05:00,134.14,134.61,133.98,134.44,79289
1786425000,2026-08-11 14:10:00,134.46,134.69,134.4,134.64,34023
1786425300,2026-08-11 14:15:00,134.64,134.66,134,134,32182
1786425600,2026-08-11 14:20:00,134,134.13,133.65,133.66,59614
1786425900,2026-08-11 14:25:00,133.69,133.77,133.37,133.37,38944
1786426200,2026-08-11 14:30:00,133.38,133.54,133.14,133.39,62589
1786426500,2026-08-11 14:35:00,133.4,133.69,133.36,133.57,52709
1786426800,2026-08-11 14:40:00,133.56,133.7,133.4,133.5,29589
1786427100,2026-08-11 14:45:00,133.5,133.6,133.25,133.29,17340
1786427400,2026-08-11 14:50:00,133.3,133.33,132.95,133.14,37996
1786427700,2026-08-11 14:55:00,133.11,133.45,133.06,133.27,46069
1786428000,2026-08-11 15:00:00,133.24,133.76,133.08,133.72,41031
1786428300,2026-08-11 15:05:00,133.73,134.09,133.58,134.08,43184
1786428600,2026-08-11 15:10:00,134.08,134.36,134.02,134.14,36474
1786428900,2026-08-11 15:15:00,134.14,134.15,133.47,133.47,82847
1786429200,2026-08-11 15:20:00,133.48,133.56,133.15,133.31,38438
1786429500,2026-08-11 15:25:00,133.28,133.33,132.97,133.13,32067
1786429800,2026-08-11 15:30:00,133.16,133.3,132.23,132.47,59753
1786430100,2026-08-11 15:35:00,132.42,133.06,132.3,133.03,60662
1786430400,2026-08-11 15:40:00,133.03,133.16,132.7,132.71,41466
1786430700,2026-08-11 15:45:00,132.72,132.83,132.39,132.48,84876
1786431000,2026-08-11 15:50:00,132.5,132.64,131.96,131.97,122476
1786431300,2026-08-11 15:55:00,131.99,132.24,131.84,132.22,156434
1786431600,2026-08-11 16:00:00,132.17,132.57,132.03,132.49,117475
1786431900,2026-08-11 16:05:00,132.48,132.56,131.85,132.04,124712
1786432200,2026-08-11 16:10:00,132.07,132.55,131.9,132.33,73260
1786432500,2026-08-11 16:15:00,132.36,132.55,132.06,132.14,54486
1786432800,2026-08-11 16:20:00,132.1,132.16,131.76,131.85,44666
1786433100,2026-08-11 16:25:00,131.84,132.36,131.84,132.09,52028
1786433400,2026-08-11 16:30:00,132.04,132.88,132.04,132.82,58956
1786433700,2026-08-11 16:35:00,132.84,133.09,132.82,132.93,61626
1786434000,2026-08-11 16:40:00,132.94,133.03,132.53,132.62,30097
1786434300,2026-08-11 16:45:00,132.64,132.92,132.57,132.6,38963
1786434600,2026-08-11 16:50:00,132.7,132.85,132.41,132.46,29333
1786434900,2026-08-11 16:55:00,132.45,132.91,132.44,132.87,30234
1786435200,2026-08-11 17:00:00,132.96,134.34,132.9,133.57,414692
1786435500,2026-08-11 17:05:00,133.57,133.64,132.46,132.5,134192
1786435800,2026-08-11 17:10:00,132.51,133,132.08,132.14,39369
1786436100,2026-08-11 17:15:00,132.14,132.21,131.65,131.75,78382
1786436400,2026-08-11 17:20:00,131.72,132.02,131.55,131.96,47030
1786436700,2026-08-11 17:25:00,131.98,132.35,131.85,131.85,30994
1786437000,2026-08-11 17:30:00,131.82,132.06,131.12,131.16,135943
1786437300,2026-08-11 17:35:00,131.18,131.64,131.05,131.62,109438
1786437600,2026-08-11 17:40:00,131.64,132.04,131.56,131.97,85773
1786437900,2026-08-11 17:45:00,131.94,132.26,131.9,132.11,39955
1786438200,2026-08-11 17:50:00,132.11,132.32,131.94,132.24,76676
1786438500,2026-08-11 17:55:00,132.24,132.25,131.71,132.01,134956
1786438800,2026-08-11 18:00:00,131.99,132.05,131.18,131.63,73228
1786439100,2026-08-11 18:05:00,131.64,132.01,130.91,130.92,83332
1786439400,2026-08-11 18:10:00,130.92,131.18,130.53,131.18,84821
1786439700,2026-08-11 18:15:00,131.18,131.86,131.17,131.85,44152
1786440000,2026-08-11 18:20:00,131.82,131.98,131.55,131.86,35417
1786440300,2026-08-11 18:25:00,131.88,132.13,131.54,132.01,51781
1786440600,2026-08-11 18:30:00,132,132.3,131.87,132.21,51289
1786440900,2026-08-11 18:35:00,132.17,132.25,131.82,132.03,32834
1786441200,2026-08-11 18:40:00,132.02,132.38,131.97,131.97,59027
1786441500,2026-08-11 18:45:00,131.97,132.31,131.94,132.1,33653
1786441800,2026-08-11 18:50:00,132.05,132.19,131.9,131.93,14652
1786442100,2026-08-11 18:55:00,131.98,132.04,131.68,131.88,19408
1786442400,2026-08-11 19:00:00,131.9,131.98,131.44,131.6,36422
1786442700,2026-08-11 19:05:00,131.6,131.7,131.38,131.44,19841
1786443000,2026-08-11 19:10:00,131.43,131.5,131.2,131.2,28777
1786443300,2026-08-11 19:15:00,131.2,131.9,131.12,131.9,31019
1786443600,2026-08-11 19:20:00,131.89,132.89,131.88,132.77,97142
1786443900,2026-08-11 19:25:00,132.72,133.53,132.72,133.15,82618
1786444200,2026-08-11 19:30:00,133.14,133.22,132.77,133.08,108913
1786444500,2026-08-11 19:35:00,133.12,133.12,132.81,132.84,52713
1786444800,2026-08-11 19:40:00,132.86,133.3,132.84,133.16,46661
1786445100,2026-08-11 19:45:00,133.16,133.66,133.08,133.65,74798
1786445400,2026-08-11 19:50:00,133.64,133.64,133.29,133.34,33324
1786445700,2026-08-11 19:55:00,133.32,133.38,133.12,133.21,47845
1786446000,2026-08-11 20:00:00,133.24,135.15,133.24,134.94,431281
1786446300,2026-08-11 20:05:00,134.95,135.4,134.54,135.21,280357
1786446600,2026-08-11 20:10:00,135.23,135.46,134.77,135.14,153729
1786446900,2026-08-11 20:15:00,135.11,135.16,134.22,134.5,252919
1786447200,2026-08-11 20:20:00,134.47,134.63,134.31,134.45,92233
1786447500,2026-08-11 20:25:00,134.45,134.59,134.33,134.47,29884
1786447800,2026-08-11 20:30:00,134.44,134.64,134.1,134.26,137803
1786448100,2026-08-11 20:35:00,134.27,134.62,134.04,134.3,90711
1786448400,2026-08-11 20:40:00,134.33,134.88,134.18,134.55,45261
1786448700,2026-08-11 20:45:00,134.54,134.66,134.19,134.49,68718
1786449000,2026-08-11 20:50:00,134.5,134.62,134.24,134.62,36105
1786449300,2026-08-11 20:55:00,134.57,134.66,134.44,134.56,30695
1786449600,2026-08-11 21:00:00,134.53,134.7,134.28,134.58,54974
1786449900,2026-08-11 21:05:00,134.57,135.21,134.57,135.12,65822
1786450200,2026-08-11 21:10:00,135.14,135.61,135.13,135.5,147846
1786450500,2026-08-11 21:15:00,135.49,136,135.31,135.84,133142
1786450800,2026-08-11 21:20:00,135.85,136.25,134.88,134.92,617614
1786451100,2026-08-11 21:25:00,134.9,135.31,134.78,135.16,112438
1786451400,2026-08-11 21:30:00,135.2,135.24,134.79,134.98,64591
1786451700,2026-08-11 21:35:00,134.98,135.97,134.96,135.8,134219
1786452000,2026-08-11 21:40:00,135.79,135.85,135.27,135.43,86558
1786452300,2026-08-11 21:45:00,135.43,135.6,135.1,135.17,154553
1786452600,2026-08-11 21:50:00,135.17,135.25,134.88,135.17,96361
1786452900,2026-08-11 21:55:00,135.22,135.42,135.01,135.01,50326
1786453200,2026-08-11 22:00:00,135.03,135.92,135,135.38,79019
1786453500,2026-08-11 22:05:00,135.39,135.69,135.38,135.64,45672
1786453800,2026-08-11 22:10:00,135.67,135.71,135.17,135.47,34751
1786454100,2026-08-11 22:15:00,135.42,135.56,135.12,135.38,91923
1786454400,2026-08-11 22:20:00,135.39,135.88,135.31,135.7,136396
1786454700,2026-08-11 22:25:00,135.73,136.3,134.92,136.25,317305
1786455000,2026-08-11 22:30:00,136.27,136.27,132.13,133.62,2470766
1786455300,2026-08-11 22:35:00,133.61,134.99,132.6,133.38,976171
1786455600,2026-08-11 22:40:00,133.38,135.38,133.38,135.2,1055638
1786455900,2026-08-11 22:45:00,135.2,135.3,132.91,133.22,1123954
1786456200,2026-08-11 22:50:00,133.22,133.93,132.09,132.45,711497
1786456500,2026-08-11 22:55:00,132.41,133.75,132.16,133.61,403146
1786456800,2026-08-11 23:00:00,133.51,135.51,133.28,134.88,404772
1786457100,2026-08-11 23:05:00,134.81,136.73,134.6,135.97,558969
1786457400,2026-08-11 23:10:00,135.96,136.62,135.1,135.32,341334
1786457700,2026-08-11 23:15:00,135.26,136.55,134.8,134.99,318793
1786458000,2026-08-11 23:20:00,134.98,135.81,134.21,135.16,229415
1786458300,2026-08-11 23:25:00,135.21,136.27,135.07,135.93,197522
1786458600,2026-08-11 23:30:00,135.9,136.18,134.83,135.81,241244
1786458900,2026-08-11 23:35:00,135.83,135.99,134.54,134.6,172337
1786459200,2026-08-11 23:40:00,134.57,134.93,133.73,134.17,223749
1786459500,2026-08-11 23:45:00,134.13,135.1,133.97,135.06,200076
1786459800,2026-08-11 23:50:00,135.02,135.48,134.54,135.34,141906
1786460100,2026-08-11 23:55:00,135.31,135.62,134.66,134.71,111920
1786460400,2026-08-12 00:00:00,134.75,135.7,134.58,135.53,97747
1786460700,2026-08-12 00:05:00,135.48,135.48,133.9,133.97,117356
1786461000,2026-08-12 00:10:00,133.92,134.52,133.78,134.16,80947
1786461300,2026-08-12 00:15:00,134.17,134.18,133.65,133.75,205924
1786461600,2026-08-12 00:20:00,133.78,134.38,133.1,133.2,123905
1786461900,2026-08-12 00:25:00,133.16,133.75,133.12,133.42,118647
1786462200,2026-08-12 00:30:00,133.45,133.95,132.96,133.1,171909
1786462500,2026-08-12 00:35:00,133.06,133.8,133.01,133.19,162486
1786462800,2026-08-12 00:40:00,133.19,133.86,132.97,133.79,102207
1786463100,2026-08-12 00:45:00,133.73,133.76,133.14,133.14,53919
1786463400,2026-08-12 00:50:00,133.13,133.55,132.98,133.1,78300
1786463700,2026-08-12 00:55:00,133.1,133.38,132.75,132.75,42818
1786464000,2026-08-12 01:00:00,132.77,132.92,132.34,132.47,204676
1786464300,2026-08-12 01:05:00,132.49,133.27,132.42,133.01,219511
1786464600,2026-08-12 01:10:00,133.04,133.24,132.35,132.43,124640
1786464900,2026-08-12 01:15:00,132.45,132.88,132.25,132.49,110292
1786465200,2026-08-12 01:20:00,132.54,132.9,132.25,132.55,69060
1786465500,2026-08-12 01:25:00,132.52,132.56,132.09,132.47,162764
1786465800,2026-08-12 01:30:00,132.44,132.5,132.02,132.09,63151
1786466100,2026-08-12 01:35:00,132.07,132.82,132.04,132.82,69637
1786466400,2026-08-12 01:40:00,132.86,132.9,132.17,132.24,60840
1786466700,2026-08-12 01:45:00,132.21,132.25,131.43,131.81,163210
1786467000,2026-08-12 01:50:00,131.84,131.93,131.64,131.87,81325
1786467300,2026-08-12 01:55:00,131.88,132,131.5,131.62,41943
1786467600,2026-08-12 02:00:00,131.65,131.7,130.91,130.94,182746
1786467900,2026-08-12 02:05:00,130.9,131.45,130.82,131.15,104031
1786468200,2026-08-12 02:10:00,131.11,131.11,130.28,130.4,302908
1786468500,2026-08-12 02:15:00,130.41,131.14,130.27,130.92,122995
1786468800,2026-08-12 02:20:00,130.98,131.2,130.5,130.72,57354
1786469100,2026-08-12 02:25:00,130.72,131.06,130.43,130.78,59242
1786469400,2026-08-12 02:30:00,130.78,130.87,130.36,130.87,47426
1786469700,2026-08-12 02:35:00,130.9,131.25,130.64,130.88,38464
1786470000,2026-08-12 02:40:00,130.87,131.34,130.82,131.06,23411
1786470300,2026-08-12 02:45:00,131.05,131.42,130.88,131.21,169181
1786470600,2026-08-12 02:50:00,131.2,131.58,131.19,131.58,72704
1786470900,2026-08-12 02:55:00,131.59,131.59,131.2,131.41,31850
1786471200,2026-08-12 03:00:00,131.39,131.8,131.1,131.63,34449
1786471500,2026-08-12 03:05:00,131.63,131.74,131.06,131.18,38984
1786471800,2026-08-12 03:10:00,131.19,131.56,131.13,131.4,15391
1786472100,2026-08-12 03:15:00,131.4,131.64,131.32,131.42,10376
1786472400,2026-08-12 03:20:00,131.4,131.4,130.8,131.09,30554
1786472700,2026-08-12 03:25:00,131.09,131.16,130.14,130.46,70604
1786473000,2026-08-12 03:30:00,130.5,130.94,130.44,130.87,100041
1786473300,2026-08-12 03:35:00,130.87,131.18,130.7,130.98,39521
1786473600,2026-08-12 03:40:00,130.95,130.97,130.47,130.7,20267
1786473900,2026-08-12 03:45:00,130.68,131.52,130.68,131.5,37228
1786474200,2026-08-12 03:50:00,131.51,131.75,131.38,131.61,45498
1786474500,2026-08-12 03:55:00,131.6,131.7,131.22,131.22,24753
1786474800,2026-08-12 04:00:00,131.31,131.57,131.09,131.36,36155
1786475100,2026-08-12 04:05:00,131.36,131.37,130.51,130.77,37294
1786475400,2026-08-12 04:10:00,130.72,131.56,130.69,131.33,24452
1786475700,2026-08-12 04:15:00,131.33,131.93,131.26,131.58,135268
1786476000,2026-08-12 04:20:00,131.64,131.89,131.5,131.58,80183
1786476300,2026-08-12 04:25:00,131.6,132.1,131.42,131.97,64049
1786476600,2026-08-12 04:30:00,132,132.8,131.95,132.42,44554
1786476900,2026-08-12 04:35:00,132.39,132.94,132.2,132.9,70853
1786477200,2026-08-12 04:40:00,132.93,132.93,132.2,132.23,29023
1786477500,2026-08-12 04:45:00,132.24,132.6,132.11,132.42,66923
1786477800,2026-08-12 04:50:00,132.45,133.48,132.11,133.39,140645
1786478100,2026-08-12 04:55:00,133.38,133.79,133.06,133.29,197676
1786478400,2026-08-12 05:00:00,133.37,133.41,132.88,132.98,56749
1786478700,2026-08-12 05:05:00,132.97,133.42,132.95,133.42,21798
1786479000,2026-08-12 05:10:00,133.41,133.54,132.96,133.41,46892
1786479300,2026-08-12 05:15:00,133.45,133.76,133.4,133.63,61286
1786479600,2026-08-12 05:20:00,133.65,134.19,133.63,133.97,56301
1786479900,2026-08-12 05:25:00,134,134.16,133.94,134.16,23903
1786480200,2026-08-12 05:30:00,134.16,134.2,133.89,133.96,103101
1786480500,2026-08-12 05:35:00,133.95,134.01,133.77,133.98,20971
1786480800,2026-08-12 05:40:00,133.99,134.06,133.86,134.02,19831
1786481100,2026-08-12 05:45:00,134,134.03,133.84,133.86,18435
1786481400,2026-08-12 05:50:00,133.85,133.94,133.77,133.82,16485
1786481700,2026-08-12 05:55:00,133.82,133.87,133.62,133.65,99316
1786482000,2026-08-12 06:00:00,133.64,133.94,133.63,133.89,36604
1786482300,2026-08-12 06:05:00,133.9,133.99,133.86,133.9,12546
1786482600,2026-08-12 06:10:00,133.89,133.94,133.81,133.82,45126
1786482900,2026-08-12 06:15:00,133.81,133.92,133.77,133.9,17947
1786483200,2026-08-12 06:20:00,133.89,133.89,133.76,133.86,14978
1786483500,2026-08-12 06:25:00,133.85,133.89,133.66,133.82,10991
1786483800,2026-08-12 06:30:00,133.82,133.83,133.72,133.81,13688
1786484100,2026-08-12 06:35:00,133.81,133.82,133.62,133.7,10677
1786484400,2026-08-12 06:40:00,133.65,133.72,133.62,133.63,25599
1786484700,2026-08-12 06:45:00,133.63,133.69,133.44,133.62,240974
1786485000,2026-08-12 06:50:00,133.63,133.75,133.62,133.72,19937
1786485300,2026-08-12 06:55:00,133.73,133.78,133.57,133.61,7295
1786485600,2026-08-12 07:00:00,133.54,133.71,133.17,133.39,42962
1786485900,2026-08-12 07:05:00,133.38,133.46,133.18,133.34,27931
1786486200,2026-08-12 07:10:00,133.31,133.83,133.23,133.82,23006
1786486500,2026-08-12 07:15:00,133.82,133.88,133.65,133.7,23751
1786486800,2026-08-12 07:20:00,133.71,133.75,133.57,133.58,13255
1786487100,2026-08-12 07:25:00,133.6,133.78,133.54,133.77,16847
1786487400,2026-08-12 07:30:00,133.74,133.85,133.54,133.74,12946
1786487700,2026-08-12 07:35:00,133.76,133.93,133.75,133.83,7560
1786488000,2026-08-12 07:40:00,133.86,133.96,133.6,133.6,12689
1786488300,2026-08-12 07:45:00,133.61,133.85,133.52,133.76,21265
1786488600,2026-08-12 07:50:00,133.75,133.88,133.61,133.88,9468
1786488900,2026-08-12 07:55:00,133.87,133.93,133.8,133.85,20618
1786489200,2026-08-12 08:00:00,133.86,133.86,133.64,133.71,19322
1786489500,2026-08-12 08:05:00,133.68,133.82,133.51,133.75,25082
1786489800,2026-08-12 08:10:00,133.77,133.85,133.62,133.67,24302
1786490100,2026-08-12 08:15:00,133.65,133.89,133.65,133.89,25174
1786490400,2026-08-12 08:20:00,133.9,134,133.85,133.96,34663
1786490700,2026-08-12 08:25:00,133.96,134.12,133.86,134.05,54053
1786491000,2026-08-12 08:30:00,134.05,134.07,133.89,133.93,48384
1786491300,2026-08-12 08:35:00,133.93,134.08,133.83,133.95,50183
1786491600,2026-08-12 08:40:00,133.99,134.08,133.97,134.08,22345
1786491900,2026-08-12 08:45:00,134.08,134.09,133.9,133.9,25187
1786492200,2026-08-12 08:50:00,133.91,134.28,133.91,134.12,26186
1786492500,2026-08-12 08:55:00,134.13,134.4,134.13,134.35,49572
1786492800,2026-08-12 09:00:00,134.26,134.66,133.6,133.9,57617
1786493100,2026-08-12 09:05:00,133.85,134.14,133.71,133.97,58272
1786493400,2026-08-12 09:10:00,133.96,134.19,133.61,134.16,27453
1786493700,2026-08-12 09:15:00,134.2,135.15,134.14,135.06,65700
1786494000,2026-08-12 09:20:00,135.09,135.24,134.72,135.17,33208
1786494300,2026-08-12 09:25:00,135.23,135.34,134.93,134.98,27180
1786494600,2026-08-12 09:30:00,135,135.1,134.8,134.94,24922
1786494900,2026-08-12 09:35:00,134.9,135.24,134.57,134.63,25899
1786495200,2026-08-12 09:40:00,134.63,134.8,134.43,134.62,18829
1786495500,2026-08-12 09:45:00,134.64,134.89,134.53,134.74,31740
1786495800,2026-08-12 09:50:00,134.78,134.83,134.6,134.73,22912
1786496100,2026-08-12 09:55:00,134.7,134.98,134.61,134.92,25755
1786496400,2026-08-12 10:00:00,134.92,135.09,134.7,135.09,18104
1786496700,2026-08-12 10:05:00,135.09,135.33,135.06,135.3,27928
1786497000,2026-08-12 10:10:00,135.34,135.45,135.24,135.29,29098
1786497300,2026-08-12 10:15:00,135.29,135.38,134.94,135.1,40220
1786497600,2026-08-12 10:20:00,135.11,135.11,134.55,134.58,36546
1786497900,2026-08-12 10:25:00,134.59,135.13,134.43,135.03,42499
1786498200,2026-08-12 10:30:00,135.01,135.06,134.67,134.68,13527
1786498500,2026-08-12 10:35:00,134.67,135.04,134.67,134.9,6860
1786498800,2026-08-12 10:40:00,134.92,135.36,134.89,135.33,25573
1786499100,2026-08-12 10:45:00,135.36,135.48,135.16,135.44,17133
1786499400,2026-08-12 10:50:00,135.44,135.64,135.3,135.42,51284
1786499700,2026-08-12 10:55:00,135.42,135.43,135.12,135.32,13828
1786500000,2026-08-12 11:00:00,135.38,135.64,135.29,135.33,37763
1786500300,2026-08-12 11:05:00,135.33,135.33,134.9,135.09,27682
1786500600,2026-08-12 11:10:00,135.15,135.21,134.96,135.1,19490
1786500900,2026-08-12 11:15:00,135.16,135.21,135,135.2,18577
1786501200,2026-08-12 11:20:00,135.2,135.23,135.03,135.1,6832
1786501500,2026-08-12 11:25:00,135.13,135.56,135.12,135.53,14260
1786501800,2026-08-12 11:30:00,135.52,135.92,135.5,135.78,36336
1786502100,2026-08-12 11:35:00,135.82,136.08,135.82,135.87,49240
1786502400,2026-08-12 11:40:00,135.9,136.02,135.79,135.87,70658
1786502700,2026-08-12 11:45:00,135.87,136.22,135.8,136.13,44265
1786503000,2026-08-12 11:50:00,136.17,136.19,136.03,136.09,58038
1786503300,2026-08-12 11:55:00,136.03,136.26,136,136.24,31953
1786503600,2026-08-12 12:00:00,136.26,136.79,136.25,136.6,62621
1786503900,2026-08-12 12:05:00,136.6,136.82,136.32,136.51,98739
1786504200,2026-08-12 12:10:00,136.52,136.77,136.45,136.76,65589
1786504500,2026-08-12 12:15:00,136.76,136.77,136.41,136.52,49311
1786504800,2026-08-12 12:20:00,136.51,136.6,136.25,136.33,74128
1786505100,2026-08-12 12:25:00,136.33,136.5,136.2,136.5,20085
1786505400,2026-08-12 12:30:00,136.54,136.7,136.33,136.56,44693
1786505700,2026-08-12 12:35:00,136.59,136.75,136.43,136.52,23953
1786506000,2026-08-12 12:40:00,136.52,136.58,136.29,136.34,59564
1786506300,2026-08-12 12:45:00,136.33,136.42,136.21,136.42,36655
1786506600,2026-08-12 12:50:00,136.42,136.46,135.9,135.91,56578
1786506900,2026-08-12 12:55:00,135.93,136.09,135.9,136.04,45666
1786507200,2026-08-12 13:00:00,136.04,136.32,135.94,136.29,29790
1786507500,2026-08-12 13:05:00,136.3,136.43,136.23,136.29,16281
1786507800,2026-08-12 13:10:00,136.26,136.33,136.11,136.32,11089
1786508100,2026-08-12 13:15:00,136.32,136.33,136.03,136.04,28961
1786508400,2026-08-12 13:20:00,136.02,136.2,136.02,136.2,26358
1786508700,2026-08-12 13:25:00,136.27,136.29,136,136,913
1786509000,2026-08-12 13:30:00,135.95,135.96,135.68,135.8,41391
1786509300,2026-08-12 13:35:00,135.79,135.99,135.77,135.77,23623
1786509600,2026-08-12 13:40:00,135.76,135.93,135.75,135.92,13431
1786509900,2026-08-12 13:45:00,135.92,136.4,135.82,136.4,7710
1786510200,2026-08-12 13:50:00,136.38,136.45,136.31,136.39,39081
1786510500,2026-08-12 13:55:00,136.38,136.65,136.35,136.5,19788
1786510800,2026-08-12 14:00:00,136.56,136.6,136.3,136.3,6289
1786511100,2026-08-12 14:05:00,136.25,136.32,136.1,136.29,13793
1786511400,2026-08-12 14:10:00,136.29,136.29,136.02,136.02,10535
1786511700,2026-08-12 14:15:00,136,136.25,135.99,136.01,9690
1786512000,2026-08-12 14:20:00,136.1,136.1,135.51,135.8,13533
1786512300,2026-08-12 14:25:00,135.81,136.01,135.78,135.98,5701
1786512600,2026-08-12 14:30:00,135.99,136.38,135.99,136.32,3476
1786512900,2026-08-12 14:35:00,136.38,136.45,136.27,136.34,9490
1786513200,2026-08-12 14:40:00,136.33,136.46,136.23,136.23,7627
1786513500,2026-08-12 14:45:00,136.23,136.37,136.17,136.36,1805
1786513800,2026-08-12 14:50:00,136.34,136.62,136.28,136.6,16882
1786514100,2026-08-12 14:55:00,136.63,136.78,136.59,136.75,10716
1786514400,2026-08-12 15:00:00,136.73,137.05,136.73,137.05,30961
1786514700,2026-08-12 15:05:00,137.05,137.19,137.03,137.19,47450
1786515000,2026-08-12 15:10:00,137.14,137.17,136.84,136.97,6550
1786515300,2026-08-12 15:15:00,136.99,137.16,136.75,137.15,10897
1786515600,2026-08-12 15:20:00,137.11,137.11,136.6,136.71,5458
1786515900,2026-08-12 15:25:00,136.67,136.92,136.64,136.88,16890
1786516200,2026-08-12 15:30:00,136.86,137.04,136.8,136.98,6647
1786516500,2026-08-12 15:35:00,136.93,137.34,136.87,137.28,25902
1786516800,2026-08-12 15:40:00,137.29,137.44,137.24,137.39,13901
1786517100,2026-08-12 15:45:00,137.43,137.57,137.43,137.48,29132
1786517400,2026-08-12 15:50:00,137.52,137.58,137.49,137.49,20788
1786517700,2026-08-12 15:55:00,137.44,137.53,137.38,137.51,8410
1786518000,2026-08-12 16:00:00,137.59,138.17,137.56,138.17,40623
1786518300,2026-08-12 16:05:00,138.18,138.51,138,138.05,29797
1786518600,2026-08-12 16:10:00,138.03,138.15,137.95,138.01,35127
1786518900,2026-08-12 16:15:00,138.04,138.2,138,138,14261
1786519200,2026-08-12 16:20:00,137.96,137.96,137.7,137.77,25495
1786519500,2026-08-12 16:25:00,137.79,137.95,137.62,137.83,35089
1786519800,2026-08-12 16:30:00,137.83,137.83,137.64,137.74,7432
1786520100,2026-08-12 16:35:00,137.74,138.17,137.73,138.09,14116
1786520400,2026-08-12 16:40:00,138.06,138.23,137.99,138.17,3517
1786520700,2026-08-12 16:45:00,138.16,138.16,137.94,137.97,7223
1786521000,2026-08-12 16:50:00,137.97,138.15,137.92,138.14,22347
1786521300,2026-08-12 16:55:00,138.13,138.34,138,138.34,29655
1786521600,2026-08-12 17:00:00,138.36,139.33,137.91,139.25,135206
1786521900,2026-08-12 17:05:00,139.28,139.33,138.92,139.21,85435
1786522200,2026-08-12 17:10:00,139.17,139.37,138.92,139.07,43201
1786522500,2026-08-12 17:15:00,139.09,139.5,138.86,139.4,23759
1786522800,2026-08-12 17:20:00,139.46,139.93,139.33,139.93,43625
1786523100,2026-08-12 17:25:00,139.89,139.91,139.62,139.79,97206
1786523400,2026-08-12 17:30:00,139.78,139.81,139.19,139.22,28623
1786523700,2026-08-12 17:35:00,139.21,139.35,139.2,139.33,11904
1786524000,2026-08-12 17:40:00,139.33,139.41,139.02,139.09,15143
1786524300,2026-08-12 17:45:00,139.1,139.55,139.05,139.55,9745
1786524600,2026-08-12 17:50:00,139.56,139.7,139.46,139.65,25386
1786524900,2026-08-12 17:55:00,139.64,139.68,139.54,139.58,19085
1786525200,2026-08-12 18:00:00,139.61,139.99,139.59,139.96,19778
1786525500,2026-08-12 18:05:00,139.95,140.29,139.85,140.29,40342
1786525800,2026-08-12 18:10:00,140.29,140.41,140.13,140.24,37954
1786526100,2026-08-12 18:15:00,140.26,140.56,140.14,140.23,11973
1786526400,2026-08-12 18:20:00,140.22,141.02,140.04,141,30328
1786526700,2026-08-12 18:25:00,140.98,140.99,140.44,140.58,135461
1786527000,2026-08-12 18:30:00,140.59,141.02,140.58,140.94,37377
1786527300,2026-08-12 18:35:00,140.96,141.13,140.96,141,35130
1786527600,2026-08-12 18:40:00,141.01,141.04,140.75,140.75,16545
1786527900,2026-08-12 18:45:00,140.83,140.83,140.4,140.47,7987
1786528200,2026-08-12 18:50:00,140.5,140.88,140.31,140.35,124477
1786528500,2026-08-12 18:55:00,140.35,140.66,140.33,140.66,27159
1786528800,2026-08-12 19:00:00,140.59,140.91,140.59,140.69,14416
1786529100,2026-08-12 19:05:00,140.64,140.71,140.5,140.6,11588
1786529400,2026-08-12 19:10:00,140.58,141.1,140.58,140.96,29628
1786529700,2026-08-12 19:15:00,140.96,141.08,140.87,141.04,28843
1786530000,2026-08-12 19:20:00,141.02,141.24,141,141.1,53067
1786530300,2026-08-12 19:25:00,141.08,141.1,140.86,141.02,53097
1786530600,2026-08-12 19:30:00,141.02,141.02,140.74,140.8,6467
1786530900,2026-08-12 19:35:00,140.75,140.78,140.46,140.77,17735
1786531200,2026-08-12 19:40:00,140.8,140.94,140.75,140.9,1241
1786531500,2026-08-12 19:45:00,140.89,140.94,139.88,140.25,79882
1786531800,2026-08-12 19:50:00,140.25,140.35,139.88,140.15,70677
1786532100,2026-08-12 19:55:00,140.22,140.25,139.91,140.02,20920
1786532400,2026-08-12 20:00:00,140.03,140.58,139.97,140.06,60349
1786532700,2026-08-12 20:05:00,140.08,140.35,140.06,140.31,4066
1786533000,2026-08-12 20:10:00,140.3,140.4,139.97,140.05,5768
1786533300,2026-08-12 20:15:00,140.01,140.03,139.47,139.48,48199
1786533600,2026-08-12 20:20:00,139.46,139.97,139.46,139.8,33390
1786533900,2026-08-12 20:25:00,139.77,140.1,139.77,139.89,8948
1786534200,2026-08-12 20:30:00,139.89,140.53,139.89,140.53,15238
1786534500,2026-08-12 20:35:00,140.48,140.89,140.3,140.77,11538
1786534800,2026-08-12 20:40:00,140.82,141.13,140.82,140.89,37182
1786535100,2026-08-12 20:45:00,140.95,141.06,140.8,141.02,62584
1786535400,2026-08-12 20:50:00,140.99,141.5,140.99,141.42,42468
1786535700,2026-08-12 20:55:00,141.42,141.74,141.4,141.74,19336
1786536000,2026-08-12 21:00:00,141.75,142.1,141.59,141.86,38827
1786536300,2026-08-12 21:05:00,141.91,141.91,141.44,141.44,24802
1786536600,2026-08-12 21:10:00,141.47,141.65,141.21,141.22,14380
1786536900,2026-08-12 21:15:00,141.4,141.7,141.21,141.46,25499
1786537200,2026-08-12 21:20:00,141.37,141.82,141.25,141.82,25654
1786537500,2026-08-12 21:25:00,141.83,143.3,141.71,143.14,259048
1786537800,2026-08-12 21:30:00,143.15,144.73,139.68,144.48,960335
1786538100,2026-08-12 21:35:00,144.5,145.2,143.91,145.2,521163
1786538400,2026-08-12 21:40:00,145.19,145.39,144.75,145.1,214216
1786538700,2026-08-12 21:45:00,145.05,145.32,144.7,145.21,120614
1786539000,2026-08-12 21:50:00,145.21,145.87,145.17,145.81,130978
1786539300,2026-08-12 21:55:00,145.82,146.13,145.68,146.13,117164
1786539600,2026-08-12 22:00:00,146.15,146.82,145.83,146.11,328082
1786539900,2026-08-12 22:05:00,146.09,146.36,145.77,145.8,114867
1786540200,2026-08-12 22:10:00,145.8,146.01,145.48,146.01,112316
1786540500,2026-08-12 22:15:00,145.9,146.67,145.84,146.67,66370
1786540800,2026-08-12 22:20:00,146.68,147.55,146.64,146.87,163000
1786541100,2026-08-12 22:25:00,146.92,147.76,146.88,147.25,255355
1786541400,2026-08-12 22:30:00,147.35,147.47,144.27,144.33,736093
1786541700,2026-08-12 22:35:00,144.34,145.84,142.84,143.99,656835
1786542000,2026-08-12 22:40:00,143.93,145.05,142.98,145.02,303217
1786542300,2026-08-12 22:45:00,144.93,147,143.82,146.73,457953
1786542600,2026-08-12 22:50:00,146.76,147.09,145.17,145.62,194136
1786542900,2026-08-12 22:55:00,145.68,146.11,144.21,145.82,152119
1786543200,2026-08-12 23:00:00,145.81,145.98,144.68,144.88,109039
1786543500,2026-08-12 23:05:00,144.82,146,144.56,145.9,77849
1786543800,2026-08-12 23:10:00,145.9,146.29,144.76,144.82,144591
1786544100,2026-08-12 23:15:00,144.89,146.04,144.74,145.15,89249
1786544400,2026-08-12 23:20:00,145.1,146.01,144.78,145.99,63642
1786544700,2026-08-12 23:25:00,146.02,146.79,145.77,146.07,132703
1786545000,2026-08-12 23:30:00,146.07,146.09,144.18,144.7,709093
1786545300,2026-08-12 23:35:00,144.75,145.8,144.13,145.41,102924
1786545600,2026-08-12 23:40:00,145.45,145.88,145.2,145.86,34883
1786545900,2026-08-12 23:45:00,145.89,146.02,145.56,145.73,30244
1786546200,2026-08-12 23:50:00,145.77,145.83,144.07,144.29,64450
1786546500,2026-08-12 23:55:00,144.3,144.65,143.89,144.46,70217
1786546800,2026-08-13 00:00:00,144.42,144.83,143.8,144.55,64408
1786547100,2026-08-13 00:05:00,144.55,145.85,144.48,145.44,65770
1786547400,2026-08-13 00:10:00,145.43,146.17,144.98,145.91,32254
1786547700,2026-08-13 00:15:00,145.89,146.02,145.49,145.79,16389
1786548000,2026-08-13 00:20:00,145.77,145.86,145.05,145.25,22687
1786548300,2026-08-13 00:25:00,145.18,145.75,145.08,145.75,7723
1786548600,2026-08-13 00:30:00,145.8,145.81,144.6,144.81,12695
1786548900,2026-08-13 00:35:00,144.83,145.23,144.29,144.33,11354
1786549200,2026-08-13 00:40:00,144.37,144.43,143.71,143.91,154679
1786549500,2026-08-13 00:45:00,143.94,144.07,143.44,144.04,44687
1786549800,2026-08-13 00:50:00,143.97,144.57,143.85,144.15,23327
1786550100,2026-08-13 00:55:00,144.11,144.41,144,144.34,18949
1786550400,2026-08-13 01:00:00,144.37,145.18,144.37,144.87,55560
1786550700,2026-08-13 01:05:00,144.9,145.34,144.88,145.3,18581
1786551000,2026-08-13 01:10:00,145.34,145.41,145.04,145.16,11284
1786551300,2026-08-13 01:15:00,145.2,145.25,144.77,144.84,4613
1786551600,2026-08-13 01:20:00,144.88,145.52,144.78,145.52,15369
1786551900,2026-08-13 01:25:00,145.55,145.63,145.03,145.05,14492
1786552200,2026-08-13 01:30:00,145.04,145.11,144.53,144.53,45735
1786552500,2026-08-13 01:35:00,144.5,145.21,144.37,145.21,20895
1786552800,2026-08-13 01:40:00,145.21,145.32,144.85,144.9,9959
1786553100,2026-08-13 01:45:00,144.94,145.13,144.88,145,3691
1786553400,2026-08-13 01:50:00,145,145.51,145,145.49,8401
1786553700,2026-08-13 01:55:00,145.44,145.48,145.35,145.48,10331
1786554000,2026-08-13 02:00:00,145.47,145.95,145.4,145.92,21739
1786554300,2026-08-13 02:05:00,145.91,146,145.42,145.42,49345
1786554600,2026-08-13 02:10:00,145.47,145.49,145.14,145.49,35573
1786554900,2026-08-13 02:15:00,145.46,145.5,145,145.47,9579
1786555200,2026-08-13 02:20:00,145.46,145.69,145.43,145.58,1245
1786555500,2026-08-13 02:25:00,145.58,145.95,145.58,145.78,5845
1786555800,2026-08-13 02:30:00,145.78,146.03,145.78,145.8,5706
1786556100,2026-08-13 02:35:00,145.85,146.34,145.85,146.32,11188
1786556400,2026-08-13 02:40:00,146.34,146.78,146.26,146.66,89070
1786556700,2026-08-13 02:45:00,146.66,146.89,146.61,146.87,16680
1786557000,2026-08-13 02:50:00,146.83,147.16,146.51,146.53,30696
1786557300,2026-08-13 02:55:00,146.57,146.79,146.5,146.68,7608
1786557600,2026-08-13 03:00:00,146.71,146.81,145.9,145.91,31518
1786557900,2026-08-13 03:05:00,145.9,145.99,145.56,145.81,10621
1786558200,2026-08-13 03:10:00,145.85,146.38,145.74,145.95,12097
1786558500,2026-08-13 03:15:00,145.93,146.21,145.9,146.04,10490
1786558800,2026-08-13 03:20:00,146.04,146.27,145.9,146.21,4019
1786559100,2026-08-13 03:25:00,146.3,146.43,145.94,145.94,85176
1786559400,2026-08-13 03:30:00,145.98,146.28,145.93,145.98,4067
1786559700,2026-08-13 03:35:00,146,146.09,145.93,146.08,11011
1786560000,2026-08-13 03:40:00,145.99,146.43,145.99,146.07,7046
1786560300,2026-08-13 03:45:00,146,146,145.63,145.66,19226
1786560600,2026-08-13 03:50:00,145.78,145.93,145.65,145.81,1766
1786560900,2026-08-13 03:55:00,145.7,145.7,145.08,145.43,14374
1786561200,2026-08-13 04:00:00,145.37,145.7,145,145.1,3462
1786561500,2026-08-13 04:05:00,145.03,145.54,145,145.06,2334
1786561800,2026-08-13 04:10:00,145.03,145.13,144.77,145.01,7429
1786562100,2026-08-13 04:15:00,144.97,145.68,144.97,145.35,18234
1786562400,2026-08-13 04:20:00,145.3,145.34,144.21,144.21,51523
1786562700,2026-08-13 04:25:00,144.25,144.4,143.6,143.95,30569
1786563000,2026-08-13 04:30:00,143.81,143.81,142.84,143.5,40578
1786563300,2026-08-13 04:35:00,143.41,143.81,143.03,143.38,26917
1786563600,2026-08-13 04:40:00,143.4,143.55,142.49,142.8,43084
1786563900,2026-08-13 04:45:00,142.8,143.55,142.77,143.54,57258
1786564200,2026-08-13 04:50:00,143.52,143.67,142.79,143.14,70429
1786564500,2026-08-13 04:55:00,143.13,143.17,142.06,142.37,71529
1786564800,2026-08-13 05:00:00,142.4,143.19,142.3,142.89,65702
1786565100,2026-08-13 05:05:00,142.98,143.2,141.96,142.17,202941
1786565400,2026-08-13 05:10:00,142.17,142.26,141.71,142.04,13843
1786565700,2026-08-13 05:15:00,142.03,142.43,141.98,141.98,22918
1786566000,2026-08-13 05:20:00,141.97,142.09,141.9,142,5842
1786566300,2026-08-13 05:25:00,142.07,142.21,141.95,142.07,2805
1786566600,2026-08-13 05:30:00,142.08,142.29,142.04,142.22,5568
1786566900,2026-08-13 05:35:00,142.24,142.28,142.17,142.28,7376
1786567200,2026-08-13 05:40:00,142.27,142.29,142.13,142.25,4074
1786567500,2026-08-13 05:45:00,142.21,142.22,141.88,141.88,12898
1786567800,2026-08-13 05:50:00,141.97,142.07,141.78,141.98,14306
1786568100,2026-08-13 05:55:00,141.94,141.96,141.81,141.96,8702
1786568400,2026-08-13 06:00:00,141.92,142.07,141.8,142.07,7042
1786568700,2026-08-13 06:05:00,142.08,142.37,142.08,142.26,141923
1786569000,2026-08-13 06:10:00,142.29,142.61,142.29,142.5,7122
1786569300,2026-08-13 06:15:00,142.5,142.73,142.5,142.66,24837
1786569600,2026-08-13 06:20:00,142.66,142.71,142.52,142.52,10053
1786569900,2026-08-13 06:25:00,142.5,142.83,142.43,142.67,28950
1786570200,2026-08-13 06:30:00,142.62,142.62,142.49,142.59,2872
1786570500,2026-08-13 06:35:00,142.59,142.79,142.59,142.76,10063
1786570800,2026-08-13 06:40:00,142.78,142.87,142.76,142.84,30220
1786571100,2026-08-13 06:45:00,142.84,142.88,142.67,142.67,13648
1786571400,2026-08-13 06:50:00,142.61,142.71,142.52,142.68,7574
1786571700,2026-08-13 06:55:00,142.76,142.94,142.72,142.84,23103
1786572000,2026-08-13 07:00:00,142.84,142.84,142.35,142.5,14455
1786572300,2026-08-13 07:05:00,142.54,142.75,142.54,142.65,8837
1786572600,2026-08-13 07:10:00,142.69,142.79,142.33,142.39,14142
1786572900,2026-08-13 07:15:00,142.39,142.42,142.08,142.09,10758
1786573200,2026-08-13 07:20:00,142.09,142.27,141.96,142.26,16927
1786573500,2026-08-13 07:25:00,142.22,142.26,142.04,142.23,5510
1786573800,2026-08-13 07:30:00,142.17,142.17,142.01,142.08,7251
1786574100,2026-08-13 07:35:00,142.07,142.13,142.02,142.11,16142
1786574400,2026-08-13 07:40:00,142.1,142.27,142.09,142.27,26368
1786574700,2026-08-13 07:45:00,142.27,142.35,142.18,142.28,5176
1786575000,2026-08-13 07:50:00,142.28,142.38,142.22,142.38,33794
1786575300,2026-08-13 07:55:00,142.38,142.44,142.31,142.39,8121
1786575600,2026-08-13 08:00:00,142.38,142.67,142.38,142.57,4959
1786575900,2026-08-13 08:05:00,142.6,142.96,142.6,142.93,14274
1786576200,2026-08-13 08:10:00,142.96,143.18,142.96,143.09,17478
1786576500,2026-08-13 08:15:00,143.09,143.17,143.07,143.14,8236
1786576800,2026-08-13 08:20:00,143.15,143.32,143.11,143.25,10131
1786577100,2026-08-13 08:25:00,143.24,143.26,142.98,143.05,13081
1786577400,2026-08-13 08:30:00,143.05,143.08,142.86,142.95,13768
1786577700,2026-08-13 08:35:00,142.95,143.28,142.85,143.25,15322
1786578000,2026-08-13 08:40:00,143.27,143.43,143.14,143.34,4379
1786578300,2026-08-13 08:45:00,143.33,143.34,143.07,143.09,3014
1786578600,2026-08-13 08:50:00,143.07,143.37,143.07,143.37,16601
1786578900,2026-08-13 08:55:00,143.35,143.47,143.25,143.47,4906
1786579200,2026-08-13 09:00:00,143.4,144.4,142.81,143.72,179205
1786579500,2026-08-13 09:05:00,143.81,144.67,143.81,144.39,20168
1786579800,2026-08-13 09:10:00,144.49,144.7,144.17,144.37,33142
1786580100,2026-08-13 09:15:00,144.37,144.78,144.15,144.78,10437
1786580400,2026-08-13 09:20:00,144.77,144.85,144.51,144.7,67773
1786580700,2026-08-13 09:25:00,144.63,144.72,144.22,144.27,11178
1786581000,2026-08-13 09:30:00,144.22,144.29,143.56,143.8,30508
1786581300,2026-08-13 09:35:00,143.8,144.09,143.66,144.09,3691
1786581600,2026-08-13 09:40:00,144.07,144.19,143.73,143.82,2729
1786581900,2026-08-13 09:45:00,143.8,144.3,143.51,144.24,3461
1786582200,2026-08-13 09:50:00,144.26,144.28,143.91,143.93,5055
1786582500,2026-08-13 09:55:00,143.9,144.2,143.75,144.2,5886
1786582800,2026-08-13 10:00:00,144.24,144.24,143.58,143.66,19278
1786583100,2026-08-13 10:05:00,143.76,144.01,143.73,143.98,8069
1786583400,2026-08-13 10:10:00,144.01,144.24,143.86,143.97,15930
1786583700,2026-08-13 10:15:00,143.88,144.1,143.8,144,627
1786584000,2026-08-13 10:20:00,143.95,143.97,143.74,143.92,2913
1786584300,2026-08-13 10:25:00,143.86,143.86,143.39,143.41,29087
1786584600,2026-08-13 10:30:00,143.41,143.8,143.37,143.8,1996
1786584900,2026-08-13 10:35:00,143.86,144.02,143.83,143.96,13139
1786585200,2026-08-13 10:40:00,144.03,144.23,143.88,144.14,10712
1786585500,2026-08-13 10:45:00,144.1,144.11,143.82,143.87,5459
1786585800,2026-08-13 10:50:00,143.88,144.45,143.87,144.45,15578
1786586100,2026-08-13 10:55:00,144.45,144.65,144.43,144.47,22752
1786586400,2026-08-13 11:00:00,144.59,144.81,144.47,144.61,14118
1786586700,2026-08-13 11:05:00,144.67,144.85,144.63,144.8,3189
1786587000,2026-08-13 11:10:00,144.76,144.78,144.7,144.75,3214
1786587300,2026-08-13 11:15:00,144.71,144.78,144.58,144.67,9523
1786587600,2026-08-13 11:20:00,144.63,144.63,144.46,144.54,11224
1786587900,2026-08-13 11:25:00,144.54,144.65,144.49,144.55,6786
1786588200,2026-08-13 11:30:00,144.58,144.6,144.1,144.1,20368
1786588500,2026-08-13 11:35:00,144.02,144.3,143.97,144.3,2098
1786588800,2026-08-13 11:40:00,144.3,144.87,144.28,144.85,3804
1786589100,2026-08-13 11:45:00,144.81,144.84,144.62,144.67,3725
1786589400,2026-08-13 11:50:00,144.76,144.76,144.61,144.72,2071
1786589700,2026-08-13 11:55:00,144.76,144.79,144.63,144.73,4023
1786590000,2026-08-13 12:00:00,144.71,144.82,144.69,144.71,1193
1786590300,2026-08-13 12:05:00,144.7,144.8,144.67,144.74,3060
1786590600,2026-08-13 12:10:00,144.71,144.8,144.71,144.76,3313
1786590900,2026-08-13 12:15:00,144.73,144.87,144.73,144.78,1714
1786591200,2026-08-13 12:20:00,144.8,144.93,144.74,144.93,8694
1786591500,2026-08-13 12:25:00,144.81,145,144.8,144.98,6626
1786591800,2026-08-13 12:30:00,144.97,144.99,144.7,144.83,1558
1786592100,2026-08-13 12:35:00,144.7,145.09,144.7,145.05,3560
1786592400,2026-08-13 12:40:00,145,145.01,144.91,144.94,869
1786592700,2026-08-13 12:45:00,144.94,145.08,144.94,145.04,23463
1786593000,2026-08-13 12:50:00,145.04,145.16,145.04,145.12,4363
1786593300,2026-08-13 12:55:00,145.16,145.17,145.04,145.12,4483
1786593600,2026-08-13 13:00:00,145.08,145.35,145,145.35,8592
1786593900,2026-08-13 13:05:00,145.35,145.55,145.35,145.5,24857
1786594200,2026-08-13 13:10:00,145.57,145.68,145.1,145.1,17463
1786594500,2026-08-13 13:15:00,145.06,145.14,145.01,145.05,2045
1786594800,2026-08-13 13:20:00,145.04,145.08,144.81,144.9,103980
1786595100,2026-08-13 13:25:00,144.89,145.24,144.83,145.1,9933
1786595400,2026-08-13 13:30:00,145.06,145.37,145.03,145.34,793
1786595700,2026-08-13 13:35:00,145.35,145.48,145.25,145.25,19380
1786596000,2026-08-13 13:40:00,145.21,145.33,145.2,145.28,2239
1786596300,2026-08-13 13:45:00,145.24,145.58,145.13,145.57,8110
1786596600,2026-08-13 13:50:00,145.54,145.72,145.48,145.59,6268
1786596900,2026-08-13 13:55:00,145.6,145.63,145.35,145.35,6265
1786597200,2026-08-13 14:00:00,145.3,145.69,145.17,145.65,5441
1786597500,2026-08-13 14:05:00,145.65,145.97,145.65,145.97,3988
1786597800,2026-08-13 14:10:00,145.96,146.37,145.9,146.36,9184
1786598100,2026-08-13 14:15:00,146.34,146.48,146.18,146.25,61908
1786598400,2026-08-13 14:20:00,146.3,146.51,146.25,146.31,9506
1786598700,2026-08-13 14:25:00,146.23,146.58,146.23,146.48,5792
1786599000,2026-08-13 14:30:00,146.48,146.53,146.22,146.35,4564
1786599300,2026-08-13 14:35:00,146.33,146.45,145.81,146.02,44034
1786599600,2026-08-13 14:40:00,146.07,146.2,145.75,145.95,51030
1786599900,2026-08-13 14:45:00,145.93,146.15,145.88,146.05,65262
1786600200,2026-08-13 14:50:00,146,146.15,145.78,145.81,8564
1786600500,2026-08-13 14:55:00,145.82,145.93,145.5,145.5,11988
1786600800,2026-08-13 15:00:00,145.49,145.49,144.97,145,86002
1786601100,2026-08-13 15:05:00,145.1,145.4,144.94,145.4,31092
1786601400,2026-08-13 15:10:00,145.49,145.63,145.4,145.46,8961
1786601700,2026-08-13 15:15:00,145.41,145.47,145.15,145.36,11607
1786602000,2026-08-13 15:20:00,145.25,145.62,145.25,145.6,16366
1786602300,2026-08-13 15:25:00,145.62,145.64,145.37,145.5,16018
1786602600,2026-08-13 15:30:00,145.56,145.65,145.26,145.27,12952
1786602900,2026-08-13 15:35:00,145.25,145.32,144.81,144.9,21502
1786603200,2026-08-13 15:40:00,144.89,144.92,144.27,144.34,75395
1786603500,2026-08-13 15:45:00,144.32,144.55,144.22,144.24,21170
1786603800,2026-08-13 15:50:00,144.35,144.69,144.33,144.45,20490
1786604100,2026-08-13 15:55:00,144.45,144.75,144.44,144.75,21172
1786604400,2026-08-13 16:00:00,144.74,145,144.05,144.07,79717
1786604700,2026-08-13 16:05:00,144.09,144.09,143.52,143.56,198329
1786605000,2026-08-13 16:10:00,143.54,143.66,143.17,143.43,58954
1786605300,2026-08-13 16:15:00,143.5,143.73,143.24,143.43,24083
1786605600,2026-08-13 16:20:00,143.43,143.92,143.27,143.83,20371
1786605900,2026-08-13 16:25:00,143.84,143.88,143.7,143.8,16341
1786606200,2026-08-13 16:30:00,143.74,143.77,143.6,143.6,13375
1786606500,2026-08-13 16:35:00,143.5,143.98,143.5,143.97,18215
1786606800,2026-08-13 16:40:00,143.97,144.14,143.88,144.05,29457
1786607100,2026-08-13 16:45:00,144.04,144.14,143.9,143.99,29803
1786607400,2026-08-13 16:50:00,144.03,144.06,143.65,143.73,25368
1786607700,2026-08-13 16:55:00,143.75,143.79,143.54,143.57,15281
1786608000,2026-08-13 17:00:00,143.57,144.03,142.27,142.5,211001
1786608300,2026-08-13 17:05:00,142.5,143.2,141.94,142.45,253738
1786608600,2026-08-13 17:10:00,142.47,142.51,141.6,141.83,108935
1786608900,2026-08-13 17:15:00,141.85,141.9,141.17,141.78,118687
1786609200,2026-08-13 17:20:00,141.8,141.92,141.51,141.84,113156
1786609500,2026-08-13 17:25:00,141.82,142.44,141.82,142.33,85668
1786609800,2026-08-13 17:30:00,142.33,142.63,142.2,142.48,24480
1786610100,2026-08-13 17:35:00,142.52,142.52,141.97,142.31,36770
1786610400,2026-08-13 17:40:00,142.37,142.65,142.06,142.54,35208
1786610700,2026-08-13 17:45:00,142.49,142.58,142.24,142.29,23456
1786611000,2026-08-13 17:50:00,142.29,143.05,142.29,142.77,69716
1786611300,2026-08-13 17:55:00,142.78,142.99,142.7,142.75,21819
1786611600,2026-08-13 18:00:00,142.77,142.96,142.35,142.5,53446
1786611900,2026-08-13 18:05:00,142.49,142.49,142.01,142.11,48522
1786612200,2026-08-13 18:10:00,142.12,142.29,141.4,141.41,68196
1786612500,2026-08-13 18:15:00,141.4,141.52,140.85,141.52,94755
1786612800,2026-08-13 18:20:00,141.5,141.85,141.38,141.8,81397
1786613100,2026-08-13 18:25:00,141.86,141.92,141.18,141.3,39343
1786613400,2026-08-13 18:30:00,141.29,141.7,141.22,141.63,55354
1786613700,2026-08-13 18:35:00,141.6,141.8,141.49,141.57,186119
1786614000,2026-08-13 18:40:00,141.57,142,141.54,141.99,31012
1786614300,2026-08-13 18:45:00,141.98,142.1,141.88,142.1,37197
1786614600,2026-08-13 18:50:00,142.1,142.47,142.09,142.44,20687
1786614900,2026-08-13 18:55:00,142.47,142.73,142.42,142.73,33954
1786615200,2026-08-13 19:00:00,142.7,142.7,142.3,142.53,37165
1786615500,2026-08-13 19:05:00,142.57,142.94,142.5,142.83,49289
1786615800,2026-08-13 19:10:00,142.83,143.16,142.8,143.04,29182
1786616100,2026-08-13 19:15:00,143.05,143.23,142.98,143.13,50480
1786616400,2026-08-13 19:20:00,143.13,143.25,142.68,142.68,8536
1786616700,2026-08-13 19:25:00,142.64,142.99,142.36,142.83,36422
1786617000,2026-08-13 19:30:00,142.8,143.2,142.58,142.62,25454
1786617300,2026-08-13 19:35:00,142.59,142.84,142.48,142.75,20384
1786617600,2026-08-13 19:40:00,142.76,142.93,142.61,142.93,9046
1786617900,2026-08-13 19:45:00,142.88,143.11,142.77,143.05,8075
1786618200,2026-08-13 19:50:00,143.06,143.24,142.62,143.23,15085
1786618500,2026-08-13 19:55:00,143.23,143.32,143.12,143.23,25626
1786618800,2026-08-13 20:00:00,143.21,143.66,143.16,143.5,36718
1786619100,2026-08-13 20:05:00,143.54,143.59,143.3,143.33,39915
1786619400,2026-08-13 20:10:00,143.33,143.43,142.96,143.06,137009
1786619700,2026-08-13 20:15:00,143.1,143.31,142.73,142.86,28493
1786620000,2026-08-13 20:20:00,142.91,143,142.68,142.8,43485
1786620300,2026-08-13 20:25:00,142.81,142.81,142.1,142.35,62786
1786620600,2026-08-13 20:30:00,142.33,142.53,142.12,142.52,52420
1786620900,2026-08-13 20:35:00,142.51,142.9,142.4,142.8,31696
1786621200,2026-08-13 20:40:00,142.8,142.8,142.35,142.61,35215
1786621500,2026-08-13 20:45:00,142.61,142.89,142.6,142.64,15839
1786621800,2026-08-13 20:50:00,142.64,142.64,141.98,142.39,121547
1786622100,2026-08-13 20:55:00,142.41,142.47,142.03,142.04,46403
1786622400,2026-08-13 21:00:00,142.06,142.06,140.92,140.92,96893
1786622700,2026-08-13 21:05:00,140.92,141.27,140.75,141.1,109504
1786623000,2026-08-13 21:10:00,141.03,141.07,140.68,140.76,48182
1786623300,2026-08-13 21:15:00,140.75,140.76,139.94,140.14,218216
1786623600,2026-08-13 21:20:00,140.17,140.62,140.14,140.52,69901
1786623900,2026-08-13 21:25:00,140.5,141.5,140.22,141.5,119022
1786624200,2026-08-13 21:30:00,141.51,142.31,140.7,141.78,387807
1786624500,2026-08-13 21:35:00,141.76,142.1,141.46,141.68,243896
1786624800,2026-08-13 21:40:00,141.67,142.13,141.27,141.7,131025
1786625100,2026-08-13 21:45:00,141.7,142.24,141.46,141.95,147197
1786625400,2026-08-13 21:50:00,141.93,142.59,141.78,142.5,90708
1786625700,2026-08-13 21:55:00,142.47,142.64,142.23,142.53,37845
1786626000,2026-08-13 22:00:00,142.52,143.39,142.31,143.38,148848
1786626300,2026-08-13 22:05:00,143.31,143.55,143.01,143.49,158190
1786626600,2026-08-13 22:10:00,143.49,143.56,142.91,143.15,147576
1786626900,2026-08-13 22:15:00,143.15,143.16,142.55,142.71,113482
1786627200,2026-08-13 22:20:00,142.71,143.03,142.6,142.71,28433
1786627500,2026-08-13 22:25:00,142.71,143.3,142.34,142.34,335679
1786627800,2026-08-13 22:30:00,142.39,144.4,141.96,144.28,691072
1786628100,2026-08-13 22:35:00,144.29,146.86,143.92,146.58,1206058
1786628400,2026-08-13 22:40:00,146.68,146.9,145.09,145.65,489871
1786628700,2026-08-13 22:45:00,145.66,148.67,145.34,148.47,738133
1786629000,2026-08-13 22:50:00,148.44,149.12,147.42,148.38,723324
1786629300,2026-08-13 22:55:00,148.39,149.98,147.64,149.82,648173
1786629600,2026-08-13 23:00:00,149.78,149.92,148.77,149.44,527655
1786629900,2026-08-13 23:05:00,149.46,149.92,148.46,148.98,259096
1786630200,2026-08-13 23:10:00,149.04,150.12,148.98,149.53,228521
1786630500,2026-08-13 23:15:00,149.61,149.96,148.71,148.71,157402
1786630800,2026-08-13 23:20:00,148.72,149.75,148.29,149.46,178384
1786631100,2026-08-13 23:25:00,149.49,151.01,149.14,150.7,265895
1786631400,2026-08-13 23:30:00,150.69,151.78,150.42,151.72,513151
1786631700,2026-08-13 23:35:00,151.7,151.87,150.84,151.64,359392
1786632000,2026-08-13 23:40:00,151.66,151.75,151.14,151.36,178932
1786632300,2026-08-13 23:45:00,151.3,152,150.82,151.4,289854
1786632600,2026-08-13 23:50:00,151.42,151.78,151.09,151.78,62578
1786632900,2026-08-13 23:55:00,151.7,151.75,150.97,151.23,109510
1786633200,2026-08-14 00:00:00,151.23,152.87,151.06,151.73,296743
1786633500,2026-08-14 00:05:00,151.73,152.87,151.73,152.57,127366
1786633800,2026-08-14 00:10:00,152.58,153.61,152.36,152.93,187742
1786634100,2026-08-14 00:15:00,152.86,153.23,152.2,152.97,158441
1786634400,2026-08-14 00:20:00,152.97,154.16,152.87,153.82,235783
1786634700,2026-08-14 00:25:00,153.88,154.02,153.06,153.1,282589
1786635000,2026-08-14 00:30:00,153.12,153.37,150.88,150.94,326921
1786635300,2026-08-14 00:35:00,150.93,151.84,150.09,150.96,362528
1786635600,2026-08-14 00:40:00,150.95,151.8,150.44,151.18,258997
1786635900,2026-08-14 00:45:00,151.15,151.15,149.79,150.3,239515
1786636200,2026-08-14 00:50:00,150.3,150.46,148.88,149.29,366630
1786636500,2026-08-14 00:55:00,149.28,150.24,149.13,149.69,208273
1786636800,2026-08-14 01:00:00,149.68,151.24,149.67,150.78,207534
1786637100,2026-08-14 01:05:00,150.78,151.98,150.78,151.66,153515
1786637400,2026-08-14 01:10:00,151.65,151.78,150.6,150.68,65640
1786637700,2026-08-14 01:15:00,150.71,151.49,150.68,150.97,71152
1786638000,2026-08-14 01:20:00,150.99,151.99,150.71,151.87,72812
1786638300,2026-08-14 01:25:00,151.88,152.4,151.8,152.18,48210
1786638600,2026-08-14 01:30:00,152.25,152.8,152.18,152.36,58870
1786638900,2026-08-14 01:35:00,152.34,152.47,151.26,151.61,227807
1786639200,2026-08-14 01:40:00,151.6,152.13,151.34,151.85,159399
1786639500,2026-08-14 01:45:00,151.84,152.03,151.65,151.77,114550
1786639800,2026-08-14 01:50:00,151.8,151.99,151.04,151.04,91794
1786640100,2026-08-14 01:55:00,151.01,151.75,150.86,151.75,96251
1786640400,2026-08-14 02:00:00,151.73,152.66,151.73,152.54,190799
1786640700,2026-08-14 02:05:00,152.55,152.94,152.43,152.74,171203
1786641000,2026-08-14 02:10:00,152.73,152.89,152.6,152.65,291802
1786641300,2026-08-14 02:15:00,152.65,153.48,152.61,153.42,398592
1786641600,2026-08-14 02:20:00,153.39,153.48,153.01,153.1,232422
1786641900,2026-08-14 02:25:00,153.15,153.28,152.81,152.88,45159
1786642200,2026-08-14 02:30:00,152.88,153.1,152.76,152.84,126191
1786642500,2026-08-14 02:35:00,152.85,153.07,152.66,152.87,105696
1786642800,2026-08-14 02:40:00,152.84,153,152.5,152.51,85912
1786643100,2026-08-14 02:45:00,152.51,152.87,152.51,152.57,43876
1786643400,2026-08-14 02:50:00,152.59,152.76,151.82,151.9,124143
1786643700,2026-08-14 02:55:00,151.9,152.33,151.86,151.87,105651
1786644000,2026-08-14 03:00:00,151.87,152.04,151.58,151.79,31228
1786644300,2026-08-14 03:05:00,151.77,151.99,151.26,151.38,47757
1786644600,2026-08-14 03:10:00,151.39,151.48,151.01,151.07,19931
1786644900,2026-08-14 03:15:00,151.06,151.52,151.06,151.1,42729
1786645200,2026-08-14 03:20:00,151.1,151.35,150.72,150.78,32143
1786645500,2026-08-14 03:25:00,150.78,151.21,150.73,150.97,118966
1786645800,2026-08-14 03:30:00,151,151.57,150.9,151.19,40502
1786646100,2026-08-14 03:35:00,151.16,151.2,150.74,150.76,55426
1786646400,2026-08-14 03:40:00,150.74,150.85,149.8,149.94,102197
1786646700,2026-08-14 03:45:00,149.95,150.87,149.8,150.42,36539
1786647000,2026-08-14 03:50:00,150.41,150.56,150.11,150.15,23375
1786647300,2026-08-14 03:55:00,150.16,150.32,149.83,150.2,22700
1786647600,2026-08-14 04:00:00,150.2,150.82,149.37,149.42,26138
1786647900,2026-08-14 04:05:00,149.4,150.02,149.21,149.64,101094
1786648200,2026-08-14 04:10:00,149.64,149.69,148.54,148.57,135027
1786648500,2026-08-14 04:15:00,148.51,148.8,147.8,148.8,464131
1786648800,2026-08-14 04:20:00,148.83,148.95,147.99,147.99,70876
1786649100,2026-08-14 04:25:00,147.96,148.04,147.26,147.4,192636
1786649400,2026-08-14 04:30:00,147.32,147.33,146.24,146.53,236603
1786649700,2026-08-14 04:35:00,146.55,146.89,146.14,146.5,103127
1786650000,2026-08-14 04:40:00,146.5,146.71,145.44,145.56,350899
1786650300,2026-08-14 04:45:00,145.49,145.96,145.34,145.68,369643
1786650600,2026-08-14 04:50:00,145.69,145.78,144.81,145,525651
1786650900,2026-08-14 04:55:00,145.01,145.53,144.37,145.43,123742
1786651200,2026-08-14 05:00:00,145.4,145.91,143.84,145.38,373213
1786651500,2026-08-14 05:05:00,145.4,145.88,145.06,145.24,146794
1786651800,2026-08-14 05:10:00,145.3,145.4,144.99,145.4,25920
1786652100,2026-08-14 05:15:00,145.4,145.9,145.3,145.84,16066
1786652400,2026-08-14 05:20:00,145.82,145.85,144.84,145.16,72303
1786652700,2026-08-14 05:25:00,145.13,145.75,145.09,145.67,85614
1786653000,2026-08-14 05:30:00,145.66,145.84,145.58,145.68,37888
1786653300,2026-08-14 05:35:00,145.69,146.22,145.65,146.22,55776
1786653600,2026-08-14 05:40:00,146.19,146.2,146.03,146.12,124517
1786653900,2026-08-14 05:45:00,146.15,146.18,145.91,146.11,96496
1786654200,2026-08-14 05:50:00,146.06,146.18,145.99,146.1,214494
1786654500,2026-08-14 05:55:00,146.1,146.24,146.04,146.11,135863
1786654800,2026-08-14 06:00:00,146.11,146.11,145.84,145.95,49709
1786655100,2026-08-14 06:05:00,145.93,145.95,145.59,145.9,44061
1786655400,2026-08-14 06:10:00,145.89,146.01,145.78,145.99,45711
1786655700,2026-08-14 06:15:00,145.98,146.09,145.96,145.96,39206
1786656000,2026-08-14 06:20:00,145.97,146.07,145.85,145.94,17541
1786656300,2026-08-14 06:25:00,145.95,146.03,145.86,145.99,16414
1786656600,2026-08-14 06:30:00,145.97,146.07,145.91,146.03,20342
1786656900,2026-08-14 06:35:00,146.02,146.13,146.01,146.13,103780
1786657200,2026-08-14 06:40:00,146.12,146.19,146.07,146.17,28879
1786657500,2026-08-14 06:45:00,146.17,146.29,146.1,146.2,18480
1786657800,2026-08-14 06:50:00,146.19,146.33,146.06,146.26,24857
1786658100,2026-08-14 06:55:00,146.26,146.31,146.15,146.23,30830
1786658400,2026-08-14 07:00:00,146.11,146.17,145.76,146,25520
1786658700,2026-08-14 07:05:00,146.03,146.35,146.03,146.1,48424
1786659000,2026-08-14 07:10:00,146.11,146.16,145.98,146.08,23233
1786659300,2026-08-14 07:15:00,146.1,146.22,146,146.19,15430
1786659600,2026-08-14 07:20:00,146.19,146.22,145.87,146.01,6497
1786659900,2026-08-14 07:25:00,146,146.1,145.94,146.1,4215
1786660200,2026-08-14 07:30:00,146.1,146.4,146.09,146.39,11364
1786660500,2026-08-14 07:35:00,146.39,146.46,146.28,146.41,17169
1786660800,2026-08-14 07:40:00,146.42,146.5,146.33,146.43,27058
1786661100,2026-08-14 07:45:00,146.41,146.43,146.26,146.39,17027
1786661400,2026-08-14 07:50:00,146.37,146.38,146.18,146.34,9823
1786661700,2026-08-14 07:55:00,146.29,146.34,146.21,146.33,12025
1786662000,2026-08-14 08:00:00,146.29,146.42,146.13,146.4,19534
1786662300,2026-08-14 08:05:00,146.4,146.5,146.34,146.47,24839
1786662600,2026-08-14 08:10:00,146.47,146.85,146.45,146.83,67419
1786662900,2026-08-14 08:15:00,146.82,146.89,146.62,146.67,114020
1786663200,2026-08-14 08:20:00,146.63,146.7,146.32,146.42,23150
1786663500,2026-08-14 08:25:00,146.4,146.48,146.36,146.42,37251
1786663800,2026-08-14 08:30:00,146.4,146.48,146.35,146.47,16971
1786664100,2026-08-14 08:35:00,146.44,146.58,146.36,146.43,69161
1786664400,2026-08-14 08:40:00,146.41,146.43,146.27,146.35,36214
1786664700,2026-08-14 08:45:00,146.33,146.42,146.21,146.27,38434
1786665000,2026-08-14 08:50:00,146.27,146.42,146.23,146.41,21686
1786665300,2026-08-14 08:55:00,146.38,146.55,146.33,146.53,16192
1786665600,2026-08-14 09:00:00,146.53,147.13,146.53,146.91,58263
1786665900,2026-08-14 09:05:00,146.8,146.85,145.25,146.02,117034
1786666200,2026-08-14 09:10:00,146.05,146.07,145.52,145.58,21501
1786666500,2026-08-14 09:15:00,145.6,145.6,144.66,145.01,93656
1786666800,2026-08-14 09:20:00,145.01,145.2,144.76,144.96,73319
1786667100,2026-08-14 09:25:00,144.92,145.25,144.64,145.04,168234
1786667400,2026-08-14 09:30:00,145.01,145.2,144.75,144.91,39707
1786667700,2026-08-14 09:35:00,144.92,145.22,144.84,145.21,32586
1786668000,2026-08-14 09:40:00,145.15,145.3,144.78,144.87,19381
1786668300,2026-08-14 09:45:00,144.9,145.16,144.44,144.45,46687
1786668600,2026-08-14 09:50:00,144.44,144.8,144.05,144.2,122197
1786668900,2026-08-14 09:55:00,144.2,144.26,143.95,144.04,34979
1786669200,2026-08-14 10:00:00,144.05,144.05,143.01,143.07,101782
1786669500,2026-08-14 10:05:00,143.12,143.58,143.1,143.29,74038
1786669800,2026-08-14 10:10:00,143.26,143.29,142.4,142.52,137427
1786670100,2026-08-14 10:15:00,142.53,142.82,142.4,142.69,148546
1786670400,2026-08-14 10:20:00,142.69,143.33,142.51,143.12,91477
1786670700,2026-08-14 10:25:00,143.09,143.66,142.91,143.6,70203
1786671000,2026-08-14 10:30:00,143.63,143.65,142.9,143.12,60098
1786671300,2026-08-14 10:35:00,143.15,143.76,143.07,143.76,52965
1786671600,2026-08-14 10:40:00,143.76,144,143.63,143.99,54542
1786671900,2026-08-14 10:45:00,144,144.36,144,144.33,33184
1786672200,2026-08-14 10:50:00,144.31,144.35,143.61,143.67,95831
1786672500,2026-08-14 10:55:00,143.75,143.95,143.71,143.86,37603
1786672800,2026-08-14 11:00:00,143.85,144.48,143.83,144.37,26309
1786673100,2026-08-14 11:05:00,144.37,144.49,144.15,144.2,18463
1786673400,2026-08-14 11:10:00,144.15,144.45,144.14,144.3,11379
1786673700,2026-08-14 11:15:00,144.28,144.34,143.85,143.92,9310
1786674000,2026-08-14 11:20:00,143.86,144.1,143.84,143.97,15367
1786674300,2026-08-14 11:25:00,144.01,144.1,143.79,143.93,24231
1786674600,2026-08-14 11:30:00,143.92,144.44,143.92,144.44,33056
1786674900,2026-08-14 11:35:00,144.43,144.69,144.35,144.43,58110
1786675200,2026-08-14 11:40:00,144.43,144.69,144.4,144.48,19762
1786675500,2026-08-14 11:45:00,144.5,144.59,143.96,143.96,25297
1786675800,2026-08-14 11:50:00,143.96,144.1,143.69,143.76,31479
1786676100,2026-08-14 11:55:00,143.74,143.8,143.36,143.51,32746
1786676400,2026-08-14 12:00:00,143.48,143.66,143.09,143.09,20956
1786676700,2026-08-14 12:05:00,143.1,143.6,143.1,143.6,17806
1786677000,2026-08-14 12:10:00,143.6,143.79,143.5,143.65,42861
1786677300,2026-08-14 12:15:00,143.62,143.9,143.56,143.81,16072
1786677600,2026-08-14 12:20:00,143.82,144.05,143.74,144.05,25494
1786677900,2026-08-14 12:25:00,144.05,144.31,143.97,144.27,21929
1786678200,2026-08-14 12:30:00,144.29,144.29,143.8,143.84,20457
1786678500,2026-08-14 12:35:00,143.83,143.97,143.7,143.76,12290
1786678800,2026-08-14 12:40:00,143.75,143.78,143.58,143.62,10285
1786679100,2026-08-14 12:45:00,143.62,143.76,143.45,143.49,11514
1786679400,2026-08-14 12:50:00,143.5,143.67,143.48,143.6,7434
1786679700,2026-08-14 12:55:00,143.63,143.7,143.46,143.49,29615
1786680000,2026-08-14 13:00:00,143.52,143.52,143.22,143.36,55579
1786680300,2026-08-14 13:05:00,143.31,143.64,143.31,143.39,22374
1786680600,2026-08-14 13:10:00,143.4,143.56,143.27,143.51,22923
1786680900,2026-08-14 13:15:00,143.48,143.78,143.45,143.67,29192
1786681200,2026-08-14 13:20:00,143.68,143.7,143.5,143.69,27421
1786681500,2026-08-14 13:25:00,143.68,144.06,143.63,143.87,38537
1786681800,2026-08-14 13:30:00,143.87,143.91,143.5,143.52,33251
1786682100,2026-08-14 13:35:00,143.52,143.6,143.29,143.59,41105
1786682400,2026-08-14 13:40:00,143.59,143.79,143.5,143.57,13116
1786682700,2026-08-14 13:45:00,143.59,143.6,143.34,143.41,15856
1786683000,2026-08-14 13:50:00,143.39,143.43,143.2,143.22,16318
1786683300,2026-08-14 13:55:00,143.24,143.34,143.2,143.2,23846
1786683600,2026-08-14 14:00:00,143.23,143.3,142.83,142.83,26180
1786683900,2026-08-14 14:05:00,142.83,142.95,142.67,142.79,32677
1786684200,2026-08-14 14:10:00,142.78,143.02,142.65,142.98,28400
1786684500,2026-08-14 14:15:00,143.01,143.28,142.88,143.03,14813
1786684800,2026-08-14 14:20:00,143.03,143.24,142.95,143.14,52898
1786685100,2026-08-14 14:25:00,143.13,143.26,142.94,143.23,14486
1786685400,2026-08-14 14:30:00,143.16,143.24,142.97,143.24,11531
1786685700,2026-08-14 14:35:00,143.19,143.73,143.19,143.67,65568
1786686000,2026-08-14 14:40:00,143.68,143.73,143.36,143.69,19561
1786686300,2026-08-14 14:45:00,143.65,144.1,143.62,144.07,24614
1786686600,2026-08-14 14:50:00,144.05,144.28,143.94,144.28,15765
1786686900,2026-08-14 14:55:00,144.26,144.5,144.22,144.23,21752
1786687200,2026-08-14 15:00:00,144.21,144.34,143.65,143.71,19109
1786687500,2026-08-14 15:05:00,143.73,144,143.71,143.8,18279
1786687800,2026-08-14 15:10:00,143.81,143.87,143.53,143.53,12968
1786688100,2026-08-14 15:15:00,143.55,143.9,143.51,143.9,28103
1786688400,2026-08-14 15:20:00,143.89,143.89,143.66,143.84,6930
1786688700,2026-08-14 15:25:00,143.85,144.08,143.7,144.08,13661
1786689000,2026-08-14 15:30:00,144.01,144.05,143.66,143.75,12072
1786689300,2026-08-14 15:35:00,143.72,143.86,143.6,143.79,29646
1786689600,2026-08-14 15:40:00,143.77,143.88,143.67,143.88,9359
1786689900,2026-08-14 15:45:00,143.89,144.2,143.89,144.17,13381
1786690200,2026-08-14 15:50:00,144.14,144.47,144.14,144.31,31894
1786690500,2026-08-14 15:55:00,144.34,144.55,144.24,144.25,40495
1786690800,2026-08-14 16:00:00,144.28,144.89,144.2,144.89,42343
1786691100,2026-08-14 16:05:00,144.89,144.91,144.47,144.78,25349
1786691400,2026-08-14 16:10:00,144.8,144.8,144.23,144.39,23685
1786691700,2026-08-14 16:15:00,144.35,144.5,144.29,144.43,21864
1786692000,2026-08-14 16:20:00,144.39,144.39,144,144.2,20039
1786692300,2026-08-14 16:25:00,144.13,144.3,144.04,144.16,9463
1786692600,2026-08-14 16:30:00,144.2,144.28,144.08,144.28,16467
1786692900,2026-08-14 16:35:00,144.26,144.56,144.23,144.56,20077
1786693200,2026-08-14 16:40:00,144.55,144.89,144.53,144.89,14303
1786693500,2026-08-14 16:45:00,144.89,144.89,144.66,144.79,17520
1786693800,2026-08-14 16:50:00,144.8,144.87,144.68,144.72,16517
1786694100,2026-08-14 16:55:00,144.72,144.76,144.62,144.64,93235
1786694400,2026-08-14 17:00:00,144.66,145.2,143.89,144.7,157563
1786694700,2026-08-14 17:05:00,144.75,145.82,144.69,145.76,115710
1786695000,2026-08-14 17:10:00,145.78,145.88,144.94,145.03,69825
1786695300,2026-08-14 17:15:00,145.02,145.63,144.81,144.93,223214
1786695600,2026-08-14 17:20:00,144.92,145.16,144.8,145.03,32533
1786695900,2026-08-14 17:25:00,145.06,145.31,144.87,145.31,115272
1786696200,2026-08-14 17:30:00,145.3,145.75,145.3,145.7,50258
1786696500,2026-08-14 17:35:00,145.7,146.01,145.61,145.95,38772
1786696800,2026-08-14 17:40:00,145.96,146.11,145.52,145.57,34935
1786697100,2026-08-14 17:45:00,145.54,146.15,145.54,146.11,36351
1786697400,2026-08-14 17:50:00,146.12,146.12,145.73,145.74,61817
1786697700,2026-08-14 17:55:00,145.76,145.8,145.5,145.58,25108
1786698000,2026-08-14 18:00:00,145.54,145.65,145.33,145.54,23708
1786698300,2026-08-14 18:05:00,145.53,145.64,145.38,145.5,24517
1786698600,2026-08-14 18:10:00,145.5,145.6,145.4,145.44,21443
1786698900,2026-08-14 18:15:00,145.41,145.8,145.37,145.8,21084
1786699200,2026-08-14 18:20:00,145.83,145.98,145.47,145.98,26008
1786699500,2026-08-14 18:25:00,145.97,145.98,145.7,145.75,17122
1786699800,2026-08-14 18:30:00,145.81,145.82,145.33,145.52,49774
1786700100,2026-08-14 18:35:00,145.53,145.63,145.21,145.62,29945
1786700400,2026-08-14 18:40:00,145.59,145.6,145.11,145.12,36944
1786700700,2026-08-14 18:45:00,145.14,145.57,144.84,145.48,61665
1786701000,2026-08-14 18:50:00,145.48,145.85,145.42,145.69,56689
1786701300,2026-08-14 18:55:00,145.73,146.12,145.62,146.11,25555
1786701600,2026-08-14 19:00:00,146.11,146.75,146.06,146.75,38029
1786701900,2026-08-14 19:05:00,146.75,146.93,146.65,146.81,77263
1786702200,2026-08-14 19:10:00,146.8,146.88,146.55,146.68,43528
1786702500,2026-08-14 19:15:00,146.67,146.7,146.35,146.38,45167
1786702800,2026-08-14 19:20:00,146.36,146.57,146.24,146.55,18429
1786703100,2026-08-14 19:25:00,146.51,146.57,146.04,146.24,28404
1786703400,2026-08-14 19:30:00,146.24,146.4,146.04,146.35,131359
1786703700,2026-08-14 19:35:00,146.35,146.38,145.82,145.98,74101
1786704000,2026-08-14 19:40:00,145.98,146.2,145.87,146.1,26879
1786704300,2026-08-14 19:45:00,146.15,146.4,145.99,146.05,37680
1786704600,2026-08-14 19:50:00,146.07,146.63,146.07,146.52,33856
1786704900,2026-08-14 19:55:00,146.49,146.77,146.38,146.77,41642
1786705200,2026-08-14 20:00:00,146.76,147.19,146.74,147.01,84372
1786705500,2026-08-14 20:05:00,147.03,147.54,147.03,147.41,36856
1786705800,2026-08-14 20:10:00,147.4,147.61,147.3,147.53,26335
1786706100,2026-08-14 20:15:00,147.52,147.54,147.04,147.09,48318
1786706400,2026-08-14 20:20:00,147.09,147.1,146.79,147.05,33799
1786706700,2026-08-14 20:25:00,146.99,147.15,146.72,146.9,54952
1786707000,2026-08-14 20:30:00,146.9,146.95,146.48,146.66,27302
1786707300,2026-08-14 20:35:00,146.6,146.8,146.48,146.49,44739
1786707600,2026-08-14 20:40:00,146.46,146.46,146,146.21,40756
1786707900,2026-08-14 20:45:00,146.2,146.72,146.2,146.72,27217
1786708200,2026-08-14 20:50:00,146.71,146.82,146.45,146.46,17977
1786708500,2026-08-14 20:55:00,146.46,146.52,146.18,146.31,31497
1786708800,2026-08-14 21:00:00,146.31,146.86,146.13,146.31,40611
1786709100,2026-08-14 21:05:00,146.33,146.46,146.06,146.39,69238
1786709400,2026-08-14 21:10:00,146.34,146.38,144.66,145.33,362139
1786709700,2026-08-14 21:15:00,145.33,145.33,144.75,145.16,112641
1786710000,2026-08-14 21:20:00,145.16,145.32,144.88,145,54516
1786710300,2026-08-14 21:25:00,145,145.55,144.84,145.55,70844
1786710600,2026-08-14 21:30:00,145.55,146.59,145.49,146.43,389057
1786710900,2026-08-14 21:35:00,146.42,146.75,146.13,146.37,48754
1786711200,2026-08-14 21:40:00,146.32,146.42,146.04,146.2,39568
1786711500,2026-08-14 21:45:00,146.25,146.39,145.8,146.14,29344
1786711800,2026-08-14 21:50:00,146.15,146.2,145.71,146.17,20051
1786712100,2026-08-14 21:55:00,146.18,146.2,145.9,146.1,31943
1786712400,2026-08-14 22:00:00,146,146.56,145.84,146.39,51459
1786712700,2026-08-14 22:05:00,146.43,146.57,145.88,145.88,21680
1786713000,2026-08-14 22:10:00,145.84,145.84,145.25,145.25,60950
1786713300,2026-08-14 22:15:00,145.25,145.46,144.83,145,49361
1786713600,2026-08-14 22:20:00,145.01,145.25,144.91,145.05,55324
1786713900,2026-08-14 22:25:00,144.96,145.65,143.32,143.75,430183
1786714200,2026-08-14 22:30:00,143.75,145.04,142.19,142.22,905440
1786714500,2026-08-14 22:35:00,142.18,143.73,141.5,143.72,356912
1786714800,2026-08-14 22:40:00,143.74,146.05,143.43,146,553471
1786715100,2026-08-14 22:45:00,145.9,146.27,144.33,144.84,469597
1786715400,2026-08-14 22:50:00,144.86,146.13,144.62,145.4,544641
1786715700,2026-08-14 22:55:00,145.37,145.81,143.73,144.02,394418
1786716000,2026-08-14 23:00:00,144.03,145.8,143.02,145.77,284804
1786716300,2026-08-14 23:05:00,145.74,146.7,144.9,145.51,482989
1786716600,2026-08-14 23:10:00,145.52,146.41,145.04,145.8,213557
1786716900,2026-08-14 23:15:00,145.79,145.94,143.1,143.1,332324
1786717200,2026-08-14 23:20:00,143.09,143.93,142.24,142.51,303035
1786717500,2026-08-14 23:25:00,142.6,143.22,141.96,143.08,314768
1786717800,2026-08-14 23:30:00,143.09,143.6,142.05,143.44,447011
1786718100,2026-08-14 23:35:00,143.41,144.84,143.34,144.61,348450
1786718400,2026-08-14 23:40:00,144.56,144.92,143.89,144.75,90330
1786718700,2026-08-14 23:45:00,144.83,144.93,143.86,143.98,209137
1786719000,2026-08-14 23:50:00,143.99,144.56,143.82,144,102295
1786719300,2026-08-14 23:55:00,144,144.26,143.43,143.48,109776
1786719600,2026-08-15 00:00:00,143.45,143.84,142.65,142.96,206330
1786719900,2026-08-15 00:05:00,142.92,143.3,142.5,142.64,214161
1786720200,2026-08-15 00:10:00,142.65,143.08,142.04,142.04,69159
1786720500,2026-08-15 00:15:00,142.05,142.57,142.03,142.12,113719
1786720800,2026-08-15 00:20:00,142.2,142.28,139.45,139.55,244999
1786721100,2026-08-15 00:25:00,139.63,141.09,139.07,141,772454
1786721400,2026-08-15 00:30:00,141.01,141.1,140.07,140.45,665605
1786721700,2026-08-15 00:35:00,140.46,140.82,139.99,140.06,133865
1786722000,2026-08-15 00:40:00,140.08,140.14,139.1,139.67,158456
1786722300,2026-08-15 00:45:00,139.69,140.37,139.2,139.54,204247
1786722600,2026-08-15 00:50:00,139.54,140.28,139.19,140.07,89545
1786722900,2026-08-15 00:55:00,140.08,140.75,140.03,140.4,82650
1786723200,2026-08-15 01:00:00,140.43,141.25,140.43,141,60246
1786723500,2026-08-15 01:05:00,140.95,141.11,140.5,140.63,77264
1786723800,2026-08-15 01:10:00,140.66,141.42,140.5,141.28,65702
1786724100,2026-08-15 01:15:00,141.31,141.8,141.28,141.72,68102
1786724400,2026-08-15 01:20:00,141.7,141.95,141.53,141.92,41459
1786724700,2026-08-15 01:25:00,141.88,142.31,141.85,142.01,73849
1786725000,2026-08-15 01:30:00,142.02,142.03,141.01,141.4,78967
1786725300,2026-08-15 01:35:00,141.44,142.22,141.35,141.67,50712
1786725600,2026-08-15 01:40:00,141.61,141.69,141.1,141.25,71391
1786725900,2026-08-15 01:45:00,141.28,141.63,141.17,141.59,36426
1786726200,2026-08-15 01:50:00,141.54,141.54,140.81,141.03,100756
1786726500,2026-08-15 01:55:00,141.04,141.16,140.78,140.79,20428
1786726800,2026-08-15 02:00:00,140.86,141.17,140.65,141.01,15302
1786727100,2026-08-15 02:05:00,141.05,141.51,140.94,141.44,66042
1786727400,2026-08-15 02:10:00,141.39,141.54,140.88,140.92,26605
1786727700,2026-08-15 02:15:00,140.93,141.09,140.67,140.96,3119
1786728000,2026-08-15 02:20:00,140.93,140.97,140.2,140.27,16875
1786728300,2026-08-15 02:25:00,140.19,140.4,139.93,140.31,75606
1786728600,2026-08-15 02:30:00,140.37,140.69,140.24,140.63,2149
1786728900,2026-08-15 02:35:00,140.58,140.87,140.09,140.25,37499
1786729200,2026-08-15 02:40:00,140.22,140.41,139.99,140.24,2126
1786729500,2026-08-15 02:45:00,140.25,140.4,140.1,140.17,10380
1786729800,2026-08-15 02:50:00,140.13,140.5,140.01,140.41,41540
1786730100,2026-08-15 02:55:00,140.41,140.64,140.2,140.56,23231
1786730400,2026-08-15 03:00:00,140.61,140.96,140.32,140.91,20393
1786730700,2026-08-15 03:05:00,140.92,141.26,140.8,141.25,30485
1786731000,2026-08-15 03:10:00,141.28,141.32,140.82,140.86,40274
1786731300,2026-08-15 03:15:00,140.83,141.22,140.82,140.94,12712
1786731600,2026-08-15 03:20:00,140.96,141.12,140.8,140.89,3201
1786731900,2026-08-15 03:25:00,140.88,141.25,140.86,140.88,4719
1786732200,2026-08-15 03:30:00,140.92,141.2,140.64,141.2,38524
1786732500,2026-08-15 03:35:00,141.2,141.42,141.04,141.42,16785
1786732800,2026-08-15 03:40:00,141.4,141.84,141.37,141.75,29189
1786733100,2026-08-15 03:45:00,141.72,141.8,141.4,141.65,58392
1786733400,2026-08-15 03:50:00,141.64,142.25,141.64,141.75,114062
1786733700,2026-08-15 03:55:00,141.72,141.75,141.52,141.54,21700
1786734000,2026-08-15 04:00:00,141.57,141.76,141.38,141.69,23202
1786734300,2026-08-15 04:05:00,141.69,142.46,141.66,142.38,27450
1786734600,2026-08-15 04:10:00,142.39,142.54,142.04,142.17,25686
1786734900,2026-08-15 04:15:00,142.14,142.75,142.14,142.6,78627
1786735200,2026-08-15 04:20:00,142.64,143.04,142.47,142.92,21380
1786735500,2026-08-15 04:25:00,142.92,143.65,142.9,143.23,29688
1786735800,2026-08-15 04:30:00,143.27,143.66,142.81,143.13,181065
1786736100,2026-08-15 04:35:00,143.1,143.82,143.05,143.71,24323
1786736400,2026-08-15 04:40:00,143.76,144.28,143.6,143.73,96607
1786736700,2026-08-15 04:45:00,143.61,144.15,143.4,144.07,39575
1786737000,2026-08-15 04:50:00,144.11,144.49,144.08,144.38,160577
1786737300,2026-08-15 04:55:00,144.46,145.17,143.95,145.07,99307
1786737600,2026-08-15 05:00:00,145.11,145.23,144.69,144.99,54060
1786737900,2026-08-15 05:05:00,144.97,145.08,144.67,144.68,45822
1786738200,2026-08-15 05:10:00,144.72,144.76,144.6,144.65,39198
1786738500,2026-08-15 05:15:00,144.64,144.77,144.62,144.67,27275
1786738800,2026-08-15 05:20:00,144.71,144.74,144.61,144.66,11111
1786739100,2026-08-15 05:25:00,144.68,144.8,144.6,144.75,23654
1786739400,2026-08-15 05:30:00,144.78,144.93,144.7,144.8,19610
1786739700,2026-08-15 05:35:00,144.84,144.88,144.68,144.78,26204
1786740000,2026-08-15 05:40:00,144.78,144.98,144.77,144.89,24869
1786740300,2026-08-15 05:45:00,144.9,145,144.85,144.99,43770
1786740600,2026-08-15 05:50:00,145,145,144.82,144.89,9425
1786740900,2026-08-15 05:55:00,144.86,145,144.83,144.99,8022
1786741200,2026-08-15 06:00:00,145,145.02,144.89,144.95,23222
1786741500,2026-08-15 06:05:00,144.95,145.07,144.94,145.02,11162
1786741800,2026-08-15 06:10:00,145.02,145.07,144.8,144.81,17674
1786742100,2026-08-15 06:15:00,144.79,144.93,144.79,144.88,14943
1786742400,2026-08-15 06:20:00,144.88,144.95,144.75,144.81,5011
1786742700,2026-08-15 06:25:00,144.8,144.82,144.65,144.73,6470
1786743000,2026-08-15 06:30:00,144.69,144.74,144.62,144.72,15082
1786743300,2026-08-15 06:35:00,144.74,144.74,144.6,144.65,18143
1786743600,2026-08-15 06:40:00,144.64,144.67,144.59,144.62,10247
1786743900,2026-08-15 06:45:00,144.58,144.7,144.58,144.69,2637
1786744200,2026-08-15 06:50:00,144.7,144.7,144.63,144.69,267
1786744500,2026-08-15 06:55:00,144.69,144.84,144.64,144.84,1171
1786744800,2026-08-15 07:00:00,144.84,144.91,144.8,144.82,14464
1786745100,2026-08-15 07:05:00,144.82,144.95,144.82,144.86,11697
1786745400,2026-08-15 07:10:00,144.88,144.92,144.84,144.9,3033
1786745700,2026-08-15 07:15:00,144.9,144.91,144.84,144.88,1497
1786746000,2026-08-15 07:20:00,144.86,144.9,144.76,144.8,1352
1786746300,2026-08-15 07:25:00,144.83,144.84,144.79,144.81,4878
1786746600,2026-08-15 07:30:00,144.81,144.92,144.79,144.85,10632
1786746900,2026-08-15 07:35:00,144.86,144.92,144.78,144.81,6222
1786747200,2026-08-15 07:40:00,144.8,144.88,144.78,144.84,1616
1786747500,2026-08-15 07:45:00,144.86,144.86,144.61,144.62,8909
1786747800,2026-08-15 07:50:00,144.62,144.74,144.61,144.71,6447
1786748100,2026-08-15 07:55:00,144.71,144.75,144.65,144.67,9602
1786748400,2026-08-15 08:00:00,144.66,144.69,144.63,144.65,7023
1786748700,2026-08-15 08:05:00,144.67,144.68,144.56,144.57,21063
1786749000,2026-08-15 08:10:00,144.58,144.93,144.57,144.89,17360
1786749300,2026-08-15 08:15:00,144.89,144.92,144.74,144.8,14900
1786749600,2026-08-15 08:20:00,144.81,144.86,144.77,144.78,2886
1786749900,2026-08-15 08:25:00,144.78,144.95,144.75,144.9,27538
1786750200,2026-08-15 08:30:00,144.9,145.09,144.85,144.91,79569
1786750500,2026-08-15 08:35:00,144.91,144.94,144.8,144.81,30188
1786750800,2026-08-15 08:40:00,144.8,144.9,144.78,144.83,49926
1786751100,2026-08-15 08:45:00,144.83,144.83,144.73,144.76,27450
1786751400,2026-08-15 08:50:00,144.77,144.78,144.56,144.62,42143
1786751700,2026-08-15 08:55:00,144.64,144.7,144.54,144.66,43844
1786752000,2026-08-15 09:00:00,144.62,144.81,144.6,144.6,26319
1786752300,2026-08-15 09:05:00,144.6,144.8,144.5,144.68,21154
1786752600,2026-08-15 09:10:00,144.68,144.84,144.65,144.82,9269
1786752900,2026-08-15 09:15:00,144.83,144.83,144.7,144.73,2360
1786753200,2026-08-15 09:20:00,144.74,144.8,144.73,144.79,1102
1786753500,2026-08-15 09:25:00,144.8,144.87,144.74,144.86,1638
1786753800,2026-08-15 09:30:00,144.87,144.87,144.79,144.81,1252
1786754100,2026-08-15 09:35:00,144.79,144.86,144.74,144.86,9752
1786754400,2026-08-15 09:40:00,144.85,145.04,144.84,145.01,5751
1786754700,2026-08-15 09:45:00,145,145.01,144.88,144.99,17294
1786755000,2026-08-15 09:50:00,144.99,144.99,144.83,144.97,12493
1786755300,2026-08-15 09:55:00,144.98,144.99,144.88,144.94,14942
1786755600,2026-08-15 10:00:00,144.94,144.94,144.83,144.83,10363
1786755900,2026-08-15 10:05:00,144.83,144.93,144.83,144.93,675
1786756200,2026-08-15 10:10:00,144.94,145,144.92,144.99,8059
1786756500,2026-08-15 10:15:00,144.99,145.02,144.93,144.96,6360
1786756800,2026-08-15 10:20:00,144.96,145.09,144.95,145.09,1647
1786757100,2026-08-15 10:25:00,145.09,145.1,145.04,145.1,1387
1786757400,2026-08-15 10:30:00,145.08,145.12,145.06,145.11,1175
1786757700,2026-08-15 10:35:00,145.1,145.2,145.09,145.2,5814
1786758000,2026-08-15 10:40:00,145.19,145.2,145.12,145.17,9410
1786758300,2026-08-15 10:45:00,145.17,145.17,145,145,7327
1786758600,2026-08-15 10:50:00,145,145,144.9,144.96,7203
1786758900,2026-08-15 10:55:00,144.96,145,144.87,144.99,3843
1786759200,2026-08-15 11:00:00,144.99,145,144.73,144.75,1221
1786759500,2026-08-15 11:05:00,144.73,144.75,144.49,144.68,49921
1786759800,2026-08-15 11:10:00,144.69,144.7,144.65,144.66,18871
1786760100,2026-08-15 11:15:00,144.66,144.72,144.65,144.67,10678
1786760400,2026-08-15 11:20:00,144.67,144.73,144.65,144.71,1660
1786760700,2026-08-15 11:25:00,144.72,144.74,144.65,144.65,19195
1786761000,2026-08-15 11:30:00,144.65,144.69,144.64,144.67,10869
1786761300,2026-08-15 11:35:00,144.66,144.67,144.61,144.61,4206
1786761600,2026-08-15 11:40:00,144.61,144.67,144.61,144.65,3046
1786761900,2026-08-15 11:45:00,144.63,144.64,144.59,144.6,7172
1786762200,2026-08-15 11:50:00,144.6,144.62,144.57,144.59,12121
1786762500,2026-08-15 11:55:00,144.59,144.61,144.58,144.59,3354
1786762800,2026-08-15 12:00:00,144.59,144.6,144.55,144.55,5392
1786763100,2026-08-15 12:05:00,144.55,144.59,144.55,144.59,1730
1786763400,2026-08-15 12:10:00,144.58,144.58,144.55,144.55,3955
1786763700,2026-08-15 12:15:00,144.56,144.68,144.56,144.64,12752
1786764000,2026-08-15 12:20:00,144.65,144.7,144.64,144.67,3160
1786764300,2026-08-15 12:25:00,144.67,144.69,144.61,144.64,1246
1786764600,2026-08-15 12:30:00,144.64,144.65,144.62,144.64,2606
1786764900,2026-08-15 12:35:00,144.64,144.66,144.54,144.58,3339
1786765200,2026-08-15 12:40:00,144.57,144.6,144.55,144.55,1553
1786765500,2026-08-15 12:45:00,144.57,144.57,144.52,144.53,1549
1786765800,2026-08-15 12:50:00,144.53,144.53,144.44,144.44,2775
1786766100,2026-08-15 12:55:00,144.44,144.44,144.39,144.4,827
1786766400,2026-08-15 13:00:00,144.39,144.4,144.24,144.33,5367
1786766700,2026-08-15 13:05:00,144.33,144.5,144.31,144.43,4391
1786767000,2026-08-15 13:10:00,144.46,144.46,144.26,144.27,5962
1786767300,2026-08-15 13:15:00,144.29,144.29,144.17,144.25,12991
1786767600,2026-08-15 13:20:00,144.25,144.29,144.18,144.22,8574
1786767900,2026-08-15 13:25:00,144.23,144.28,144.09,144.09,16588
1786768200,2026-08-15 13:30:00,144.09,144.23,144.09,144.22,12369
1786768500,2026-08-15 13:35:00,144.23,144.25,144.08,144.18,6220
1786768800,2026-08-15 13:40:00,144.17,144.23,144.13,144.21,4981
1786769100,2026-08-15 13:45:00,144.2,144.22,144.15,144.19,3924
1786769400,2026-08-15 13:50:00,144.15,144.19,144.12,144.15,24771
1786769700,2026-08-15 13:55:00,144.15,144.2,144.02,144.02,10326
1786770000,2026-08-15 14:00:00,144.02,144.16,144.02,144.15,6868
1786770300,2026-08-15 14:05:00,144.16,144.16,144.06,144.07,2622
1786770600,2026-08-15 14:10:00,144.07,144.13,144.06,144.07,5382
1786770900,2026-08-15 14:15:00,144.05,144.08,144.01,144.02,6174
1786771200,2026-08-15 14:20:00,144.03,144.05,144.02,144.03,3108
1786771500,2026-08-15 14:25:00,144.04,144.12,144.02,144.09,4044
1786771800,2026-08-15 14:30:00,144.09,144.11,144.03,144.04,1329
1786772100,2026-08-15 14:35:00,144.03,144.04,143.95,144.01,223227
1786772400,2026-08-15 14:40:00,144.02,144.09,144.02,144.05,69261
1786772700,2026-08-15 14:45:00,144.06,144.07,143.97,144.02,37589
1786773000,2026-08-15 14:50:00,144.02,144.05,144,144,53484
1786773300,2026-08-15 14:55:00,144.01,144.01,143.82,143.92,42888
1786773600,2026-08-15 15:00:00,143.92,143.92,143.8,143.81,12431
1786773900,2026-08-15 15:05:00,143.8,143.83,143.74,143.81,11766
1786774200,2026-08-15 15:10:00,143.81,143.83,143.78,143.82,3636
1786774500,2026-08-15 15:15:00,143.82,143.86,143.76,143.79,5523
1786774800,2026-08-15 15:20:00,143.79,143.86,143.78,143.83,7535
1786775100,2026-08-15 15:25:00,143.83,143.86,143.79,143.82,2574
1786775400,2026-08-15 15:30:00,143.82,143.89,143.8,143.83,1053
1786775700,2026-08-15 15:35:00,143.82,143.85,143.79,143.84,2789
1786776000,2026-08-15 15:40:00,143.85,143.94,143.84,143.87,4694
1786776300,2026-08-15 15:45:00,143.87,143.99,143.87,143.97,2798
1786776600,2026-08-15 15:50:00,143.98,144.13,143.95,144.04,3761
1786776900,2026-08-15 15:55:00,144.04,144.04,143.92,143.95,6226
1786777200,2026-08-15 16:00:00,143.96,144.16,143.96,144.1,10362
1786777500,2026-08-15 16:05:00,144.1,144.17,144.05,144.12,4254
1786777800,2026-08-15 16:10:00,144.12,144.3,144.08,144.28,15975
1786778100,2026-08-15 16:15:00,144.28,144.29,144.16,144.17,12634
1786778400,2026-08-15 16:20:00,144.17,144.19,144.08,144.14,2340
1786778700,2026-08-15 16:25:00,144.1,144.19,144.05,144.07,818
1786779000,2026-08-15 16:30:00,144.07,144.09,144.03,144.04,680
1786779300,2026-08-15 16:35:00,144.01,144.03,143.98,144.02,702
1786779600,2026-08-15 16:40:00,144.03,144.13,144.02,144.12,12120
1786779900,2026-08-15 16:45:00,144.13,144.22,144.11,144.12,13456
1786780200,2026-08-15 16:50:00,144.12,144.12,144.06,144.11,3951
1786780500,2026-08-15 16:55:00,144.11,144.25,144.1,144.24,1036
1786780800,2026-08-15 17:00:00,144.24,144.25,144.14,144.16,1178
1786781100,2026-08-15 17:05:00,144.2,144.2,144.12,144.16,1479
1786781400,2026-08-15 17:10:00,144.15,144.23,144.12,144.22,717
1786781700,2026-08-15 17:15:00,144.22,144.25,144.13,144.13,169
1786782000,2026-08-15 17:20:00,144.15,144.16,144.13,144.13,601
1786782300,2026-08-15 17:25:00,144.14,144.18,144.12,144.14,225
1786782600,2026-08-15 17:30:00,144.15,144.15,144.06,144.09,1358
1786782900,2026-08-15 17:35:00,144.11,144.11,144.04,144.09,827
1786783200,2026-08-15 17:40:00,144.09,144.11,144.04,144.04,477
1786783500,2026-08-15 17:45:00,144.06,144.08,144.05,144.08,368
1786783800,2026-08-15 17:50:00,144.08,144.08,144.03,144.03,498
1786784100,2026-08-15 17:55:00,144.03,144.04,144,144,6452
1786784400,2026-08-15 18:00:00,144.01,144.01,143.82,143.84,21061
1786784700,2026-08-15 18:05:00,143.84,143.86,143.77,143.82,15433
1786785000,2026-08-15 18:10:00,143.83,143.83,143.76,143.78,13098
1786785300,2026-08-15 18:15:00,143.78,143.82,143.77,143.82,6367
1786785600,2026-08-15 18:20:00,143.81,143.86,143.81,143.81,1179
1786785900,2026-08-15 18:25:00,143.81,143.87,143.81,143.85,1281
1786786200,2026-08-15 18:30:00,143.85,143.86,143.81,143.83,6551
1786786500,2026-08-15 18:35:00,143.83,143.84,143.76,143.78,1506
1786786800,2026-08-15 18:40:00,143.79,143.79,143.76,143.77,1424
1786787100,2026-08-15 18:45:00,143.77,143.81,143.77,143.79,2173
1786787400,2026-08-15 18:50:00,143.79,143.86,143.79,143.84,4187
1786787700,2026-08-15 18:55:00,143.83,143.86,143.82,143.84,1048
1786788000,2026-08-15 19:00:00,143.84,143.84,143.79,143.8,1236
1786788300,2026-08-15 19:05:00,143.8,143.8,143.77,143.79,766
1786788600,2026-08-15 19:10:00,143.79,143.82,143.78,143.81,549
1786788900,2026-08-15 19:15:00,143.82,143.86,143.78,143.84,1379
1786789200,2026-08-15 19:20:00,143.83,143.85,143.83,143.84,241
1786789500,2026-08-15 19:25:00,143.84,143.85,143.84,143.84,126
1786789800,2026-08-15 19:30:00,143.85,144.1,143.82,143.96,26847
1786790100,2026-08-15 19:35:00,143.98,144.03,143.95,144.02,10450
1786790400,2026-08-15 19:40:00,144.02,144.03,143.98,143.99,2912
1786790700,2026-08-15 19:45:00,143.99,144,143.97,144,2778
1786791000,2026-08-15 19:50:00,144.02,144.08,144.01,144.06,8782
1786791300,2026-08-15 19:55:00,144.05,144.1,144.05,144.1,2998
1786791600,2026-08-15 20:00:00,144.1,144.24,144.07,144.22,3328
1786791900,2026-08-15 20:05:00,144.23,144.25,144.15,144.15,9639
1786792200,2026-08-15 20:10:00,144.17,144.17,144.12,144.14,4240
1786792500,2026-08-15 20:15:00,144.14,144.21,144.12,144.2,871
1786792800,2026-08-15 20:20:00,144.2,144.2,144.18,144.19,885
1786793100,2026-08-15 20:25:00,144.2,144.2,144.17,144.17,4056
1786793400,2026-08-15 20:30:00,144.18,144.19,144.16,144.17,3815
1786793700,2026-08-15 20:35:00,144.17,144.23,144.14,144.21,1109
1786794000,2026-08-15 20:40:00,144.21,144.24,144.19,144.23,2052
1786794300,2026-08-15 20:45:00,144.24,144.24,144.2,144.2,901
1786794600,2026-08-15 20:50:00,144.2,144.2,144.11,144.14,2653
1786794900,2026-08-15 20:55:00,144.13,144.14,144.11,144.11,2352
1786795200,2026-08-15 21:00:00,144.11,144.25,144.11,144.24,3423
1786795500,2026-08-15 21:05:00,144.25,144.26,144.22,144.24,2757
1786795800,2026-08-15 21:10:00,144.23,144.25,144.22,144.23,2562
1786796100,2026-08-15 21:15:00,144.24,144.27,144.23,144.26,35962
1786796400,2026-08-15 21:20:00,144.25,144.31,144.13,144.19,37030
1786796700,2026-08-15 21:25:00,144.18,144.3,144.17,144.28,27738
1786797000,2026-08-15 21:30:00,144.28,144.31,144.26,144.29,13806
1786797300,2026-08-15 21:35:00,144.29,144.39,144.28,144.38,39406
1786797600,2026-08-15 21:40:00,144.39,144.5,144.39,144.49,103415
1786797900,2026-08-15 21:45:00,144.49,144.5,144.42,144.42,1975
1786798200,2026-08-15 21:50:00,144.43,144.44,144.39,144.42,27138
1786798500,2026-08-15 21:55:00,144.43,144.53,144.43,144.52,8908
1786798800,2026-08-15 22:00:00,144.52,144.61,144.44,144.5,8954
1786799100,2026-08-15 22:05:00,144.5,144.53,144.46,144.5,4171
1786799400,2026-08-15 22:10:00,144.48,144.51,144.46,144.48,995
1786799700,2026-08-15 22:15:00,144.48,144.5,144.45,144.47,1211
1786800000,2026-08-15 22:20:00,144.46,144.47,144.4,144.4,9410
1786800300,2026-08-15 22:25:00,144.4,144.42,144.36,144.4,8731
1786800600,2026-08-15 22:30:00,144.37,144.4,144.36,144.39,3166
1786800900,2026-08-15 22:35:00,144.38,144.47,144.38,144.44,1332
1786801200,2026-08-15 22:40:00,144.44,144.56,144.41,144.53,632
1786801500,2026-08-15 22:45:00,144.59,144.6,144.56,144.6,861
1786801800,2026-08-15 22:50:00,144.6,144.61,144.5,144.51,874
1786802100,2026-08-15 22:55:00,144.5,144.55,144.5,144.55,699
1786802400,2026-08-15 23:00:00,144.55,144.6,144.54,144.6,928
1786802700,2026-08-15 23:05:00,144.59,144.6,144.53,144.57,526
1786803000,2026-08-15 23:10:00,144.54,144.57,144.47,144.48,400
1786803300,2026-08-15 23:15:00,144.47,144.48,144.37,144.41,399
1786803600,2026-08-15 23:20:00,144.41,144.41,144.3,144.35,210
1786803900,2026-08-15 23:25:00,144.38,144.4,144.34,144.38,174
1786804200,2026-08-15 23:30:00,144.4,144.4,143.96,144.01,2488
1786804500,2026-08-15 23:35:00,144.01,144.11,144,144.09,9232
1786804800,2026-08-15 23:40:00,144.09,144.1,144.04,144.09,1022
1786805100,2026-08-15 23:45:00,144.09,144.12,144.08,144.09,635
1786805400,2026-08-15 23:50:00,144.1,144.14,144.06,144.07,910
1786805700,2026-08-15 23:55:00,144.06,144.08,144.03,144.07,1425
1786806000,2026-08-16 00:00:00,144.06,144.07,144,144.07,1697
1786806300,2026-08-16 00:05:00,144.07,144.2,144.05,144.13,4904
1786806600,2026-08-16 00:10:00,144.12,144.23,144.11,144.19,4500
1786806900,2026-08-16 00:15:00,144.19,144.21,144.19,144.2,2908
1786807200,2026-08-16 00:20:00,144.2,144.2,144.19,144.2,790
1786807500,2026-08-16 00:25:00,144.2,144.2,144.15,144.16,1455
1786807800,2026-08-16 00:30:00,144.16,144.2,144.15,144.19,2595
1786808100,2026-08-16 00:35:00,144.2,144.21,144.13,144.14,4926
1786808400,2026-08-16 00:40:00,144.15,144.2,144.1,144.1,10344
1786808700,2026-08-16 00:45:00,144.1,144.13,144.08,144.13,2462
1786809000,2026-08-16 00:50:00,144.11,144.17,144.07,144.11,6246
1786809300,2026-08-16 00:55:00,144.13,144.14,144.09,144.13,9457
1786809600,2026-08-16 01:00:00,144.11,144.13,144.05,144.1,3719
1786809900,2026-08-16 01:05:00,144.1,144.2,144.1,144.19,2589
1786810200,2026-08-16 01:10:00,144.19,144.2,144.16,144.18,2943
1786810500,2026-08-16 01:15:00,144.19,144.19,144.16,144.17,1494
1786810800,2026-08-16 01:20:00,144.17,144.17,144.14,144.15,398
1786811100,2026-08-16 01:25:00,144.14,144.17,144.12,144.15,1961
1786811400,2026-08-16 01:30:00,144.15,144.3,144.14,144.27,7582
1786811700,2026-08-16 01:35:00,144.27,144.29,144.15,144.16,3608
1786812000,2026-08-16 01:40:00,144.16,144.18,144.11,144.13,2307
1786812300,2026-08-16 01:45:00,144.14,144.15,144.1,144.11,1361
1786812600,2026-08-16 01:50:00,144.1,144.13,144.1,144.12,1113
1786812900,2026-08-16 01:55:00,144.12,144.12,144.11,144.12,668
1786813200,2026-08-16 02:00:00,144.12,144.16,144.11,144.14,542
1786813500,2026-08-16 02:05:00,144.13,144.2,144.13,144.2,639
1786813800,2026-08-16 02:10:00,144.19,144.2,144.17,144.19,1115
1786814100,2026-08-16 02:15:00,144.18,144.22,144.18,144.19,3476
1786814400,2026-08-16 02:20:00,144.2,144.25,144.1,144.25,3178
1786814700,2026-08-16 02:25:00,144.24,144.25,144.19,144.23,28832
1786815000,2026-08-16 02:30:00,144.23,144.23,144.23,144.23,4486
1786815300,2026-08-16 02:35:00,144.23,144.23,144.22,144.23,2270
1786815600,2026-08-16 02:40:00,144.23,144.33,144.23,144.33,13968
1786815900,2026-08-16 02:45:00,144.33,144.6,144.32,144.46,16248
1786816200,2026-08-16 02:50:00,144.46,144.48,144.44,144.44,7957
1786816500,2026-08-16 02:55:00,144.44,144.45,144.44,144.44,2961
1786816800,2026-08-16 03:00:00,144.45,144.49,144.43,144.43,2026
1786817100,2026-08-16 03:05:00,144.45,144.45,144.44,144.44,539
1786817400,2026-08-16 03:10:00,144.4,144.47,144.39,144.45,881
1786817700,2026-08-16 03:15:00,144.46,144.47,144.43,144.44,1847
1786818000,2026-08-16 03:20:00,144.47,144.47,144.45,144.46,1203
1786818300,2026-08-16 03:25:00,144.46,144.46,144.43,144.46,758
1786818600,2026-08-16 03:30:00,144.46,144.46,144.42,144.42,1682
1786818900,2026-08-16 03:35:00,144.43,144.43,144.4,144.43,6854
1786819200,2026-08-16 03:40:00,144.41,144.43,144.12,144.12,8256
1786819500,2026-08-16 03:45:00,144.11,144.15,144.1,144.11,8029
1786819800,2026-08-16 03:50:00,144.1,144.11,144.1,144.11,7628
1786820100,2026-08-16 03:55:00,144.1,144.18,144.1,144.18,665
1786820400,2026-08-16 04:00:00,144.18,144.18,144.15,144.18,1911
1786820700,2026-08-16 04:05:00,144.18,144.19,144.16,144.18,713
1786821000,2026-08-16 04:10:00,144.19,144.19,144.18,144.18,625
1786821300,2026-08-16 04:15:00,144.19,144.26,144.18,144.26,646
1786821600,2026-08-16 04:20:00,144.25,144.26,144.25,144.26,953
1786821900,2026-08-16 04:25:00,144.25,144.29,144.25,144.28,485
1786822200,2026-08-16 04:30:00,144.29,144.37,144.29,144.33,1069
1786822500,2026-08-16 04:35:00,144.33,144.35,144.32,144.35,776
1786822800,2026-08-16 04:40:00,144.35,144.35,144.34,144.34,709
1786823100,2026-08-16 04:45:00,144.34,144.34,144.2,144.2,1052
1786823400,2026-08-16 04:50:00,144.2,144.21,143.99,144.02,8523
1786823700,2026-08-16 04:55:00,144.02,144.07,144.02,144.06,17335
1786824000,2026-08-16 05:00:00,144.06,144.06,143.99,144.04,26973
1786824300,2026-08-16 05:05:00,144.04,144.05,143.99,144.05,21684
1786824600,2026-08-16 05:10:00,144.04,144.1,144.04,144.08,12555
1786824900,2026-08-16 05:15:00,144.09,144.13,144.08,144.11,9062
1786825200,2026-08-16 05:20:00,144.11,144.16,144.06,144.16,6022
1786825500,2026-08-16 05:25:00,144.15,144.17,144.13,144.17,6345
1786825800,2026-08-16 05:30:00,144.17,144.18,144.15,144.17,2536
1786826100,2026-08-16 05:35:00,144.17,144.18,144.15,144.15,1117
1786826400,2026-08-16 05:40:00,144.17,144.18,144.15,144.17,961
1786826700,2026-08-16 05:45:00,144.17,144.18,144.17,144.17,800
1786827000,2026-08-16 05:50:00,144.17,144.18,144.15,144.16,774
1786827300,2026-08-16 05:55:00,144.16,144.2,144.16,144.2,881
1786827600,2026-08-16 06:00:00,144.19,144.24,144.19,144.23,799
1786827900,2026-08-16 06:05:00,144.23,144.24,144.2,144.21,829
1786828200,2026-08-16 06:10:00,144.21,144.25,144.2,144.25,845
1786828500,2026-08-16 06:15:00,144.24,144.29,144.24,144.28,9274
1786828800,2026-08-16 06:20:00,144.28,144.29,144.28,144.29,4496
1786829100,2026-08-16 06:25:00,144.29,144.33,144.28,144.28,3205
1786829400,2026-08-16 06:30:00,144.28,144.28,144.23,144.23,2172
1786829700,2026-08-16 06:35:00,144.23,144.29,144.23,144.28,2309
1786830000,2026-08-16 06:40:00,144.28,144.35,144.2,144.32,19486
1786830300,2026-08-16 06:45:00,144.35,144.35,144.33,144.33,9161
1786830600,2026-08-16 06:50:00,144.33,144.34,144.33,144.33,3424
1786830900,2026-08-16 06:55:00,144.33,144.34,144.33,144.34,2017
1786831200,2026-08-16 07:00:00,144.34,144.34,144.25,144.27,2887
1786831500,2026-08-16 07:05:00,144.27,144.27,144.21,144.22,1954
1786831800,2026-08-16 07:10:00,144.21,144.28,144.2,144.22,7143
1786832100,2026-08-16 07:15:00,144.21,144.22,144.2,144.2,3659
1786832400,2026-08-16 07:20:00,144.2,144.27,144.17,144.26,900
1786832700,2026-08-16 07:25:00,144.29,144.4,144.29,144.4,166
1786833000,2026-08-16 07:30:00,144.39,144.39,144.35,144.39,367
1786833300,2026-08-16 07:35:00,144.39,144.39,144.32,144.32,2817
1786833600,2026-08-16 07:40:00,144.32,144.33,144.32,144.33,1882
1786833900,2026-08-16 07:45:00,144.36,144.36,144.35,144.35,1313
1786834200,2026-08-16 07:50:00,144.36,144.36,144.28,144.28,3163
1786834500,2026-08-16 07:55:00,144.28,144.31,144.28,144.3,2163
1786834800,2026-08-16 08:00:00,144.3,144.4,144.29,144.4,1713
1786835100,2026-08-16 08:05:00,144.42,144.47,144.42,144.45,7259
1786835400,2026-08-16 08:10:00,144.45,144.48,144.36,144.4,3245
1786835700,2026-08-16 08:15:00,144.4,144.4,144.36,144.37,2495
1786836000,2026-08-16 08:20:00,144.37,144.38,144.22,144.23,2238
1786836300,2026-08-16 08:25:00,144.23,144.24,144.21,144.22,2228
1786836600,2026-08-16 08:30:00,144.22,144.23,144.2,144.2,3707
1786836900,2026-08-16 08:35:00,144.2,144.31,144.2,144.31,2237
1786837200,2026-08-16 08:40:00,144.28,144.3,144.27,144.29,676
1786837500,2026-08-16 08:45:00,144.29,144.3,144.28,144.3,835
1786837800,2026-08-16 08:50:00,144.33,144.37,144.25,144.36,2181
1786838100,2026-08-16 08:55:00,144.36,144.37,144.32,144.32,3161
1786838400,2026-08-16 09:00:00,144.35,144.4,144.33,144.34,2506
1786838700,2026-08-16 09:05:00,144.34,144.35,144.33,144.34,4592
1786839000,2026-08-16 09:10:00,144.36,144.39,144.34,144.34,8741
1786839300,2026-08-16 09:15:00,144.36,144.41,144.32,144.36,6055
1786839600,2026-08-16 09:20:00,144.35,144.37,144.35,144.37,976
1786839900,2026-08-16 09:25:00,144.36,144.37,144.35,144.36,573
1786840200,2026-08-16 09:30:00,144.39,144.44,144.35,144.39,1686
1786840500,2026-08-16 09:35:00,144.4,144.41,144.32,144.34,1653
1786840800,2026-08-16 09:40:00,144.35,144.35,144.34,144.34,1139
1786841100,2026-08-16 09:45:00,144.34,144.36,144.31,144.32,832
1786841400,2026-08-16 09:50:00,144.31,144.32,144.3,144.3,709
1786841700,2026-08-16 09:55:00,144.3,144.31,144.25,144.27,692
1786842000,2026-08-16 10:00:00,144.3,144.34,144.27,144.32,699
1786842300,2026-08-16 10:05:00,144.32,144.37,144.32,144.34,3030
1786842600,2026-08-16 10:10:00,144.35,144.37,144.32,144.33,5372
1786842900,2026-08-16 10:15:00,144.34,144.4,144.32,144.39,2610
1786843200,2026-08-16 10:20:00,144.38,144.4,144.35,144.37,1792
1786843500,2026-08-16 10:25:00,144.37,144.41,144.35,144.41,1358
1786843800,2026-08-16 10:30:00,144.41,144.41,144.35,144.35,20298
1786844100,2026-08-16 10:35:00,144.35,144.37,144.35,144.37,11199
1786844400,2026-08-16 10:40:00,144.37,144.37,144.36,144.37,8712
1786844700,2026-08-16 10:45:00,144.37,144.38,144.36,144.37,2904
1786845000,2026-08-16 10:50:00,144.37,144.38,144.3,144.3,12951
1786845300,2026-08-16 10:55:00,144.3,144.31,144.27,144.27,18274
1786845600,2026-08-16 11:00:00,144.27,144.31,144.23,144.3,6168
1786845900,2026-08-16 11:05:00,144.3,144.4,144.28,144.39,7133
1786846200,2026-08-16 11:10:00,144.39,144.63,144.39,144.58,21819
1786846500,2026-08-16 11:15:00,144.6,144.6,144.45,144.49,6910
1786846800,2026-08-16 11:20:00,144.49,144.52,144.46,144.52,1681
1786847100,2026-08-16 11:25:00,144.52,144.63,144.48,144.63,2209
1786847400,2026-08-16 11:30:00,144.64,144.74,144.54,144.62,28136
1786847700,2026-08-16 11:35:00,144.62,144.63,144.56,144.6,18009
1786848000,2026-08-16 11:40:00,144.6,144.66,144.6,144.64,9395
1786848300,2026-08-16 11:45:00,144.65,144.65,144.61,144.61,4281
1786848600,2026-08-16 11:50:00,144.62,144.66,144.61,144.65,12123
1786848900,2026-08-16 11:55:00,144.66,144.68,144.62,144.62,9944
1786849200,2026-08-16 12:00:00,144.62,144.65,144.62,144.65,6556
1786849500,2026-08-16 12:05:00,144.65,144.65,144.61,144.64,17183
1786849800,2026-08-16 12:10:00,144.63,144.69,144.59,144.68,6757
1786850100,2026-08-16 12:15:00,144.68,144.75,144.68,144.74,7342
1786850400,2026-08-16 12:20:00,144.74,144.82,144.72,144.75,13506
1786850700,2026-08-16 12:25:00,144.75,144.82,144.7,144.72,11586
1786851000,2026-08-16 12:30:00,144.72,144.99,144.72,144.92,28999
1786851300,2026-08-16 12:35:00,144.92,144.98,144.9,144.94,14561
1786851600,2026-08-16 12:40:00,144.97,144.97,144.7,144.74,16832
1786851900,2026-08-16 12:45:00,144.71,144.9,144.71,144.86,11185
1786852200,2026-08-16 12:50:00,144.86,145.04,144.86,144.92,22237
1786852500,2026-08-16 12:55:00,144.9,144.95,144.85,144.93,8279
1786852800,2026-08-16 13:00:00,144.92,145,144.89,145,3418
1786853100,2026-08-16 13:05:00,145,145,144.92,144.92,2746
1786853400,2026-08-16 13:10:00,144.89,144.97,144.88,144.96,2757
1786853700,2026-08-16 13:15:00,144.93,144.96,144.8,144.84,3155
1786854000,2026-08-16 13:20:00,144.83,144.87,144.82,144.87,1114
1786854300,2026-08-16 13:25:00,144.86,144.87,144.8,144.82,671
1786854600,2026-08-16 13:30:00,144.82,144.91,144.81,144.82,1091
1786854900,2026-08-16 13:35:00,144.82,144.9,144.81,144.88,958
1786855200,2026-08-16 13:40:00,144.87,144.88,144.77,144.8,948
1786855500,2026-08-16 13:45:00,144.79,144.83,144.76,144.78,5748
1786855800,2026-08-16 13:50:00,144.78,144.99,144.77,144.96,4613
1786856100,2026-08-16 13:55:00,144.94,144.98,144.89,144.91,3540
1786856400,2026-08-16 14:00:00,144.9,144.99,144.89,144.95,4182
1786856700,2026-08-16 14:05:00,144.95,144.99,144.85,144.88,1856
1786857000,2026-08-16 14:10:00,144.83,144.85,144.78,144.8,2039
1786857300,2026-08-16 14:15:00,144.84,144.86,144.83,144.85,2213
1786857600,2026-08-16 14:20:00,144.85,144.89,144.83,144.85,5799
1786857900,2026-08-16 14:25:00,144.85,144.87,144.76,144.76,26822
1786858200,2026-08-16 14:30:00,144.77,144.79,144.7,144.72,27038
1786858500,2026-08-16 14:35:00,144.73,144.73,144.7,144.71,13688
1786858800,2026-08-16 14:40:00,144.71,144.71,144.7,144.71,20129
1786859100,2026-08-16 14:45:00,144.71,144.78,144.71,144.76,10869
1786859400,2026-08-16 14:50:00,144.76,144.93,144.74,144.92,7025
1786859700,2026-08-16 14:55:00,144.93,144.97,144.87,144.97,6268
1786860000,2026-08-16 15:00:00,144.97,144.97,144.88,144.92,5331
1786860300,2026-08-16 15:05:00,144.92,144.97,144.9,144.97,1300
1786860600,2026-08-16 15:10:00,144.98,144.98,144.92,144.92,1388
1786860900,2026-08-16 15:15:00,144.94,144.98,144.92,144.92,3899
1786861200,2026-08-16 15:20:00,144.95,145,144.91,144.99,3965
1786861500,2026-08-16 15:25:00,144.99,145.02,144.97,145.01,2765
1786861800,2026-08-16 15:30:00,145.02,145.1,145.02,145.1,8160
1786862100,2026-08-16 15:35:00,145.1,145.11,145.04,145.1,8156
1786862400,2026-08-16 15:40:00,145.08,145.11,145.05,145.08,3330
1786862700,2026-08-16 15:45:00,145.08,145.1,145.04,145.08,1937
1786863000,2026-08-16 15:50:00,145.09,145.14,145.09,145.13,1904
1786863300,2026-08-16 15:55:00,145.13,145.2,145.12,145.16,8005
1786863600,2026-08-16 16:00:00,145.16,145.21,145.11,145.13,9833
1786863900,2026-08-16 16:05:00,145.13,145.15,145.04,145.05,3933
1786864200,2026-08-16 16:10:00,145.05,145.05,144.98,144.98,2026
1786864500,2026-08-16 16:15:00,144.98,145.03,144.93,144.93,1727
1786864800,2026-08-16 16:20:00,144.94,144.94,144.82,144.83,3711
1786865100,2026-08-16 16:25:00,144.83,144.84,144.81,144.83,1613
1786865400,2026-08-16 16:30:00,144.86,144.88,144.86,144.88,1404
1786865700,2026-08-16 16:35:00,144.88,144.94,144.85,144.88,1203
1786866000,2026-08-16 16:40:00,144.85,144.97,144.84,144.96,1045
1786866300,2026-08-16 16:45:00,144.96,145.06,144.94,145.03,1687
1786866600,2026-08-16 16:50:00,145.05,145.08,144.98,145.03,2425
1786866900,2026-08-16 16:55:00,145.03,145.03,144.98,145.01,1973
1786867200,2026-08-16 17:00:00,144.99,145.01,144.82,144.87,1924
1786867500,2026-08-16 17:05:00,144.86,144.96,144.85,144.92,2451
1786867800,2026-08-16 17:10:00,144.92,144.94,144.88,144.91,2171
1786868100,2026-08-16 17:15:00,144.91,144.94,144.85,144.93,1809
1786868400,2026-08-16 17:20:00,144.91,144.94,144.91,144.93,667
1786868700,2026-08-16 17:25:00,144.96,145.03,144.92,144.92,1223
1786869000,2026-08-16 17:30:00,144.98,144.98,144.9,144.9,385
1786869300,2026-08-16 17:35:00,144.88,144.89,144.8,144.8,493
1786869600,2026-08-16 17:40:00,144.81,144.82,144.8,144.81,569
1786869900,2026-08-16 17:45:00,144.78,144.84,144.78,144.79,595
1786870200,2026-08-16 17:50:00,144.8,144.82,144.79,144.8,647
1786870500,2026-08-16 17:55:00,144.79,144.83,144.78,144.8,653
1786870800,2026-08-16 18:00:00,144.82,144.83,144.78,144.8,572
1786871100,2026-08-16 18:05:00,144.8,144.8,144.78,144.78,6574
1786871400,2026-08-16 18:10:00,144.8,144.8,144.72,144.75,14894
1786871700,2026-08-16 18:15:00,144.74,144.75,144.7,144.71,8801
1786872000,2026-08-16 18:20:00,144.71,144.71,144.58,144.59,234713
1786872300,2026-08-16 18:25:00,144.62,144.66,144.61,144.62,4489
1786872600,2026-08-16 18:30:00,144.62,144.62,144.56,144.56,4078
1786872900,2026-08-16 18:35:00,144.57,144.57,144.44,144.44,12920
1786873200,2026-08-16 18:40:00,144.42,144.44,144.38,144.42,24318
1786873500,2026-08-16 18:45:00,144.42,144.5,144.42,144.5,10850
1786873800,2026-08-16 18:50:00,144.5,144.51,144.46,144.49,5759
1786874100,2026-08-16 18:55:00,144.49,144.53,144.49,144.51,4660
1786874400,2026-08-16 19:00:00,144.51,144.58,144.5,144.58,11751
1786874700,2026-08-16 19:05:00,144.59,144.59,144.41,144.41,25298
1786875000,2026-08-16 19:10:00,144.41,144.48,144.41,144.45,13895
1786875300,2026-08-16 19:15:00,144.45,144.49,144.42,144.45,21686
1786875600,2026-08-16 19:20:00,144.44,144.54,144.44,144.53,5056
1786875900,2026-08-16 19:25:00,144.53,144.55,144.46,144.46,4370
1786876200,2026-08-16 19:30:00,144.47,144.49,144.45,144.49,14346
1786876500,2026-08-16 19:35:00,144.48,144.54,144.47,144.54,14922
1786876800,2026-08-16 19:40:00,144.54,144.54,144.48,144.5,3417
1786877100,2026-08-16 19:45:00,144.51,144.52,144.36,144.37,10865
1786877400,2026-08-16 19:50:00,144.37,144.48,144.37,144.47,16315
1786877700,2026-08-16 19:55:00,144.44,144.54,144.44,144.53,15017
1786878000,2026-08-16 20:00:00,144.53,144.58,144.5,144.54,11038
1786878300,2026-08-16 20:05:00,144.53,144.54,144.46,144.51,14382
1786878600,2026-08-16 20:10:00,144.51,144.52,144.45,144.45,1588
1786878900,2026-08-16 20:15:00,144.46,144.46,144.4,144.43,2802
1786879200,2026-08-16 20:20:00,144.44,144.58,144.44,144.58,2319
1786879500,2026-08-16 20:25:00,144.55,144.59,144.52,144.54,2906
1786879800,2026-08-16 20:30:00,144.57,144.7,144.54,144.61,2713
1786880100,2026-08-16 20:35:00,144.62,144.64,144.58,144.59,1500
1786880400,2026-08-16 20:40:00,144.63,144.75,144.63,144.7,2215
1786880700,2026-08-16 20:45:00,144.7,144.87,144.7,144.85,6633
1786881000,2026-08-16 20:50:00,144.85,145,144.85,144.91,14254
1786881300,2026-08-16 20:55:00,144.91,144.97,144.91,144.94,12346
1786881600,2026-08-16 21:00:00,144.94,144.98,144.83,144.98,12303
1786881900,2026-08-16 21:05:00,144.98,144.98,144.9,144.91,679
1786882200,2026-08-16 21:10:00,144.99,144.99,144.78,144.82,2426
1786882500,2026-08-16 21:15:00,144.83,144.9,144.82,144.85,3259
1786882800,2026-08-16 21:20:00,144.86,144.93,144.85,144.93,853
1786883100,2026-08-16 21:25:00,144.92,144.92,144.75,144.76,1124
1786883400,2026-08-16 21:30:00,144.75,144.76,144.38,144.43,7690
1786883700,2026-08-16 21:35:00,144.45,144.5,144.38,144.38,21469
1786884000,2026-08-16 21:40:00,144.38,144.43,144.37,144.38,11213
1786884300,2026-08-16 21:45:00,144.41,144.5,144.38,144.5,4466
1786884600,2026-08-16 21:50:00,144.49,144.57,144.49,144.54,5353
1786884900,2026-08-16 21:55:00,144.55,144.59,144.11,144.44,183246
1786885200,2026-08-16 22:00:00,144.45,144.5,144.36,144.47,12813
1786885500,2026-08-16 22:05:00,144.47,144.53,144.38,144.38,1932
1786885800,2026-08-16 22:10:00,144.46,144.49,144.26,144.35,14264
1786886100,2026-08-16 22:15:00,144.35,144.48,144.34,144.41,10145
1786886400,2026-08-16 22:20:00,144.46,144.54,144.41,144.54,2325
1786886700,2026-08-16 22:25:00,144.52,144.57,144.43,144.56,13543
1786887000,2026-08-16 22:30:00,144.56,144.58,144.47,144.53,5234
1786887300,2026-08-16 22:35:00,144.55,144.55,144.47,144.52,3255
1786887600,2026-08-16 22:40:00,144.52,144.56,144.46,144.55,9696
1786887900,2026-08-16 22:45:00,144.55,144.56,144.45,144.5,16358
1786888200,2026-08-16 22:50:00,144.49,144.5,144.46,144.49,8408
1786888500,2026-08-16 22:55:00,144.51,144.58,144.49,144.58,2842
1786888800,2026-08-16 23:00:00,144.56,144.58,144.43,144.46,41019
1786889100,2026-08-16 23:05:00,144.49,144.5,144.4,144.45,19507
1786889400,2026-08-16 23:10:00,144.49,144.49,144.4,144.4,14162
1786889700,2026-08-16 23:15:00,144.4,144.58,144.4,144.58,10691
1786890000,2026-08-16 23:20:00,144.58,144.58,144.57,144.57,4824
1786890300,2026-08-16 23:25:00,144.57,144.61,144.56,144.6,30980
1786890600,2026-08-16 23:30:00,144.6,144.62,144.57,144.61,28857
1786890900,2026-08-16 23:35:00,144.61,144.64,144.61,144.64,82613
1786891200,2026-08-16 23:40:00,144.65,144.68,144.64,144.67,136238
1786891500,2026-08-16 23:45:00,144.67,144.68,144.67,144.67,94831
1786891800,2026-08-16 23:50:00,144.68,144.68,144.65,144.67,31713
1786892100,2026-08-16 23:55:00,144.67,144.68,144.67,144.67,2111
1786892400,2026-08-17 00:00:00,144.67,144.68,144.66,144.68,27709
1786892700,2026-08-17 00:05:00,144.68,144.69,144.66,144.69,5409
1786893000,2026-08-17 00:10:00,144.68,144.75,144.68,144.75,74721
1786893300,2026-08-17 00:15:00,144.75,144.81,144.73,144.8,32055
1786893600,2026-08-17 00:20:00,144.81,144.87,144.8,144.86,31913
1786893900,2026-08-17 00:25:00,144.86,144.9,144.83,144.9,19490
1786894200,2026-08-17 00:30:00,144.9,145,144.9,144.99,11377
1786894500,2026-08-17 00:35:00,145,145.08,144.96,145.02,17043
1786894800,2026-08-17 00:40:00,145.02,145.04,144.96,144.98,13247
1786895100,2026-08-17 00:45:00,144.98,145.04,144.96,145.02,11828
1786895400,2026-08-17 00:50:00,145.02,145.04,145.01,145.02,8639
1786895700,2026-08-17 00:55:00,145.03,145.09,145,145.07,18392
1786896000,2026-08-17 01:00:00,145.07,145.07,144.9,144.92,20169
1786896300,2026-08-17 01:05:00,144.9,145.1,144.84,145.1,9803
1786896600,2026-08-17 01:10:00,145.1,145.13,145.09,145.12,8596
1786896900,2026-08-17 01:15:00,145.12,145.13,145.01,145.01,182147
1786897200,2026-08-17 01:20:00,145.01,145.02,144.95,144.96,37140
1786897500,2026-08-17 01:25:00,144.96,145,144.92,144.95,8882
1786897800,2026-08-17 01:30:00,144.94,144.95,144.91,144.95,8485
1786898100,2026-08-17 01:35:00,144.95,144.97,144.95,144.97,717
1786898400,2026-08-17 01:40:00,144.96,145.19,144.96,145.15,165613
1786898700,2026-08-17 01:45:00,145.15,145.16,145.13,145.13,50016
1786899000,2026-08-17 01:50:00,145.13,145.14,145.06,145.06,26481
1786899300,2026-08-17 01:55:00,145.06,145.07,145.05,145.05,6548
1786899600,2026-08-17 02:00:00,145.06,145.06,144.95,145.03,6245
1786899900,2026-08-17 02:05:00,145.03,145.13,145.03,145.12,14445
1786900200,2026-08-17 02:10:00,145.12,145.12,145.07,145.09,5568
1786900500,2026-08-17 02:15:00,145.07,145.12,145.07,145.11,2967
1786900800,2026-08-17 02:20:00,145.09,145.1,145.07,145.07,1659
1786901100,2026-08-17 02:25:00,145.07,145.1,145.06,145.09,1273
1786901400,2026-08-17 02:30:00,145.15,145.19,145.05,145.06,1169
1786901700,2026-08-17 02:35:00,145.06,145.13,145.06,145.12,1062
1786902000,2026-08-17 02:40:00,145.12,145.2,145.06,145.07,3031
1786902300,2026-08-17 02:45:00,145.07,145.08,144.97,145.06,5238
1786902600,2026-08-17 02:50:00,145.05,145.07,145.05,145.05,3086
1786902900,2026-08-17 02:55:00,145.05,145.08,145.05,145.05,2002
1786903200,2026-08-17 03:00:00,145.05,145.09,144.98,145.01,2727
1786903500,2026-08-17 03:05:00,145.01,145.08,145.01,145.05,2098
1786903800,2026-08-17 03:10:00,145,145.08,144.98,145.07,1491
1786904100,2026-08-17 03:15:00,145.05,145.12,145.02,145.09,4293
1786904400,2026-08-17 03:20:00,145.09,145.14,145.08,145.11,1842
1786904700,2026-08-17 03:25:00,145.09,145.15,145.06,145.07,2345
1786905000,2026-08-17 03:30:00,145.06,145.07,145.01,145.02,1520
1786905300,2026-08-17 03:35:00,145.07,145.1,145.04,145.09,1153
1786905600,2026-08-17 03:40:00,145.09,145.1,145.02,145.07,1540
1786905900,2026-08-17 03:45:00,145.07,145.07,144.91,144.92,1742
1786906200,2026-08-17 03:50:00,144.91,144.98,144.91,144.95,2504
1786906500,2026-08-17 03:55:00,144.95,144.95,144.93,144.93,6861
1786906800,2026-08-17 04:00:00,144.92,144.93,144.83,144.87,17187
1786907100,2026-08-17 04:05:00,144.86,145,144.85,145,7658
1786907400,2026-08-17 04:10:00,144.99,145,144.95,144.96,11726
1786907700,2026-08-17 04:15:00,144.97,144.99,144.97,144.99,5309
1786908000,2026-08-17 04:20:00,144.99,145.02,144.96,145.02,2605
1786908300,2026-08-17 04:25:00,145,145.02,144.97,144.98,1745
1786908600,2026-08-17 04:30:00,144.98,144.98,144.91,144.92,1266
1786908900,2026-08-17 04:35:00,144.92,144.93,144.91,144.91,1093
1786909200,2026-08-17 04:40:00,144.92,145.02,144.92,144.99,1341
1786909500,2026-08-17 04:45:00,144.98,145,144.92,144.92,5177
1786909800,2026-08-17 04:50:00,144.92,144.98,144.91,144.96,19635
1786910100,2026-08-17 04:55:00,144.96,145.01,144.96,144.99,11783
1786910400,2026-08-17 05:00:00,145,145.04,144.95,145.01,7209
1786910700,2026-08-17 05:05:00,145.03,145.04,144.97,145.04,5014
1786911000,2026-08-17 05:10:00,145.03,145.04,145.03,145.03,3238
1786911300,2026-08-17 05:15:00,145.03,145.03,145.03,145.03,1843
1786911600,2026-08-17 05:20:00,145.03,145.03,145.02,145.03,425
1786911900,2026-08-17 05:25:00,145.03,145.03,144.98,145.01,281
1786912200,2026-08-17 05:30:00,145.01,145.03,145.01,145.03,354
1786912500,2026-08-17 05:35:00,145.03,145.03,145.03,145.03,345
1786912800,2026-08-17 05:40:00,145.03,145.03,145.03,145.03,409
1786913100,2026-08-17 05:45:00,145.03,145.04,145.03,145.03,1301
1786913400,2026-08-17 05:50:00,145.03,145.04,145.01,145.03,1421
1786913700,2026-08-17 05:55:00,145.03,145.03,144.99,145,3563
1786914000,2026-08-17 06:00:00,145,145.03,144.99,145.03,3091
1786914300,2026-08-17 06:05:00,145.03,145.1,145.02,145.1,4986
1786914600,2026-08-17 06:10:00,145.1,145.1,144.93,144.95,3355
1786914900,2026-08-17 06:15:00,144.94,144.99,144.94,144.99,2043
1786915200,2026-08-17 06:20:00,145.04,145.04,145.04,145.04,152
1786915500,2026-08-17 06:25:00,145.03,145.03,144.99,144.99,280
1786915800,2026-08-17 06:30:00,144.99,145.01,144.98,145.01,962
1786916100,2026-08-17 06:35:00,145,145.01,144.91,144.91,1312
1786916400,2026-08-17 06:40:00,144.9,144.9,144.65,144.86,10514
1786916700,2026-08-17 06:45:00,144.86,144.87,144.76,144.77,3852
1786917000,2026-08-17 06:50:00,144.77,144.9,144.72,144.81,22678
1786917300,2026-08-17 06:55:00,144.79,144.82,144.65,144.67,15531
1786917600,2026-08-17 07:00:00,144.68,144.86,144.36,144.56,19185
1786917900,2026-08-17 07:05:00,144.58,144.79,144.54,144.79,12973
1786918200,2026-08-17 07:10:00,144.79,144.93,144.73,144.75,5854
1786918500,2026-08-17 07:15:00,144.78,144.86,144.72,144.77,3459
1786918800,2026-08-17 07:20:00,144.86,144.89,144.63,144.64,8825
1786919100,2026-08-17 07:25:00,144.63,144.68,144.54,144.59,4111
1786919400,2026-08-17 07:30:00,144.59,144.66,144.45,144.51,3282
1786919700,2026-08-17 07:35:00,144.43,144.5,144.38,144.5,4072
1786920000,2026-08-17 07:40:00,144.5,144.5,144.38,144.39,25961
1786920300,2026-08-17 07:45:00,144.39,144.49,144.35,144.46,9320
1786920600,2026-08-17 07:50:00,144.46,144.5,144.41,144.41,22758
1786920900,2026-08-17 07:55:00,144.44,144.45,144.3,144.39,21978
1786921200,2026-08-17 08:00:00,144.35,144.39,144.16,144.19,10745
1786921500,2026-08-17 08:05:00,144.25,144.32,144.2,144.32,10552
1786921800,2026-08-17 08:10:00,144.31,144.37,144.29,144.29,17432
1786922100,2026-08-17 08:15:00,144.29,144.38,144.29,144.38,9616
1786922400,2026-08-17 08:20:00,144.38,144.4,144.33,144.33,18160
1786922700,2026-08-17 08:25:00,144.33,144.37,144.33,144.37,8640
1786923000,2026-08-17 08:30:00,144.36,144.37,144.27,144.28,3369
1786923300,2026-08-17 08:35:00,144.28,144.38,144.16,144.38,15360
1786923600,2026-08-17 08:40:00,144.37,144.45,144.35,144.44,17232
1786923900,2026-08-17 08:45:00,144.44,144.7,144.44,144.69,9236
1786924200,2026-08-17 08:50:00,144.7,144.87,144.69,144.87,28616
1786924500,2026-08-17 08:55:00,144.87,144.91,144.81,144.81,16641
1786924800,2026-08-17 09:00:00,144.81,147.09,144.77,146.85,457131
1786925100,2026-08-17 09:05:00,146.88,147.08,146.43,146.43,62216
1786925400,2026-08-17 09:10:00,146.43,147.35,146.43,146.86,42954
1786925700,2026-08-17 09:15:00,146.81,146.9,146.16,146.29,82897
1786926000,2026-08-17 09:20:00,146.29,146.59,146.25,146.46,33321
1786926300,2026-08-17 09:25:00,146.5,146.7,146.21,146.3,41939
1786926600,2026-08-17 09:30:00,146.32,146.35,145.95,146.01,28736
1786926900,2026-08-17 09:35:00,146.03,146.3,146,146.11,11440
1786927200,2026-08-17 09:40:00,146.11,146.57,146.11,146.33,10832
1786927500,2026-08-17 09:45:00,146.35,146.61,146.3,146.46,13042
1786927800,2026-08-17 09:50:00,146.51,146.52,146.31,146.45,3968
1786928100,2026-08-17 09:55:00,146.45,146.56,146.25,146.52,26802
1786928400,2026-08-17 10:00:00,146.54,147.2,146.41,147.2,49205
1786928700,2026-08-17 10:05:00,147.2,147.44,147.16,147.26,35460
1786929000,2026-08-17 10:10:00,147.28,147.28,146.88,147.12,71029
1786929300,2026-08-17 10:15:00,147.12,147.4,146.88,147.35,241558
1786929600,2026-08-17 10:20:00,147.35,147.64,147.28,147.33,54066
1786929900,2026-08-17 10:25:00,147.34,147.55,147.29,147.43,39875
1786930200,2026-08-17 10:30:00,147.47,147.49,146.95,146.95,125026
1786930500,2026-08-17 10:35:00,146.95,147.15,146.8,147.11,72529
1786930800,2026-08-17 10:40:00,147.12,147.19,146.7,146.91,48009
1786931100,2026-08-17 10:45:00,146.86,147.12,146.8,146.94,53422
1786931400,2026-08-17 10:50:00,146.92,147.01,146.78,146.98,33032
1786931700,2026-08-17 10:55:00,147,147.04,146.8,146.8,12375
1786932000,2026-08-17 11:00:00,146.8,146.87,146.61,146.74,33714
1786932300,2026-08-17 11:05:00,146.75,147.15,146.72,147.12,26904
1786932600,2026-08-17 11:10:00,147.13,147.15,147,147.07,13177
1786932900,2026-08-17 11:15:00,147.08,147.15,147,147.02,9994
1786933200,2026-08-17 11:20:00,147.03,147.65,147,147.3,59576
1786933500,2026-08-17 11:25:00,147.3,147.41,147.21,147.3,29515
1786933800,2026-08-17 11:30:00,147.32,147.6,147.31,147.37,39228
1786934100,2026-08-17 11:35:00,147.43,147.44,147.15,147.41,24028
1786934400,2026-08-17 11:40:00,147.44,147.53,147.36,147.4,22474
1786934700,2026-08-17 11:45:00,147.37,147.68,147.37,147.66,22515
1786935000,2026-08-17 11:50:00,147.69,147.89,147.63,147.74,86000
1786935300,2026-08-17 11:55:00,147.74,147.78,147.65,147.71,35709
1786935600,2026-08-17 12:00:00,147.75,148.04,147.75,148.04,25928
1786935900,2026-08-17 12:05:00,148.03,148.1,147.9,148.09,46329
1786936200,2026-08-17 12:10:00,148.09,148.22,147.83,147.91,41632
1786936500,2026-08-17 12:15:00,147.94,148.09,147.89,148.02,35155
1786936800,2026-08-17 12:20:00,148.07,148.4,148.03,148.24,27240
1786937100,2026-08-17 12:25:00,148.24,148.44,148.08,148.44,21546
1786937400,2026-08-17 12:30:00,148.44,148.5,148.05,148.33,25182
1786937700,2026-08-17 12:35:00,148.33,148.44,148.24,148.42,63539
1786938000,2026-08-17 12:40:00,148.42,148.43,148.11,148.2,31525
1786938300,2026-08-17 12:45:00,148.22,148.25,148.09,148.22,17861
1786938600,2026-08-17 12:50:00,148.23,148.37,148.14,148.33,11846
1786938900,2026-08-17 12:55:00,148.35,148.42,148.3,148.32,22400
1786939200,2026-08-17 13:00:00,148.34,148.34,148.16,148.33,9773
1786939500,2026-08-17 13:05:00,148.37,148.42,148.31,148.32,23493
1786939800,2026-08-17 13:10:00,148.32,148.62,148.32,148.59,112914
1786940100,2026-08-17 13:15:00,148.59,148.62,148.4,148.53,147948
1786940400,2026-08-17 13:20:00,148.54,148.6,148.45,148.53,36794
1786940700,2026-08-17 13:25:00,148.57,148.6,148.47,148.52,14434
1786941000,2026-08-17 13:30:00,148.5,148.51,148.3,148.31,59266
1786941300,2026-08-17 13:35:00,148.36,148.47,148.29,148.4,27654
1786941600,2026-08-17 13:40:00,148.39,148.62,148.39,148.59,16645
1786941900,2026-08-17 13:45:00,148.59,148.66,148.41,148.41,16641
1786942200,2026-08-17 13:50:00,148.44,148.44,148.11,148.13,36110
1786942500,2026-08-17 13:55:00,148.15,148.22,148.05,148.09,13574
1786942800,2026-08-17 14:00:00,148.1,148.44,148.1,148.33,24168
1786943100,2026-08-17 14:05:00,148.3,148.48,148.15,148.42,20888
1786943400,2026-08-17 14:10:00,148.45,148.46,148.19,148.37,30478
1786943700,2026-08-17 14:15:00,148.4,148.54,148.38,148.43,15443
1786944000,2026-08-17 14:20:00,148.42,148.47,148.2,148.2,17869
1786944300,2026-08-17 14:25:00,148.2,148.4,148.07,148.4,52792
1786944600,2026-08-17 14:30:00,148.4,148.65,148.16,148.63,39028
1786944900,2026-08-17 14:35:00,148.64,148.73,148.6,148.73,54417
1786945200,2026-08-17 14:40:00,148.73,148.82,148.56,148.7,60696
1786945500,2026-08-17 14:45:00,148.75,148.75,148.52,148.7,21465
1786945800,2026-08-17 14:50:00,148.7,148.96,148.62,148.9,49439
1786946100,2026-08-17 14:55:00,148.9,149.02,148.9,149.01,96777
1786946400,2026-08-17 15:00:00,149.04,149.33,148.95,149.33,47603
1786946700,2026-08-17 15:05:00,149.33,149.68,149.33,149.49,210545
1786947000,2026-08-17 15:10:00,149.5,149.54,149.32,149.44,57040
1786947300,2026-08-17 15:15:00,149.45,149.45,149.12,149.32,21437
1786947600,2026-08-17 15:20:00,149.33,149.55,149.2,149.54,11966
1786947900,2026-08-17 15:25:00,149.54,150.06,149.49,150.05,146121
1786948200,2026-08-17 15:30:00,150.05,150.67,149.92,150.66,290110
1786948500,2026-08-17 15:35:00,150.66,151.1,150.49,150.97,195579
1786948800,2026-08-17 15:40:00,150.97,151.07,150.6,150.64,76309
1786949100,2026-08-17 15:45:00,150.68,151.07,150.65,151.05,36622
1786949400,2026-08-17 15:50:00,151.05,151.05,150.71,150.78,52069
1786949700,2026-08-17 15:55:00,150.76,151.07,150.65,151.07,36544
1786950000,2026-08-17 16:00:00,150.98,151.2,150.6,150.81,33158
1786950300,2026-08-17 16:05:00,150.8,150.8,150.17,150.32,49929
1786950600,2026-08-17 16:10:00,150.33,150.33,149.7,149.7,122877
1786950900,2026-08-17 16:15:00,149.71,149.78,149.25,149.5,103755
1786951200,2026-08-17 16:20:00,149.5,149.61,149.3,149.51,57686
1786951500,2026-08-17 16:25:00,149.52,149.79,149.33,149.78,39814
1786951800,2026-08-17 16:30:00,149.79,150.4,149.79,150.33,57580
1786952100,2026-08-17 16:35:00,150.31,150.9,150.26,150.86,59693
1786952400,2026-08-17 16:40:00,150.85,151,150.85,150.9,131726
1786952700,2026-08-17 16:45:00,150.92,151.05,150.68,150.7,71368
1786953000,2026-08-17 16:50:00,150.74,150.85,150.55,150.58,132159
1786953300,2026-08-17 16:55:00,150.58,150.88,150.58,150.79,47499
1786953600,2026-08-17 17:00:00,150.84,151.56,150.3,151.45,234090
1786953900,2026-08-17 17:05:00,151.48,151.95,151.09,151.92,303689
1786954200,2026-08-17 17:10:00,151.93,152.16,151.37,151.43,173812
1786954500,2026-08-17 17:15:00,151.44,152.15,151.4,151.66,125337
1786954800,2026-08-17 17:20:00,151.7,152,151.57,152,68072
1786955100,2026-08-17 17:25:00,152,152.13,151.78,151.97,347277
1786955400,2026-08-17 17:30:00,152,152.38,151.9,152.07,146484
1786955700,2026-08-17 17:35:00,152,152.25,151.81,151.99,37171
1786956000,2026-08-17 17:40:00,151.97,151.99,151.4,151.4,37489
1786956300,2026-08-17 17:45:00,151.41,151.7,151.41,151.7,30260
1786956600,2026-08-17 17:50:00,151.64,151.8,151.49,151.76,36468
1786956900,2026-08-17 17:55:00,151.69,151.9,151.56,151.6,47656
1786957200,2026-08-17 18:00:00,151.6,151.64,151.13,151.16,32849
1786957500,2026-08-17 18:05:00,151.19,151.35,151.12,151.29,40251
1786957800,2026-08-17 18:10:00,151.29,151.6,151.05,151.23,120086
1786958100,2026-08-17 18:15:00,151.26,151.26,150.62,150.9,74617
1786958400,2026-08-17 18:20:00,150.97,150.97,150.37,150.48,60220
1786958700,2026-08-17 18:25:00,150.5,150.9,150.46,150.75,59234
1786959000,2026-08-17 18:30:00,150.76,151.05,150.75,150.84,102439
1786959300,2026-08-17 18:35:00,150.83,151.24,150.69,150.78,36873
1786959600,2026-08-17 18:40:00,150.78,151.23,150.64,151.22,23734
1786959900,2026-08-17 18:45:00,151.2,151.5,151.16,151.24,35896
1786960200,2026-08-17 18:50:00,151.27,151.44,151,151.25,17673
1786960500,2026-08-17 18:55:00,151.26,151.3,150.95,150.97,26512
1786960800,2026-08-17 19:00:00,150.95,151.16,150.9,150.98,15014
1786961100,2026-08-17 19:05:00,150.99,151.32,150.93,151.06,9666
1786961400,2026-08-17 19:10:00,151.08,151.4,150.99,151.35,25937
1786961700,2026-08-17 19:15:00,151.36,151.6,151.1,151.16,26756
1786962000,2026-08-17 19:20:00,151.25,151.29,151.05,151.16,13198
1786962300,2026-08-17 19:25:00,151.15,152.29,150.96,152.28,25588
1786962600,2026-08-17 19:30:00,152.3,152.35,151.18,151.4,65641
1786962900,2026-08-17 19:35:00,151.4,151.8,151.31,151.67,25564
1786963200,2026-08-17 19:40:00,151.63,152.06,151.53,151.94,15107
1786963500,2026-08-17 19:45:00,151.93,152,151.74,151.79,88522
1786963800,2026-08-17 19:50:00,151.77,151.9,151.64,151.76,56247
1786964100,2026-08-17 19:55:00,151.75,151.9,151.6,151.85,30391
1786964400,2026-08-17 20:00:00,151.85,152.15,151.31,151.96,26529
1786964700,2026-08-17 20:05:00,151.96,152.3,151.96,152.13,18897
1786965000,2026-08-17 20:10:00,152.08,152.08,151.36,151.36,20899
1786965300,2026-08-17 20:15:00,151.36,151.37,150.92,150.94,25357
1786965600,2026-08-17 20:20:00,150.96,151.25,150.95,151.23,103393
1786965900,2026-08-17 20:25:00,151.19,151.37,150.85,151.13,49678
1786966200,2026-08-17 20:30:00,151.14,151.2,150.92,151.08,69115
1786966500,2026-08-17 20:35:00,151.06,151.1,150.82,151.08,31843
1786966800,2026-08-17 20:40:00,151.08,151.41,150.99,151.37,47584
1786967100,2026-08-17 20:45:00,151.39,151.89,151.37,151.82,45660
1786967400,2026-08-17 20:50:00,151.77,151.81,151.13,151.26,27912
1786967700,2026-08-17 20:55:00,151.24,151.5,151,151,15926
1786968000,2026-08-17 21:00:00,151.02,151.13,149.68,149.7,78376
1786968300,2026-08-17 21:05:00,149.66,150.56,149.61,150.56,84067
1786968600,2026-08-17 21:10:00,150.55,151.08,150.36,150.82,31579
1786968900,2026-08-17 21:15:00,150.82,150.87,150.42,150.86,56765
1786969200,2026-08-17 21:20:00,150.88,150.93,150.37,150.37,29990
1786969500,2026-08-17 21:25:00,150.46,150.55,149.63,150,128866
1786969800,2026-08-17 21:30:00,149.91,150.39,149.5,149.55,64665
1786970100,2026-08-17 21:35:00,149.57,149.57,148.56,148.56,278908
1786970400,2026-08-17 21:40:00,148.59,149.25,148.08,148.29,297502
1786970700,2026-08-17 21:45:00,148.29,148.78,148.16,148.67,124697
1786971000,2026-08-17 21:50:00,148.67,149.2,148.35,148.79,78196
1786971300,2026-08-17 21:55:00,148.83,149.24,148.63,148.98,76204
1786971600,2026-08-17 22:00:00,148.98,149.48,148.98,149.06,90532
1786971900,2026-08-17 22:05:00,149.11,149.6,149.05,149.6,67714
1786972200,2026-08-17 22:10:00,149.58,149.81,149.27,149.4,66821
1786972500,2026-08-17 22:15:00,149.43,149.45,149.04,149.16,38215
1786972800,2026-08-17 22:20:00,149.13,149.2,148.9,149.15,23511
1786973100,2026-08-17 22:25:00,149.2,150.69,148.95,150.6,317578
1786973400,2026-08-17 22:30:00,150.61,152.66,150.11,150.9,785661
1786973700,2026-08-17 22:35:00,150.89,151.83,148.98,149.66,571226
1786974000,2026-08-17 22:40:00,149.71,152.51,149.6,152.14,515298
1786974300,2026-08-17 22:45:00,152.17,152.99,151.22,152.98,187770
1786974600,2026-08-17 22:50:00,152.97,153.86,152.45,153.12,387089
1786974900,2026-08-17 22:55:00,153.15,153.5,152.38,153.25,207694
1786975200,2026-08-17 23:00:00,153.27,153.36,151.76,152.46,359205
1786975500,2026-08-17 23:05:00,152.46,152.74,151.28,152.22,133977
1786975800,2026-08-17 23:10:00,152.25,153.04,152.24,152.89,159926
1786976100,2026-08-17 23:15:00,152.9,152.9,151.23,151.52,133100
1786976400,2026-08-17 23:20:00,151.5,152.37,151.1,152.1,115275
1786976700,2026-08-17 23:25:00,152.11,152.83,151.89,152.76,49836
1786977000,2026-08-17 23:30:00,152.78,153.2,152.55,153.08,161335
1786977300,2026-08-17 23:35:00,153.07,153.14,152.52,152.93,109779
1786977600,2026-08-17 23:40:00,152.9,153.46,152.73,153.21,119429
1786977900,2026-08-17 23:45:00,153.22,154.6,153.22,153.94,467996
1786978200,2026-08-17 23:50:00,153.97,154.88,153.97,154.23,222338
1786978500,2026-08-17 23:55:00,154.22,155.43,154.22,155.29,247783
1786978800,2026-08-18 00:00:00,155.29,156.46,154.95,156.16,331144
1786979100,2026-08-18 00:05:00,156.1,156.7,155.65,155.71,609767
1786979400,2026-08-18 00:10:00,155.71,156.33,155.37,155.45,143511
1786979700,2026-08-18 00:15:00,155.45,156.04,155.27,155.93,105786
1786980000,2026-08-18 00:20:00,155.95,156.31,155.83,156.23,66540
1786980300,2026-08-18 00:25:00,156.22,156.45,155.45,156.06,76815
1786980600,2026-08-18 00:30:00,156.08,156.24,155.63,155.68,339827
1786980900,2026-08-18 00:35:00,155.73,155.9,154.78,154.82,240667
1786981200,2026-08-18 00:40:00,154.79,155.45,154.61,155.2,148696
1786981500,2026-08-18 00:45:00,155.17,155.56,155.02,155.18,66118
1786981800,2026-08-18 00:50:00,155.2,156,155,155.84,86167
1786982100,2026-08-18 00:55:00,155.8,156.03,155.6,155.95,85415
1786982400,2026-08-18 01:00:00,155.96,156.04,155.5,155.72,55175
1786982700,2026-08-18 01:05:00,155.72,155.97,155.22,155.53,79679
1786983000,2026-08-18 01:10:00,155.57,155.68,154.87,154.91,65129
1786983300,2026-08-18 01:15:00,154.96,155.5,154.8,155.4,80479
1786983600,2026-08-18 01:20:00,155.44,155.65,155.35,155.38,33985
1786983900,2026-08-18 01:25:00,155.44,155.75,155.34,155.45,24441
1786984200,2026-08-18 01:30:00,155.45,155.52,154.82,155.07,22238
1786984500,2026-08-18 01:35:00,155.06,155.36,154.88,155.34,30703
1786984800,2026-08-18 01:40:00,155.32,155.5,155.14,155.3,19460
1786985100,2026-08-18 01:45:00,155.3,155.4,154.96,155.29,31264
1786985400,2026-08-18 01:50:00,155.28,155.68,155.08,155.68,23418
1786985700,2026-08-18 01:55:00,155.67,155.87,155.5,155.82,17694
1786986000,2026-08-18 02:00:00,155.86,155.89,155.5,155.5,43298
1786986300,2026-08-18 02:05:00,155.56,155.56,154.9,155.01,22893
1786986600,2026-08-18 02:10:00,155.04,155.04,153.7,153.7,71395
1786986900,2026-08-18 02:15:00,153.69,154.28,153.42,153.8,97090
1786987200,2026-08-18 02:20:00,153.8,153.81,152.67,153.22,46602
1786987500,2026-08-18 02:25:00,153.16,153.58,152.82,152.97,174033
1786987800,2026-08-18 02:30:00,152.88,153.41,152.84,152.89,35135
1786988100,2026-08-18 02:35:00,152.83,153.32,152.75,152.93,59618
1786988400,2026-08-18 02:40:00,152.92,154.07,152.77,154,62551
1786988700,2026-08-18 02:45:00,154.01,154.2,153.82,154.08,20166
1786989000,2026-08-18 02:50:00,154.07,154.41,154.02,154.2,22329
1786989300,2026-08-18 02:55:00,154.25,154.37,153.95,154.15,56437
1786989600,2026-08-18 03:00:00,154.22,154.5,153.56,153.72,50514
1786989900,2026-08-18 03:05:00,153.7,153.72,152.64,152.81,76429
1786990200,2026-08-18 03:10:00,152.81,153.12,152.19,153.03,195179
1786990500,2026-08-18 03:15:00,153.02,153.07,152.6,152.71,75116
1786990800,2026-08-18 03:20:00,152.74,153.07,152.53,153.07,36329
1786991100,2026-08-18 03:25:00,153.07,153.38,152.81,153.18,23246
1786991400,2026-08-18 03:30:00,153.17,153.29,152.83,152.94,14036
1786991700,2026-08-18 03:35:00,152.93,153.14,152.87,153.14,31583
1786992000,2026-08-18 03:40:00,153.13,153.75,153.06,153.72,55313
1786992300,2026-08-18 03:45:00,153.74,153.9,153.5,153.8,42069
1786992600,2026-08-18 03:50:00,153.8,154.25,153.8,154.16,39855
1786992900,2026-08-18 03:55:00,154.16,154.16,153.73,153.89,37962
1786993200,2026-08-18 04:00:00,153.97,153.97,152.63,152.65,83474
1786993500,2026-08-18 04:05:00,152.62,152.92,152.11,152.3,60869
1786993800,2026-08-18 04:10:00,152.28,152.48,151.27,151.31,161598
1786994100,2026-08-18 04:15:00,151.3,151.94,151.1,151.1,87412
1786994400,2026-08-18 04:20:00,151.1,151.47,150.74,151.42,38763
1786994700,2026-08-18 04:25:00,151.44,151.79,150.9,150.9,57282
1786995000,2026-08-18 04:30:00,150.91,152.15,150.65,152.05,206335
1786995300,2026-08-18 04:35:00,152.08,152.9,152.01,152.89,82556
1786995600,2026-08-18 04:40:00,152.9,152.98,152.13,152.25,24599
1786995900,2026-08-18 04:45:00,152.26,152.8,152.26,152.62,33185
1786996200,2026-08-18 04:50:00,152.75,152.94,152.1,152.1,71298
1786996500,2026-08-18 04:55:00,152.09,152.09,150.98,151.6,100380
1786996800,2026-08-18 05:00:00,151.61,151.76,151.32,151.51,60569
1786997100,2026-08-18 05:05:00,151.51,151.55,151.23,151.36,28741
1786997400,2026-08-18 05:10:00,151.38,151.44,151.24,151.34,17480
1786997700,2026-08-18 05:15:00,151.3,151.31,151.14,151.27,16715
1786998000,2026-08-18 05:20:00,151.23,151.35,151.17,151.18,8696
1786998300,2026-08-18 05:25:00,151.18,151.23,151.07,151.13,6680
1786998600,2026-08-18 05:30:00,151.14,151.25,151.05,151.22,12295
1786998900,2026-08-18 05:35:00,151.23,151.24,151,151.07,41755
1786999200,2026-08-18 05:40:00,151.08,151.23,151.02,151.09,16531
1786999500,2026-08-18 05:45:00,151.08,151.24,151.02,151.07,8527
1786999800,2026-08-18 05:50:00,151.09,151.4,151.04,151.33,18199
1787000100,2026-08-18 05:55:00,151.33,151.41,151.27,151.35,15984
1787000400,2026-08-18 06:00:00,151.36,151.5,151.29,151.49,11082
1787000700,2026-08-18 06:05:00,151.49,151.56,151.38,151.51,14349
1787001000,2026-08-18 06:10:00,151.5,151.54,151.44,151.48,9514
1787001300,2026-08-18 06:15:00,151.47,151.49,151.35,151.4,10476
1787001600,2026-08-18 06:20:00,151.39,151.41,151.32,151.38,36074
1787001900,2026-08-18 06:25:00,151.38,151.49,151.34,151.46,23092
1787002200,2026-08-18 06:30:00,151.44,151.7,151.44,151.7,34433
1787002500,2026-08-18 06:35:00,151.7,151.75,151.69,151.7,19203
1787002800,2026-08-18 06:40:00,151.69,151.89,151.67,151.76,10803
1787003100,2026-08-18 06:45:00,151.71,151.87,151.7,151.75,135228
1787003400,2026-08-18 06:50:00,151.75,151.76,151.7,151.7,101042
1787003700,2026-08-18 06:55:00,151.7,151.86,151.69,151.86,15986
1787004000,2026-08-18 07:00:00,151.86,152.37,151.8,152.26,43502
1787004300,2026-08-18 07:05:00,152.2,152.4,152.16,152.4,20066
1787004600,2026-08-18 07:10:00,152.4,152.4,152.03,152.13,31866
1787004900,2026-08-18 07:15:00,152.07,152.25,151.91,152.05,39806
1787005200,2026-08-18 07:20:00,152.07,152.2,152.07,152.2,18799
1787005500,2026-08-18 07:25:00,152.2,152.3,152.13,152.2,13107
1787005800,2026-08-18 07:30:00,152.1,152.2,152.05,152.16,9261
1787006100,2026-08-18 07:35:00,152.17,152.23,152,152.01,8916
1787006400,2026-08-18 07:40:00,152.05,152.19,152.01,152.11,4828
1787006700,2026-08-18 07:45:00,152.1,152.16,152.02,152.1,3562
1787007000,2026-08-18 07:50:00,152.11,152.27,152.11,152.25,6218
1787007300,2026-08-18 07:55:00,152.25,152.3,152.2,152.27,6368
1787007600,2026-08-18 08:00:00,152.24,152.24,151.8,151.94,25934
1787007900,2026-08-18 08:05:00,151.95,152.22,151.92,152.22,16120
1787008200,2026-08-18 08:10:00,152.22,152.3,152.18,152.19,90345
1787008500,2026-08-18 08:15:00,152.19,152.33,152.1,152.2,25714
1787008800,2026-08-18 08:20:00,152.17,152.3,152.13,152.26,14530
1787009100,2026-08-18 08:25:00,152.28,152.35,152.2,152.3,17429
1787009400,2026-08-18 08:30:00,152.3,152.53,152.29,152.49,35471
1787009700,2026-08-18 08:35:00,152.45,152.57,152.45,152.55,10995
1787010000,2026-08-18 08:40:00,152.54,152.56,152.25,152.3,9131
1787010300,2026-08-18 08:45:00,152.27,152.34,152.01,152.1,11108
1787010600,2026-08-18 08:50:00,152.11,152.46,152.03,152.39,14198
1787010900,2026-08-18 08:55:00,152.39,152.77,152.39,152.75,15855
1787011200,2026-08-18 09:00:00,152.75,152.99,151.78,152.45,28883
1787011500,2026-08-18 09:05:00,152.47,152.5,151.98,152.02,98289
1787011800,2026-08-18 09:10:00,152.05,152.53,152.04,152.45,44247
1787012100,2026-08-18 09:15:00,152.45,152.84,152.03,152.8,38621
1787012400,2026-08-18 09:20:00,152.82,152.84,152.55,152.66,30162
1787012700,2026-08-18 09:25:00,152.65,152.74,152.53,152.56,13236
1787013000,2026-08-18 09:30:00,152.52,153.23,152.49,153.23,14301
1787013300,2026-08-18 09:35:00,153.24,153.45,153.13,153.29,38816
1787013600,2026-08-18 09:40:00,153.28,153.34,153.1,153.15,17795
1787013900,2026-08-18 09:45:00,153.15,153.39,153.01,153.05,12668
1787014200,2026-08-18 09:50:00,153.03,153.4,152.9,152.95,17368
1787014500,2026-08-18 09:55:00,152.95,153,152.64,152.69,15823
1787014800,2026-08-18 10:00:00,152.7,152.75,152.5,152.57,18401
1787015100,2026-08-18 10:05:00,152.52,152.87,152.34,152.39,23875
1787015400,2026-08-18 10:10:00,152.47,153.09,152.43,152.98,11867
1787015700,2026-08-18 10:15:00,153.02,153.04,152.71,152.87,78591
1787016000,2026-08-18 10:20:00,152.84,153,152.41,152.99,17136
1787016300,2026-08-18 10:25:00,153,153.01,152.48,152.61,17526
1787016600,2026-08-18 10:30:00,152.63,152.63,151.99,151.99,25368
1787016900,2026-08-18 10:35:00,151.99,152.33,151.94,151.96,32186
1787017200,2026-08-18 10:40:00,151.93,151.95,150.57,150.76,84662
1787017500,2026-08-18 10:45:00,150.7,150.77,149.5,149.51,97310
1787017800,2026-08-18 10:50:00,149.5,149.74,148.09,148.3,249244
1787018100,2026-08-18 10:55:00,148.27,148.88,148.1,148.67,156861
1787018400,2026-08-18 11:00:00,148.66,149.3,148.66,148.98,106039
1787018700,2026-08-18 11:05:00,148.97,149.1,148.39,148.99,69409
1787019000,2026-08-18 11:10:00,148.99,149.06,147.12,147.24,176235
1787019300,2026-08-18 11:15:00,147.28,147.74,146.82,147.51,249402
1787019600,2026-08-18 11:20:00,147.52,147.78,146.88,147.02,85919
1787019900,2026-08-18 11:25:00,147.04,147.07,146.1,146.41,250626
1787020200,2026-08-18 11:30:00,146.41,146.63,145.85,146.35,242769
1787020500,2026-08-18 11:35:00,146.3,147.08,146.11,146.84,158211
1787020800,2026-08-18 11:40:00,146.84,147.07,145.57,145.57,57504
1787021100,2026-08-18 11:45:00,145.61,145.66,144.84,145.56,204898
1787021400,2026-08-18 11:50:00,145.57,145.94,145.14,145.14,91186
1787021700,2026-08-18 11:55:00,145.14,145.73,144.88,145.58,61781
1787022000,2026-08-18 12:00:00,145.52,145.89,145.47,145.64,66315
1787022300,2026-08-18 12:05:00,145.65,145.86,145.11,145.33,39216
1787022600,2026-08-18 12:10:00,145.34,145.4,144.88,145.09,38388
1787022900,2026-08-18 12:15:00,145.08,145.18,144.6,144.74,37434
1787023200,2026-08-18 12:20:00,144.72,145.03,144.16,144.3,55940
1787023500,2026-08-18 12:25:00,144.3,144.91,144.21,144.78,80604
1787023800,2026-08-18 12:30:00,144.73,144.73,143.75,144.13,156436
1787024100,2026-08-18 12:35:00,144.11,145.34,143.95,145.2,61946
1787024400,2026-08-18 12:40:00,145.16,145.44,145.16,145.32,60807
1787024700,2026-08-18 12:45:00,145.39,145.6,145.1,145.1,32927
1787025000,2026-08-18 12:50:00,145.04,145.88,144.9,145.76,60621
1787025300,2026-08-18 12:55:00,145.84,145.86,145.22,145.32,68061
1787025600,2026-08-18 13:00:00,145.3,145.3,144.65,144.7,91375
1787025900,2026-08-18 13:05:00,144.76,145.64,144.68,145.54,28671
1787026200,2026-08-18 13:10:00,145.53,145.77,145.35,145.75,32867
1787026500,2026-08-18 13:15:00,145.71,145.79,145.4,145.79,15745
1787026800,2026-08-18 13:20:00,145.71,145.88,145.18,145.24,15886
1787027100,2026-08-18 13:25:00,145.25,146.44,145.17,146.39,40631
1787027400,2026-08-18 13:30:00,146.38,146.65,146.25,146.41,45163
1787027700,2026-08-18 13:35:00,146.43,146.77,146.01,146.09,74644
1787028000,2026-08-18 13:40:00,146.06,146.25,145.92,146.08,45996
1787028300,2026-08-18 13:45:00,146.12,146.18,145.75,146.17,17527
1787028600,2026-08-18 13:50:00,146.19,146.64,146.1,146.64,25058
1787028900,2026-08-18 13:55:00,146.6,146.78,146.42,146.55,29743
1787029200,2026-08-18 14:00:00,146.55,146.55,145.41,145.41,53778
1787029500,2026-08-18 14:05:00,145.42,146.02,145.41,145.86,57662
1787029800,2026-08-18 14:10:00,145.9,145.91,145.26,145.29,42740
1787030100,2026-08-18 14:15:00,145.3,145.42,145.12,145.3,23303
1787030400,2026-08-18 14:20:00,145.3,145.38,145.01,145.19,25628
1787030700,2026-08-18 14:25:00,145.15,145.4,145.06,145.1,32132
1787031000,2026-08-18 14:30:00,145.11,145.2,144.85,144.9,63279
1787031300,2026-08-18 14:35:00,144.93,145.2,144.87,144.98,77566
1787031600,2026-08-18 14:40:00,145.01,145.34,144.86,145.17,47654
1787031900,2026-08-18 14:45:00,145.19,145.4,145.1,145.26,29723
1787032200,2026-08-18 14:50:00,145.25,145.47,144.9,144.97,15551
1787032500,2026-08-18 14:55:00,144.96,145.25,144.3,144.35,19667
1787032800,2026-08-18 15:00:00,144.3,144.3,143.44,143.55,91214
1787033100,2026-08-18 15:05:00,143.58,143.73,143.12,143.66,738233
1787033400,2026-08-18 15:10:00,143.67,144.6,143.66,144.45,116865
1787033700,2026-08-18 15:15:00,144.44,144.5,143.99,144.4,63649
1787034000,2026-08-18 15:20:00,144.41,144.9,144.38,144.78,59241
1787034300,2026-08-18 15:25:00,144.78,145.06,144.57,144.98,28892
1787034600,2026-08-18 15:30:00,144.98,145.52,144.83,145.19,39085
1787034900,2026-08-18 15:35:00,145.3,145.77,145.3,145.67,36649
1787035200,2026-08-18 15:40:00,145.65,145.7,145.22,145.36,16615
1787035500,2026-08-18 15:45:00,145.39,145.65,145.28,145.45,17729
1787035800,2026-08-18 15:50:00,145.44,145.5,145.17,145.17,30314
1787036100,2026-08-18 15:55:00,145.19,145.83,145.19,145.8,30126
1787036400,2026-08-18 16:00:00,145.79,145.79,145.25,145.54,39803
1787036700,2026-08-18 16:05:00,145.56,145.91,145.24,145.4,25916
1787037000,2026-08-18 16:10:00,145.36,145.36,144.57,144.65,47307
1787037300,2026-08-18 16:15:00,144.65,144.9,144.22,144.41,39431
1787037600,2026-08-18 16:20:00,144.43,144.7,144.33,144.39,23568
1787037900,2026-08-18 16:25:00,144.4,144.5,144.02,144.06,25152
1787038200,2026-08-18 16:30:00,144.09,144.27,143.5,143.54,42030
1787038500,2026-08-18 16:35:00,143.53,144.05,143.49,143.98,63473
1787038800,2026-08-18 16:40:00,144.01,144.17,143.55,143.56,58344
1787039100,2026-08-18 16:45:00,143.57,143.75,143.5,143.67,24095
1787039400,2026-08-18 16:50:00,143.7,143.93,143.25,143.45,48153
1787039700,2026-08-18 16:55:00,143.45,143.5,143.12,143.17,57075
1787040000,2026-08-18 17:00:00,143.21,143.43,140.48,140.53,777764
1787040300,2026-08-18 17:05:00,140.52,140.56,139.44,139.9,471095
1787040600,2026-08-18 17:10:00,139.87,140.25,139.25,139.73,319413
1787040900,2026-08-18 17:15:00,139.76,140.16,139.42,139.7,138447
1787041200,2026-08-18 17:20:00,139.7,139.81,138.15,138.46,177528
1787041500,2026-08-18 17:25:00,138.45,138.91,138.21,138.67,248568
1787041800,2026-08-18 17:30:00,138.63,139.48,138.32,139.36,145623
1787042100,2026-08-18 17:35:00,139.38,139.78,139.29,139.75,98428
1787042400,2026-08-18 17:40:00,139.76,139.8,139.13,139.46,67660
1787042700,2026-08-18 17:45:00,139.5,139.54,138.08,138.08,62480
1787043000,2026-08-18 17:50:00,138.07,138.7,138.06,138.45,32397
1787043300,2026-08-18 17:55:00,138.45,138.94,137.96,138.5,90868
1787043600,2026-08-18 18:00:00,138.49,138.63,137.62,138.05,314837
1787043900,2026-08-18 18:05:00,138.05,138.05,137.16,137.39,310933
1787044200,2026-08-18 18:10:00,137.37,138.31,137.36,138.21,209526
1787044500,2026-08-18 18:15:00,138.2,138.32,137.12,137.26,411554
1787044800,2026-08-18 18:20:00,137.21,137.39,136.66,136.66,123087
1787045100,2026-08-18 18:25:00,136.66,137.18,136.34,136.59,151692
1787045400,2026-08-18 18:30:00,136.62,136.83,136.12,136.55,134990
1787045700,2026-08-18 18:35:00,136.51,136.8,136.3,136.3,195072
1787046000,2026-08-18 18:40:00,136.36,136.36,135.57,135.94,161367
1787046300,2026-08-18 18:45:00,135.88,136.34,135.54,135.58,243348
1787046600,2026-08-18 18:50:00,135.57,135.79,135.26,135.74,197787
1787046900,2026-08-18 18:55:00,135.77,136.49,135.77,136.42,212966
1787047200,2026-08-18 19:00:00,136.42,136.48,135.5,136.12,195657
1787047500,2026-08-18 19:05:00,136.11,136.17,135.7,136.1,108403
1787047800,2026-08-18 19:10:00,136.08,136.14,135.25,135.35,464665
1787048100,2026-08-18 19:15:00,135.36,135.99,135.03,135.13,399316
1787048400,2026-08-18 19:20:00,135.11,135.29,134.86,134.92,227556
1787048700,2026-08-18 19:25:00,134.91,135.36,134.72,135.36,258756
1787049000,2026-08-18 19:30:00,135.36,135.88,135.22,135.78,259866
1787049300,2026-08-18 19:35:00,135.77,135.92,135.62,135.7,60034
1787049600,2026-08-18 19:40:00,135.7,135.8,135.26,135.62,176126
1787049900,2026-08-18 19:45:00,135.63,136.11,135.4,136.11,59753
1787050200,2026-08-18 19:50:00,136.11,136.3,136,136.27,55061
1787050500,2026-08-18 19:55:00,136.3,136.48,136.12,136.2,63908
1787050800,2026-08-18 20:00:00,136.25,137.11,135.75,137.1,253395
1787051100,2026-08-18 20:05:00,137.08,137.4,136.87,136.97,107596
1787051400,2026-08-18 20:10:00,136.94,137.51,136.93,137.21,75464
1787051700,2026-08-18 20:15:00,137.19,137.36,136.92,137.33,78375
1787052000,2026-08-18 20:20:00,137.31,137.36,136.45,136.45,94868
1787052300,2026-08-18 20:25:00,136.42,136.76,136.28,136.48,78567
1787052600,2026-08-18 20:30:00,136.42,136.42,135.75,135.76,133730
1787052900,2026-08-18 20:35:00,135.76,135.87,135.03,135.06,202476
1787053200,2026-08-18 20:40:00,135.05,136.04,134.94,135.88,104906
1787053500,2026-08-18 20:45:00,135.9,136.56,135.9,136.4,148293
1787053800,2026-08-18 20:50:00,136.36,136.58,135.61,135.78,97158
1787054100,2026-08-18 20:55:00,135.8,136.08,135.69,135.73,96087
1787054400,2026-08-18 21:00:00,135.74,137.1,135.61,137.1,71287
1787054700,2026-08-18 21:05:00,137.1,137.22,136.01,136.03,142933
1787055000,2026-08-18 21:10:00,136.06,136.18,135.52,135.56,147558
1787055300,2026-08-18 21:15:00,135.56,135.67,135.27,135.45,121288
1787055600,2026-08-18 21:20:00,135.45,136.27,135.34,135.45,75551
1787055900,2026-08-18 21:25:00,135.46,135.47,135.14,135.15,61161
1787056200,2026-08-18 21:30:00,135.15,135.34,134.63,134.99,85978
1787056500,2026-08-18 21:35:00,135.01,135.14,134.67,134.79,54316
1787056800,2026-08-18 21:40:00,134.79,134.9,134.64,134.69,67067
1787057100,2026-08-18 21:45:00,134.68,135.05,134.49,135.05,107891
1787057400,2026-08-18 21:50:00,135.03,135.26,134.82,134.82,43314
1787057700,2026-08-18 21:55:00,134.81,135,134.7,134.89,44120
1787058000,2026-08-18 22:00:00,134.87,135.21,134.6,134.61,41813
1787058300,2026-08-18 22:05:00,134.6,134.68,134.25,134.26,109510
1787058600,2026-08-18 22:10:00,134.28,134.6,134.27,134.35,61118
1787058900,2026-08-18 22:15:00,134.37,134.49,134.12,134.48,111751
1787059200,2026-08-18 22:20:00,134.47,134.81,134.33,134.43,72072
1787059500,2026-08-18 22:25:00,134.42,135.14,134.18,134.35,286027
1787059800,2026-08-18 22:30:00,134.32,137.68,133.59,135.06,1906490
1787060100,2026-08-18 22:35:00,135.1,135.99,134.07,135.08,1328295
1787060400,2026-08-18 22:40:00,135,135.83,132.39,132.4,612774
1787060700,2026-08-18 22:45:00,132.38,132.66,130.78,130.94,783171
1787061000,2026-08-18 22:50:00,130.96,131.79,129.42,129.48,648753
1787061300,2026-08-18 22:55:00,129.5,131.25,128.65,130.58,958301
1787061600,2026-08-18 23:00:00,130.58,131.9,129.38,130.88,880353
1787061900,2026-08-18 23:05:00,130.88,130.99,129.07,129.08,757552
1787062200,2026-08-18 23:10:00,129.07,129.07,126.91,127.46,943186
1787062500,2026-08-18 23:15:00,127.48,129.35,127,128.56,707827
1787062800,2026-08-18 23:20:00,128.6,129.56,127.81,128.73,486065
1787063100,2026-08-18 23:25:00,128.74,130.75,128.52,130.08,719271
1787063400,2026-08-18 23:30:00,130.11,130.92,129.26,129.26,455459
1787063700,2026-08-18 23:35:00,129.28,130.23,128.58,128.95,234818
1787064000,2026-08-18 23:40:00,129,129.18,127.26,127.26,220687
1787064300,2026-08-18 23:45:00,127.26,127.5,126.07,126.27,393333
1787064600,2026-08-18 23:50:00,126.35,126.93,125.42,125.42,490577
1787064900,2026-08-18 23:55:00,125.42,125.67,124.02,124.34,760008
1787065200,2026-08-19 00:00:00,124.37,125.44,123.67,125.27,829217
1787065500,2026-08-19 00:05:00,125.27,125.44,123.27,123.36,435341
1787065800,2026-08-19 00:10:00,123.36,124.18,122.66,124.18,751194
1787066100,2026-08-19 00:15:00,124.17,124.52,123.23,123.23,326838
1787066400,2026-08-19 00:20:00,123.21,125.13,123.08,124.9,596976
1787066700,2026-08-19 00:25:00,124.89,125.91,124.5,125.63,772992
1787067000,2026-08-19 00:30:00,125.66,126.72,125.44,126.48,683150
1787067300,2026-08-19 00:35:00,126.48,126.53,125.09,125.21,407438
1787067600,2026-08-19 00:40:00,125.23,126.54,124.95,126.06,394677
1787067900,2026-08-19 00:45:00,126.06,127.1,126.06,126.72,248514
1787068200,2026-08-19 00:50:00,126.72,127.32,126.11,127.13,205735
1787068500,2026-08-19 00:55:00,127.13,127.54,126.54,127.39,129143
1787068800,2026-08-19 01:00:00,127.37,128.08,127.05,127.07,387061
1787069100,2026-08-19 01:05:00,127.04,127.36,126.5,126.83,408751
1787069400,2026-08-19 01:10:00,126.81,127.34,126.68,126.81,231218
1787069700,2026-08-19 01:15:00,126.77,126.89,125.9,125.98,225784
1787070000,2026-08-19 01:20:00,125.96,126.84,125.92,126.34,167880
1787070300,2026-08-19 01:25:00,126.33,126.37,125.04,125.11,260794
1787070600,2026-08-19 01:30:00,125.06,126,124.93,125.81,290048
1787070900,2026-08-19 01:35:00,125.88,126.34,125.64,126.1,129681
1787071200,2026-08-19 01:40:00,126.12,126.57,125.67,126.06,76643
1787071500,2026-08-19 01:45:00,126.08,127.39,125.76,127.07,212781
1787071800,2026-08-19 01:50:00,127.12,127.52,126.87,127.23,168395
1787072100,2026-08-19 01:55:00,127.24,127.24,126.29,126.45,71566
1787072400,2026-08-19 02:00:00,126.46,127,126.06,126.68,85699
1787072700,2026-08-19 02:05:00,126.67,126.89,126.08,126.18,81768
1787073000,2026-08-19 02:10:00,126.25,126.6,125.7,126.52,73461
1787073300,2026-08-19 02:15:00,126.53,126.59,125.7,125.7,58652
1787073600,2026-08-19 02:20:00,125.67,126.2,125.44,125.53,45645
1787073900,2026-08-19 02:25:00,125.53,126.4,125.45,126.34,70317
1787074200,2026-08-19 02:30:00,126.27,126.64,126.1,126.21,46549
1787074500,2026-08-19 02:35:00,126.21,126.57,125.74,126.32,64216
1787074800,2026-08-19 02:40:00,126.31,126.52,126,126.05,72095
1787075100,2026-08-19 02:45:00,126.05,126.33,125.35,125.67,56407
1787075400,2026-08-19 02:50:00,125.67,125.75,125.4,125.45,41980
1787075700,2026-08-19 02:55:00,125.4,125.47,124.57,124.6,152428
1787076000,2026-08-19 03:00:00,124.57,125.08,124.52,124.87,71775
1787076300,2026-08-19 03:05:00,124.89,125.07,123.64,123.68,92372
1787076600,2026-08-19 03:10:00,123.69,124.39,123.31,124.35,205147
1787076900,2026-08-19 03:15:00,124.39,125.57,124.31,125.57,142683
1787077200,2026-08-19 03:20:00,125.52,125.73,125.04,125.48,71298
1787077500,2026-08-19 03:25:00,125.54,125.55,125.17,125.35,77031
1787077800,2026-08-19 03:30:00,125.35,125.67,125.12,125.67,41611
1787078100,2026-08-19 03:35:00,125.7,126.48,125.7,126.47,227769
1787078400,2026-08-19 03:40:00,126.44,126.49,125.9,126.25,116146
1787078700,2026-08-19 03:45:00,126.15,126.92,126.1,126.28,128524
1787079000,2026-08-19 03:50:00,126.27,126.29,125.77,125.78,60238
1787079300,2026-08-19 03:55:00,125.78,125.96,125.39,125.86,154619
1787079600,2026-08-19 04:00:00,125.8,126.4,125.53,125.95,92163
1787079900,2026-08-19 04:05:00,125.9,126.54,125.76,126.35,47440
1787080200,2026-08-19 04:10:00,126.36,126.52,125.89,126.05,37421
1787080500,2026-08-19 04:15:00,126.06,126.31,125.6,126.08,52093
1787080800,2026-08-19 04:20:00,126.08,126.85,125.84,126.85,98753
1787081100,2026-08-19 04:25:00,126.85,128.03,126.67,127.66,160249
1787081400,2026-08-19 04:30:00,127.63,127.66,126.74,127.07,802788
1787081700,2026-08-19 04:35:00,127.05,127.98,126.73,127.37,137909
1787082000,2026-08-19 04:40:00,127.36,128.3,127.02,128.11,94570
1787082300,2026-08-19 04:45:00,128.12,128.17,127.56,128,124016
1787082600,2026-08-19 04:50:00,128,128.77,126.25,126.84,585174
1787082900,2026-08-19 04:55:00,126.89,129.12,126.89,128.98,773206
1787083200,2026-08-19 05:00:00,129.01,129.2,128.73,129.15,209910
1787083500,2026-08-19 05:05:00,129.15,129.51,128.87,129.36,104470
1787083800,2026-08-19 05:10:00,129.36,129.53,129.04,129.11,69159
1787084100,2026-08-19 05:15:00,129.11,129.22,128.75,128.8,46779
1787084400,2026-08-19 05:20:00,128.77,129,128.75,128.83,52397
1787084700,2026-08-19 05:25:00,128.81,129.18,128.81,129.16,36459
1787085000,2026-08-19 05:30:00,129.18,129.29,129.1,129.29,43748
1787085300,2026-08-19 05:35:00,129.28,129.32,128.91,128.92,55117
1787085600,2026-08-19 05:40:00,128.94,128.98,128.72,128.72,64975
1787085900,2026-08-19 05:45:00,128.72,128.72,128.13,128.15,139723
1787086200,2026-08-19 05:50:00,128.12,128.21,128,128,63078
1787086500,2026-08-19 05:55:00,127.98,128.17,127.9,128.06,36090
1787086800,2026-08-19 06:00:00,128.09,128.17,127.93,127.93,25584
1787087100,2026-08-19 06:05:00,127.91,127.92,127.71,127.89,4534
1787087400,2026-08-19 06:10:00,127.88,128.07,127.79,128.01,25475
1787087700,2026-08-19 06:15:00,128.02,128.02,127.69,127.73,38335
1787088000,2026-08-19 06:20:00,127.73,127.81,127.61,127.67,31323
1787088300,2026-08-19 06:25:00,127.77,127.96,127.67,127.96,18545
1787088600,2026-08-19 06:30:00,127.96,128.07,127.28,127.43,52759
1787088900,2026-08-19 06:35:00,127.42,127.43,127.06,127.24,77963
1787089200,2026-08-19 06:40:00,127.24,127.31,127.1,127.28,38489
1787089500,2026-08-19 06:45:00,127.29,127.36,127.12,127.12,64518
1787089800,2026-08-19 06:50:00,127.1,127.4,127.1,127.24,41419
1787090100,2026-08-19 06:55:00,127.25,127.37,127.14,127.35,111268
1787090400,2026-08-19 07:00:00,127.35,127.66,127.31,127.57,57903
1787090700,2026-08-19 07:05:00,127.5,127.88,127.43,127.85,43518
1787091000,2026-08-19 07:10:00,127.83,128.1,127.79,128.1,91968
1787091300,2026-08-19 07:15:00,128.1,128.38,128.04,128.37,50483
1787091600,2026-08-19 07:20:00,128.37,128.57,128.23,128.23,71581
1787091900,2026-08-19 07:25:00,128.26,128.27,127.76,127.76,51594
1787092200,2026-08-19 07:30:00,127.77,127.87,127.46,127.52,30836
1787092500,2026-08-19 07:35:00,127.47,127.58,127.04,127.04,22805
1787092800,2026-08-19 07:40:00,127.04,127.1,126.89,126.93,45288
1787093100,2026-08-19 07:45:00,126.94,126.99,126.63,126.72,69471
1787093400,2026-08-19 07:50:00,126.71,126.78,126.4,126.41,42753
1787093700,2026-08-19 07:55:00,126.41,126.48,125.91,125.91,89345
1787094000,2026-08-19 08:00:00,125.94,126.5,125.87,126.5,140507
1787094300,2026-08-19 08:05:00,126.49,126.8,126.26,126.68,83187
1787094600,2026-08-19 08:10:00,126.68,126.69,126.33,126.45,39746
1787094900,2026-08-19 08:15:00,126.44,126.45,126.14,126.26,54460
1787095200,2026-08-19 08:20:00,126.2,127.15,126.14,126.82,100490
1787095500,2026-08-19 08:25:00,126.84,126.92,126.6,126.64,115552
1787095800,2026-08-19 08:30:00,126.64,126.77,126.34,126.45,56601
1787096100,2026-08-19 08:35:00,126.44,126.44,126,126.19,30859
1787096400,2026-08-19 08:40:00,126.19,126.47,126.02,126.37,39924
1787096700,2026-08-19 08:45:00,126.39,126.46,125.99,126.01,30433
1787097000,2026-08-19 08:50:00,126.01,126.39,125.83,126.34,58269
1787097300,2026-08-19 08:55:00,126.32,126.54,126.03,126.03,30437
1787097600,2026-08-19 09:00:00,126.08,126.43,124.95,124.95,329056
1787097900,2026-08-19 09:05:00,124.98,125.58,124.39,124.63,193449
1787098200,2026-08-19 09:10:00,124.65,124.75,123.82,123.9,219071
1787098500,2026-08-19 09:15:00,123.9,124.6,123.44,124.49,217806
1787098800,2026-08-19 09:20:00,124.53,125.5,124.42,125.04,259415
1787099100,2026-08-19 09:25:00,125.14,125.8,124.76,125.67,76207
1787099400,2026-08-19 09:30:00,125.7,126.7,125.7,126.51,123587
1787099700,2026-08-19 09:35:00,126.46,127.39,126.4,127.3,73088
1787100000,2026-08-19 09:40:00,127.3,127.64,127.16,127.53,93824
1787100300,2026-08-19 09:45:00,127.5,128.06,127.35,127.62,106774
1787100600,2026-08-19 09:50:00,127.6,127.61,127.2,127.26,167727
1787100900,2026-08-19 09:55:00,127.28,127.46,126.68,126.72,189882
1787101200,2026-08-19 10:00:00,126.7,127.88,126.49,127.88,118515
1787101500,2026-08-19 10:05:00,127.86,128.97,127.78,128.89,109347
1787101800,2026-08-19 10:10:00,128.96,129.18,128.61,128.72,119964
1787102100,2026-08-19 10:15:00,128.72,129.24,128.21,129.24,81936
1787102400,2026-08-19 10:20:00,129.24,129.7,129.14,129.15,112650
1787102700,2026-08-19 10:25:00,129.15,129.63,128.73,129.53,33346
1787103000,2026-08-19 10:30:00,129.5,129.68,128.44,128.44,58464
1787103300,2026-08-19 10:35:00,128.44,129.2,128.43,129.13,42290
1787103600,2026-08-19 10:40:00,129.16,129.22,128.46,128.88,70346
1787103900,2026-08-19 10:45:00,128.86,128.86,128.4,128.76,47820
1787104200,2026-08-19 10:50:00,128.76,129.1,128.61,128.78,31120
1787104500,2026-08-19 10:55:00,128.79,129.1,128.58,128.76,20940
1787104800,2026-08-19 11:00:00,128.81,128.81,128.3,128.32,19965
1787105100,2026-08-19 11:05:00,128.3,128.32,127.49,127.57,73504
1787105400,2026-08-19 11:10:00,127.56,127.7,127.03,127.13,55072
1787105700,2026-08-19 11:15:00,127.13,127.52,126.84,126.99,58773
1787106000,2026-08-19 11:20:00,126.93,128.05,126.93,127.9,49695
1787106300,2026-08-19 11:25:00,127.91,128,127.4,127.41,42701
1787106600,2026-08-19 11:30:00,127.42,127.54,126.69,126.72,110602
1787106900,2026-08-19 11:35:00,126.75,126.93,126.53,126.85,63753
1787107200,2026-08-19 11:40:00,126.82,126.9,126.52,126.65,36183
1787107500,2026-08-19 11:45:00,126.65,127.36,126.63,127.32,34813
1787107800,2026-08-19 11:50:00,127.23,127.34,126.44,126.48,57393
1787108100,2026-08-19 11:55:00,126.49,126.97,126.4,126.88,41850
1787108400,2026-08-19 12:00:00,126.88,127.55,126.88,127.45,31645
1787108700,2026-08-19 12:05:00,127.43,127.62,126.69,126.74,32928
1787109000,2026-08-19 12:10:00,126.74,126.96,126.57,126.95,31365
1787109300,2026-08-19 12:15:00,126.9,127.51,126.9,127.17,73200
1787109600,2026-08-19 12:20:00,127.17,127.28,126.64,126.89,54671
1787109900,2026-08-19 12:25:00,126.9,127.03,126.7,126.98,38578
1787110200,2026-08-19 12:30:00,126.94,127.42,126.86,127.42,48888
1787110500,2026-08-19 12:35:00,127.4,127.88,127.3,127.39,44838
1787110800,2026-08-19 12:40:00,127.37,127.43,126.94,127.03,26709
1787111100,2026-08-19 12:45:00,126.96,126.96,126.48,126.8,60233
1787111400,2026-08-19 12:50:00,126.81,127.32,126.81,126.91,37403
1787111700,2026-08-19 12:55:00,126.91,127.08,126.76,126.87,19854
1787112000,2026-08-19 13:00:00,126.86,126.91,126.61,126.77,39380
1787112300,2026-08-19 13:05:00,126.77,126.77,126.38,126.55,37539
1787112600,2026-08-19 13:10:00,126.47,126.72,126.23,126.41,32408
1787112900,2026-08-19 13:15:00,126.41,126.56,126.25,126.44,19852
1787113200,2026-08-19 13:20:00,126.44,127.3,126.43,127.03,32008
1787113500,2026-08-19 13:25:00,127.05,127.33,126.98,126.99,33291
1787113800,2026-08-19 13:30:00,127.03,127.22,125.86,126.2,54489
1787114100,2026-08-19 13:35:00,126.2,126.66,126.08,126.08,31956
1787114400,2026-08-19 13:40:00,126.08,126.25,125.64,125.71,27214
1787114700,2026-08-19 13:45:00,125.71,125.84,125.01,125.07,49986
1787115000,2026-08-19 13:50:00,125.01,125.25,124.83,125.14,71931
1787115300,2026-08-19 13:55:00,125.21,126.04,124.89,126.04,59550
1787115600,2026-08-19 14:00:00,126.07,126.89,125.91,126.83,66901
1787115900,2026-08-19 14:05:00,126.84,126.95,126.2,126.54,82868
1787116200,2026-08-19 14:10:00,126.52,126.6,125.44,125.58,77730
1787116500,2026-08-19 14:15:00,125.58,125.82,124.97,125.11,129170
1787116800,2026-08-19 14:20:00,125.08,125.7,124.95,125.47,65363
1787117100,2026-08-19 14:25:00,125.48,126.17,125.32,126.13,59353
1787117400,2026-08-19 14:30:00,126.14,126.25,125.56,125.56,56256
1787117700,2026-08-19 14:35:00,125.57,125.81,125.03,125.27,29285
1787118000,2026-08-19 14:40:00,125.22,125.25,124.71,125.15,76789
1787118300,2026-08-19 14:45:00,125.08,125.1,124.66,124.72,51880
1787118600,2026-08-19 14:50:00,124.73,125,124.44,124.52,64637
1787118900,2026-08-19 14:55:00,124.5,124.59,124.08,124.44,90670
1787119200,2026-08-19 15:00:00,124.43,124.67,123.98,124,69729
1787119500,2026-08-19 15:05:00,123.98,124.18,123.3,123.36,111269
1787119800,2026-08-19 15:10:00,123.34,123.81,123.21,123.43,99595
1787120100,2026-08-19 15:15:00,123.43,124.64,123.42,124.43,105171
1787120400,2026-08-19 15:20:00,124.45,125.08,124.44,124.97,85397
1787120700,2026-08-19 15:25:00,125,125.19,124.37,124.68,114580
1787121000,2026-08-19 15:30:00,124.62,124.89,124.42,124.61,39123
1787121300,2026-08-19 15:35:00,124.61,124.87,124.29,124.36,37289
1787121600,2026-08-19 15:40:00,124.32,125.09,124.13,125.08,209375
1787121900,2026-08-19 15:45:00,125.07,127.16,125.07,126.64,557126
1787122200,2026-08-19 15:50:00,126.63,127.67,126.55,127.51,293910
1787122500,2026-08-19 15:55:00,127.51,128.06,127.3,127.9,221781
1787122800,2026-08-19 16:00:00,127.9,128.01,126.74,126.86,273722
1787123100,2026-08-19 16:05:00,126.89,127.57,126.52,127.43,89104
1787123400,2026-08-19 16:10:00,127.41,127.86,127.16,127.73,124257
1787123700,2026-08-19 16:15:00,127.75,127.82,126.88,127.4,71741
1787124000,2026-08-19 16:20:00,127.37,128.2,127.33,128.13,73557
1787124300,2026-08-19 16:25:00,128.12,128.56,127.93,128.52,161852
1787124600,2026-08-19 16:30:00,128.56,128.64,128.03,128.43,148449
1787124900,2026-08-19 16:35:00,128.42,128.56,128.01,128.14,55607
1787125200,2026-08-19 16:40:00,128.17,128.17,127.41,128.01,62265
1787125500,2026-08-19 16:45:00,128.1,128.86,128.1,128.61,79608
1787125800,2026-08-19 16:50:00,128.64,128.92,128.5,128.81,83103
1787126100,2026-08-19 16:55:00,128.81,130.01,128.73,130,263022
1787126400,2026-08-19 17:00:00,129.98,132.03,129.55,131.95,591274
1787126700,2026-08-19 17:05:00,132,132.37,131.56,132.24,954034
1787127000,2026-08-19 17:10:00,132.21,132.48,131.69,131.69,354893
1787127300,2026-08-19 17:15:00,131.65,131.75,130.89,131.59,233574
1787127600,2026-08-19 17:20:00,131.59,132,131.08,131.63,109296
1787127900,2026-08-19 17:25:00,131.64,131.68,130.37,130.76,98286
1787128200,2026-08-19 17:30:00,130.75,130.75,129.67,130.44,151954
1787128500,2026-08-19 17:35:00,130.47,130.75,130.23,130.6,84987
1787128800,2026-08-19 17:40:00,130.6,130.9,130.21,130.9,166489
1787129100,2026-08-19 17:45:00,130.88,131.12,130.78,130.92,89525
1787129400,2026-08-19 17:50:00,130.92,131.07,130.31,130.44,64826
1787129700,2026-08-19 17:55:00,130.52,130.53,129.96,130.15,71046
1787130000,2026-08-19 18:00:00,130.15,130.76,129.78,130.7,60074
1787130300,2026-08-19 18:05:00,130.68,130.84,129.73,129.91,74432
1787130600,2026-08-19 18:10:00,129.92,130,129.4,129.4,157334
1787130900,2026-08-19 18:15:00,129.4,129.6,129.04,129.17,85827
1787131200,2026-08-19 18:20:00,129.19,129.21,128.59,128.59,116244
1787131500,2026-08-19 18:25:00,128.58,128.7,128.05,128.29,188429
1787131800,2026-08-19 18:30:00,128.4,129.19,128.4,129.08,170374
1787132100,2026-08-19 18:35:00,129.1,129.22,128.7,128.99,80754
1787132400,2026-08-19 18:40:00,128.98,128.98,127.66,127.73,101925
1787132700,2026-08-19 18:45:00,127.7,127.99,127.5,127.89,132065
1787133000,2026-08-19 18:50:00,127.92,127.92,127.14,127.49,111944
1787133300,2026-08-19 18:55:00,127.49,127.67,126.84,127.39,106992
1787133600,2026-08-19 19:00:00,127.37,127.54,125.82,125.82,152254
1787133900,2026-08-19 19:05:00,125.82,126.04,125.41,125.6,182584
1787134200,2026-08-19 19:10:00,125.59,126.72,125.22,126.54,149148
1787134500,2026-08-19 19:15:00,126.52,126.6,125.64,126.25,88321
1787134800,2026-08-19 19:20:00,126.33,126.34,125.79,125.97,39162
1787135100,2026-08-19 19:25:00,125.89,126.56,125.55,126.21,73182
1787135400,2026-08-19 19:30:00,126.2,126.85,126.2,126.73,33086
1787135700,2026-08-19 19:35:00,126.7,127.42,126.68,127.33,110403
1787136000,2026-08-19 19:40:00,127.33,127.5,127.06,127.29,95597
1787136300,2026-08-19 19:45:00,127.37,127.59,126.75,126.75,80717
1787136600,2026-08-19 19:50:00,126.73,126.97,126.54,126.74,131299
1787136900,2026-08-19 19:55:00,126.75,126.94,126.57,126.75,347127
1787137200,2026-08-19 20:00:00,126.74,128.79,126.03,128.79,1143143
1787137500,2026-08-19 20:05:00,128.78,129.66,128.48,128.48,624462
1787137800,2026-08-19 20:10:00,128.48,128.64,127.94,128.1,182947
1787138100,2026-08-19 20:15:00,128.15,128.27,127.59,128.08,138685
1787138400,2026-08-19 20:20:00,128.09,128.7,127.5,128.44,97961
1787138700,2026-08-19 20:25:00,128.41,128.94,128.03,128.3,139741
1787139000,2026-08-19 20:30:00,128.24,128.33,127.04,127.25,124731
1787139300,2026-08-19 20:35:00,127.2,127.54,127.09,127.3,148656
1787139600,2026-08-19 20:40:00,127.3,127.39,126.83,126.93,46624
1787139900,2026-08-19 20:45:00,126.94,127.4,126.57,126.81,119268
1787140200,2026-08-19 20:50:00,126.77,127.16,126.6,126.82,81710
1787140500,2026-08-19 20:55:00,126.93,127.36,126.75,127.25,48083
1787140800,2026-08-19 21:00:00,127.27,127.96,126.65,127.32,159363
1787141100,2026-08-19 21:05:00,127.3,128.31,127.2,127.9,90702
1787141400,2026-08-19 21:10:00,127.93,128.18,127.43,128.02,66525
1787141700,2026-08-19 21:15:00,128.01,128.83,127.95,128.81,121907
1787142000,2026-08-19 21:20:00,128.79,128.84,128.54,128.75,35691
1787142300,2026-08-19 21:25:00,128.74,130.3,128.6,130,757166
1787142600,2026-08-19 21:30:00,130.04,131.21,128.94,131.17,533256
1787142900,2026-08-19 21:35:00,131.17,132.66,129.88,132.37,664115
1787143200,2026-08-19 21:40:00,132.37,133.66,132.37,133.58,299107
1787143500,2026-08-19 21:45:00,133.6,134.28,133.58,134.18,779664
1787143800,2026-08-19 21:50:00,134.19,135.08,134.13,134.71,667045
1787144100,2026-08-19 21:55:00,134.74,135.4,134.69,135.12,264772
1787144400,2026-08-19 22:00:00,135.14,135.14,133.36,133.4,560925
1787144700,2026-08-19 22:05:00,133.39,134.46,133.36,133.8,210474
1787145000,2026-08-19 22:10:00,133.81,134.96,133.8,134.83,176433
1787145300,2026-08-19 22:15:00,134.81,134.86,133.93,134.25,364441
1787145600,2026-08-19 22:20:00,134.2,134.96,133.97,134.8,125963
1787145900,2026-08-19 22:25:00,134.78,134.78,132.71,132.74,672872
1787146200,2026-08-19 22:30:00,132.75,133.86,130.79,130.97,2452164
1787146500,2026-08-19 22:35:00,130.97,130.97,124.87,124.88,2453082
1787146800,2026-08-19 22:40:00,124.89,127.23,124.14,126.58,2837135
1787147100,2026-08-19 22:45:00,126.69,127.54,121.83,121.99,2444502
1787147400,2026-08-19 22:50:00,121.96,122.64,120.11,120.35,2882939
1787147700,2026-08-19 22:55:00,120.32,122.46,120.19,121.96,2174138
1787148000,2026-08-19 23:00:00,122.03,122.54,120.34,120.75,2245152
1787148300,2026-08-19 23:05:00,120.87,122.05,119.11,119.63,1921173
1787148600,2026-08-19 23:10:00,119.63,119.81,117.1,117.42,2435248
1787148900,2026-08-19 23:15:00,117.49,119.71,117.23,117.76,1376163
1787149200,2026-08-19 23:20:00,117.84,119.47,117.28,118.75,1627543
1787149500,2026-08-19 23:25:00,118.73,120.86,118.17,120.86,1560478
1787149800,2026-08-19 23:30:00,120.85,121.71,120.1,120.88,1370215
1787150100,2026-08-19 23:35:00,120.83,123.46,120.46,123.46,1073551
1787150400,2026-08-19 23:40:00,123.46,123.62,121.66,122.6,1185069
1787150700,2026-08-19 23:45:00,122.6,122.65,120.54,120.87,929612
1787151000,2026-08-19 23:50:00,120.93,122.31,120.46,122.14,1606014
1787151300,2026-08-19 23:55:00,122.14,123.08,121.69,123.02,680131
1787151600,2026-08-20 00:00:00,123.04,123.05,121.09,121.09,589468
1787151900,2026-08-20 00:05:00,121.11,121.97,120.62,121.18,381587
1787152200,2026-08-20 00:10:00,121.23,122.8,121.2,122.67,397878
1787152500,2026-08-20 00:15:00,122.67,122.81,121.76,122.51,174886
1787152800,2026-08-20 00:20:00,122.47,122.97,122.25,122.25,248487
1787153100,2026-08-20 00:25:00,122.2,122.95,121.89,122.64,923802
1787153400,2026-08-20 00:30:00,122.66,122.81,121.61,121.67,330491
1787153700,2026-08-20 00:35:00,121.75,122.21,121.46,121.61,107099
1787154000,2026-08-20 00:40:00,121.6,122.44,120.78,122.37,286398
1787154300,2026-08-20 00:45:00,122.32,122.32,121.38,121.38,152385
1787154600,2026-08-20 00:50:00,121.39,121.69,120.74,120.9,111864
1787154900,2026-08-20 00:55:00,120.89,122.05,120.83,122.05,118565
1787155200,2026-08-20 01:00:00,122.03,123.25,121.38,123,349693
1787155500,2026-08-20 01:05:00,123.05,123.8,122.75,123.76,420711
1787155800,2026-08-20 01:10:00,123.78,123.89,123,123.02,760784
1787156100,2026-08-20 01:15:00,123,123.91,122.52,123.58,461960
1787156400,2026-08-20 01:20:00,123.62,123.88,123.06,123.2,141704
1787156700,2026-08-20 01:25:00,123.21,123.21,122.44,122.63,192502
1787157000,2026-08-20 01:30:00,122.57,123.21,122.21,123,142795
1787157300,2026-08-20 01:35:00,123.01,123.77,122.58,123.44,174930
1787157600,2026-08-20 01:40:00,123.45,123.8,123.16,123.41,241043
1787157900,2026-08-20 01:45:00,123.42,123.53,122.94,122.96,110443
1787158200,2026-08-20 01:50:00,122.92,122.92,122.37,122.48,252959
1787158500,2026-08-20 01:55:00,122.49,122.49,121.78,122.01,270705
1787158800,2026-08-20 02:00:00,122.01,122.26,121.64,121.87,57633
1787159100,2026-08-20 02:05:00,121.9,122.31,121.52,121.57,257142
1787159400,2026-08-20 02:10:00,121.59,121.91,121.31,121.4,277683
1787159700,2026-08-20 02:15:00,121.42,121.9,121.02,121.02,76085
1787160000,2026-08-20 02:20:00,121.02,121.3,120.75,120.99,205529
1787160300,2026-08-20 02:25:00,120.99,121.38,120.82,121.15,159133
1787160600,2026-08-20 02:30:00,121.2,121.31,120.89,120.93,107098
1787160900,2026-08-20 02:35:00,120.92,121.44,120.61,120.62,309473
1787161200,2026-08-20 02:40:00,120.64,121.13,120.47,120.92,78412
1787161500,2026-08-20 02:45:00,120.92,121.37,120.83,120.9,180194
1787161800,2026-08-20 02:50:00,120.9,121.09,120.68,120.85,104602
1787162100,2026-08-20 02:55:00,120.83,120.95,120.54,120.73,55547
1787162400,2026-08-20 03:00:00,120.74,121.76,120.63,120.71,401706
1787162700,2026-08-20 03:05:00,120.71,120.9,119.08,119.08,886665
1787163000,2026-08-20 03:10:00,119.07,119.77,118.75,119.34,960183
1787163300,2026-08-20 03:15:00,119.32,119.52,118.65,119.49,182611
1787163600,2026-08-20 03:20:00,119.5,119.78,119.28,119.48,430873
1787163900,2026-08-20 03:25:00,119.46,120.34,119.4,120.32,306920
1787164200,2026-08-20 03:30:00,120.31,122.11,120.28,121.57,1731194
1787164500,2026-08-20 03:35:00,121.59,121.64,120.36,120.48,476119
1787164800,2026-08-20 03:40:00,120.53,121.79,120.51,121.59,425786
1787165100,2026-08-20 03:45:00,121.6,121.6,120.97,121.23,225958
1787165400,2026-08-20 03:50:00,121.19,121.37,120.92,121.25,35580
1787165700,2026-08-20 03:55:00,121.2,121.25,120.34,120.99,87330
1787166000,2026-08-20 04:00:00,121,121.58,120.71,121.06,179442
1787166300,2026-08-20 04:05:00,121.06,121.44,120.72,121.33,176201
1787166600,2026-08-20 04:10:00,121.33,121.49,121.06,121.33,121336
1787166900,2026-08-20 04:15:00,121.4,121.67,121.01,121.59,68872
1787167200,2026-08-20 04:20:00,121.61,122.06,121.5,121.98,93396
1787167500,2026-08-20 04:25:00,121.89,122.54,121.81,121.87,242998
1787167800,2026-08-20 04:30:00,121.95,122.48,121.56,122.32,736166
1787168100,2026-08-20 04:35:00,122.24,122.24,121.21,121.44,331401
1787168400,2026-08-20 04:40:00,121.44,121.65,121.08,121.36,62074
1787168700,2026-08-20 04:45:00,121.32,121.39,120.78,121,84204
1787169000,2026-08-20 04:50:00,120.97,121.19,119.8,120.26,313732
1787169300,2026-08-20 04:55:00,120.3,120.83,119.8,120.72,243571
1787169600,2026-08-20 05:00:00,120.71,121.46,120.65,121.19,201510
1787169900,2026-08-20 05:05:00,121.19,121.26,120.96,121.17,71539
1787170200,2026-08-20 05:10:00,121.19,121.26,120.87,120.94,51734
1787170500,2026-08-20 05:15:00,120.93,121.12,120.85,121.1,26092
1787170800,2026-08-20 05:20:00,121.1,121.14,120.95,120.99,10919
1787171100,2026-08-20 05:25:00,121.01,121.1,120.86,120.98,231267
1787171400,2026-08-20 05:30:00,120.98,121.11,120.88,121.02,61361
1787171700,2026-08-20 05:35:00,121.04,121.12,120.93,120.96,29345
1787172000,2026-08-20 05:40:00,120.95,121.25,120.94,121.22,42797
1787172300,2026-08-20 05:45:00,121.24,121.45,121.24,121.37,178083
1787172600,2026-08-20 05:50:00,121.38,122,121.37,121.99,182554
1787172900,2026-08-20 05:55:00,122,122.31,121.99,122.31,123740
1787173200,2026-08-20 06:00:00,122.31,122.36,121.95,122.21,89014
1787173500,2026-08-20 06:05:00,122.21,122.88,122.17,122.58,450803
1787173800,2026-08-20 06:10:00,122.58,122.6,122.11,122.29,258518
1787174100,2026-08-20 06:15:00,122.29,122.45,122.09,122.45,116568
1787174400,2026-08-20 06:20:00,122.47,122.48,122.15,122.27,27598
1787174700,2026-08-20 06:25:00,122.29,122.54,122.19,122.51,50762
1787175000,2026-08-20 06:30:00,122.5,122.66,122.43,122.56,48568
1787175300,2026-08-20 06:35:00,122.57,122.57,122.35,122.53,33020
1787175600,2026-08-20 06:40:00,122.53,122.6,122.4,122.49,35417
1787175900,2026-08-20 06:45:00,122.49,122.5,122.35,122.46,38087
1787176200,2026-08-20 06:50:00,122.46,122.59,122.38,122.58,15138
1787176500,2026-08-20 06:55:00,122.57,122.62,122.39,122.57,21882
1787176800,2026-08-20 07:00:00,122.59,123.04,122.2,122.9,32516
1787177100,2026-08-20 07:05:00,122.9,123.25,122.66,123.25,85884
1787177400,2026-08-20 07:10:00,123.16,123.53,122.98,123.4,113814
1787177700,2026-08-20 07:15:00,123.4,123.5,123.21,123.28,59953
1787178000,2026-08-20 07:20:00,123.28,123.5,123.2,123.5,102388
1787178300,2026-08-20 07:25:00,123.5,123.51,123.03,123.22,62411
1787178600,2026-08-20 07:30:00,123.23,123.48,123.15,123.48,43834
1787178900,2026-08-20 07:35:00,123.47,124.07,123.47,123.97,123982
1787179200,2026-08-20 07:40:00,123.97,124.08,123.84,124.02,40031
1787179500,2026-08-20 07:45:00,124.01,124.13,123.92,123.95,41044
1787179800,2026-08-20 07:50:00,123.94,124.02,123.67,123.79,95791
1787180100,2026-08-20 07:55:00,123.8,124.09,123.68,124.05,93795
1787180400,2026-08-20 08:00:00,124.07,124.49,123.76,123.9,169846
1787180700,2026-08-20 08:05:00,123.89,124.05,123.69,124.02,106015
1787181000,2026-08-20 08:10:00,124.02,124.02,123.7,123.7,45549
1787181300,2026-08-20 08:15:00,123.7,123.79,123.63,123.68,38855
1787181600,2026-08-20 08:20:00,123.68,123.73,123.44,123.46,17114
1787181900,2026-08-20 08:25:00,123.54,123.72,123.41,123.71,28838
1787182200,2026-08-20 08:30:00,123.73,124.2,123.71,124,24546
1787182500,2026-08-20 08:35:00,123.99,124.16,123.89,124.07,44155
1787182800,2026-08-20 08:40:00,124.08,124.4,124.07,124.21,42837
1787183100,2026-08-20 08:45:00,124.2,124.2,123.82,124.03,30971
1787183400,2026-08-20 08:50:00,124.01,124.4,124.01,124.26,27813
1787183700,2026-08-20 08:55:00,124.24,124.24,123.91,123.99,100481
1787184000,2026-08-20 09:00:00,123.9,123.97,122.8,123.5,262464
1787184300,2026-08-20 09:05:00,123.54,123.6,121.9,122.57,481164
1787184600,2026-08-20 09:10:00,122.52,123.89,122.44,123.87,598379
1787184900,2026-08-20 09:15:00,123.85,125.13,123.85,125.13,458799
1787185200,2026-08-20 09:20:00,125.13,125.28,124.2,124.66,207378
1787185500,2026-08-20 09:25:00,124.64,124.66,124.05,124.38,189449
1787185800,2026-08-20 09:30:00,124.38,124.64,123.93,124.64,96683
1787186100,2026-08-20 09:35:00,124.64,125.19,124.33,125.18,261201
1787186400,2026-08-20 09:40:00,125.18,125.46,125.05,125.1,101229
1787186700,2026-08-20 09:45:00,125.16,125.46,124.72,124.76,102330
1787187000,2026-08-20 09:50:00,124.85,125.75,124.85,125.75,151590
1787187300,2026-08-20 09:55:00,125.77,126.16,125.63,125.99,176853
1787187600,2026-08-20 10:00:00,125.98,126.44,125.85,126.12,134758
1787187900,2026-08-20 10:05:00,126.13,126.48,125.76,125.78,132253
1787188200,2026-08-20 10:10:00,125.75,125.98,125.55,125.63,73821
1787188500,2026-08-20 10:15:00,125.63,126.14,125.2,125.95,183110
1787188800,2026-08-20 10:20:00,125.92,126,125.1,125.14,94413
1787189100,2026-08-20 10:25:00,125.13,125.4,124.95,125.22,124952
1787189400,2026-08-20 10:30:00,125.18,125.64,125.07,125.64,114300
1787189700,2026-08-20 10:35:00,125.67,125.95,125.62,125.83,70602
1787190000,2026-08-20 10:40:00,125.84,126.25,125.81,126.19,84481
1787190300,2026-08-20 10:45:00,126.24,126.32,126.02,126.1,46686
1787190600,2026-08-20 10:50:00,126.09,126.43,125.77,126.13,51477
1787190900,2026-08-20 10:55:00,126.15,126.16,125.2,125.5,52835
1787191200,2026-08-20 11:00:00,125.48,126.4,125.44,126.27,54997
1787191500,2026-08-20 11:05:00,126.26,126.53,126.22,126.32,33647
1787191800,2026-08-20 11:10:00,126.31,126.37,125.83,126.24,46606
1787192100,2026-08-20 11:15:00,126.23,126.35,125.54,125.84,50628
1787192400,2026-08-20 11:20:00,125.76,125.76,124.88,125.31,183957
1787192700,2026-08-20 11:25:00,125.35,125.58,125.19,125.42,43235
1787193000,2026-08-20 11:30:00,125.39,125.81,124.88,125.81,188750
1787193300,2026-08-20 11:35:00,125.84,125.88,125.37,125.66,67567
1787193600,2026-08-20 11:40:00,125.68,125.77,125.5,125.57,31902
1787193900,2026-08-20 11:45:00,125.55,125.67,125.01,125.03,41446
1787194200,2026-08-20 11:50:00,125.04,125.17,124.66,124.86,96536
1787194500,2026-08-20 11:55:00,124.83,125.17,124.68,125.02,60450
1787194800,2026-08-20 12:00:00,125.08,125.17,124.72,125.13,115505
1787195100,2026-08-20 12:05:00,125.13,125.62,125.11,125.19,46709
1787195400,2026-08-20 12:10:00,125.19,125.19,124.59,125.03,57685
1787195700,2026-08-20 12:15:00,125.09,125.37,125,125.29,27577
1787196000,2026-08-20 12:20:00,125.3,125.59,125.17,125.35,36695
1787196300,2026-08-20 12:25:00,125.38,125.41,124.9,124.95,17985
1787196600,2026-08-20 12:30:00,124.97,125.01,124.49,124.54,66232
1787196900,2026-08-20 12:35:00,124.51,124.78,124.33,124.78,55185
1787197200,2026-08-20 12:40:00,124.8,125.06,124.61,124.94,28549
1787197500,2026-08-20 12:45:00,124.91,125.22,124.88,125.13,57092
1787197800,2026-08-20 12:50:00,125.16,125.3,125.03,125.18,37336
1787198100,2026-08-20 12:55:00,125.2,125.34,124.89,125.13,87791
1787198400,2026-08-20 13:00:00,125.12,125.6,125.01,125.56,48982
1787198700,2026-08-20 13:05:00,125.6,126.07,125.6,126.03,55876
1787199000,2026-08-20 13:10:00,126.05,126.17,125.96,126.14,44244
1787199300,2026-08-20 13:15:00,126.17,126.22,126,126.08,30450
1787199600,2026-08-20 13:20:00,126.08,126.09,125.71,125.72,11101
1787199900,2026-08-20 13:25:00,125.7,125.94,125.64,125.8,13131
1787200200,2026-08-20 13:30:00,125.8,125.83,125.3,125.35,52055
1787200500,2026-08-20 13:35:00,125.32,125.5,125.27,125.46,49252
1787200800,2026-08-20 13:40:00,125.47,125.74,125.44,125.74,19599
1787201100,2026-08-20 13:45:00,125.74,125.8,125.53,125.68,12066
1787201400,2026-08-20 13:50:00,125.66,125.94,125.44,125.45,26370
1787201700,2026-08-20 13:55:00,125.44,125.44,125.11,125.21,46759
1787202000,2026-08-20 14:00:00,125.24,125.5,125.06,125.2,55965
1787202300,2026-08-20 14:05:00,125.21,125.3,125,125.11,167919
1787202600,2026-08-20 14:10:00,125.12,125.12,124.55,124.78,58189
1787202900,2026-08-20 14:15:00,124.78,125.38,124.72,125.24,32740
1787203200,2026-08-20 14:20:00,125.23,125.27,124.95,125.2,22985
1787203500,2026-08-20 14:25:00,125.21,125.45,124.88,124.88,42864
1787203800,2026-08-20 14:30:00,124.89,125.2,124.77,124.86,25929
1787204100,2026-08-20 14:35:00,124.88,124.93,124.64,124.85,24665
1787204400,2026-08-20 14:40:00,124.82,125.1,124.7,124.8,16670
1787204700,2026-08-20 14:45:00,124.77,124.84,124.46,124.81,86363
1787205000,2026-08-20 14:50:00,124.81,124.84,124.45,124.54,38183
1787205300,2026-08-20 14:55:00,124.49,124.73,124.44,124.49,21133
1787205600,2026-08-20 15:00:00,124.5,125.26,124.5,125.2,25514
1787205900,2026-08-20 15:05:00,125.24,125.89,125.22,125.88,53950
1787206200,2026-08-20 15:10:00,125.86,126.27,125.86,126.07,98962
1787206500,2026-08-20 15:15:00,126.04,126.07,125.74,126.04,57772
1787206800,2026-08-20 15:20:00,126.03,126.06,125.75,126,10899
1787207100,2026-08-20 15:25:00,125.99,126.13,125.68,126.12,22710
1787207400,2026-08-20 15:30:00,126.11,126.75,126.02,126.74,78746
1787207700,2026-08-20 15:35:00,126.74,126.88,126.5,126.55,67309
1787208000,2026-08-20 15:40:00,126.58,127.17,126.58,127.06,230988
1787208300,2026-08-20 15:45:00,127.11,127.42,126.92,126.96,61564
1787208600,2026-08-20 15:50:00,126.99,127.26,126.97,127.25,32462
1787208900,2026-08-20 15:55:00,127.25,127.3,127.11,127.2,67281
1787209200,2026-08-20 16:00:00,127.14,127.18,126.25,126.72,158432
1787209500,2026-08-20 16:05:00,126.71,126.9,126.53,126.86,46376
1787209800,2026-08-20 16:10:00,126.8,126.85,126.3,126.4,32842
1787210100,2026-08-20 16:15:00,126.41,126.74,126.4,126.61,26756
1787210400,2026-08-20 16:20:00,126.67,126.83,126.1,126.15,59904
1787210700,2026-08-20 16:25:00,126.16,126.17,125.63,125.67,80946
1787211000,2026-08-20 16:30:00,125.64,125.86,125.22,125.77,71170
1787211300,2026-08-20 16:35:00,125.82,125.9,125.53,125.74,246761
1787211600,2026-08-20 16:40:00,125.73,125.8,125.3,125.44,150840
1787211900,2026-08-20 16:45:00,125.41,126.09,125.38,126.07,43857
1787212200,2026-08-20 16:50:00,126.05,126.09,125.47,125.5,125747
1787212500,2026-08-20 16:55:00,125.52,125.55,125.22,125.33,53188
1787212800,2026-08-20 17:00:00,125.34,125.41,123.98,124.22,225609
1787213100,2026-08-20 17:05:00,124.26,124.58,123.67,124.12,307480
1787213400,2026-08-20 17:10:00,124.1,124.1,122.72,122.98,400280
1787213700,2026-08-20 17:15:00,123.02,123.31,122.13,122.8,130728
1787214000,2026-08-20 17:20:00,122.77,123.15,121.69,121.74,199409
1787214300,2026-08-20 17:25:00,121.71,121.91,121.35,121.75,536479
1787214600,2026-08-20 17:30:00,121.76,121.79,120.88,120.94,910907
1787214900,2026-08-20 17:35:00,120.95,122.13,120.85,122.1,388901
1787215200,2026-08-20 17:40:00,122.12,122.42,121.72,121.73,195933
1787215500,2026-08-20 17:45:00,121.72,121.91,120.26,120.65,358867
1787215800,2026-08-20 17:50:00,120.7,121.51,120.7,121.1,235528
1787216100,2026-08-20 17:55:00,121.14,121.3,120.62,121.06,109696
1787216400,2026-08-20 18:00:00,121.06,121.93,120.74,121.88,123564
1787216700,2026-08-20 18:05:00,121.88,122.83,121.6,122.65,424252
1787217000,2026-08-20 18:10:00,122.64,122.72,121.93,122.18,192082
1787217300,2026-08-20 18:15:00,122.22,122.55,121.89,122.02,127149
1787217600,2026-08-20 18:20:00,122.02,122.34,121.86,122.29,118492
1787217900,2026-08-20 18:25:00,122.28,122.79,122.22,122.31,312818
1787218200,2026-08-20 18:30:00,122.38,122.39,121.76,121.8,125436
1787218500,2026-08-20 18:35:00,121.79,121.89,121.51,121.89,85654
1787218800,2026-08-20 18:40:00,121.87,122.35,121.78,122.31,142445
1787219100,2026-08-20 18:45:00,122.31,122.6,122.26,122.39,99664
1787219400,2026-08-20 18:50:00,122.36,122.63,121.97,122.46,104348
1787219700,2026-08-20 18:55:00,122.44,122.66,122.31,122.42,238197
1787220000,2026-08-20 19:00:00,122.42,122.62,122.05,122.36,68980
1787220300,2026-08-20 19:05:00,122.41,122.58,122.09,122.58,43368
1787220600,2026-08-20 19:10:00,122.58,123.33,122.47,123.09,129744
1787220900,2026-08-20 19:15:00,123.07,123.09,122.49,122.55,80424
1787221200,2026-08-20 19:20:00,122.54,122.66,122.31,122.59,53785
1787221500,2026-08-20 19:25:00,122.63,122.63,121.99,122.4,72253
1787221800,2026-08-20 19:30:00,122.38,122.5,122.09,122.15,103742
1787222100,2026-08-20 19:35:00,122.16,122.51,121.78,122.04,173795
1787222400,2026-08-20 19:40:00,122.04,122.19,121.81,122.13,45704
1787222700,2026-08-20 19:45:00,122.14,122.95,122.13,122.87,105385
1787223000,2026-08-20 19:50:00,122.83,122.9,122.42,122.45,96137
1787223300,2026-08-20 19:55:00,122.46,122.99,122.39,122.99,49504
1787223600,2026-08-20 20:00:00,123,123.21,121.72,121.93,181905
1787223900,2026-08-20 20:05:00,121.93,121.93,121.44,121.69,80129
1787224200,2026-08-20 20:10:00,121.69,121.86,120.93,121.46,346889
1787224500,2026-08-20 20:15:00,121.46,121.68,121.12,121.17,348102
1787224800,2026-08-20 20:20:00,121.17,121.17,120.6,120.81,219520
1787225100,2026-08-20 20:25:00,120.82,121.01,119.88,119.91,314465
1787225400,2026-08-20 20:30:00,119.9,120.64,119.87,120.28,340938
1787225700,2026-08-20 20:35:00,120.29,120.77,119.9,120.71,142738
1787226000,2026-08-20 20:40:00,120.75,120.8,119.96,120.02,255283
1787226300,2026-08-20 20:45:00,120.01,120.15,118.47,118.74,561804
1787226600,2026-08-20 20:50:00,118.73,119.19,118.39,118.45,241467
1787226900,2026-08-20 20:55:00,118.42,118.58,117.87,118.35,306364
1787227200,2026-08-20 21:00:00,118.35,118.51,116.81,117.1,982900
1787227500,2026-08-20 21:05:00,117.1,117.41,116.9,117.14,627027
1787227800,2026-08-20 21:10:00,117.11,117.31,115.94,116.31,1453524
1787228100,2026-08-20 21:15:00,116.3,116.92,116.13,116.3,427801
1787228400,2026-08-20 21:20:00,116.29,117.7,116.22,117.66,339353
1787228700,2026-08-20 21:25:00,117.65,117.65,116.93,117.05,431186
1787229000,2026-08-20 21:30:00,117.13,117.14,115.99,116.86,312517
1787229300,2026-08-20 21:35:00,116.86,117.13,116.19,117.07,264529
1787229600,2026-08-20 21:40:00,117.06,117.73,116.89,117.73,253678
1787229900,2026-08-20 21:45:00,118.17,118.67,117.85,118.67,248453
1787230200,2026-08-20 21:50:00,118.67,119.43,118.67,119.33,463322
1787230500,2026-08-20 21:55:00,119.4,119.4,118.75,119.04,389803
1787230800,2026-08-20 22:00:00,119.04,119.71,118.9,119.41,512747
1787231100,2026-08-20 22:05:00,119.46,119.69,118.86,118.94,249081
1787231400,2026-08-20 22:10:00,118.93,119.07,118.6,118.74,49076
1787231700,2026-08-20 22:15:00,118.73,119.39,118.56,119.33,232511
1787232000,2026-08-20 22:20:00,119.31,119.58,118.94,119.58,80048
1787232300,2026-08-20 22:25:00,119.57,120.56,118.92,119.6,872938
1787232600,2026-08-20 22:30:00,119.61,123.34,119.55,122.03,3387797
1787232900,2026-08-20 22:35:00,122.03,124.04,121.02,122.94,3015637
1787233200,2026-08-20 22:40:00,122.95,123.5,121.69,122.24,1945176
1787233500,2026-08-20 22:45:00,122.22,122.9,118.6,119.72,1349988
1787233800,2026-08-20 22:50:00,119.63,120.03,117.45,119.55,1267695
1787234100,2026-08-20 22:55:00,119.57,121,118.5,118.97,1948167
1787234400,2026-08-20 23:00:00,119.03,120.45,118.46,119.13,872443
1787234700,2026-08-20 23:05:00,119.14,121.4,118.92,121.38,733570
1787235000,2026-08-20 23:10:00,121.37,122.61,120.88,121.71,891161
1787235300,2026-08-20 23:15:00,121.68,122.1,119.68,119.94,744634
1787235600,2026-08-20 23:20:00,119.92,122.9,119.63,122.53,423349
1787235900,2026-08-20 23:25:00,122.52,122.65,120.98,121.49,460497
1787236200,2026-08-20 23:30:00,121.49,122.66,120.86,121.42,290040
1787236500,2026-08-20 23:35:00,121.45,123.64,121.25,123.48,505864
1787236800,2026-08-20 23:40:00,123.51,123.99,122.96,123.9,366956
1787237100,2026-08-20 23:45:00,123.89,124,122.61,122.75,208104
1787237400,2026-08-20 23:50:00,122.75,123.47,122.1,122.29,211981
1787237700,2026-08-20 23:55:00,122.29,123.12,122.15,123.1,118539
1787238000,2026-08-21 00:00:00,123.14,124.65,122.98,124.06,948859
1787238300,2026-08-21 00:05:00,124.08,124.08,122.2,122.64,595394
1787238600,2026-08-21 00:10:00,122.61,122.9,121.44,122.51,321210
1787238900,2026-08-21 00:15:00,122.51,122.83,122.05,122.22,199138
1787239200,2026-08-21 00:20:00,122.17,122.3,121.25,121.48,283785
1787239500,2026-08-21 00:25:00,121.46,121.83,120.92,121.7,513690
1787239800,2026-08-21 00:30:00,121.7,121.86,120.41,120.6,577408
1787240100,2026-08-21 00:35:00,120.62,120.89,119.71,119.71,208596
1787240400,2026-08-21 00:40:00,119.7,120.4,119.63,119.79,111590
1787240700,2026-08-21 00:45:00,119.79,120.92,119.29,120.35,144005
1787241000,2026-08-21 00:50:00,120.31,121.17,120.24,121.02,111809
1787241300,2026-08-21 00:55:00,121.04,121.34,120.83,121.31,66213
1787241600,2026-08-21 01:00:00,121.35,121.65,120.89,121.1,57613
1787241900,2026-08-21 01:05:00,121.08,121.46,120.62,121.4,103570
1787242200,2026-08-21 01:10:00,121.4,121.45,120.69,120.81,72983
1787242500,2026-08-21 01:15:00,120.8,121.11,120.6,121.09,58260
1787242800,2026-08-21 01:20:00,121.09,121.81,120.88,121.56,72115
1787243100,2026-08-21 01:25:00,121.55,121.8,121.25,121.37,100448
1787243400,2026-08-21 01:30:00,121.28,121.37,120.47,120.9,117828
1787243700,2026-08-21 01:35:00,120.91,121.14,120.8,121.13,77938
1787244000,2026-08-21 01:40:00,121.14,121.48,121.11,121.39,238430
1787244300,2026-08-21 01:45:00,121.39,121.69,121.07,121.44,68746
1787244600,2026-08-21 01:50:00,121.48,121.69,121.18,121.45,41132
1787244900,2026-08-21 01:55:00,121.46,121.95,121.38,121.86,95749
1787245200,2026-08-21 02:00:00,121.87,121.97,121.5,121.79,55088
1787245500,2026-08-21 02:05:00,121.78,121.84,121.28,121.45,46955
1787245800,2026-08-21 02:10:00,121.45,121.78,121.41,121.64,40613
1787246100,2026-08-21 02:15:00,121.63,121.66,120.82,120.9,82688
1787246400,2026-08-21 02:20:00,120.88,121.25,120.66,120.88,60633
1787246700,2026-08-21 02:25:00,120.85,120.99,120.65,120.87,34288
1787247000,2026-08-21 02:30:00,120.82,120.9,120.44,120.5,32364
1787247300,2026-08-21 02:35:00,120.53,120.94,120.47,120.88,30739
1787247600,2026-08-21 02:40:00,120.84,120.96,120.68,120.93,25941
1787247900,2026-08-21 02:45:00,120.93,121.38,120.87,121.2,99832
1787248200,2026-08-21 02:50:00,121.19,121.53,121.18,121.33,50877
1787248500,2026-08-21 02:55:00,121.34,121.53,121.16,121.23,26950
1787248800,2026-08-21 03:00:00,121.18,121.21,120.71,120.76,38820
1787249100,2026-08-21 03:05:00,120.73,120.8,119.75,119.95,100652
1787249400,2026-08-21 03:10:00,119.9,120.16,119.61,120.15,80005
1787249700,2026-08-21 03:15:00,120.15,120.2,119.47,120.17,42750
1787250000,2026-08-21 03:20:00,120.2,120.47,120.07,120.12,97454
1787250300,2026-08-21 03:25:00,120.12,120.29,119.92,120.15,30580
1787250600,2026-08-21 03:30:00,120.1,120.24,119.33,119.42,155418
1787250900,2026-08-21 03:35:00,119.42,119.87,119.3,119.68,110165
1787251200,2026-08-21 03:40:00,119.71,119.8,119.4,119.79,78484
1787251500,2026-08-21 03:45:00,119.79,120.53,119.72,120.51,39326
1787251800,2026-08-21 03:50:00,120.5,120.75,120.3,120.63,55096
1787252100,2026-08-21 03:55:00,120.6,121,120.58,120.74,61352
1787252400,2026-08-21 04:00:00,120.73,121.42,120.66,121.23,38747
1787252700,2026-08-21 04:05:00,121.2,121.88,121.12,121.7,58263
1787253000,2026-08-21 04:10:00,121.73,121.73,121.27,121.45,40656
1787253300,2026-08-21 04:15:00,121.39,121.7,121.32,121.53,81562
1787253600,2026-08-21 04:20:00,121.51,122.66,121.49,122.28,63886
1787253900,2026-08-21 04:25:00,122.28,122.6,122.2,122.3,38222
1787254200,2026-08-21 04:30:00,122.27,122.27,121.69,121.98,68788
1787254500,2026-08-21 04:35:00,121.94,122.28,121.87,122.19,31819
1787254800,2026-08-21 04:40:00,122.16,122.29,121.77,121.93,30396
1787255100,2026-08-21 04:45:00,121.87,121.99,121.45,121.99,19817
1787255400,2026-08-21 04:50:00,121.98,122.12,121.57,121.67,77323
1787255700,2026-08-21 04:55:00,121.71,122.39,121.5,122.21,92439
1787256000,2026-08-21 05:00:00,122.22,122.44,122.08,122.44,67188
1787256300,2026-08-21 05:05:00,122.44,122.47,121.81,121.95,69993
1787256600,2026-08-21 05:10:00,122.03,122.46,121.76,121.84,61464
1787256900,2026-08-21 05:15:00,121.85,121.92,121.61,121.82,37337
1787257200,2026-08-21 05:20:00,121.82,122.07,121.81,122.04,7835
1787257500,2026-08-21 05:25:00,122.06,122.11,121.95,122.04,4445
1787257800,2026-08-21 05:30:00,122.01,122.09,121.89,121.98,5350
1787258100,2026-08-21 05:35:00,122,122.13,121.95,121.99,25167
1787258400,2026-08-21 05:40:00,121.97,122.07,121.94,121.95,49413
1787258700,2026-08-21 05:45:00,121.93,122.01,121.91,121.97,25166
1787259000,2026-08-21 05:50:00,121.99,122,121.86,121.96,18399
1787259300,2026-08-21 05:55:00,121.96,122.13,121.96,122.11,39083
1787259600,2026-08-21 06:00:00,122.11,122.18,121.99,122.12,29661
1787259900,2026-08-21 06:05:00,122.12,122.16,122.01,122.14,17410
1787260200,2026-08-21 06:10:00,122.14,122.15,121.71,121.78,71955
1787260500,2026-08-21 06:15:00,121.78,121.87,121.74,121.83,58798
1787260800,2026-08-21 06:20:00,121.83,121.95,121.75,121.92,20425
1787261100,2026-08-21 06:25:00,121.91,121.93,121.83,121.87,8760
1787261400,2026-08-21 06:30:00,121.87,121.96,121.82,121.95,7584
1787261700,2026-08-21 06:35:00,121.9,122.04,121.88,121.99,18306
1787262000,2026-08-21 06:40:00,121.97,122.04,121.84,121.85,59082
1787262300,2026-08-21 06:45:00,121.85,122.01,121.83,121.98,52893
1787262600,2026-08-21 06:50:00,121.98,122.18,121.96,122.12,56061
1787262900,2026-08-21 06:55:00,122.11,122.18,121.98,121.98,38314
1787263200,2026-08-21 07:00:00,122.04,122.24,121.25,121.26,114007
1787263500,2026-08-21 07:05:00,121.28,121.56,121.22,121.38,68525
1787263800,2026-08-21 07:10:00,121.37,121.45,121.16,121.22,46909
1787264100,2026-08-21 07:15:00,121.22,121.66,121.22,121.49,39271
1787264400,2026-08-21 07:20:00,121.48,121.74,121.46,121.62,19025
1787264700,2026-08-21 07:25:00,121.62,121.64,121.35,121.41,29689
1787265000,2026-08-21 07:30:00,121.41,121.69,121.23,121.69,31980
1787265300,2026-08-21 07:35:00,121.69,121.92,121.68,121.73,43933
1787265600,2026-08-21 07:40:00,121.75,121.89,121.55,121.83,195192
1787265900,2026-08-21 07:45:00,121.84,122.04,121.77,121.96,231660
1787266200,2026-08-21 07:50:00,121.96,122.26,121.92,122.17,94583
1787266500,2026-08-21 07:55:00,122.16,122.23,122.08,122.13,180251
1787266800,2026-08-21 08:00:00,122.13,122.22,121.85,121.93,211409
1787267100,2026-08-21 08:05:00,121.91,122.25,121.83,122,441821
1787267400,2026-08-21 08:10:00,122,122.01,121.84,121.87,62359
1787267700,2026-08-21 08:15:00,121.86,122.23,121.82,122.04,45737
1787268000,2026-08-21 08:20:00,122,122.04,121.95,122,38683
1787268300,2026-08-21 08:25:00,121.98,122.1,121.75,121.75,133106
1787268600,2026-08-21 08:30:00,121.78,121.93,121.71,121.73,351220
1787268900,2026-08-21 08:35:00,121.74,121.74,121.47,121.64,399055
1787269200,2026-08-21 08:40:00,121.64,121.96,121.64,121.74,639898
1787269500,2026-08-21 08:45:00,121.73,121.81,121.27,121.52,819142
1787269800,2026-08-21 08:50:00,121.52,121.56,121.28,121.44,224538
1787270100,2026-08-21 08:55:00,121.43,121.5,121.3,121.3,42434
1787270400,2026-08-21 09:00:00,121.3,122.23,121.02,121.87,674450
1787270700,2026-08-21 09:05:00,121.89,122.93,121.87,122.58,643628
1787271000,2026-08-21 09:10:00,122.6,124.15,122.56,123.9,505729
1787271300,2026-08-21 09:15:00,123.9,123.94,122.81,122.98,405562
1787271600,2026-08-21 09:20:00,123,123.51,122.76,122.83,120070
1787271900,2026-08-21 09:25:00,122.82,123,122.5,122.72,69523
1787272200,2026-08-21 09:30:00,122.69,123.28,122.28,123.13,98276
1787272500,2026-08-21 09:35:00,123.14,123.73,122.99,123.73,54029
1787272800,2026-08-21 09:40:00,123.73,123.96,123.3,123.93,148092
1787273100,2026-08-21 09:45:00,123.94,124.44,123.79,124.24,359801
1787273400,2026-08-21 09:50:00,124.24,124.32,123.35,123.44,109136
1787273700,2026-08-21 09:55:00,123.43,123.56,123.21,123.26,58495
1787274000,2026-08-21 10:00:00,123.23,123.68,122.96,122.96,124863
1787274300,2026-08-21 10:05:00,122.99,123,122.27,122.66,130938
1787274600,2026-08-21 10:10:00,122.68,123.28,122.5,123.26,97274
1787274900,2026-08-21 10:15:00,123.25,123.97,122.99,123.87,92665
1787275200,2026-08-21 10:20:00,123.9,123.92,123.05,123.41,101840
1787275500,2026-08-21 10:25:00,123.44,123.96,123.36,123.57,93513
1787275800,2026-08-21 10:30:00,123.58,123.83,123.4,123.64,142977
1787276100,2026-08-21 10:35:00,123.61,123.64,123.1,123.16,87030
1787276400,2026-08-21 10:40:00,123.15,124.01,123.12,123.91,114806
1787276700,2026-08-21 10:45:00,123.91,124.43,123.63,124.43,151027
1787277000,2026-08-21 10:50:00,124.44,124.53,123.94,123.94,96517
1787277300,2026-08-21 10:55:00,123.92,124.2,123.73,124.11,62524
1787277600,2026-08-21 11:00:00,124.17,124.54,124.04,124.15,75448
1787277900,2026-08-21 11:05:00,124.15,124.62,124,124.62,53050
1787278200,2026-08-21 11:10:00,124.63,124.93,124.33,124.91,79462
1787278500,2026-08-21 11:15:00,124.89,124.98,124.54,124.69,51607
1787278800,2026-08-21 11:20:00,124.65,125.27,124.65,125.06,128330
1787279100,2026-08-21 11:25:00,125.07,125.24,124.89,125.16,144302
1787279400,2026-08-21 11:30:00,125.19,125.32,125.08,125.29,73484
1787279700,2026-08-21 11:35:00,125.29,125.46,125,125.07,135569
1787280000,2026-08-21 11:40:00,125.07,125.2,124.87,124.94,138689
1787280300,2026-08-21 11:45:00,124.94,125.35,124.82,125.35,143428
1787280600,2026-08-21 11:50:00,125.35,125.68,125.31,125.37,93894
1787280900,2026-08-21 11:55:00,125.37,125.45,125.16,125.17,70581
1787281200,2026-08-21 12:00:00,125.2,125.3,124.88,124.88,58639
1787281500,2026-08-21 12:05:00,124.92,124.93,124.37,124.57,88423
1787281800,2026-08-21 12:10:00,124.53,124.59,124.09,124.09,150111
1787282100,2026-08-21 12:15:00,124.09,124.49,124.07,124.27,104891
1787282400,2026-08-21 12:20:00,124.25,124.67,124.13,124.56,67047
1787282700,2026-08-21 12:25:00,124.58,124.63,124.29,124.34,46941
1787283000,2026-08-21 12:30:00,124.35,124.71,124.31,124.6,67670
1787283300,2026-08-21 12:35:00,124.61,124.63,124.07,124.32,87242
1787283600,2026-08-21 12:40:00,124.31,124.31,124.08,124.19,58164
1787283900,2026-08-21 12:45:00,124.18,124.3,123.98,124.25,228151
1787284200,2026-08-21 12:50:00,124.25,124.39,123.84,123.95,119078
1787284500,2026-08-21 12:55:00,123.91,124.4,123.74,124.07,86260
1787284800,2026-08-21 13:00:00,124.1,124.44,124.02,124.44,54513
1787285100,2026-08-21 13:05:00,124.43,124.47,124.19,124.28,47196
1787285400,2026-08-21 13:10:00,124.32,124.46,124.02,124.41,35902
1787285700,2026-08-21 13:15:00,124.41,124.55,123.88,123.9,36710
1787286000,2026-08-21 13:20:00,123.94,123.98,123.32,123.57,116088
1787286300,2026-08-21 13:25:00,123.54,123.6,123.24,123.33,52970
1787286600,2026-08-21 13:30:00,123.3,123.75,123.18,123.44,77823
1787286900,2026-08-21 13:35:00,123.46,123.49,123.09,123.2,53513
1787287200,2026-08-21 13:40:00,123.2,123.7,123.2,123.67,24423
1787287500,2026-08-21 13:45:00,123.64,124.23,123.54,124.23,141551
1787287800,2026-08-21 13:50:00,124.23,124.47,124.2,124.41,70252
1787288100,2026-08-21 13:55:00,124.43,124.44,124.15,124.22,54447
1787288400,2026-08-21 14:00:00,124.22,124.55,124.11,124.55,34214
1787288700,2026-08-21 14:05:00,124.56,124.66,124.27,124.29,61083
1787289000,2026-08-21 14:10:00,124.32,124.49,124.23,124.33,44745
1787289300,2026-08-21 14:15:00,124.31,124.74,124.21,124.73,100347
1787289600,2026-08-21 14:20:00,124.74,124.75,124.33,124.33,100903
1787289900,2026-08-21 14:25:00,124.33,124.41,124.12,124.14,30477
1787290200,2026-08-21 14:30:00,124.12,124.53,124.07,124.47,13888
1787290500,2026-08-21 14:35:00,124.49,124.64,124.4,124.44,18122
1787290800,2026-08-21 14:40:00,124.47,124.49,123.86,124.07,24366
1787291100,2026-08-21 14:45:00,124.1,124.12,123.69,123.69,22417
1787291400,2026-08-21 14:50:00,123.69,123.95,123.57,123.95,53117
1787291700,2026-08-21 14:55:00,123.94,124.31,123.85,124.31,30239
1787292000,2026-08-21 15:00:00,124.3,124.37,124.08,124.12,36193
1787292300,2026-08-21 15:05:00,124.09,124.34,124.02,124.09,24109
1787292600,2026-08-21 15:10:00,124.12,124.64,124.09,124.63,40846
1787292900,2026-08-21 15:15:00,124.63,124.78,124.44,124.64,77046
1787293200,2026-08-21 15:20:00,124.63,124.7,124.44,124.55,101128
1787293500,2026-08-21 15:25:00,124.54,125.08,124.5,125.01,137756
1787293800,2026-08-21 15:30:00,125.08,125.27,124.8,125.27,56761
1787294100,2026-08-21 15:35:00,125.27,125.37,125.1,125.14,26408
1787294400,2026-08-21 15:40:00,125.14,125.16,124.76,124.76,66535
1787294700,2026-08-21 15:45:00,124.76,125.14,124.61,125.14,234366
1787295000,2026-08-21 15:50:00,125.14,125.14,124.85,124.95,113324
1787295300,2026-08-21 15:55:00,124.96,125.25,124.95,125.23,67195
1787295600,2026-08-21 16:00:00,125.24,125.67,125.13,125.67,162962
1787295900,2026-08-21 16:05:00,125.68,125.85,125.59,125.66,222120
1787296200,2026-08-21 16:10:00,125.67,125.94,125.55,125.93,53440
1787296500,2026-08-21 16:15:00,125.93,126.33,125.88,126.33,175122
1787296800,2026-08-21 16:20:00,126.34,126.76,126.27,126.74,120481
1787297100,2026-08-21 16:25:00,126.75,126.82,126.13,126.13,116491
1787297400,2026-08-21 16:30:00,126.13,126.48,125.97,126.43,131850
1787297700,2026-08-21 16:35:00,126.47,126.47,126.18,126.3,72733
1787298000,2026-08-21 16:40:00,126.28,126.33,125.72,125.76,55813
1787298300,2026-08-21 16:45:00,125.77,126.25,125.68,126.12,127943
1787298600,2026-08-21 16:50:00,126.13,126.16,125.84,125.89,51955
1787298900,2026-08-21 16:55:00,125.89,126.33,125.78,126.33,73324
1787299200,2026-08-21 17:00:00,126.32,126.91,126.04,126.83,225115
1787299500,2026-08-21 17:05:00,126.79,126.82,125.27,125.47,360845
1787299800,2026-08-21 17:10:00,125.45,125.84,124.6,124.84,798465
1787300100,2026-08-21 17:15:00,124.84,125.15,124.33,124.75,344706
1787300400,2026-08-21 17:20:00,124.75,124.95,123.62,124.1,214651
1787300700,2026-08-21 17:25:00,124.15,124.83,124.09,124.67,113254
1787301000,2026-08-21 17:30:00,124.65,125.15,124.65,125.09,158849
1787301300,2026-08-21 17:35:00,125.05,125.52,125.05,125.52,117705
1787301600,2026-08-21 17:40:00,125.5,126.01,125.45,125.95,260666
1787301900,2026-08-21 17:45:00,125.93,126.23,125.74,125.75,167848
1787302200,2026-08-21 17:50:00,125.75,126.32,125.52,125.98,207140
1787302500,2026-08-21 17:55:00,125.95,126.02,125.53,125.63,102919
1787302800,2026-08-21 18:00:00,125.63,125.68,124.82,124.98,270078
1787303100,2026-08-21 18:05:00,124.98,125.05,124.4,124.51,201519
1787303400,2026-08-21 18:10:00,124.53,125.3,124.33,125.3,77606
1787303700,2026-08-21 18:15:00,125.27,125.53,125.01,125.39,113279
1787304000,2026-08-21 18:20:00,125.41,125.51,125.25,125.31,406971
1787304300,2026-08-21 18:25:00,125.3,125.57,125.3,125.36,189769
1787304600,2026-08-21 18:30:00,125.36,125.72,125.15,125.55,98818
1787304900,2026-08-21 18:35:00,125.57,126.25,125.56,126.25,199246
1787305200,2026-08-21 18:40:00,126.22,126.38,126.02,126.23,79206
1787305500,2026-08-21 18:45:00,126.27,126.36,126,126.36,89173
1787305800,2026-08-21 18:50:00,126.36,126.63,126.12,126.52,58225
1787306100,2026-08-21 18:55:00,126.52,126.65,126.38,126.48,51109
1787306400,2026-08-21 19:00:00,126.52,127.28,126.52,127.25,67753
1787306700,2026-08-21 19:05:00,127.27,127.42,126.71,126.9,194861
1787307000,2026-08-21 19:10:00,126.9,126.96,126.6,126.76,146712
1787307300,2026-08-21 19:15:00,126.81,126.9,126.57,126.6,61063
1787307600,2026-08-21 19:20:00,126.62,126.65,126.47,126.54,67765
1787307900,2026-08-21 19:25:00,126.56,127.08,126.55,127.01,56984
1787308200,2026-08-21 19:30:00,127.01,127.1,126.5,126.6,78660
1787308500,2026-08-21 19:35:00,126.63,126.66,126.27,126.49,52258
1787308800,2026-08-21 19:40:00,126.49,126.56,126.25,126.4,58416
1787309100,2026-08-21 19:45:00,126.35,126.59,126.35,126.49,53246
1787309400,2026-08-21 19:50:00,126.46,126.74,126.35,126.61,66238
1787309700,2026-08-21 19:55:00,126.6,126.71,126.33,126.49,48158
1787310000,2026-08-21 20:00:00,126.47,126.84,125.56,125.94,270473
1787310300,2026-08-21 20:05:00,125.94,126.45,125.9,126.14,103314
1787310600,2026-08-21 20:10:00,126.16,126.2,125.57,125.82,143093
1787310900,2026-08-21 20:15:00,125.81,126.31,125.74,126.16,63047
1787311200,2026-08-21 20:20:00,126.16,127.56,126.15,127.5,236471
1787311500,2026-08-21 20:25:00,127.47,127.62,127.11,127.56,224451
1787311800,2026-08-21 20:30:00,127.62,127.98,127.35,127.79,193798
1787312100,2026-08-21 20:35:00,127.79,128.42,127.79,128.05,238469
1787312400,2026-08-21 20:40:00,128,128.4,127.7,128.4,87118
1787312700,2026-08-21 20:45:00,128.38,128.38,127.46,127.62,119253
1787313000,2026-08-21 20:50:00,127.62,127.71,127.34,127.67,110764
1787313300,2026-08-21 20:55:00,127.65,127.79,127.21,127.21,58964
1787313600,2026-08-21 21:00:00,127.27,127.37,126.8,126.93,74869
1787313900,2026-08-21 21:05:00,126.92,127.59,126.87,127.5,71602
1787314200,2026-08-21 21:10:00,127.44,127.55,127.27,127.3,323946
1787314500,2026-08-21 21:15:00,127.36,127.65,127.1,127.1,99220
1787314800,2026-08-21 21:20:00,127.1,127.5,126.88,127.5,156868
1787315100,2026-08-21 21:25:00,127.49,127.76,127.32,127.75,60155
1787315400,2026-08-21 21:30:00,127.73,127.86,127.23,127.46,87870
1787315700,2026-08-21 21:35:00,127.48,127.8,127.33,127.68,94599
1787316000,2026-08-21 21:40:00,127.66,127.89,127.56,127.74,131190
1787316300,2026-08-21 21:45:00,127.73,127.94,127.58,127.89,110891
1787316600,2026-08-21 21:50:00,127.89,127.96,127.44,127.59,108614
1787316900,2026-08-21 21:55:00,127.58,127.78,127.44,127.56,77566
1787317200,2026-08-21 22:00:00,127.57,127.7,127.37,127.43,64425
1787317500,2026-08-21 22:05:00,127.43,127.44,126.91,126.95,359940
1787317800,2026-08-21 22:10:00,126.94,126.98,126.42,126.61,248337
1787318100,2026-08-21 22:15:00,126.61,126.62,126.13,126.32,159033
1787318400,2026-08-21 22:20:00,126.32,126.6,126.23,126.47,88411
1787318700,2026-08-21 22:25:00,126.47,127.43,125.32,126.6,815091
1787319000,2026-08-21 22:30:00,126.62,126.72,124.2,124.68,1552829
1787319300,2026-08-21 22:35:00,124.66,124.9,122.36,123.44,1517705
1787319600,2026-08-21 22:40:00,123.42,124.2,122.78,123.05,882981
1787319900,2026-08-21 22:45:00,123.01,125.08,122.86,124.44,551928
1787320200,2026-08-21 22:50:00,124.5,124.53,121.19,122.48,620904
1787320500,2026-08-21 22:55:00,122.5,122.92,121.48,122.14,564975
1787320800,2026-08-21 23:00:00,122.19,122.68,120.29,120.52,750285
1787321100,2026-08-21 23:05:00,120.53,121.56,120.51,120.9,344556
1787321400,2026-08-21 23:10:00,120.9,121.05,118.42,118.51,604707
1787321700,2026-08-21 23:15:00,118.52,119.61,117.44,117.47,792749
1787322000,2026-08-21 23:20:00,117.47,119.4,117.3,118.45,549275
1787322300,2026-08-21 23:25:00,118.4,120.08,118.1,119.33,538745
1787322600,2026-08-21 23:30:00,119.31,120.2,119.18,119.2,743500
1787322900,2026-08-21 23:35:00,119.22,119.48,118.8,118.89,433585
1787323200,2026-08-21 23:40:00,118.83,119.26,118.09,118.96,479288
1787323500,2026-08-21 23:45:00,118.95,119.57,118.72,119.12,314450
1787323800,2026-08-21 23:50:00,119.13,119.37,117.58,117.74,379334
1787324100,2026-08-21 23:55:00,117.74,118.3,116.9,117.51,634126
1787324400,2026-08-22 00:00:00,117.51,118.36,117.22,118.15,400463
1787324700,2026-08-22 00:05:00,118.17,118.63,117.57,118.51,158089
1787325000,2026-08-22 00:10:00,118.51,119.09,118.35,118.77,190924
1787325300,2026-08-22 00:15:00,118.77,119.08,117.86,118.36,159188
1787325600,2026-08-22 00:20:00,118.33,119.12,118,118.76,127213
1787325900,2026-08-22 00:25:00,118.73,119.29,118.59,119.18,81353
1787326200,2026-08-22 00:30:00,119.22,119.81,119.13,119.8,208946
1787326500,2026-08-22 00:35:00,119.8,120.48,119.57,120.33,222845
1787326800,2026-08-22 00:40:00,120.28,120.94,119.95,120.12,394632
1787327100,2026-08-22 00:45:00,120.11,120.31,119.69,119.88,124218
1787327400,2026-08-22 00:50:00,119.9,120.94,119.9,120.55,106307
1787327700,2026-08-22 00:55:00,120.56,120.58,119.46,119.61,136596
1787328000,2026-08-22 01:00:00,119.62,120,119.45,119.5,61312
1787328300,2026-08-22 01:05:00,119.51,119.52,118.4,118.45,334634
1787328600,2026-08-22 01:10:00,118.46,119.06,118.37,118.59,179615
1787328900,2026-08-22 01:15:00,118.58,119.32,118.52,119.07,57402
1787329200,2026-08-22 01:20:00,119.07,120.01,118.75,119,340747
1787329500,2026-08-22 01:25:00,119.01,119.16,118.78,119.06,76811
1787329800,2026-08-22 01:30:00,119.05,119.19,118.69,118.69,87388
1787330100,2026-08-22 01:35:00,118.68,119.22,118.62,119.11,52583
1787330400,2026-08-22 01:40:00,119.11,119.44,119.07,119.29,38160
1787330700,2026-08-22 01:45:00,119.27,119.35,118.87,118.87,35125
1787331000,2026-08-22 01:50:00,118.88,118.99,118.54,118.6,46757
1787331300,2026-08-22 01:55:00,118.6,118.89,118.33,118.76,69507
1787331600,2026-08-22 02:00:00,118.75,119.04,118.68,118.85,50167
1787331900,2026-08-22 02:05:00,118.81,119.16,118.7,118.93,90958
1787332200,2026-08-22 02:10:00,118.94,118.95,118.72,118.9,34226
1787332500,2026-08-22 02:15:00,118.9,118.91,118.61,118.75,40615
1787332800,2026-08-22 02:20:00,118.72,118.73,118.09,118.3,51829
1787333100,2026-08-22 02:25:00,118.31,118.98,118.1,118.87,52616
1787333400,2026-08-22 02:30:00,118.89,119.35,118.83,119.2,41029
1787333700,2026-08-22 02:35:00,119.2,119.78,119.2,119.64,62870
1787334000,2026-08-22 02:40:00,119.62,120.05,119.51,120,30930
1787334300,2026-08-22 02:45:00,120.06,120.49,119.89,120.4,92996
1787334600,2026-08-22 02:50:00,120.42,120.55,120.23,120.39,73470
1787334900,2026-08-22 02:55:00,120.36,120.46,120.17,120.41,122445
1787335200,2026-08-22 03:00:00,120.44,120.9,120.38,120.79,78859
1787335500,2026-08-22 03:05:00,120.8,120.9,120.49,120.6,50924
1787335800,2026-08-22 03:10:00,120.57,120.74,120.25,120.26,31267
1787336100,2026-08-22 03:15:00,120.27,120.7,120.25,120.52,35928
1787336400,2026-08-22 03:20:00,120.55,120.97,120.55,120.84,44738
1787336700,2026-08-22 03:25:00,120.82,120.91,120.2,120.2,51605
1787337000,2026-08-22 03:30:00,120.2,120.2,119.85,119.97,43714
1787337300,2026-08-22 03:35:00,119.99,120.47,119.86,120.06,85837
1787337600,2026-08-22 03:40:00,120.06,120.32,120.01,120.21,40800
1787337900,2026-08-22 03:45:00,120.23,120.47,120,120.43,36287
1787338200,2026-08-22 03:50:00,120.45,120.71,120.43,120.45,56463
1787338500,2026-08-22 03:55:00,120.43,120.75,120.31,120.69,31034
1787338800,2026-08-22 04:00:00,120.68,121.19,120.64,120.81,163564
1787339100,2026-08-22 04:05:00,120.8,121.21,120.67,120.92,57295
1787339400,2026-08-22 04:10:00,120.91,120.91,120.63,120.75,35769
1787339700,2026-08-22 04:15:00,120.76,121.22,120.63,120.88,28729
1787340000,2026-08-22 04:20:00,120.84,121.19,120.83,121.19,52427
1787340300,2026-08-22 04:25:00,121.15,121.2,120.93,121.04,39309
1787340600,2026-08-22 04:30:00,121.09,121.36,120.97,121.04,82315
1787340900,2026-08-22 04:35:00,120.99,121.01,120.63,120.69,39715
1787341200,2026-08-22 04:40:00,120.68,120.78,120.09,120.25,195611
1787341500,2026-08-22 04:45:00,120.24,120.87,120.23,120.76,104301
1787341800,2026-08-22 04:50:00,120.74,120.82,119.82,120,87954
1787342100,2026-08-22 04:55:00,120.02,120.98,120.02,120.77,65955
1787342400,2026-08-22 05:00:00,120.7,120.73,120.41,120.69,90549
1787342700,2026-08-22 05:05:00,120.68,120.68,120.39,120.42,42064
1787343000,2026-08-22 05:10:00,120.44,120.55,120.34,120.49,26183
1787343300,2026-08-22 05:15:00,120.5,120.62,120.32,120.33,26225
1787343600,2026-08-22 05:20:00,120.36,120.43,120.24,120.28,23895
1787343900,2026-08-22 05:25:00,120.28,120.35,120.19,120.27,24772
1787344200,2026-08-22 05:30:00,120.27,120.56,120.22,120.48,35164
1787344500,2026-08-22 05:35:00,120.48,120.56,120.4,120.47,22866
1787344800,2026-08-22 05:40:00,120.47,120.51,120.42,120.45,19451
1787345100,2026-08-22 05:45:00,120.47,120.49,120.23,120.28,30068
1787345400,2026-08-22 05:50:00,120.26,120.42,120.24,120.34,58592
1787345700,2026-08-22 05:55:00,120.35,120.44,120.29,120.38,38722
1787346000,2026-08-22 06:00:00,120.36,120.46,120.35,120.45,23795
1787346300,2026-08-22 06:05:00,120.46,120.48,120.38,120.41,8119
1787346600,2026-08-22 06:10:00,120.4,120.45,120.3,120.31,126223
1787346900,2026-08-22 06:15:00,120.32,120.36,120.2,120.23,61092
1787347200,2026-08-22 06:20:00,120.24,120.36,120.21,120.26,125428
1787347500,2026-08-22 06:25:00,120.27,120.36,120.1,120.11,48021
1787347800,2026-08-22 06:30:00,120.11,120.12,119.92,120,34683
1787348100,2026-08-22 06:35:00,120,120.1,119.9,119.92,643105
1787348400,2026-08-22 06:40:00,119.91,120.11,119.72,120.08,922061
1787348700,2026-08-22 06:45:00,120.08,120.13,120,120.11,264600
1787349000,2026-08-22 06:50:00,120.11,120.31,120.1,120.24,99785
1787349300,2026-08-22 06:55:00,120.24,120.47,120.15,120.17,169987
1787349600,2026-08-22 07:00:00,120.16,120.32,120.15,120.32,94481
1787349900,2026-08-22 07:05:00,120.32,120.42,120.29,120.41,125294
1787350200,2026-08-22 07:10:00,120.42,120.54,120.41,120.49,215504
1787350500,2026-08-22 07:15:00,120.49,120.52,120.4,120.5,225756
1787350800,2026-08-22 07:20:00,120.5,120.53,120.46,120.52,32797
1787351100,2026-08-22 07:25:00,120.52,120.64,120.51,120.61,77626
1787351400,2026-08-22 07:30:00,120.62,120.62,120.47,120.56,36582
1787351700,2026-08-22 07:35:00,120.57,120.59,120.36,120.36,30316
1787352000,2026-08-22 07:40:00,120.38,120.45,120.34,120.43,14272
1787352300,2026-08-22 07:45:00,120.41,120.56,120.4,120.51,7659
1787352600,2026-08-22 07:50:00,120.51,120.59,120.47,120.51,72374
1787352900,2026-08-22 07:55:00,120.51,120.6,120.44,120.48,33506
1787353200,2026-08-22 08:00:00,120.49,120.54,120.41,120.47,39191
1787353500,2026-08-22 08:05:00,120.47,120.52,120.21,120.23,26438
1787353800,2026-08-22 08:10:00,120.22,120.28,120.11,120.14,13163
1787354100,2026-08-22 08:15:00,120.12,120.13,119.95,119.96,61750
1787354400,2026-08-22 08:20:00,119.96,120.02,119.76,119.8,68273
1787354700,2026-08-22 08:25:00,119.79,120.03,119.72,120,109198
1787355000,2026-08-22 08:30:00,120.03,120.15,119.99,120.06,62207
1787355300,2026-08-22 08:35:00,120.07,120.12,120.04,120.1,56226
1787355600,2026-08-22 08:40:00,120.09,120.17,120.01,120.04,97666
1787355900,2026-08-22 08:45:00,120.06,120.16,120.03,120.09,47581
1787356200,2026-08-22 08:50:00,120.09,120.1,119.94,119.99,78385
1787356500,2026-08-22 08:55:00,120.03,120.03,119.91,119.93,29516
1787356800,2026-08-22 09:00:00,119.94,120.26,119.94,120.26,58934
1787357100,2026-08-22 09:05:00,120.27,120.4,120.16,120.26,175516
1787357400,2026-08-22 09:10:00,120.29,120.46,120.29,120.38,82629
1787357700,2026-08-22 09:15:00,120.36,120.46,120.34,120.43,43112
1787358000,2026-08-22 09:20:00,120.42,120.44,120.1,120.18,19687
1787358300,2026-08-22 09:25:00,120.18,120.2,119.83,119.93,33757
1787358600,2026-08-22 09:30:00,119.95,119.97,119.79,119.79,27703
1787358900,2026-08-22 09:35:00,119.8,120.05,119.78,120.05,19788
1787359200,2026-08-22 09:40:00,120.05,120.19,120.04,120.13,13841
1787359500,2026-08-22 09:45:00,120.13,120.24,120,120.24,21462
1787359800,2026-08-22 09:50:00,120.24,120.26,120,120.15,26879
1787360100,2026-08-22 09:55:00,120.15,120.18,119.88,119.9,20493
1787360400,2026-08-22 10:00:00,119.9,119.96,119.78,119.81,53148
1787360700,2026-08-22 10:05:00,119.81,119.87,119.51,119.53,83405
1787361000,2026-08-22 10:10:00,119.54,119.59,119.45,119.45,38331
1787361300,2026-08-22 10:15:00,119.45,119.66,119.45,119.66,26370
1787361600,2026-08-22 10:20:00,119.66,119.81,119.62,119.71,17305
1787361900,2026-08-22 10:25:00,119.72,119.76,119.62,119.76,31449
1787362200,2026-08-22 10:30:00,119.79,119.81,119.6,119.6,172539
1787362500,2026-08-22 10:35:00,119.61,119.76,119.53,119.74,44094
1787362800,2026-08-22 10:40:00,119.74,119.84,119.7,119.72,18459
1787363100,2026-08-22 10:45:00,119.71,119.9,119.71,119.85,12146
1787363400,2026-08-22 10:50:00,119.88,120.08,119.87,120.02,21731
1787363700,2026-08-22 10:55:00,120.03,120.05,119.8,119.84,32209
1787364000,2026-08-22 11:00:00,119.86,120.18,119.85,120.17,56586
1787364300,2026-08-22 11:05:00,120.17,120.2,120.05,120.14,38462
1787364600,2026-08-22 11:10:00,120.15,120.19,120.07,120.07,31161
1787364900,2026-08-22 11:15:00,120.07,120.09,119.86,120.09,25261
1787365200,2026-08-22 11:20:00,120.08,120.13,120.01,120.05,7733
1787365500,2026-08-22 11:25:00,120.08,120.11,119.84,119.85,25314
1787365800,2026-08-22 11:30:00,119.83,119.85,119.64,119.69,74284
1787366100,2026-08-22 11:35:00,119.69,119.72,119.57,119.63,97160
1787366400,2026-08-22 11:40:00,119.62,119.62,119.53,119.59,74589
1787366700,2026-08-22 11:45:00,119.65,119.75,119.59,119.74,62569
1787367000,2026-08-22 11:50:00,119.74,119.77,119.57,119.71,52014
1787367300,2026-08-22 11:55:00,119.71,119.76,119.67,119.75,30352
1787367600,2026-08-22 12:00:00,119.76,119.89,119.76,119.82,27682
1787367900,2026-08-22 12:05:00,119.82,119.86,119.51,119.51,32307
1787368200,2026-08-22 12:10:00,119.52,119.58,119.45,119.51,260012
1787368500,2026-08-22 12:15:00,119.53,119.61,119.32,119.32,95698
1787368800,2026-08-22 12:20:00,119.3,119.35,119.12,119.12,108016
1787369100,2026-08-22 12:25:00,119.13,119.17,118.96,119.12,91039
1787369400,2026-08-22 12:30:00,119.12,119.21,119.09,119.19,50464
1787369700,2026-08-22 12:35:00,119.17,119.2,119.1,119.19,44237
1787370000,2026-08-22 12:40:00,119.2,119.37,119.18,119.37,36826
1787370300,2026-08-22 12:45:00,119.36,119.42,119.14,119.23,26417
1787370600,2026-08-22 12:50:00,119.25,119.26,119,119.1,20786
1787370900,2026-08-22 12:55:00,119.11,119.29,119.03,119.29,28277
1787371200,2026-08-22 13:00:00,119.3,119.54,119.29,119.53,22378
1787371500,2026-08-22 13:05:00,119.54,119.64,119.4,119.6,27535
1787371800,2026-08-22 13:10:00,119.59,119.68,119.54,119.57,20877
1787372100,2026-08-22 13:15:00,119.58,119.58,119.43,119.58,10668
1787372400,2026-08-22 13:20:00,119.57,119.62,119.47,119.47,5346
1787372700,2026-08-22 13:25:00,119.5,119.54,119.37,119.41,21698
1787373000,2026-08-22 13:30:00,119.42,119.45,119.16,119.17,39370
1787373300,2026-08-22 13:35:00,119.17,119.44,119.17,119.28,36226
1787373600,2026-08-22 13:40:00,119.3,119.3,119,119.12,56818
1787373900,2026-08-22 13:45:00,119.12,119.4,119.12,119.4,86354
1787374200,2026-08-22 13:50:00,119.4,119.52,119.31,119.5,43170
1787374500,2026-08-22 13:55:00,119.5,119.52,119.4,119.48,45372
1787374800,2026-08-22 14:00:00,119.5,119.58,119.37,119.53,40547
1787375100,2026-08-22 14:05:00,119.53,119.79,119.33,119.39,65897
1787375400,2026-08-22 14:10:00,119.4,119.46,114.01,116.85,1341543
1787375700,2026-08-22 14:15:00,116.91,118.6,116.87,118.23,546899
1787376000,2026-08-22 14:20:00,118.22,118.48,118,118.29,132908
1787376300,2026-08-22 14:25:00,118.3,119.29,118.3,119.02,337462
1787376600,2026-08-22 14:30:00,119.02,119.12,118.79,118.84,233644
1787376900,2026-08-22 14:35:00,118.84,118.92,118.59,118.8,116755
1787377200,2026-08-22 14:40:00,118.8,118.89,118.62,118.75,114977
1787377500,2026-08-22 14:45:00,118.75,119.07,118.72,119.07,100812
1787377800,2026-08-22 14:50:00,119.06,119.09,118.89,118.98,29952
1787378100,2026-08-22 14:55:00,118.98,119.07,118.9,119.03,23681
1787378400,2026-08-22 15:00:00,119.02,119.04,118.87,119.01,21901
1787378700,2026-08-22 15:05:00,119.02,119.05,118.89,118.96,31315
1787379000,2026-08-22 15:10:00,118.97,118.98,118.68,118.74,25281
1787379300,2026-08-22 15:15:00,118.76,118.89,118.76,118.83,48671
1787379600,2026-08-22 15:20:00,118.83,119.1,118.83,119.1,20615
1787379900,2026-08-22 15:25:00,119.1,119.11,118.88,118.89,18110
1787380200,2026-08-22 15:30:00,118.89,119.07,118.88,118.95,19826
1787380500,2026-08-22 15:35:00,118.97,119.22,118.89,119.22,15162
1787380800,2026-08-22 15:40:00,119.23,119.84,119.23,119.74,390881
1787381100,2026-08-22 15:45:00,119.74,119.75,119.58,119.63,83040
1787381400,2026-08-22 15:50:00,119.63,119.75,119.57,119.59,16760
1787381700,2026-08-22 15:55:00,119.58,119.62,119.47,119.47,24518
1787382000,2026-08-22 16:00:00,119.47,119.57,119.38,119.47,34502
1787382300,2026-08-22 16:05:00,119.47,119.53,119.37,119.49,20702
1787382600,2026-08-22 16:10:00,119.44,119.52,119.4,119.49,19124
1787382900,2026-08-22 16:15:00,119.51,119.52,119.43,119.49,17952
1787383200,2026-08-22 16:20:00,119.48,119.53,119.44,119.52,8604
1787383500,2026-08-22 16:25:00,119.52,119.6,119.41,119.48,12838
1787383800,2026-08-22 16:30:00,119.45,119.59,119.41,119.51,12595
1787384100,2026-08-22 16:35:00,119.5,119.61,119.4,119.57,18583
1787384400,2026-08-22 16:40:00,119.58,119.74,119.57,119.72,78293
1787384700,2026-08-22 16:45:00,119.72,119.92,119.67,119.87,46833
1787385000,2026-08-22 16:50:00,119.86,120.01,119.79,119.83,40243
1787385300,2026-08-22 16:55:00,119.84,119.86,119.8,119.82,15153
1787385600,2026-08-22 17:00:00,119.82,119.82,119.5,119.56,42749
1787385900,2026-08-22 17:05:00,119.56,119.66,119.26,119.3,69657
1787386200,2026-08-22 17:10:00,119.35,119.48,119.33,119.46,33697
1787386500,2026-08-22 17:15:00,119.47,119.48,119.34,119.34,21096
1787386800,2026-08-22 17:20:00,119.35,119.49,119.34,119.48,8405
1787387100,2026-08-22 17:25:00,119.48,119.49,119.3,119.37,31560
1787387400,2026-08-22 17:30:00,119.4,119.4,119.28,119.29,40727
1787387700,2026-08-22 17:35:00,119.38,119.56,119.35,119.53,38060
1787388000,2026-08-22 17:40:00,119.56,119.65,119.52,119.6,35481
1787388300,2026-08-22 17:45:00,119.64,119.64,119.49,119.6,17005
1787388600,2026-08-22 17:50:00,119.6,119.8,119.6,119.8,11506
1787388900,2026-08-22 17:55:00,119.8,119.92,119.72,119.8,29439
1787389200,2026-08-22 18:00:00,119.8,119.83,119.65,119.7,17315
1787389500,2026-08-22 18:05:00,119.71,119.77,119.65,119.77,11490
1787389800,2026-08-22 18:10:00,119.8,119.96,119.78,119.81,12660
1787390100,2026-08-22 18:15:00,119.8,119.82,119.7,119.72,11431
1787390400,2026-08-22 18:20:00,119.72,119.76,119.62,119.65,9829
1787390700,2026-08-22 18:25:00,119.65,119.71,119.63,119.64,18951
1787391000,2026-08-22 18:30:00,119.65,119.69,119.55,119.62,14034
1787391300,2026-08-22 18:35:00,119.69,119.74,119.64,119.67,6406
1787391600,2026-08-22 18:40:00,119.68,119.79,119.64,119.77,9433
1787391900,2026-08-22 18:45:00,119.78,119.94,119.75,119.76,6981
1787392200,2026-08-22 18:50:00,119.75,119.77,119.68,119.71,24103
1787392500,2026-08-22 18:55:00,119.71,119.89,119.68,119.81,40025
1787392800,2026-08-22 19:00:00,119.81,119.96,119.77,119.9,28901
1787393100,2026-08-22 19:05:00,119.95,119.95,119.65,119.75,22971
1787393400,2026-08-22 19:10:00,119.76,119.78,119.57,119.58,31718
1787393700,2026-08-22 19:15:00,119.58,119.76,119.56,119.65,28312
1787394000,2026-08-22 19:20:00,119.65,119.72,119.55,119.55,18210
1787394300,2026-08-22 19:25:00,119.55,119.58,119.3,119.56,39625
1787394600,2026-08-22 19:30:00,119.6,119.68,119.44,119.68,17778
1787394900,2026-08-22 19:35:00,119.67,119.77,119.67,119.76,13367
1787395200,2026-08-22 19:40:00,119.77,119.88,119.74,119.87,8043
1787395500,2026-08-22 19:45:00,119.87,119.9,119.74,119.85,6416
1787395800,2026-08-22 19:50:00,119.84,119.86,119.78,119.82,13319
1787396100,2026-08-22 19:55:00,119.83,119.86,119.64,119.74,18125
1787396400,2026-08-22 20:00:00,119.74,119.79,119.55,119.61,4938
1787396700,2026-08-22 20:05:00,119.62,119.72,119.6,119.7,4921
1787397000,2026-08-22 20:10:00,119.7,119.71,119.69,119.7,4390
1787397300,2026-08-22 20:15:00,119.7,119.76,119.63,119.76,2583
1787397600,2026-08-22 20:20:00,119.75,119.76,119.59,119.59,10566
1787397900,2026-08-22 20:25:00,119.61,119.76,119.55,119.73,6596
1787398200,2026-08-22 20:30:00,119.73,119.74,119.68,119.72,6585
1787398500,2026-08-22 20:35:00,119.72,119.78,119.72,119.74,2959
1787398800,2026-08-22 20:40:00,119.72,119.79,119.7,119.79,3256
1787399100,2026-08-22 20:45:00,119.78,119.82,119.63,119.68,3995
1787399400,2026-08-22 20:50:00,119.68,119.74,119.68,119.69,3020
1787399700,2026-08-22 20:55:00,119.69,119.73,119.57,119.65,7450
1787400000,2026-08-22 21:00:00,119.66,119.73,119.61,119.64,31176
1787400300,2026-08-22 21:05:00,119.64,119.7,119.55,119.69,19338
1787400600,2026-08-22 21:10:00,119.69,119.7,119.53,119.59,34631
1787400900,2026-08-22 21:15:00,119.58,119.58,119.4,119.4,16944
1787401200,2026-08-22 21:20:00,119.4,119.5,119.4,119.49,4058
1787401500,2026-08-22 21:25:00,119.49,119.51,119.29,119.31,6855
1787401800,2026-08-22 21:30:00,119.31,119.38,119.2,119.25,11349
1787402100,2026-08-22 21:35:00,119.26,119.26,118.82,119.03,24767
1787402400,2026-08-22 21:40:00,119.08,119.13,119.01,119.09,3342
1787402700,2026-08-22 21:45:00,119.08,119.08,118.95,118.99,14682
1787403000,2026-08-22 21:50:00,119.02,119.04,118.94,118.96,16864
1787403300,2026-08-22 21:55:00,118.99,119.06,118.96,119.02,7224
1787403600,2026-08-22 22:00:00,119.04,119.07,118.99,119,3253
1787403900,2026-08-22 22:05:00,119,119.14,119,119.13,2930
1787404200,2026-08-22 22:10:00,119.16,119.33,119.15,119.25,4762
1787404500,2026-08-22 22:15:00,119.24,119.25,119.1,119.13,4779
1787404800,2026-08-22 22:20:00,119.12,119.29,119.11,119.29,3456
1787405100,2026-08-22 22:25:00,119.3,119.31,119.22,119.22,1864
1787405400,2026-08-22 22:30:00,119.22,119.26,119.13,119.23,2011
1787405700,2026-08-22 22:35:00,119.23,119.27,119.19,119.22,1803
1787406000,2026-08-22 22:40:00,119.27,119.27,119.11,119.12,2938
1787406300,2026-08-22 22:45:00,119.12,119.18,119.1,119.17,4576
1787406600,2026-08-22 22:50:00,119.16,119.22,119.15,119.18,9907
1787406900,2026-08-22 22:55:00,119.18,119.24,119.09,119.13,6632
1787407200,2026-08-22 23:00:00,119.14,119.33,119.12,119.32,9035
1787407500,2026-08-22 23:05:00,119.32,119.34,119.13,119.21,11929
1787407800,2026-08-22 23:10:00,119.22,119.27,119.18,119.27,3179
1787408100,2026-08-22 23:15:00,119.27,119.3,119.24,119.3,18600
1787408400,2026-08-22 23:20:00,119.26,119.35,119.26,119.3,5437
1787408700,2026-08-22 23:25:00,119.3,119.35,119.3,119.32,2928
1787409000,2026-08-22 23:30:00,119.32,119.34,119.2,119.27,4777
1787409300,2026-08-22 23:35:00,119.3,119.34,119.25,119.29,882
1787409600,2026-08-22 23:40:00,119.31,119.33,119.11,119.14,32757
1787409900,2026-08-22 23:45:00,119.15,119.19,119.03,119.04,14363
1787410200,2026-08-22 23:50:00,119.04,119.09,118.81,118.81,12656
1787410500,2026-08-22 23:55:00,118.85,119.01,118.83,119.01,5451
1787410800,2026-08-23 00:00:00,118.99,119.1,118.86,118.86,4218
1787411100,2026-08-23 00:05:00,118.86,118.9,118.1,118.35,60801
1787411400,2026-08-23 00:10:00,118.35,118.38,117.64,117.92,182342
1787411700,2026-08-23 00:15:00,117.88,117.95,117.34,117.89,274222
1787412000,2026-08-23 00:20:00,117.86,118.13,117.84,118.04,84747
1787412300,2026-08-23 00:25:00,118.05,118.31,118.05,118.2,68504
1787412600,2026-08-23 00:30:00,118.18,118.29,118.11,118.19,13826
1787412900,2026-08-23 00:35:00,118.18,118.3,118.11,118.26,30198
1787413200,2026-08-23 00:40:00,118.26,118.3,118.19,118.24,24637
1787413500,2026-08-23 00:45:00,118.24,118.29,118.04,118.26,21609
1787413800,2026-08-23 00:50:00,118.25,118.3,118.15,118.27,22237
1787414100,2026-08-23 00:55:00,118.26,118.27,118.1,118.12,33872
1787414400,2026-08-23 01:00:00,118.12,118.37,117.97,118.37,39836
1787414700,2026-08-23 01:05:00,118.4,118.4,118.25,118.28,23764
1787415000,2026-08-23 01:10:00,118.28,118.28,118.2,118.21,15338
1787415300,2026-08-23 01:15:00,118.25,118.31,118.16,118.21,22981
1787415600,2026-08-23 01:20:00,118.21,118.25,118.03,118.25,2938
1787415900,2026-08-23 01:25:00,118.25,118.25,118.12,118.17,3959
1787416200,2026-08-23 01:30:00,118.17,118.25,118.14,118.21,8543
1787416500,2026-08-23 01:35:00,118.22,118.22,118.12,118.22,18495
1787416800,2026-08-23 01:40:00,118.22,118.26,118.12,118.18,7283
1787417100,2026-08-23 01:45:00,118.18,118.27,117.84,117.84,68301
1787417400,2026-08-23 01:50:00,117.84,118.05,117.8,118.03,33944
1787417700,2026-08-23 01:55:00,118.04,118.04,117.94,118.02,17104
1787418000,2026-08-23 02:00:00,118.03,118.15,117.98,118.15,40297
1787418300,2026-08-23 02:05:00,118.15,118.23,118.13,118.17,21677
1787418600,2026-08-23 02:10:00,118.17,118.2,118.08,118.14,14656
1787418900,2026-08-23 02:15:00,118.13,118.2,118.1,118.18,6031
1787419200,2026-08-23 02:20:00,118.2,118.2,118.14,118.17,3237
1787419500,2026-08-23 02:25:00,118.18,118.23,118.13,118.19,7381
1787419800,2026-08-23 02:30:00,118.17,118.19,118.09,118.12,11894
1787420100,2026-08-23 02:35:00,118.12,118.13,118.06,118.08,4453
1787420400,2026-08-23 02:40:00,118.08,118.19,118.08,118.18,4165
1787420700,2026-08-23 02:45:00,118.18,118.4,118.18,118.27,5493
1787421000,2026-08-23 02:50:00,118.27,118.28,118.16,118.17,4342
1787421300,2026-08-23 02:55:00,118.17,118.25,118.13,118.14,3991
1787421600,2026-08-23 03:00:00,118.15,118.26,118.06,118.06,5900
1787421900,2026-08-23 03:05:00,118.07,118.11,117.97,118.07,8316
1787422200,2026-08-23 03:10:00,118.09,118.14,118.05,118.13,5798
1787422500,2026-08-23 03:15:00,118.13,118.16,117.6,117.65,17579
1787422800,2026-08-23 03:20:00,117.62,117.68,117.35,117.65,106870
1787423100,2026-08-23 03:25:00,117.65,117.71,117.13,117.35,107676
1787423400,2026-08-23 03:30:00,117.35,117.58,117.31,117.49,34528
1787423700,2026-08-23 03:35:00,117.47,117.57,117.44,117.53,14744
1787424000,2026-08-23 03:40:00,117.53,117.58,117.43,117.51,49322
1787424300,2026-08-23 03:45:00,117.51,117.62,117.44,117.56,9735
1787424600,2026-08-23 03:50:00,117.57,117.63,117.56,117.59,4993
1787424900,2026-08-23 03:55:00,117.59,117.64,117.49,117.62,4864
1787425200,2026-08-23 04:00:00,117.63,117.71,117.62,117.69,4592
1787425500,2026-08-23 04:05:00,117.7,117.7,117.63,117.66,5197
1787425800,2026-08-23 04:10:00,117.64,117.7,117.64,117.67,5120
1787426100,2026-08-23 04:15:00,117.67,117.69,117.49,117.6,11084
1787426400,2026-08-23 04:20:00,117.62,117.62,117.5,117.53,12028
1787426700,2026-08-23 04:25:00,117.55,117.63,117.53,117.55,4827
1787427000,2026-08-23 04:30:00,117.59,117.63,117.49,117.51,4573
1787427300,2026-08-23 04:35:00,117.52,117.55,117.47,117.47,44170
1787427600,2026-08-23 04:40:00,117.47,117.66,117.45,117.55,36136
1787427900,2026-08-23 04:45:00,117.53,117.69,117.53,117.59,21883
1787428200,2026-08-23 04:50:00,117.59,117.59,117.47,117.54,21730
1787428500,2026-08-23 04:55:00,117.54,117.61,117.46,117.56,14894
1787428800,2026-08-23 05:00:00,117.6,117.63,117.4,117.55,23976
1787429100,2026-08-23 05:05:00,117.54,117.6,117.51,117.51,23145
1787429400,2026-08-23 05:10:00,117.52,118.27,117.51,118.27,28456
1787429700,2026-08-23 05:15:00,118.28,118.31,118.03,118.12,35822
1787430000,2026-08-23 05:20:00,118.12,118.19,118.05,118.15,10867
1787430300,2026-08-23 05:25:00,118.16,118.34,118.15,118.24,10935
1787430600,2026-08-23 05:30:00,118.28,118.41,118.25,118.38,23339
1787430900,2026-08-23 05:35:00,118.34,118.4,118.32,118.35,16756
1787431200,2026-08-23 05:40:00,118.36,118.39,118.33,118.36,7004
1787431500,2026-08-23 05:45:00,118.36,118.39,118.15,118.25,14621
1787431800,2026-08-23 05:50:00,118.27,118.4,118.23,118.38,10207
1787432100,2026-08-23 05:55:00,118.39,118.41,118.27,118.35,14050
1787432400,2026-08-23 06:00:00,118.38,118.42,117.8,117.93,53600
1787432700,2026-08-23 06:05:00,117.97,118.04,117.93,118.01,22890
1787433000,2026-08-23 06:10:00,118.01,118.02,117.5,117.52,40273
1787433300,2026-08-23 06:15:00,117.53,117.74,117.53,117.68,23933
1787433600,2026-08-23 06:20:00,117.72,117.74,117.57,117.57,4782
1787433900,2026-08-23 06:25:00,117.54,117.57,117.53,117.56,1954
1787434200,2026-08-23 06:30:00,117.56,117.56,117.35,117.39,2068
1787434500,2026-08-23 06:35:00,117.4,117.53,117.25,117.5,6905
1787434800,2026-08-23 06:40:00,117.55,117.74,117.51,117.73,7063
1787435100,2026-08-23 06:45:00,117.74,117.84,117.72,117.79,8001
1787435400,2026-08-23 06:50:00,117.84,117.91,117.77,117.8,8363
1787435700,2026-08-23 06:55:00,117.8,118.04,117.77,117.95,10212
1787436000,2026-08-23 07:00:00,117.99,118.1,117.86,118.02,9181
1787436300,2026-08-23 07:05:00,118.03,118.15,117.97,117.97,5720
1787436600,2026-08-23 07:10:00,117.97,117.99,117.88,117.9,2215
1787436900,2026-08-23 07:15:00,117.9,117.93,117.62,117.73,2768
1787437200,2026-08-23 07:20:00,117.7,117.79,117.69,117.74,1550
1787437500,2026-08-23 07:25:00,117.78,117.78,117.6,117.69,4502
1787437800,2026-08-23 07:30:00,117.66,117.7,117.47,117.57,8243
1787438100,2026-08-23 07:35:00,117.55,117.58,117.52,117.54,6974
1787438400,2026-08-23 07:40:00,117.54,117.54,117.46,117.5,4084
1787438700,2026-08-23 07:45:00,117.51,117.6,117.47,117.5,3723
1787439000,2026-08-23 07:50:00,117.51,117.61,117.5,117.6,3165
1787439300,2026-08-23 07:55:00,117.6,117.61,117.49,117.59,12626
1787439600,2026-08-23 08:00:00,117.61,117.62,117.56,117.6,2427
1787439900,2026-08-23 08:05:00,117.61,117.67,117.59,117.63,4783
1787440200,2026-08-23 08:10:00,117.63,117.66,117.6,117.61,3482
1787440500,2026-08-23 08:15:00,117.64,117.66,117.62,117.64,4658
1787440800,2026-08-23 08:20:00,117.65,117.76,117.63,117.74,1967
1787441100,2026-08-23 08:25:00,117.74,117.77,117.69,117.72,2441
1787441400,2026-08-23 08:30:00,117.72,117.93,117.71,117.91,3797
1787441700,2026-08-23 08:35:00,117.93,117.95,117.9,117.94,17371
1787442000,2026-08-23 08:40:00,117.95,118.03,117.9,117.94,2876
1787442300,2026-08-23 08:45:00,117.95,117.97,117.87,117.97,11552
1787442600,2026-08-23 08:50:00,117.99,118,117.86,117.87,6219
1787442900,2026-08-23 08:55:00,117.88,117.89,117.86,117.89,833
1787443200,2026-08-23 09:00:00,118,118.04,117.91,117.94,6286
1787443500,2026-08-23 09:05:00,117.94,118.12,117.92,118.12,2562
1787443800,2026-08-23 09:10:00,118.12,118.2,118.02,118.03,9495
1787444100,2026-08-23 09:15:00,118.03,118.1,118.01,118.07,4834
1787444400,2026-08-23 09:20:00,118.07,118.19,118.06,118.15,5265
1787444700,2026-08-23 09:25:00,118.14,118.16,117.99,117.99,9037
1787445000,2026-08-23 09:30:00,117.95,118.6,117.94,118.35,35354
1787445300,2026-08-23 09:35:00,118.36,118.49,118.32,118.39,18777
1787445600,2026-08-23 09:40:00,118.4,118.48,118.31,118.37,19799
1787445900,2026-08-23 09:45:00,118.38,118.41,118.27,118.31,9808
1787446200,2026-08-23 09:50:00,118.31,118.33,118.2,118.2,7693
1787446500,2026-08-23 09:55:00,118.2,118.38,118.16,118.27,5166
1787446800,2026-08-23 10:00:00,118.32,118.39,118.3,118.33,4541
1787447100,2026-08-23 10:05:00,118.28,118.32,118.22,118.31,3204
1787447400,2026-08-23 10:10:00,118.28,118.41,118.25,118.35,13755
1787447700,2026-08-23 10:15:00,118.35,118.37,118.2,118.28,18622
1787448000,2026-08-23 10:20:00,118.28,118.45,118.26,118.43,5232
1787448300,2026-08-23 10:25:00,118.4,118.43,118.35,118.43,4276
1787448600,2026-08-23 10:30:00,118.43,118.47,118.37,118.46,6935
1787448900,2026-08-23 10:35:00,118.47,118.5,118.42,118.48,8577
1787449200,2026-08-23 10:40:00,118.46,118.57,118.46,118.57,5730
1787449500,2026-08-23 10:45:00,118.56,118.63,118.56,118.61,3721
1787449800,2026-08-23 10:50:00,118.63,118.89,118.61,118.89,4476
1787450100,2026-08-23 10:55:00,118.83,118.85,118.63,118.8,22734
1787450400,2026-08-23 11:00:00,118.78,118.9,118.71,118.88,6412
1787450700,2026-08-23 11:05:00,118.87,118.9,118.64,118.75,4920
1787451000,2026-08-23 11:10:00,118.75,118.83,118.53,118.59,33650
1787451300,2026-08-23 11:15:00,118.6,118.7,118.59,118.7,9340
1787451600,2026-08-23 11:20:00,118.7,118.9,118.7,118.8,1456
1787451900,2026-08-23 11:25:00,118.84,118.99,118.84,118.87,3305
1787452200,2026-08-23 11:30:00,118.83,118.93,118.76,118.77,25285
1787452500,2026-08-23 11:35:00,118.79,118.97,118.79,118.96,7563
1787452800,2026-08-23 11:40:00,118.98,119,118.82,118.88,9322
1787453100,2026-08-23 11:45:00,118.9,118.98,118.86,118.92,5515
1787453400,2026-08-23 11:50:00,118.93,118.93,118.76,118.8,19593
1787453700,2026-08-23 11:55:00,118.82,118.88,118.74,118.8,33259
1787454000,2026-08-23 12:00:00,118.8,118.87,118.63,118.7,13801
1787454300,2026-08-23 12:05:00,118.7,118.78,118.64,118.68,12515
1787454600,2026-08-23 12:10:00,118.68,118.78,118.64,118.66,6065
1787454900,2026-08-23 12:15:00,118.66,118.68,118.62,118.65,1939
1787455200,2026-08-23 12:20:00,118.7,118.78,118.63,118.69,4489
1787455500,2026-08-23 12:25:00,118.69,118.89,118.69,118.84,3523
1787455800,2026-08-23 12:30:00,118.84,118.85,118.69,118.82,1349
1787456100,2026-08-23 12:35:00,118.87,118.93,118.84,118.88,3615
1787456400,2026-08-23 12:40:00,118.84,118.86,118.7,118.7,3693
1787456700,2026-08-23 12:45:00,118.7,119.02,118.66,118.98,13113
1787457000,2026-08-23 12:50:00,118.93,118.98,118.92,118.96,6203
1787457300,2026-08-23 12:55:00,118.96,119.02,118.87,118.88,3891
1787457600,2026-08-23 13:00:00,118.88,119.21,118.88,118.9,23575
1787457900,2026-08-23 13:05:00,118.9,118.91,118.72,118.72,14419
1787458200,2026-08-23 13:10:00,118.79,118.93,118.76,118.87,7678
1787458500,2026-08-23 13:15:00,118.87,118.97,118.83,118.9,11253
1787458800,2026-08-23 13:20:00,118.9,119.03,118.9,119.03,8037
1787459100,2026-08-23 13:25:00,119.03,119.03,118.91,118.92,17888
1787459400,2026-08-23 13:30:00,118.93,118.99,118.9,118.97,17990
1787459700,2026-08-23 13:35:00,118.98,119.01,118.95,119,4418
1787460000,2026-08-23 13:40:00,119.01,119.07,118.96,118.99,1251
1787460300,2026-08-23 13:45:00,119,119.02,118.6,118.64,27497
1787460600,2026-08-23 13:50:00,118.64,118.87,118.6,118.77,17343
1787460900,2026-08-23 13:55:00,118.77,118.95,118.77,118.88,6545
1787461200,2026-08-23 14:00:00,118.81,118.95,118.74,118.86,12202
1787461500,2026-08-23 14:05:00,118.86,118.94,118.74,118.75,12391
1787461800,2026-08-23 14:10:00,118.75,119,118.74,118.75,4958
1787462100,2026-08-23 14:15:00,118.75,118.83,118.45,118.63,13771
1787462400,2026-08-23 14:20:00,118.63,118.63,118.45,118.55,22397
1787462700,2026-08-23 14:25:00,118.55,118.56,118.4,118.46,18877
1787463000,2026-08-23 14:30:00,118.47,118.5,118.36,118.45,10824
1787463300,2026-08-23 14:35:00,118.43,118.48,118.36,118.37,4257
1787463600,2026-08-23 14:40:00,118.43,118.44,118.38,118.4,3043
1787463900,2026-08-23 14:45:00,118.4,118.5,118.39,118.49,3865
1787464200,2026-08-23 14:50:00,118.49,118.52,118.3,118.3,99580
1787464500,2026-08-23 14:55:00,118.3,118.33,118.15,118.15,372651
1787464800,2026-08-23 15:00:00,118.15,118.17,118.01,118.16,16896
1787465100,2026-08-23 15:05:00,118.17,118.2,117.92,118.05,16755
1787465400,2026-08-23 15:10:00,118.04,118.25,117.99,118.25,2751
1787465700,2026-08-23 15:15:00,118.18,118.26,118.07,118.22,6841
1787466000,2026-08-23 15:20:00,118.25,118.28,118.18,118.25,4186
1787466300,2026-08-23 15:25:00,118.27,118.27,118.13,118.22,2750
1787466600,2026-08-23 15:30:00,118.22,118.27,118.13,118.16,3789
1787466900,2026-08-23 15:35:00,118.17,118.19,118.08,118.18,7208
1787467200,2026-08-23 15:40:00,118.18,118.18,118.14,118.15,3808
1787467500,2026-08-23 15:45:00,118.17,118.19,118.12,118.17,3089
1787467800,2026-08-23 15:50:00,118.16,118.25,118.1,118.2,2846
1787468100,2026-08-23 15:55:00,118.2,118.22,118.1,118.1,2695
1787468400,2026-08-23 16:00:00,118.11,118.2,118.08,118.2,2134
1787468700,2026-08-23 16:05:00,118.22,118.24,118.14,118.19,1812
1787469000,2026-08-23 16:10:00,118.16,118.28,118.16,118.23,11095
1787469300,2026-08-23 16:15:00,118.25,118.38,118.22,118.37,13182
1787469600,2026-08-23 16:20:00,118.37,118.45,118.31,118.45,9220
1787469900,2026-08-23 16:25:00,118.48,118.71,118.48,118.65,6895
1787470200,2026-08-23 16:30:00,118.66,118.8,118.62,118.76,10169
1787470500,2026-08-23 16:35:00,118.76,118.76,118.64,118.66,4935
1787470800,2026-08-23 16:40:00,118.62,118.72,118.58,118.61,5786
1787471100,2026-08-23 16:45:00,118.61,118.75,118.61,118.73,5871
1787471400,2026-08-23 16:50:00,118.72,118.82,118.68,118.75,3485
1787471700,2026-08-23 16:55:00,118.76,118.79,118.65,118.76,17115
1787472000,2026-08-23 17:00:00,118.78,118.84,118.73,118.77,18659
1787472300,2026-08-23 17:05:00,118.77,118.94,118.7,118.83,6363
1787472600,2026-08-23 17:10:00,118.86,118.93,118.75,118.85,14457
1787472900,2026-08-23 17:15:00,118.85,119.43,118.79,119.15,47640
1787473200,2026-08-23 17:20:00,119.15,119.41,119.12,119.31,28685
1787473500,2026-08-23 17:25:00,119.34,119.43,119.2,119.24,15212
1787473800,2026-08-23 17:30:00,119.26,119.35,119.2,119.23,11534
1787474100,2026-08-23 17:35:00,119.23,119.24,119.08,119.13,10809
1787474400,2026-08-23 17:40:00,119.13,119.4,119.13,119.38,20584
1787474700,2026-08-23 17:45:00,119.36,119.5,119.32,119.49,15447
1787475000,2026-08-23 17:50:00,119.5,119.52,119.33,119.34,5377
1787475300,2026-08-23 17:55:00,119.35,119.4,119.25,119.3,4336
1787475600,2026-08-23 18:00:00,119.28,119.4,119.25,119.39,2589
1787475900,2026-08-23 18:05:00,119.39,119.47,119.35,119.41,1675
1787476200,2026-08-23 18:10:00,119.42,119.5,119.4,119.4,3198
1787476500,2026-08-23 18:15:00,119.41,119.5,119.39,119.5,3908
1787476800,2026-08-23 18:20:00,119.5,119.5,119.32,119.32,3741
1787477100,2026-08-23 18:25:00,119.33,119.43,119.3,119.42,4099
1787477400,2026-08-23 18:30:00,119.42,119.44,119.36,119.43,14062
1787477700,2026-08-23 18:35:00,119.43,119.51,119.34,119.34,12176
1787478000,2026-08-23 18:40:00,119.34,119.45,119.33,119.42,4589
1787478300,2026-08-23 18:45:00,119.42,119.61,119.37,119.53,21928
1787478600,2026-08-23 18:50:00,119.55,119.68,119.48,119.59,18018
1787478900,2026-08-23 18:55:00,119.59,119.64,119.56,119.63,4658
1787479200,2026-08-23 19:00:00,119.63,119.79,119.61,119.71,17268
1787479500,2026-08-23 19:05:00,119.72,119.8,119.63,119.66,9420
1787479800,2026-08-23 19:10:00,119.69,119.78,119.66,119.67,4830
1787480100,2026-08-23 19:15:00,119.67,119.75,119.64,119.66,5302
1787480400,2026-08-23 19:20:00,119.66,119.73,119.61,119.64,2559
1787480700,2026-08-23 19:25:00,119.64,119.66,119.6,119.62,18863
1787481000,2026-08-23 19:30:00,119.64,119.64,119.55,119.59,15274
1787481300,2026-08-23 19:35:00,119.58,119.6,119.57,119.59,5201
1787481600,2026-08-23 19:40:00,119.59,119.62,119.59,119.59,4165
1787481900,2026-08-23 19:45:00,119.58,119.7,119.57,119.67,10189
1787482200,2026-08-23 19:50:00,119.67,119.7,119.66,119.68,14239
1787482500,2026-08-23 19:55:00,119.68,119.75,119.68,119.7,5609
1787482800,2026-08-23 20:00:00,119.7,119.76,119.7,119.76,3173
1787483100,2026-08-23 20:05:00,119.73,119.79,119.72,119.72,14766
1787483400,2026-08-23 20:10:00,119.72,119.78,119.72,119.77,43169
1787483700,2026-08-23 20:15:00,119.77,119.78,119.7,119.76,13555
1787484000,2026-08-23 20:20:00,119.77,119.79,119.65,119.71,11759
1787484300,2026-08-23 20:25:00,119.71,119.72,119.62,119.63,6293
1787484600,2026-08-23 20:30:00,119.65,119.66,119.56,119.59,13219
1787484900,2026-08-23 20:35:00,119.59,119.67,119.53,119.56,5650
1787485200,2026-08-23 20:40:00,119.55,119.69,119.52,119.64,16745
1787485500,2026-08-23 20:45:00,119.64,119.64,119.56,119.61,10002
1787485800,2026-08-23 20:50:00,119.64,119.77,119.61,119.76,16725
1787486100,2026-08-23 20:55:00,119.76,119.77,119.66,119.72,21034
1787486400,2026-08-23 21:00:00,119.72,119.98,119.69,119.92,33581
1787486700,2026-08-23 21:05:00,119.96,120.01,119.91,119.99,22791
1787487000,2026-08-23 21:10:00,120,120,119.9,119.94,13096
1787487300,2026-08-23 21:15:00,119.95,119.96,119.92,119.96,10514
1787487600,2026-08-23 21:20:00,119.96,120.03,119.91,119.92,2373
1787487900,2026-08-23 21:25:00,119.92,119.96,119.91,119.96,2816
1787488200,2026-08-23 21:30:00,119.97,120.02,119.95,119.98,3007
1787488500,2026-08-23 21:35:00,120,120.02,119.98,120,1705
1787488800,2026-08-23 21:40:00,119.99,120.02,119.93,119.98,2991
1787489100,2026-08-23 21:45:00,119.99,119.99,119.96,119.99,2631
1787489400,2026-08-23 21:50:00,120.01,120.04,119.97,119.99,58177
1787489700,2026-08-23 21:55:00,119.99,120.05,119.99,120,12008
1787490000,2026-08-23 22:00:00,120.01,120.05,119.9,119.9,2825
1787490300,2026-08-23 22:05:00,119.89,119.94,119.83,119.86,5159
1787490600,2026-08-23 22:10:00,119.86,119.94,119.81,119.92,2305
1787490900,2026-08-23 22:15:00,119.92,119.97,119.74,119.88,10372
1787491200,2026-08-23 22:20:00,119.88,119.88,119.77,119.86,8230
1787491500,2026-08-23 22:25:00,119.86,119.93,119.79,119.83,34486
1787491800,2026-08-23 22:30:00,119.84,119.93,119.73,119.74,17699
1787492100,2026-08-23 22:35:00,119.74,119.85,119.7,119.84,22361
1787492400,2026-08-23 22:40:00,119.84,119.94,119.82,119.94,19966
1787492700,2026-08-23 22:45:00,119.96,119.98,119.93,119.97,5826
1787493000,2026-08-23 22:50:00,119.92,119.99,119.9,119.98,2101
1787493300,2026-08-23 22:55:00,119.98,120.02,119.96,119.97,6970
1787493600,2026-08-23 23:00:00,119.97,120.01,119.9,119.92,9719
1787493900,2026-08-23 23:05:00,119.94,119.95,119.84,119.89,19078
1787494200,2026-08-23 23:10:00,119.88,119.94,119.86,119.86,34276
1787494500,2026-08-23 23:15:00,119.86,120.01,119.86,119.96,7499
1787494800,2026-08-23 23:20:00,119.96,119.98,119.91,119.96,5942
1787495100,2026-08-23 23:25:00,119.96,120.03,119.94,120,5593
1787495400,2026-08-23 23:30:00,119.99,120.02,119.93,120,27288
1787495700,2026-08-23 23:35:00,120,120.03,119.93,120.03,16880
1787496000,2026-08-23 23:40:00,120.04,120.04,119.59,119.77,74300
1787496300,2026-08-23 23:45:00,119.77,119.9,119.74,119.9,14610
1787496600,2026-08-23 23:50:00,119.9,119.9,119.73,119.81,5072
1787496900,2026-08-23 23:55:00,119.78,119.85,119.67,119.7,4611
1787497200,2026-08-24 00:00:00,119.69,119.75,119.55,119.7,28153
1787497500,2026-08-24 00:05:00,119.7,119.9,119.69,119.9,28443
1787497800,2026-08-24 00:10:00,119.9,120.04,119.9,119.96,16413
1787498100,2026-08-24 00:15:00,119.96,119.97,119.77,119.82,8275
1787498400,2026-08-24 00:20:00,119.82,119.89,119.77,119.83,9006
1787498700,2026-08-24 00:25:00,119.81,119.84,119.56,119.6,28131
1787499000,2026-08-24 00:30:00,119.6,119.68,119.57,119.68,7286
1787499300,2026-08-24 00:35:00,119.68,119.71,119.62,119.65,6060
1787499600,2026-08-24 00:40:00,119.67,119.7,119.6,119.63,5486
1787499900,2026-08-24 00:45:00,119.63,119.76,119.6,119.72,4683
1787500200,2026-08-24 00:50:00,119.73,119.82,119.45,119.48,29469
1787500500,2026-08-24 00:55:00,119.48,119.56,119.45,119.45,26163
1787500800,2026-08-24 01:00:00,119.47,119.53,119.39,119.47,41069
1787501100,2026-08-24 01:05:00,119.5,119.52,119.41,119.43,16707
1787501400,2026-08-24 01:10:00,119.42,119.46,119.4,119.4,34594
1787501700,2026-08-24 01:15:00,119.4,119.46,119.4,119.46,29783
1787502000,2026-08-24 01:20:00,119.46,119.61,119.46,119.55,8235
1787502300,2026-08-24 01:25:00,119.56,119.6,119.52,119.58,7139
1787502600,2026-08-24 01:30:00,119.57,119.62,119.45,119.52,35848
1787502900,2026-08-24 01:35:00,119.51,119.56,119.45,119.56,10434
1787503200,2026-08-24 01:40:00,119.56,119.6,119.53,119.6,4512
1787503500,2026-08-24 01:45:00,119.6,119.69,119.6,119.61,5648
1787503800,2026-08-24 01:50:00,119.61,119.69,119.61,119.63,4414
1787504100,2026-08-24 01:55:00,119.63,119.67,119.59,119.66,3184
1787504400,2026-08-24 02:00:00,119.63,119.67,119.55,119.61,4233
1787504700,2026-08-24 02:05:00,119.61,119.71,119.61,119.69,4188
1787505000,2026-08-24 02:10:00,119.7,119.73,119.69,119.71,3981
1787505300,2026-08-24 02:15:00,119.71,119.74,119.69,119.71,5049
1787505600,2026-08-24 02:20:00,119.71,119.73,119.64,119.67,3369
1787505900,2026-08-24 02:25:00,119.64,119.71,119.64,119.7,4949
1787506200,2026-08-24 02:30:00,119.7,119.73,119.65,119.72,3682
1787506500,2026-08-24 02:35:00,119.72,119.77,119.68,119.69,3441
1787506800,2026-08-24 02:40:00,119.7,119.74,119.7,119.7,2517
1787507100,2026-08-24 02:45:00,119.68,119.72,119.58,119.68,2630
1787507400,2026-08-24 02:50:00,119.68,119.79,119.66,119.73,34594
1787507700,2026-08-24 02:55:00,119.73,119.78,119.7,119.74,44631
1787508000,2026-08-24 03:00:00,119.76,119.86,119.76,119.81,10183
1787508300,2026-08-24 03:05:00,119.8,119.83,119.78,119.81,17013
1787508600,2026-08-24 03:10:00,119.81,119.83,119.71,119.72,2904
1787508900,2026-08-24 03:15:00,119.71,119.74,119.71,119.73,3598
1787509200,2026-08-24 03:20:00,119.73,119.75,119.72,119.74,8881
1787509500,2026-08-24 03:25:00,119.74,119.79,119.74,119.76,21337
1787509800,2026-08-24 03:30:00,119.79,119.79,119.73,119.78,11894
1787510100,2026-08-24 03:35:00,119.77,119.83,119.74,119.78,27185
1787510400,2026-08-24 03:40:00,119.77,119.82,119.76,119.77,5256
1787510700,2026-08-24 03:45:00,119.78,119.81,119.76,119.8,5212
1787511000,2026-08-24 03:50:00,119.78,119.84,119.77,119.8,4640
1787511300,2026-08-24 03:55:00,119.8,119.85,119.8,119.83,4058
1787511600,2026-08-24 04:00:00,119.81,119.85,119.76,119.79,11608
1787511900,2026-08-24 04:05:00,119.8,119.83,119.76,119.81,5295
1787512200,2026-08-24 04:10:00,119.82,119.85,119.76,119.83,2976
1787512500,2026-08-24 04:15:00,119.83,119.84,119.76,119.76,17065
1787512800,2026-08-24 04:20:00,119.76,119.86,119.76,119.84,8247
1787513100,2026-08-24 04:25:00,119.84,119.85,119.76,119.79,2158
1787513400,2026-08-24 04:30:00,119.77,119.83,119.76,119.78,2228
1787513700,2026-08-24 04:35:00,119.8,119.84,119.73,119.8,1987
1787514000,2026-08-24 04:40:00,119.79,119.84,119.51,119.75,5376
1787514300,2026-08-24 04:45:00,119.73,119.78,119.66,119.71,4289
1787514600,2026-08-24 04:50:00,119.75,119.77,119.64,119.77,2910
1787514900,2026-08-24 04:55:00,119.77,119.8,119.71,119.72,975
1787515200,2026-08-24 05:00:00,119.73,119.78,119.71,119.71,1513
1787515500,2026-08-24 05:05:00,119.71,119.77,119.7,119.75,2006
1787515800,2026-08-24 05:10:00,119.75,119.8,119.73,119.78,1867
1787516100,2026-08-24 05:15:00,119.78,119.8,119.7,119.75,2331
1787516400,2026-08-24 05:20:00,119.74,119.8,119.73,119.75,2804
1787516700,2026-08-24 05:25:00,119.74,119.82,119.74,119.8,4536
1787517000,2026-08-24 05:30:00,119.8,119.83,119.78,119.83,7927
1787517300,2026-08-24 05:35:00,119.81,119.83,119.75,119.76,15515
1787517600,2026-08-24 05:40:00,119.74,119.79,119.74,119.76,5935
1787517900,2026-08-24 05:45:00,119.76,119.79,119.76,119.76,6045
1787518200,2026-08-24 05:50:00,119.78,119.78,119.74,119.74,12408
1787518500,2026-08-24 05:55:00,119.75,119.79,119.74,119.78,7170
1787518800,2026-08-24 06:00:00,119.78,119.83,119.67,119.7,3845
1787519100,2026-08-24 06:05:00,119.71,119.73,119.66,119.71,5267
1787519400,2026-08-24 06:10:00,119.69,119.76,119.69,119.73,2878
1787519700,2026-08-24 06:15:00,119.74,119.87,119.72,119.77,3648
1787520000,2026-08-24 06:20:00,119.8,119.8,119.74,119.75,3967
1787520300,2026-08-24 06:25:00,119.75,119.79,119.69,119.72,3030
1787520600,2026-08-24 06:30:00,119.71,119.78,119.71,119.74,3469
1787520900,2026-08-24 06:35:00,119.73,119.77,119.68,119.73,11425
1787521200,2026-08-24 06:40:00,119.7,119.81,119.7,119.73,11296
1787521500,2026-08-24 06:45:00,119.74,119.77,119.71,119.76,8123
1787521800,2026-08-24 06:50:00,119.71,119.77,119.71,119.72,1593
1787522100,2026-08-24 06:55:00,119.72,119.77,119.67,119.74,12777
1787522400,2026-08-24 07:00:00,119.79,119.8,118.93,119.3,110079
1787522700,2026-08-24 07:05:00,119.3,119.54,119.21,119.33,37802
1787523000,2026-08-24 07:10:00,119.35,119.39,119.24,119.37,13638
1787523300,2026-08-24 07:15:00,119.35,119.43,119.12,119.26,16019
1787523600,2026-08-24 07:20:00,119.26,119.44,119.23,119.34,4861
1787523900,2026-08-24 07:25:00,119.32,119.58,119.32,119.51,4271
1787524200,2026-08-24 07:30:00,119.49,119.58,119.42,119.46,3898
1787524500,2026-08-24 07:35:00,119.46,119.64,119.37,119.59,5429
1787524800,2026-08-24 07:40:00,119.58,119.72,119.48,119.72,10857
1787525100,2026-08-24 07:45:00,119.72,119.75,119.6,119.6,3964
1787525400,2026-08-24 07:50:00,119.6,119.6,119.45,119.5,5793
1787525700,2026-08-24 07:55:00,119.49,119.57,119.44,119.51,5027
1787526000,2026-08-24 08:00:00,119.48,119.62,119.42,119.55,4896
1787526300,2026-08-24 08:05:00,119.55,119.64,119.5,119.61,4710
1787526600,2026-08-24 08:10:00,119.61,119.67,119.57,119.67,3887
1787526900,2026-08-24 08:15:00,119.66,119.9,119.65,119.88,15862
1787527200,2026-08-24 08:20:00,119.82,119.87,119.78,119.85,15040
1787527500,2026-08-24 08:25:00,119.89,119.92,119.75,119.77,12934
1787527800,2026-08-24 08:30:00,119.76,119.9,119.71,119.78,11226
1787528100,2026-08-24 08:35:00,119.76,119.88,119.72,119.8,15251
1787528400,2026-08-24 08:40:00,119.81,119.83,119.67,119.73,31129
1787528700,2026-08-24 08:45:00,119.72,120.01,119.7,119.99,15067
1787529000,2026-08-24 08:50:00,119.97,120.04,119.8,119.95,12209
1787529300,2026-08-24 08:55:00,119.92,120.1,119.88,120.1,15095
1787529600,2026-08-24 09:00:00,120.05,121.29,120.01,120.31,513616
1787529900,2026-08-24 09:05:00,120.33,121.71,120.2,121.5,125647
1787530200,2026-08-24 09:10:00,121.51,121.8,121,121.08,74477
1787530500,2026-08-24 09:15:00,121.06,121.14,119.4,119.68,73431
1787530800,2026-08-24 09:20:00,119.64,119.81,119.02,119.4,118970
1787531100,2026-08-24 09:25:00,119.4,119.42,118.36,118.77,132513
1787531400,2026-08-24 09:30:00,118.82,118.87,118.28,118.7,180323
1787531700,2026-08-24 09:35:00,118.61,119.45,118.45,119.16,110277
1787532000,2026-08-24 09:40:00,119.15,119.72,118.94,118.97,36150
1787532300,2026-08-24 09:45:00,119.04,119.82,118.86,119.82,39380
1787532600,2026-08-24 09:50:00,119.83,119.86,119.63,119.71,33133
1787532900,2026-08-24 09:55:00,119.69,120.78,119.61,120.75,49943
1787533200,2026-08-24 10:00:00,120.8,120.99,120.11,120.44,150023
1787533500,2026-08-24 10:05:00,120.46,120.86,120.11,120.33,78986
1787533800,2026-08-24 10:10:00,120.38,121.16,120.36,121.02,46872
1787534100,2026-08-24 10:15:00,121.03,121.28,120.92,121.11,36082
1787534400,2026-08-24 10:20:00,121.11,121.11,120.46,120.6,47890
1787534700,2026-08-24 10:25:00,120.61,120.86,120.36,120.39,51472
1787535000,2026-08-24 10:30:00,120.36,120.4,119.88,120.25,68174
1787535300,2026-08-24 10:35:00,120.25,120.29,119.73,120.05,49962
1787535600,2026-08-24 10:40:00,120.02,120.19,119.73,119.86,29559
1787535900,2026-08-24 10:45:00,119.8,119.8,119.24,119.44,53875
1787536200,2026-08-24 10:50:00,119.45,119.99,119.19,119.19,36940
1787536500,2026-08-24 10:55:00,119.19,119.29,118.3,118.3,63472
1787536800,2026-08-24 11:00:00,118.31,118.48,118,118.35,124567
1787537100,2026-08-24 11:05:00,118.33,118.5,117.68,118.18,106977
1787537400,2026-08-24 11:10:00,118.1,118.92,117.8,118.89,158042
1787537700,2026-08-24 11:15:00,118.89,119.09,118.66,118.77,83747
1787538000,2026-08-24 11:20:00,118.75,118.86,118.45,118.54,17962
1787538300,2026-08-24 11:25:00,118.48,118.87,118.48,118.7,17279
1787538600,2026-08-24 11:30:00,118.72,119.23,118.57,119.15,33843
1787538900,2026-08-24 11:35:00,119.18,119.2,118.9,119.09,17092
1787539200,2026-08-24 11:40:00,119.05,119.19,118.83,119.02,6953
1787539500,2026-08-24 11:45:00,119,119.12,118.49,118.55,13788
1787539800,2026-08-24 11:50:00,118.57,118.63,118,118.18,45938
1787540100,2026-08-24 11:55:00,118.2,118.94,118.2,118.94,34452
1787540400,2026-08-24 12:00:00,118.94,118.94,118.2,118.26,17789
1787540700,2026-08-24 12:05:00,118.25,118.25,117.88,117.93,33661
1787541000,2026-08-24 12:10:00,117.92,118,117.52,117.52,130109
1787541300,2026-08-24 12:15:00,117.52,117.72,117.2,117.27,63603
1787541600,2026-08-24 12:20:00,117.25,117.49,116.92,117.11,203174
1787541900,2026-08-24 12:25:00,117.11,117.11,116.2,116.54,253689
1787542200,2026-08-24 12:30:00,116.46,116.57,115.76,116.55,144632
1787542500,2026-08-24 12:35:00,116.57,116.75,115.93,116.42,134544
1787542800,2026-08-24 12:40:00,116.4,116.84,116.28,116.58,54980
1787543100,2026-08-24 12:45:00,116.54,116.83,116.12,116.72,109940
1787543400,2026-08-24 12:50:00,116.73,116.85,115.9,116.13,63565
1787543700,2026-08-24 12:55:00,116.08,116.28,116.05,116.28,34162
1787544000,2026-08-24 13:00:00,116.26,116.66,116.24,116.66,72118
1787544300,2026-08-24 13:05:00,116.66,116.76,116.52,116.54,36411
1787544600,2026-08-24 13:10:00,116.58,117.1,116.58,117.1,34734
1787544900,2026-08-24 13:15:00,117.1,117.13,116.72,116.81,40925
1787545200,2026-08-24 13:20:00,116.82,116.99,116.33,116.41,50893
1787545500,2026-08-24 13:25:00,116.39,116.65,116.15,116.54,67029
1787545800,2026-08-24 13:30:00,116.59,116.72,116.35,116.56,39241
1787546100,2026-08-24 13:35:00,116.55,116.66,116.26,116.55,54839
1787546400,2026-08-24 13:40:00,116.55,116.83,116.32,116.82,49870
1787546700,2026-08-24 13:45:00,116.84,116.93,116.46,116.48,102356
1787547000,2026-08-24 13:50:00,116.46,116.7,116.2,116.3,35219
1787547300,2026-08-24 13:55:00,116.28,116.32,116.1,116.23,26920
1787547600,2026-08-24 14:00:00,116.17,116.3,116.07,116.15,53215
1787547900,2026-08-24 14:05:00,116.16,116.74,116.15,116.57,35845
1787548200,2026-08-24 14:10:00,116.59,116.82,116.42,116.69,25656
1787548500,2026-08-24 14:15:00,116.75,116.79,116.22,116.26,53028
1787548800,2026-08-24 14:20:00,116.23,116.3,115.95,115.98,46733
1787549100,2026-08-24 14:25:00,115.99,116.11,115.76,115.78,58495
1787549400,2026-08-24 14:30:00,115.76,115.76,115.04,115.24,129842
1787549700,2026-08-24 14:35:00,115.25,115.64,115.04,115.3,101106
1787550000,2026-08-24 14:40:00,115.31,115.72,115.2,115.3,30434
1787550300,2026-08-24 14:45:00,115.25,115.38,114.67,114.83,182749
1787550600,2026-08-24 14:50:00,114.82,115.04,114.73,114.82,111252
1787550900,2026-08-24 14:55:00,114.8,115.02,114.57,114.62,64988
1787551200,2026-08-24 15:00:00,114.57,115,113.6,113.64,518319
1787551500,2026-08-24 15:05:00,113.65,113.68,113.05,113.27,370060
1787551800,2026-08-24 15:10:00,113.26,113.28,112.78,113.01,203779
1787552100,2026-08-24 15:15:00,113.1,113.68,112.91,112.92,360465
1787552400,2026-08-24 15:20:00,112.91,113.68,112.48,113.68,362412
1787552700,2026-08-24 15:25:00,113.7,114.13,113.58,113.68,186394
1787553000,2026-08-24 15:30:00,113.65,113.8,113.2,113.57,70224
1787553300,2026-08-24 15:35:00,113.59,114.17,113.46,113.91,106914
1787553600,2026-08-24 15:40:00,114.01,114.01,113.02,113.05,107535
1787553900,2026-08-24 15:45:00,113.06,113.31,112.86,113.24,57184
1787554200,2026-08-24 15:50:00,113.27,113.79,113.25,113.79,48675
1787554500,2026-08-24 15:55:00,113.79,113.83,113.43,113.52,32001
1787554800,2026-08-24 16:00:00,113.49,113.92,113.02,113.57,53965
1787555100,2026-08-24 16:05:00,113.56,114.31,113.41,114.23,191457
1787555400,2026-08-24 16:10:00,114.24,114.46,114,114.26,81615
1787555700,2026-08-24 16:15:00,114.27,114.55,114.08,114.31,31797
1787556000,2026-08-24 16:20:00,114.31,114.4,113.93,114.33,81655
1787556300,2026-08-24 16:25:00,114.3,114.69,113.88,113.96,40525
1787556600,2026-08-24 16:30:00,113.92,114.4,113.6,114.34,263105
1787556900,2026-08-24 16:35:00,114.37,114.65,114.11,114.11,61014
1787557200,2026-08-24 16:40:00,114.11,114.11,113.51,113.54,135939
1787557500,2026-08-24 16:45:00,113.54,113.83,113.4,113.46,39648
1787557800,2026-08-24 16:50:00,113.46,113.63,113.07,113.34,53861
1787558100,2026-08-24 16:55:00,113.32,113.36,113.06,113.2,124764
1787558400,2026-08-24 17:00:00,113.21,113.51,112.2,112.58,307246
1787558700,2026-08-24 17:05:00,112.6,114.31,112.53,113.43,362236
1787559000,2026-08-24 17:10:00,113.47,114.06,113.43,114,100387
1787559300,2026-08-24 17:15:00,113.94,114.58,113.63,114.58,180308
1787559600,2026-08-24 17:20:00,114.6,114.64,114.07,114.2,239278
1787559900,2026-08-24 17:25:00,114.29,114.4,113.7,114.09,52814
1787560200,2026-08-24 17:30:00,114.08,114.39,113.77,114.12,46487
1787560500,2026-08-24 17:35:00,114.1,114.8,113.96,114.74,94198
1787560800,2026-08-24 17:40:00,114.75,114.81,114.27,114.74,159413
1787561100,2026-08-24 17:45:00,114.72,114.75,114.43,114.53,133936
1787561400,2026-08-24 17:50:00,114.53,115.4,114.53,115.28,114634
1787561700,2026-08-24 17:55:00,115.29,115.35,114.8,114.8,197620
1787562000,2026-08-24 18:00:00,114.81,115.27,114.4,115.16,115584
1787562300,2026-08-24 18:05:00,115.21,115.41,114.94,115.32,44774
1787562600,2026-08-24 18:10:00,115.34,115.42,114.98,115.01,51411
1787562900,2026-08-24 18:15:00,114.99,115.09,114.65,114.66,41383
1787563200,2026-08-24 18:20:00,114.66,114.78,114.47,114.61,62281
1787563500,2026-08-24 18:25:00,114.58,114.65,114.51,114.56,44740
1787563800,2026-08-24 18:30:00,114.56,115.13,114.53,115,50430
1787564100,2026-08-24 18:35:00,115.04,115.49,114.95,115.48,51444
1787564400,2026-08-24 18:40:00,115.47,115.52,115.2,115.47,54985
1787564700,2026-08-24 18:45:00,115.43,115.62,115.28,115.51,55483
1787565000,2026-08-24 18:50:00,115.52,115.56,115.2,115.29,51464
1787565300,2026-08-24 18:55:00,115.26,115.28,115,115.25,49188
1787565600,2026-08-24 19:00:00,115.25,115.6,115.08,115.56,53312
1787565900,2026-08-24 19:05:00,115.56,115.62,115.23,115.38,31180
1787566200,2026-08-24 19:10:00,115.4,115.53,114.68,114.7,265525
1787566500,2026-08-24 19:15:00,114.73,114.92,114.68,114.69,131820
1787566800,2026-08-24 19:20:00,114.68,115.18,114.41,115.05,55351
1787567100,2026-08-24 19:25:00,115.02,115.02,114.45,114.52,43100
1787567400,2026-08-24 19:30:00,114.47,115.29,114.43,115.22,25074
1787567700,2026-08-24 19:35:00,115.22,115.25,114.9,114.94,13378
1787568000,2026-08-24 19:40:00,114.93,114.93,114.38,114.57,36664
1787568300,2026-08-24 19:45:00,114.57,114.6,114.23,114.37,46833
1787568600,2026-08-24 19:50:00,114.36,114.42,113.95,114.24,149854
1787568900,2026-08-24 19:55:00,114.22,114.33,113.88,114.1,87996
1787569200,2026-08-24 20:00:00,114.08,114.25,113.08,113.18,179342
1787569500,2026-08-24 20:05:00,113.18,113.66,113.03,113.5,63226
1787569800,2026-08-24 20:10:00,113.5,113.9,113.16,113.89,62684
1787570100,2026-08-24 20:15:00,113.88,114,113.68,113.99,36264
1787570400,2026-08-24 20:20:00,114,114.14,113.9,114.1,26839
1787570700,2026-08-24 20:25:00,114.13,114.57,113.97,114.05,86635
1787571000,2026-08-24 20:30:00,114.06,115.17,114.06,114.87,261019
1787571300,2026-08-24 20:35:00,114.85,116.62,114.85,116.17,678952
1787571600,2026-08-24 20:40:00,116.19,116.6,115.91,116.22,344733
1787571900,2026-08-24 20:45:00,116.24,116.27,115.52,115.74,147029
1787572200,2026-08-24 20:50:00,115.73,115.92,115.48,115.87,66564
1787572500,2026-08-24 20:55:00,115.88,116.07,115.37,115.51,154776
1787572800,2026-08-24 21:00:00,115.45,115.47,115.06,115.11,92092
1787573100,2026-08-24 21:05:00,115.03,115.42,114.9,115.12,106809
1787573400,2026-08-24 21:10:00,115.11,115.12,114.51,114.61,116085
1787573700,2026-08-24 21:15:00,114.64,114.83,114.2,114.39,111352
1787574000,2026-08-24 21:20:00,114.4,114.89,114.32,114.77,60601
1787574300,2026-08-24 21:25:00,114.75,114.88,114.5,114.81,42191
1787574600,2026-08-24 21:30:00,114.81,114.88,113.54,114.01,604720
1787574900,2026-08-24 21:35:00,114.01,114.78,113.92,114.41,143446
1787575200,2026-08-24 21:40:00,114.4,114.8,114,114.16,537282
1787575500,2026-08-24 21:45:00,114.16,114.78,114.07,114.76,78385
1787575800,2026-08-24 21:50:00,114.74,114.97,114.38,114.55,44333
1787576100,2026-08-24 21:55:00,114.56,114.71,113.92,113.95,44243
1787576400,2026-08-24 22:00:00,113.92,114.27,113.91,114.18,53202
1787576700,2026-08-24 22:05:00,114.21,114.34,113.81,113.96,133674
1787577000,2026-08-24 22:10:00,113.96,114.35,113.86,114.06,46879
1787577300,2026-08-24 22:15:00,114.08,114.5,113.9,114.08,48937
1787577600,2026-08-24 22:20:00,114.07,114.35,114.01,114.08,67934
1787577900,2026-08-24 22:25:00,114.12,115.64,114.1,115.07,341259
1787578200,2026-08-24 22:30:00,115.15,115.18,110.77,111.15,2632324
1787578500,2026-08-24 22:35:00,111.15,112.42,109.29,109.47,1777463
1787578800,2026-08-24 22:40:00,109.53,109.74,108.08,108.31,1420270
1787579100,2026-08-24 22:45:00,108.28,109.78,107.3,108.04,2665027
1787579400,2026-08-24 22:50:00,108.06,108.06,106.01,107.29,1419373
1787579700,2026-08-24 22:55:00,107.3,108.49,106.99,107.72,888029
1787580000,2026-08-24 23:00:00,107.71,107.74,106.21,106.64,922653
1787580300,2026-08-24 23:05:00,106.63,107.71,106.54,107.34,535481
1787580600,2026-08-24 23:10:00,107.39,107.54,106.6,107.48,667399
1787580900,2026-08-24 23:15:00,107.48,107.59,106.31,106.49,408713
1787581200,2026-08-24 23:20:00,106.45,107.87,106.36,107.19,326708
1787581500,2026-08-24 23:25:00,107.19,107.44,106.35,107.09,204279
1787581800,2026-08-24 23:30:00,107.09,108.84,106.87,108.71,356566
1787582100,2026-08-24 23:35:00,108.69,108.94,107.89,108.37,314064
1787582400,2026-08-24 23:40:00,108.36,108.84,108.07,108.28,146544
1787582700,2026-08-24 23:45:00,108.32,108.87,107.89,108.8,146516
1787583000,2026-08-24 23:50:00,108.78,108.82,108.05,108.23,117563
1787583300,2026-08-24 23:55:00,108.29,108.42,107.27,107.39,191800
1787583600,2026-08-25 00:00:00,107.36,107.67,106.93,107.26,182677
1787583900,2026-08-25 00:05:00,107.31,107.31,106.54,106.58,256754
1787584200,2026-08-25 00:10:00,106.61,107.23,106.25,106.73,285602
1787584500,2026-08-25 00:15:00,106.75,107.32,106.61,107.17,161076
1787584800,2026-08-25 00:20:00,107.16,107.78,106.86,107.78,124540
1787585100,2026-08-25 00:25:00,107.8,108.61,107.68,108.38,290526
1787585400,2026-08-25 00:30:00,108.4,109.06,108.36,109.01,427188
1787585700,2026-08-25 00:35:00,109.01,109.94,108.88,109.9,192356
1787586000,2026-08-25 00:40:00,109.91,110.54,109.9,110.44,321603
1787586300,2026-08-25 00:45:00,110.47,111.71,110.47,111.17,699694
1787586600,2026-08-25 00:50:00,111.14,111.27,110.56,111.01,486396
1787586900,2026-08-25 00:55:00,110.92,110.98,110.02,110.84,127452
1787587200,2026-08-25 01:00:00,110.85,111.14,110.45,110.57,153320
1787587500,2026-08-25 01:05:00,110.57,111.23,110.41,110.79,138661
1787587800,2026-08-25 01:10:00,110.8,111.53,110.68,111.52,86853
1787588100,2026-08-25 01:15:00,111.54,112.23,111.51,111.79,158052
1787588400,2026-08-25 01:20:00,111.76,112.6,111.75,112.34,57838
1787588700,2026-08-25 01:25:00,112.39,112.39,111.78,111.92,88991
1787589000,2026-08-25 01:30:00,111.95,112.17,111.06,111.08,76893
1787589300,2026-08-25 01:35:00,111.11,111.49,110.92,111.31,41651
1787589600,2026-08-25 01:40:00,111.29,111.35,110.75,111.02,51408
1787589900,2026-08-25 01:45:00,111.02,111.16,110.63,111.14,38078
1787590200,2026-08-25 01:50:00,111.16,111.18,110.71,110.96,67272
1787590500,2026-08-25 01:55:00,110.93,110.93,110.46,110.56,57522
1787590800,2026-08-25 02:00:00,110.54,110.65,110.21,110.61,65153
1787591100,2026-08-25 02:05:00,110.61,111.66,110.59,111.61,36618
1787591400,2026-08-25 02:10:00,111.61,111.98,111.42,111.68,126329
1787591700,2026-08-25 02:15:00,111.67,111.7,110.96,110.96,110528
1787592000,2026-08-25 02:20:00,110.98,111.06,110.34,110.62,109374
1787592300,2026-08-25 02:25:00,110.63,110.82,110.18,110.3,77096
1787592600,2026-08-25 02:30:00,110.29,110.42,110.14,110.19,84620
1787592900,2026-08-25 02:35:00,110.19,110.32,109.93,110.2,82498
1787593200,2026-08-25 02:40:00,110.2,110.37,110,110,67014
1787593500,2026-08-25 02:45:00,110,110.4,109.97,110.32,36512
1787593800,2026-08-25 02:50:00,110.29,110.53,110.14,110.39,40251
1787594100,2026-08-25 02:55:00,110.36,110.52,110.22,110.36,36142
1787594400,2026-08-25 03:00:00,110.37,111.27,110.34,111.14,68980
1787594700,2026-08-25 03:05:00,111.1,112,111.1,111.96,61676
1787595000,2026-08-25 03:10:00,111.96,112.29,111.81,112.23,73838
1787595300,2026-08-25 03:15:00,112.29,112.59,111.86,112.14,119959
1787595600,2026-08-25 03:20:00,112.09,113.14,112.08,112.99,183411
1787595900,2026-08-25 03:25:00,113,113.1,112.68,112.73,76169
1787596200,2026-08-25 03:30:00,112.68,113.24,112.67,113.16,119014
1787596500,2026-08-25 03:35:00,113.15,113.36,112.43,112.67,195290
1787596800,2026-08-25 03:40:00,112.67,113.08,112.53,112.85,43567
1787597100,2026-08-25 03:45:00,112.8,112.9,112.37,112.45,34621
1787597400,2026-08-25 03:50:00,112.43,112.78,112.17,112.22,43326
1787597700,2026-08-25 03:55:00,112.22,112.44,111.99,111.99,26763
1787598000,2026-08-25 04:00:00,112,112.47,111.95,112.38,29948
1787598300,2026-08-25 04:05:00,112.38,112.64,112.02,112.04,59555
1787598600,2026-08-25 04:10:00,112.07,112.33,111.88,112.2,25123
1787598900,2026-08-25 04:15:00,112.11,112.26,111.54,112.26,29429
1787599200,2026-08-25 04:20:00,112.25,112.45,112.03,112.03,42894
1787599500,2026-08-25 04:25:00,112.04,112.34,112,112.26,31790
1787599800,2026-08-25 04:30:00,112.27,112.91,111.76,111.8,95138
1787600100,2026-08-25 04:35:00,111.79,111.79,110.96,111.21,87333
1787600400,2026-08-25 04:40:00,111.24,111.48,111.08,111.44,118015
1787600700,2026-08-25 04:45:00,111.48,111.5,111.17,111.37,261800
1787601000,2026-08-25 04:50:00,111.4,111.44,109.88,110.66,437069
1787601300,2026-08-25 04:55:00,110.63,111.52,110.3,111.24,273433
1787601600,2026-08-25 05:00:00,111.25,111.29,110.58,111,129703
1787601900,2026-08-25 05:05:00,111.05,111.26,110.92,111,34906
1787602200,2026-08-25 05:10:00,111.01,111.07,110.8,110.91,27282
1787602500,2026-08-25 05:15:00,110.88,111.04,110.82,110.9,49114
1787602800,2026-08-25 05:20:00,110.91,110.92,110.15,110.35,58754
1787603100,2026-08-25 05:25:00,110.34,110.64,110.33,110.45,37308
1787603400,2026-08-25 05:30:00,110.45,110.67,110.42,110.56,40795
1787603700,2026-08-25 05:35:00,110.56,110.7,110.49,110.68,19496
1787604000,2026-08-25 05:40:00,110.67,110.82,110.56,110.72,8463
1787604300,2026-08-25 05:45:00,110.7,110.9,110.7,110.78,9069
1787604600,2026-08-25 05:50:00,110.84,110.84,110.58,110.73,10729
1787604900,2026-08-25 05:55:00,110.76,111.09,110.76,110.96,91271
1787605200,2026-08-25 06:00:00,110.95,111,110.92,110.98,14939
1787605500,2026-08-25 06:05:00,110.97,111.05,110.9,111.03,22499
1787605800,2026-08-25 06:10:00,111.03,111.11,110.99,111.11,84564
1787606100,2026-08-25 06:15:00,111.11,111.29,111.1,111.18,25759
1787606400,2026-08-25 06:20:00,111.2,111.24,111.16,111.18,10984
1787606700,2026-08-25 06:25:00,111.21,111.24,111.1,111.18,4016
1787607000,2026-08-25 06:30:00,111.19,111.24,111.17,111.19,4320
1787607300,2026-08-25 06:35:00,111.18,111.24,111.14,111.19,1804
1787607600,2026-08-25 06:40:00,111.18,111.26,111.18,111.25,13325
1787607900,2026-08-25 06:45:00,111.28,111.32,111.12,111.12,7196
1787608200,2026-08-25 06:50:00,111.11,111.18,110.94,111.07,18576
1787608500,2026-08-25 06:55:00,111.06,111.1,110.92,110.93,6790
1787608800,2026-08-25 07:00:00,110.98,111.27,110.98,111.02,42131
1787609100,2026-08-25 07:05:00,111.02,111.26,111,111.04,29879
1787609400,2026-08-25 07:10:00,111.04,111.05,110.86,110.89,13847
1787609700,2026-08-25 07:15:00,110.87,110.92,110.83,110.87,4683
1787610000,2026-08-25 07:20:00,110.87,110.88,110.76,110.79,7914
1787610300,2026-08-25 07:25:00,110.83,110.87,110.75,110.83,4374
1787610600,2026-08-25 07:30:00,110.82,110.89,110.68,110.78,5551
1787610900,2026-08-25 07:35:00,110.79,110.86,110.75,110.79,5463
1787611200,2026-08-25 07:40:00,110.79,110.79,110.65,110.73,22351
1787611500,2026-08-25 07:45:00,110.73,110.81,110.63,110.64,28176
1787611800,2026-08-25 07:50:00,110.64,110.64,110.53,110.63,8830
1787612100,2026-08-25 07:55:00,110.64,110.66,110.57,110.61,5352
1787612400,2026-08-25 08:00:00,110.63,110.75,110.61,110.64,8700
1787612700,2026-08-25 08:05:00,110.67,110.84,110.67,110.84,6899
1787613000,2026-08-25 08:10:00,110.84,110.92,110.82,110.83,4782
1787613300,2026-08-25 08:15:00,110.84,110.92,110.7,110.7,50700
1787613600,2026-08-25 08:20:00,110.71,110.81,110.63,110.71,14785
1787613900,2026-08-25 08:25:00,110.68,110.71,110.52,110.54,20374
1787614200,2026-08-25 08:30:00,110.51,110.55,110.37,110.47,24197
1787614500,2026-08-25 08:35:00,110.49,110.54,110.42,110.46,24054
1787614800,2026-08-25 08:40:00,110.47,110.66,110.24,110.29,32202
1787615100,2026-08-25 08:45:00,110.29,110.3,110.1,110.11,23258
1787615400,2026-08-25 08:50:00,110.13,110.15,109.96,109.99,111244
1787615700,2026-08-25 08:55:00,109.98,110.42,109.98,110.4,60744
1787616000,2026-08-25 09:00:00,110.39,110.7,109.47,109.47,198506
1787616300,2026-08-25 09:05:00,109.48,109.77,108.93,108.94,111482
1787616600,2026-08-25 09:10:00,108.93,109.14,108.49,108.73,128406
1787616900,2026-08-25 09:15:00,108.73,108.73,107.98,108.16,111474
1787617200,2026-08-25 09:20:00,108.18,109.75,108.14,109.28,68734
1787617500,2026-08-25 09:25:00,109.31,109.84,109.01,109.73,68903
1787617800,2026-08-25 09:30:00,109.71,110.05,109.6,109.87,36560
1787618100,2026-08-25 09:35:00,109.9,110.47,109.84,110.03,63055
1787618400,2026-08-25 09:40:00,110,111.1,109.95,111.03,41091
1787618700,2026-08-25 09:45:00,111.04,111.69,110.83,110.89,45339
1787619000,2026-08-25 09:50:00,110.89,111.56,110.84,111.38,48047
1787619300,2026-08-25 09:55:00,111.38,111.51,111.21,111.22,44040
1787619600,2026-08-25 10:00:00,111.24,111.56,111.07,111.55,42166
1787619900,2026-08-25 10:05:00,111.55,111.66,111.01,111.47,57817
1787620200,2026-08-25 10:10:00,111.49,111.51,110.85,111,46020
1787620500,2026-08-25 10:15:00,111.02,111.09,110.63,110.9,24502
1787620800,2026-08-25 10:20:00,110.84,110.99,110.17,110.18,65614
1787621100,2026-08-25 10:25:00,110.19,110.75,110.04,110.49,39041
1787621400,2026-08-25 10:30:00,110.49,111.39,110.49,110.94,60339
1787621700,2026-08-25 10:35:00,110.92,112.01,110.9,111.95,56882
1787622000,2026-08-25 10:40:00,111.96,112.01,111.32,111.55,36382
1787622300,2026-08-25 10:45:00,111.56,112.47,111.44,112.36,224096
1787622600,2026-08-25 10:50:00,112.36,112.51,111.87,112.48,88826
1787622900,2026-08-25 10:55:00,112.47,112.51,111.87,111.89,93820
1787623200,2026-08-25 11:00:00,111.87,112.29,111.87,112.11,22947
1787623500,2026-08-25 11:05:00,112.11,112.15,111.44,111.56,52030
1787623800,2026-08-25 11:10:00,111.55,111.77,111.37,111.76,44132
1787624100,2026-08-25 11:15:00,111.74,112.55,111.44,112.5,96510
1787624400,2026-08-25 11:20:00,112.51,112.73,112.03,112.72,62739
1787624700,2026-08-25 11:25:00,112.72,112.76,111.98,112.44,42575
1787625000,2026-08-25 11:30:00,112.45,112.87,112.28,112.61,36434
1787625300,2026-08-25 11:35:00,112.63,112.72,112.04,112.36,37180
1787625600,2026-08-25 11:40:00,112.34,112.74,111.9,111.95,51481
1787625900,2026-08-25 11:45:00,111.99,112,111.56,111.57,40635
1787626200,2026-08-25 11:50:00,111.58,111.59,111.23,111.5,114153
1787626500,2026-08-25 11:55:00,111.51,111.54,111.02,111.19,48436
1787626800,2026-08-25 12:00:00,111.23,111.7,111.23,111.46,38446
1787627100,2026-08-25 12:05:00,111.45,112.47,111.45,112.12,33422
1787627400,2026-08-25 12:10:00,112.13,112.48,112.1,112.29,43326
1787627700,2026-08-25 12:15:00,112.32,112.6,112.27,112.6,40620
1787628000,2026-08-25 12:20:00,112.6,112.64,112.44,112.53,42969
1787628300,2026-08-25 12:25:00,112.54,113.33,112.54,113.32,158079
1787628600,2026-08-25 12:30:00,113.35,113.8,113.21,113.6,49660
1787628900,2026-08-25 12:35:00,113.62,113.7,113.09,113.31,58408
1787629200,2026-08-25 12:40:00,113.34,113.35,112.96,113.31,44725
1787629500,2026-08-25 12:45:00,113.27,113.32,112.82,112.87,23338
1787629800,2026-08-25 12:50:00,112.85,113.19,112.84,113.01,53315
1787630100,2026-08-25 12:55:00,113,113.3,112.93,113.27,41009
1787630400,2026-08-25 13:00:00,113.26,113.9,113.17,113.9,94630
1787630700,2026-08-25 13:05:00,113.91,114.22,113.79,114.19,100391
1787631000,2026-08-25 13:10:00,114.18,114.28,113.84,114.25,30252
1787631300,2026-08-25 13:15:00,114.23,114.54,114.16,114.39,47477
1787631600,2026-08-25 13:20:00,114.42,114.85,114.4,114.85,53939
1787631900,2026-08-25 13:25:00,114.85,115,114.54,114.61,35476
1787632200,2026-08-25 13:30:00,114.65,114.92,114.35,114.44,25212
1787632500,2026-08-25 13:35:00,114.46,114.62,114,114.47,41566
1787632800,2026-08-25 13:40:00,114.47,114.83,114.28,114.77,44097
1787633100,2026-08-25 13:45:00,114.77,114.88,114.32,114.5,45725
1787633400,2026-08-25 13:50:00,114.48,114.51,114.01,114.31,32846
1787633700,2026-08-25 13:55:00,114.32,114.44,114.12,114.43,32205
1787634000,2026-08-25 14:00:00,114.43,114.83,114.25,114.56,60961
1787634300,2026-08-25 14:05:00,114.58,114.69,114.45,114.49,30386
1787634600,2026-08-25 14:10:00,114.53,114.97,114.5,114.52,27492
1787634900,2026-08-25 14:15:00,114.62,115.03,114.6,114.91,30190
1787635200,2026-08-25 14:20:00,114.96,115.49,114.94,115.34,32025
1787635500,2026-08-25 14:25:00,115.32,115.45,114.98,115.24,46590
1787635800,2026-08-25 14:30:00,115.23,115.6,115.21,115.59,45174
1787636100,2026-08-25 14:35:00,115.57,115.6,115.27,115.45,35864
1787636400,2026-08-25 14:40:00,115.4,115.61,114.87,114.89,61015
1787636700,2026-08-25 14:45:00,114.89,115.35,114.83,115.14,27468
1787637000,2026-08-25 14:50:00,115.17,115.56,114.96,115.5,52407
1787637300,2026-08-25 14:55:00,115.56,115.84,115.41,115.49,97791
1787637600,2026-08-25 15:00:00,115.48,116.1,115.48,116.04,84131
1787637900,2026-08-25 15:05:00,116.01,116.25,115.93,115.99,72187
1787638200,2026-08-25 15:10:00,116,116.17,115.86,115.93,43024
1787638500,2026-08-25 15:15:00,115.92,116.47,115.89,116.39,133813
1787638800,2026-08-25 15:20:00,116.41,117,116.28,116.84,152974
1787639100,2026-08-25 15:25:00,116.82,117.08,116.7,116.77,121375
1787639400,2026-08-25 15:30:00,116.75,116.75,116.32,116.4,60479
1787639700,2026-08-25 15:35:00,116.42,116.47,115.96,116.08,53162
1787640000,2026-08-25 15:40:00,116.08,116.47,116.08,116.47,18919
1787640300,2026-08-25 15:45:00,116.43,116.48,115.6,115.73,90798
1787640600,2026-08-25 15:50:00,115.77,115.94,115.38,115.94,291657
1787640900,2026-08-25 15:55:00,115.95,116.35,115.78,116.35,35850
1787641200,2026-08-25 16:00:00,116.34,117.07,116.33,116.98,33164
1787641500,2026-08-25 16:05:00,116.98,116.98,116.35,116.51,90813
1787641800,2026-08-25 16:10:00,116.44,116.56,116.25,116.39,29817
1787642100,2026-08-25 16:15:00,116.37,116.64,116,116.09,95627
1787642400,2026-08-25 16:20:00,116.04,116.51,116.01,116.2,48469
1787642700,2026-08-25 16:25:00,116.23,116.23,115.73,115.98,70282
1787643000,2026-08-25 16:30:00,116,116.22,115.74,115.93,57106
1787643300,2026-08-25 16:35:00,115.95,115.95,115.44,115.8,108405
1787643600,2026-08-25 16:40:00,115.8,116.34,115.7,116.21,66334
1787643900,2026-08-25 16:45:00,116.25,116.33,115.7,115.7,163296
1787644200,2026-08-25 16:50:00,115.72,115.72,115.36,115.66,190100
1787644500,2026-08-25 16:55:00,115.66,115.83,115.53,115.75,47164
1787644800,2026-08-25 17:00:00,115.77,115.86,114.77,114.77,141015
1787645100,2026-08-25 17:05:00,114.78,115.31,114.53,115.09,135240
1787645400,2026-08-25 17:10:00,115.1,115.13,114.47,114.74,150113
1787645700,2026-08-25 17:15:00,114.79,115.67,114.79,115.35,171266
1787646000,2026-08-25 17:20:00,115.34,116.86,115.25,116.75,509449
1787646300,2026-08-25 17:25:00,116.74,116.74,116,116.12,224712
1787646600,2026-08-25 17:30:00,116.15,116.38,115.8,116.1,58899
1787646900,2026-08-25 17:35:00,116.15,116.35,115.72,115.88,98098
1787647200,2026-08-25 17:40:00,115.89,116.2,115.83,116.17,64619
1787647500,2026-08-25 17:45:00,116.15,116.47,116.15,116.36,86446
1787647800,2026-08-25 17:50:00,116.36,116.51,116.22,116.23,77936
1787648100,2026-08-25 17:55:00,116.24,116.45,116.11,116.44,42706
1787648400,2026-08-25 18:00:00,116.43,116.69,116.1,116.69,36654
1787648700,2026-08-25 18:05:00,116.68,117.37,116.46,117.06,117091
1787649000,2026-08-25 18:10:00,117.14,117.32,116.94,117.07,54712
1787649300,2026-08-25 18:15:00,117.06,117.44,117.05,117.35,34403
1787649600,2026-08-25 18:20:00,117.34,117.38,117.04,117.04,24333
1787649900,2026-08-25 18:25:00,117.06,117.06,116.68,116.87,30759
1787650200,2026-08-25 18:30:00,116.87,117.83,116.83,117.69,60468
1787650500,2026-08-25 18:35:00,117.75,117.83,117.47,117.56,46475
1787650800,2026-08-25 18:40:00,117.57,118.23,117.49,117.96,65729
1787651100,2026-08-25 18:45:00,117.94,118.62,117.93,118.62,65398
1787651400,2026-08-25 18:50:00,118.62,118.92,118.5,118.9,151166
1787651700,2026-08-25 18:55:00,118.87,119.23,118.61,118.69,367882
1787652000,2026-08-25 19:00:00,118.67,118.78,118.39,118.65,62117
1787652300,2026-08-25 19:05:00,118.67,119.34,118.61,119.33,73354
1787652600,2026-08-25 19:10:00,119.24,119.45,118.82,119.03,47093
1787652900,2026-08-25 19:15:00,119.02,119.18,118.81,118.87,41075
1787653200,2026-08-25 19:20:00,118.89,118.91,118.67,118.77,49308
1787653500,2026-08-25 19:25:00,118.76,118.84,118.51,118.56,55408
1787653800,2026-08-25 19:30:00,118.61,118.73,118.25,118.42,51748
1787654100,2026-08-25 19:35:00,118.44,118.51,118.28,118.37,72008
1787654400,2026-08-25 19:40:00,118.35,118.41,117.83,117.84,117943
1787654700,2026-08-25 19:45:00,117.84,118.25,117.79,118.19,375167
1787655000,2026-08-25 19:50:00,118.2,118.75,118.18,118.56,67985
1787655300,2026-08-25 19:55:00,118.54,118.6,118.09,118.22,179356
1787655600,2026-08-25 20:00:00,118.18,118.36,117.28,117.39,739017
1787655900,2026-08-25 20:05:00,117.35,117.39,116.9,117.31,106583
1787656200,2026-08-25 20:10:00,117.31,117.83,117.21,117.71,68522
1787656500,2026-08-25 20:15:00,117.78,117.92,117.2,117.51,60130
1787656800,2026-08-25 20:20:00,117.49,118.18,117.49,118.08,196100
1787657100,2026-08-25 20:25:00,118.06,118.11,117.57,117.9,454140
1787657400,2026-08-25 20:30:00,117.89,118.19,117.88,118.03,50404
1787657700,2026-08-25 20:35:00,118.03,118.24,117.94,118.18,53635
1787658000,2026-08-25 20:40:00,118.19,118.22,117.99,118.11,26811
1787658300,2026-08-25 20:45:00,118.09,118.7,117.99,118.68,30449
1787658600,2026-08-25 20:50:00,118.7,118.96,118.51,118.69,520650
1787658900,2026-08-25 20:55:00,118.69,118.7,118.12,118.3,108104
1787659200,2026-08-25 21:00:00,118.25,118.65,117.93,118.57,79018
1787659500,2026-08-25 21:05:00,118.57,118.57,118.16,118.44,44771
1787659800,2026-08-25 21:10:00,118.4,118.92,118.25,118.91,83495
1787660100,2026-08-25 21:15:00,118.89,119.71,118.84,119.62,266950
1787660400,2026-08-25 21:20:00,119.6,119.66,118.97,119.23,110827
1787660700,2026-08-25 21:25:00,119.23,119.44,119.07,119.17,441107
1787661000,2026-08-25 21:30:00,119.17,119.17,118.34,118.48,948145
1787661300,2026-08-25 21:35:00,118.47,118.49,118.03,118.06,99144
1787661600,2026-08-25 21:40:00,118.06,118.5,117.98,118.38,41964
1787661900,2026-08-25 21:45:00,118.4,118.48,118.19,118.24,38478
1787662200,2026-08-25 21:50:00,118.3,118.81,118.3,118.58,82998
1787662500,2026-08-25 21:55:00,118.58,118.72,118.5,118.5,48020
1787662800,2026-08-25 22:00:00,118.51,118.56,118.02,118.07,60503
1787663100,2026-08-25 22:05:00,118.08,118.27,117.77,118.01,125639
1787663400,2026-08-25 22:10:00,118.01,118.51,117.99,118.1,56177
1787663700,2026-08-25 22:15:00,118.08,118.43,118,118.32,93034
1787664000,2026-08-25 22:20:00,118.27,118.42,118.14,118.31,47209
1787664300,2026-08-25 22:25:00,118.32,118.98,117.27,117.37,453786
1787664600,2026-08-25 22:30:00,117.33,119.89,116.08,119.88,1086580
1787664900,2026-08-25 22:35:00,119.85,119.85,116.63,116.95,1124481
1787665200,2026-08-25 22:40:00,116.92,118.2,116.8,117.47,627483
1787665500,2026-08-25 22:45:00,117.54,119.52,116.9,118.75,788610
1787665800,2026-08-25 22:50:00,118.71,119.12,117.74,117.75,456284
1787666100,2026-08-25 22:55:00,117.73,117.78,116.6,117.12,391409
1787666400,2026-08-25 23:00:00,117.11,117.11,115.27,115.79,497914
1787666700,2026-08-25 23:05:00,115.8,116.69,115.6,116.13,272673
1787667000,2026-08-25 23:10:00,116.11,116.94,115.32,115.38,252836
1787667300,2026-08-25 23:15:00,115.41,116.11,115.12,115.3,289366
1787667600,2026-08-25 23:20:00,115.26,115.71,113.55,114.5,444706
1787667900,2026-08-25 23:25:00,114.52,115.27,114.3,114.78,231011
1787668200,2026-08-25 23:30:00,114.81,115.85,113.33,114.82,1569055
1787668500,2026-08-25 23:35:00,114.87,116.47,114.81,115.98,335804
1787668800,2026-08-25 23:40:00,115.96,116.05,114.53,115.17,432787
1787669100,2026-08-25 23:45:00,115.12,115.4,114.64,115.24,225507
1787669400,2026-08-25 23:50:00,115.11,116.2,115.04,115.7,247481
1787669700,2026-08-25 23:55:00,115.7,115.99,115.35,115.67,175788
1787670000,2026-08-26 00:00:00,115.65,115.67,114.9,115.08,128338
1787670300,2026-08-26 00:05:00,115.12,115.7,114.98,115.18,120072
1787670600,2026-08-26 00:10:00,115.16,115.5,115.08,115.23,79575
1787670900,2026-08-26 00:15:00,115.34,115.72,115.14,115.52,86743
1787671200,2026-08-26 00:20:00,115.55,116.26,115.47,115.76,116966
1787671500,2026-08-26 00:25:00,115.72,116.52,115.58,116.47,105023
1787671800,2026-08-26 00:30:00,116.41,117.02,116.16,116.19,100726
1787672100,2026-08-26 00:35:00,116.2,116.92,116.1,116.12,554510
1787672400,2026-08-26 00:40:00,116.14,116.28,115.77,115.86,232696
1787672700,2026-08-26 00:45:00,115.79,115.81,115.3,115.44,132742
1787673000,2026-08-26 00:50:00,115.44,115.58,115.16,115.34,143391
1787673300,2026-08-26 00:55:00,115.34,115.77,115.33,115.58,49704
1787673600,2026-08-26 01:00:00,115.56,116.28,115.53,115.97,151373
1787673900,2026-08-26 01:05:00,115.92,116.56,115.92,116.08,83939
1787674200,2026-08-26 01:10:00,116.03,116.32,116,116.23,52748
1787674500,2026-08-26 01:15:00,116.3,116.62,116.27,116.56,57869
1787674800,2026-08-26 01:20:00,116.56,116.76,116.39,116.43,170862
1787675100,2026-08-26 01:25:00,116.39,116.61,116.37,116.53,82078
1787675400,2026-08-26 01:30:00,116.51,116.56,116.28,116.3,35784
1787675700,2026-08-26 01:35:00,116.29,116.32,115.86,116.25,43434
1787676000,2026-08-26 01:40:00,116.2,116.2,115.6,115.74,85717
1787676300,2026-08-26 01:45:00,115.8,115.99,115.6,115.76,75940
1787676600,2026-08-26 01:50:00,115.78,115.81,115.31,115.38,86454
1787676900,2026-08-26 01:55:00,115.41,115.74,115.3,115.68,86974
1787677200,2026-08-26 02:00:00,115.68,115.83,115.08,115.11,99714
1787677500,2026-08-26 02:05:00,115.11,115.43,114.92,115.02,155190
1787677800,2026-08-26 02:10:00,115.02,115.14,114.73,115.12,44763
1787678100,2026-08-26 02:15:00,115.08,115.29,114.91,115.23,48647
1787678400,2026-08-26 02:20:00,115.24,115.29,115.03,115.26,87061
1787678700,2026-08-26 02:25:00,115.2,115.22,114.87,115.1,86031
1787679000,2026-08-26 02:30:00,115.08,115.36,114.89,115.3,56467
1787679300,2026-08-26 02:35:00,115.26,115.45,115.1,115.39,24392
1787679600,2026-08-26 02:40:00,115.35,115.35,115.07,115.18,23559
1787679900,2026-08-26 02:45:00,115.12,115.32,114.99,115.26,18007
1787680200,2026-08-26 02:50:00,115.28,115.4,115.09,115.38,12944
1787680500,2026-08-26 02:55:00,115.3,115.38,115.08,115.13,11819
1787680800,2026-08-26 03:00:00,115.13,115.13,114.56,114.61,45253
1787681100,2026-08-26 03:05:00,114.56,114.91,114.54,114.88,39492
1787681400,2026-08-26 03:10:00,114.89,115.02,114.72,114.8,32169
1787681700,2026-08-26 03:15:00,114.83,115.13,114.79,115.11,20207
1787682000,2026-08-26 03:20:00,115.13,115.32,115.1,115.32,9973
1787682300,2026-08-26 03:25:00,115.27,115.3,115.07,115.07,44497
1787682600,2026-08-26 03:30:00,115.07,115.64,115.07,115.51,29968
1787682900,2026-08-26 03:35:00,115.51,116.04,115.5,115.92,86753
1787683200,2026-08-26 03:40:00,115.9,116.15,115.76,116.13,25877
1787683500,2026-08-26 03:45:00,116.16,116.57,116.13,116.25,75967
1787683800,2026-08-26 03:50:00,116.26,116.28,115.78,115.91,88137
1787684100,2026-08-26 03:55:00,115.88,115.97,115.79,115.8,27380
1787684400,2026-08-26 04:00:00,115.78,116.04,115.5,115.61,114745
1787684700,2026-08-26 04:05:00,115.59,115.99,115.45,115.96,25201
1787685000,2026-08-26 04:10:00,115.97,115.97,115.24,115.27,34742
1787685300,2026-08-26 04:15:00,115.27,115.38,114.96,115.14,48919
1787685600,2026-08-26 04:20:00,115.13,115.16,114.68,114.94,32749
1787685900,2026-08-26 04:25:00,114.91,115.33,114.74,115.33,41653
1787686200,2026-08-26 04:30:00,115.32,115.33,114.5,114.72,157097
1787686500,2026-08-26 04:35:00,114.65,114.94,114.63,114.84,193941
1787686800,2026-08-26 04:40:00,114.85,115.44,114.81,114.96,41401
1787687100,2026-08-26 04:45:00,115.07,115.08,114.7,114.84,40127
1787687400,2026-08-26 04:50:00,114.74,115.78,114.74,115.64,136541
1787687700,2026-08-26 04:55:00,115.7,116.03,115.28,115.87,170939
1787688000,2026-08-26 05:00:00,115.8,116.3,115.44,116.28,107651
1787688300,2026-08-26 05:05:00,116.26,116.53,116.11,116.46,64207
1787688600,2026-08-26 05:10:00,116.47,116.62,116.36,116.56,33780
1787688900,2026-08-26 05:15:00,116.57,116.77,116.52,116.74,31295
1787689200,2026-08-26 05:20:00,116.73,117.16,116.72,117.07,41274
1787689500,2026-08-26 05:25:00,117.06,117.24,116.84,116.93,40962
1787689800,2026-08-26 05:30:00,116.91,117.14,116.85,116.86,56835
1787690100,2026-08-26 05:35:00,116.85,116.88,116.54,116.54,41411
1787690400,2026-08-26 05:40:00,116.57,116.66,116.51,116.53,26243
1787690700,2026-08-26 05:45:00,116.54,116.72,116.22,116.39,61956
1787691000,2026-08-26 05:50:00,116.38,116.65,116.25,116.62,68086
1787691300,2026-08-26 05:55:00,116.6,116.64,116.41,116.47,16560
1787691600,2026-08-26 06:00:00,116.49,116.57,116.39,116.41,21323
1787691900,2026-08-26 06:05:00,116.41,116.53,116.23,116.26,44393
1787692200,2026-08-26 06:10:00,116.3,116.5,116.29,116.46,140234
1787692500,2026-08-26 06:15:00,116.46,116.64,116.46,116.55,66478
1787692800,2026-08-26 06:20:00,116.53,116.58,116.44,116.51,6353
1787693100,2026-08-26 06:25:00,116.45,116.72,116.45,116.72,4712
1787693400,2026-08-26 06:30:00,116.71,116.71,116.55,116.65,5232
1787693700,2026-08-26 06:35:00,116.65,116.8,116.58,116.79,60882
1787694000,2026-08-26 06:40:00,116.8,117,116.77,116.97,65134
1787694300,2026-08-26 06:45:00,116.97,117.11,116.91,117.1,44506
1787694600,2026-08-26 06:50:00,117.1,117.1,116.87,117.02,39969
1787694900,2026-08-26 06:55:00,116.97,117.12,116.96,117.11,35444
1787695200,2026-08-26 07:00:00,117.12,117.28,116.86,117.2,32814
1787695500,2026-08-26 07:05:00,117.17,117.35,117.05,117.26,31068
1787695800,2026-08-26 07:10:00,117.24,117.27,117.07,117.12,25709
1787696100,2026-08-26 07:15:00,117.11,117.2,117.1,117.12,26852
1787696400,2026-08-26 07:20:00,117.13,117.13,116.75,116.97,74888
1787696700,2026-08-26 07:25:00,116.97,117.04,116.81,117.03,45695
1787697000,2026-08-26 07:30:00,117.02,117.03,116.81,116.88,59322
1787697300,2026-08-26 07:35:00,116.9,116.9,116.64,116.67,46783
1787697600,2026-08-26 07:40:00,116.66,116.77,116.6,116.77,36533
1787697900,2026-08-26 07:45:00,116.77,116.82,116.68,116.72,45725
1787698200,2026-08-26 07:50:00,116.71,116.8,116.63,116.65,36470
1787698500,2026-08-26 07:55:00,116.68,116.8,116.61,116.71,37847
1787698800,2026-08-26 08:00:00,116.71,116.81,116.67,116.69,18623
1787699100,2026-08-26 08:05:00,116.66,116.67,116.5,116.58,49056
1787699400,2026-08-26 08:10:00,116.59,116.59,116.42,116.42,36691
1787699700,2026-08-26 08:15:00,116.44,116.53,116.4,116.42,17326
1787700000,2026-08-26 08:20:00,116.45,116.45,116.14,116.41,20940
1787700300,2026-08-26 08:25:00,116.41,116.41,116.08,116.08,31340
1787700600,2026-08-26 08:30:00,116.08,116.14,115.88,115.88,38303
1787700900,2026-08-26 08:35:00,115.88,115.99,115.86,115.87,19381
1787701200,2026-08-26 08:40:00,115.87,115.98,115.86,115.92,20917
1787701500,2026-08-26 08:45:00,115.87,115.88,115.65,115.67,42056
1787701800,2026-08-26 08:50:00,115.66,115.84,115.61,115.76,36368
1787702100,2026-08-26 08:55:00,115.77,115.87,115.69,115.74,41143
1787702400,2026-08-26 09:00:00,115.7,115.7,114.43,115.21,229556
1787702700,2026-08-26 09:05:00,115.23,115.5,114.5,115.49,84985
1787703000,2026-08-26 09:10:00,115.5,115.67,115.12,115.18,54562
1787703300,2026-08-26 09:15:00,115.2,116.03,115.17,115.67,62215
1787703600,2026-08-26 09:20:00,115.66,115.74,114.97,115.06,23718
1787703900,2026-08-26 09:25:00,115.07,115.08,114.19,114.41,94371
1787704200,2026-08-26 09:30:00,114.35,114.61,113.89,114.03,153860
1787704500,2026-08-26 09:35:00,114.07,114.11,113.39,113.47,214182
1787704800,2026-08-26 09:40:00,113.54,113.76,113.21,113.53,144557
1787705100,2026-08-26 09:45:00,113.53,113.85,113.33,113.46,62777
1787705400,2026-08-26 09:50:00,113.46,113.52,112.77,112.99,293998
1787705700,2026-08-26 09:55:00,113.03,113.09,112.39,112.44,220055
1787706000,2026-08-26 10:00:00,112.42,113.38,112.36,113.36,164680
1787706300,2026-08-26 10:05:00,113.35,113.52,112.83,113.01,93446
1787706600,2026-08-26 10:10:00,113.08,113.28,112.89,113.04,49900
1787706900,2026-08-26 10:15:00,113.01,113.39,112.96,113.01,53810
1787707200,2026-08-26 10:20:00,113.01,113.38,112.72,112.78,57161
1787707500,2026-08-26 10:25:00,112.78,112.9,112.57,112.88,48511
1787707800,2026-08-26 10:30:00,112.89,113.21,112.62,112.87,65644
1787708100,2026-08-26 10:35:00,112.86,113.31,112.7,113.19,92730
1787708400,2026-08-26 10:40:00,113.1,113.2,112.74,112.83,45860
1787708700,2026-08-26 10:45:00,112.83,112.94,112.61,112.65,67447
1787709000,2026-08-26 10:50:00,112.68,113.13,112.6,113.08,62947
1787709300,2026-08-26 10:55:00,113.09,113.25,112.98,113.18,78999
1787709600,2026-08-26 11:00:00,113.17,113.31,112.91,113.01,40280
1787709900,2026-08-26 11:05:00,113.01,113.1,112.78,113.08,31598
1787710200,2026-08-26 11:10:00,113.13,113.55,113.11,113.53,162756
1787710500,2026-08-26 11:15:00,113.53,114.05,113.52,113.89,97334
1787710800,2026-08-26 11:20:00,113.9,114.4,113.86,114.28,62761
1787711100,2026-08-26 11:25:00,114.27,114.68,114.27,114.67,122730
1787711400,2026-08-26 11:30:00,114.67,114.95,114.55,114.7,45920
1787711700,2026-08-26 11:35:00,114.73,115.22,114.53,115.13,41715
1787712000,2026-08-26 11:40:00,115.18,115.95,115.11,115.85,78839
1787712300,2026-08-26 11:45:00,115.86,116.16,115.64,115.77,177064
1787712600,2026-08-26 11:50:00,115.74,115.93,115.47,115.62,95446
1787712900,2026-08-26 11:55:00,115.6,115.77,115.51,115.54,33888
1787713200,2026-08-26 12:00:00,115.58,115.86,115.36,115.86,35874
1787713500,2026-08-26 12:05:00,115.83,116,115.6,115.69,91450
1787713800,2026-08-26 12:10:00,115.62,115.88,115.58,115.86,26080
1787714100,2026-08-26 12:15:00,115.87,116.03,115.62,115.91,28669
1787714400,2026-08-26 12:20:00,115.88,115.97,115.65,115.66,21576
1787714700,2026-08-26 12:25:00,115.65,115.72,115.42,115.47,15794
1787715000,2026-08-26 12:30:00,115.46,115.66,115.24,115.66,37802
1787715300,2026-08-26 12:35:00,115.66,116.43,115.66,116.42,52928
1787715600,2026-08-26 12:40:00,116.44,116.44,116.05,116.17,42024
1787715900,2026-08-26 12:45:00,116.21,116.92,116.21,116.92,113253
1787716200,2026-08-26 12:50:00,116.91,117.31,116.86,117.14,111188
1787716500,2026-08-26 12:55:00,117.08,117.3,117.08,117.11,61155
1787716800,2026-08-26 13:00:00,117.08,117.33,116.94,117.14,37464
1787717100,2026-08-26 13:05:00,117.13,117.46,116.93,117.08,83068
1787717400,2026-08-26 13:10:00,117.09,117.42,116.94,117.23,28939
1787717700,2026-08-26 13:15:00,117.24,117.28,116.97,117.18,41053
1787718000,2026-08-26 13:20:00,117.2,117.21,116.97,117.02,19093
1787718300,2026-08-26 13:25:00,117.04,117.38,117,117.13,51484
1787718600,2026-08-26 13:30:00,117.14,117.33,117.02,117.07,71847
1787718900,2026-08-26 13:35:00,117.05,117.11,116.65,116.68,47757
1787719200,2026-08-26 13:40:00,116.66,116.97,116.63,116.69,51156
1787719500,2026-08-26 13:45:00,116.71,116.71,116,116.07,58049
1787719800,2026-08-26 13:50:00,116.1,116.43,116,116.37,62432
1787720100,2026-08-26 13:55:00,116.33,116.54,116.03,116.17,36736
1787720400,2026-08-26 14:00:00,116.17,116.91,116.13,116.73,68528
1787720700,2026-08-26 14:05:00,116.72,116.83,116.36,116.82,51849
1787721000,2026-08-26 14:10:00,116.78,116.82,116.28,116.3,54313
1787721300,2026-08-26 14:15:00,116.33,116.52,116.06,116.38,47242
1787721600,2026-08-26 14:20:00,116.34,116.63,116.24,116.54,47028
1787721900,2026-08-26 14:25:00,116.5,116.59,116.2,116.52,22887
1787722200,2026-08-26 14:30:00,116.57,116.9,116.54,116.81,27299
1787722500,2026-08-26 14:35:00,116.75,116.78,116.52,116.73,8157
1787722800,2026-08-26 14:40:00,116.72,116.81,116.58,116.78,8369
1787723100,2026-08-26 14:45:00,116.74,116.77,116.44,116.53,17577
1787723400,2026-08-26 14:50:00,116.54,116.57,116.1,116.1,22363
1787723700,2026-08-26 14:55:00,116.15,116.51,116.12,116.5,29669
1787724000,2026-08-26 15:00:00,116.39,116.57,115.89,115.89,20866
1787724300,2026-08-26 15:05:00,115.88,115.95,115.72,115.8,26202
1787724600,2026-08-26 15:10:00,115.75,116.14,115.7,115.8,68648
1787724900,2026-08-26 15:15:00,115.79,115.87,115.47,115.62,87195
1787725200,2026-08-26 15:20:00,115.6,115.63,115.4,115.59,39126
1787725500,2026-08-26 15:25:00,115.61,116.03,115.49,116.03,73252
1787725800,2026-08-26 15:30:00,115.98,116.42,115.79,116.4,48338
1787726100,2026-08-26 15:35:00,116.38,116.47,116.21,116.33,111695
1787726400,2026-08-26 15:40:00,116.37,116.91,116.32,116.9,43539
1787726700,2026-08-26 15:45:00,116.84,117.25,116.84,116.9,62738
1787727000,2026-08-26 15:50:00,116.91,116.93,116.4,116.44,36560
1787727300,2026-08-26 15:55:00,116.43,116.84,116.37,116.77,27250
1787727600,2026-08-26 16:00:00,116.71,116.8,116.34,116.75,31481
1787727900,2026-08-26 16:05:00,116.78,116.83,115.72,115.72,45429
1787728200,2026-08-26 16:10:00,115.75,115.99,115.29,115.96,93966
1787728500,2026-08-26 16:15:00,115.98,116.15,115.74,115.83,37779
1787728800,2026-08-26 16:20:00,115.85,115.85,115.58,115.68,74313
1787729100,2026-08-26 16:25:00,115.66,115.73,115.14,115.24,39159
1787729400,2026-08-26 16:30:00,115.29,115.35,114.88,115.2,93093
1787729700,2026-08-26 16:35:00,115.18,115.44,115.08,115.23,59939
1787730000,2026-08-26 16:40:00,115.21,115.4,115.1,115.15,19164
1787730300,2026-08-26 16:45:00,115.15,115.54,115.05,115.08,28063
1787730600,2026-08-26 16:50:00,115.09,115.17,114.84,115.15,26502
1787730900,2026-08-26 16:55:00,115.09,115.31,115.03,115.28,9844
1787731200,2026-08-26 17:00:00,115.28,116.44,115.1,116.38,183419
1787731500,2026-08-26 17:05:00,116.35,116.8,115.86,116.78,114343
1787731800,2026-08-26 17:10:00,116.78,116.86,115.87,115.92,109204
1787732100,2026-08-26 17:15:00,115.92,116.4,115.32,115.54,216039
1787732400,2026-08-26 17:20:00,115.49,115.69,115.25,115.69,100266
1787732700,2026-08-26 17:25:00,115.65,116.44,115.65,116.44,69273
1787733000,2026-08-26 17:30:00,116.44,116.55,115.93,116.13,53089
1787733300,2026-08-26 17:35:00,116.2,116.4,116.13,116.4,44843
1787733600,2026-08-26 17:40:00,116.42,116.51,116.23,116.35,44743
1787733900,2026-08-26 17:45:00,116.34,116.34,115.91,115.96,52880
1787734200,2026-08-26 17:50:00,116.03,116.19,115.86,115.92,30972
1787734500,2026-08-26 17:55:00,115.94,116.14,115.65,116.1,48184
1787734800,2026-08-26 18:00:00,116.13,116.2,115.87,116.03,35981
1787735100,2026-08-26 18:05:00,115.98,116.14,115.89,115.89,34451
1787735400,2026-08-26 18:10:00,115.89,116.25,115.89,116.24,29452
1787735700,2026-08-26 18:15:00,116.24,116.36,115.92,116.08,57874
1787736000,2026-08-26 18:20:00,116.12,116.3,115.78,115.91,40352
1787736300,2026-08-26 18:25:00,115.9,116.02,115.68,115.84,35509
1787736600,2026-08-26 18:30:00,115.89,116.23,115.87,115.97,23131
1787736900,2026-08-26 18:35:00,116.02,116.14,115.91,115.95,38062
1787737200,2026-08-26 18:40:00,115.95,116.16,115.89,115.99,48865
1787737500,2026-08-26 18:45:00,116.03,116.25,115.99,116.24,21167
1787737800,2026-08-26 18:50:00,116.27,116.44,116.13,116.33,21911
1787738100,2026-08-26 18:55:00,116.38,116.42,116.22,116.36,49932
1787738400,2026-08-26 19:00:00,116.3,116.34,115.89,116.04,34722
1787738700,2026-08-26 19:05:00,116.04,116.24,116,116.1,28958
1787739000,2026-08-26 19:10:00,116.1,116.1,115.79,115.85,50523
1787739300,2026-08-26 19:15:00,115.86,116.12,115.84,116.03,43608
1787739600,2026-08-26 19:20:00,116.03,116.2,115.79,116.2,16328
1787739900,2026-08-26 19:25:00,116.19,116.19,115.92,115.93,21075
1787740200,2026-08-26 19:30:00,115.88,116.34,115.61,116.34,29117
1787740500,2026-08-26 19:35:00,116.38,116.42,116.14,116.22,41649
1787740800,2026-08-26 19:40:00,116.21,116.33,116.03,116.13,33909
1787741100,2026-08-26 19:45:00,116.11,116.33,116.04,116.29,28895
1787741400,2026-08-26 19:50:00,116.32,116.34,116.14,116.21,104431
1787741700,2026-08-26 19:55:00,116.2,116.35,116.18,116.35,35936
1787742000,2026-08-26 20:00:00,116.35,117.28,116.35,117.11,175677
1787742300,2026-08-26 20:05:00,117.1,117.11,116.57,116.67,37314
1787742600,2026-08-26 20:10:00,116.62,117.1,116.6,116.87,34222
1787742900,2026-08-26 20:15:00,116.86,117.68,116.86,117.15,98080
1787743200,2026-08-26 20:20:00,117.23,117.3,116.98,116.98,39441
1787743500,2026-08-26 20:25:00,116.96,116.98,116.57,116.9,68800
1787743800,2026-08-26 20:30:00,116.9,117.05,116.37,116.42,88550
1787744100,2026-08-26 20:35:00,116.41,116.49,114.88,115.13,416952
1787744400,2026-08-26 20:40:00,115.13,115.49,114.89,115.31,318403
1787744700,2026-08-26 20:45:00,115.38,115.38,114.72,114.95,125814
1787745000,2026-08-26 20:50:00,115.01,115.66,115.01,115.34,146930
1787745300,2026-08-26 20:55:00,115.28,115.53,115.28,115.4,57894
1787745600,2026-08-26 21:00:00,115.46,115.57,115.02,115.44,57718
1787745900,2026-08-26 21:05:00,115.44,115.47,115.06,115.21,107537
1787746200,2026-08-26 21:10:00,115.24,115.29,114.85,115.21,121150
1787746500,2026-08-26 21:15:00,115.22,115.22,114.42,114.54,373818
1787746800,2026-08-26 21:20:00,114.53,115.43,114.46,115.32,181888
1787747100,2026-08-26 21:25:00,115.33,115.8,115.25,115.8,243166
1787747400,2026-08-26 21:30:00,115.8,115.84,113.18,113.74,1049660
1787747700,2026-08-26 21:35:00,113.72,113.87,112.95,113.82,702613
1787748000,2026-08-26 21:40:00,113.8,114.13,113.59,113.68,466427
1787748300,2026-08-26 21:45:00,113.69,114.12,113.13,113.84,139422
1787748600,2026-08-26 21:50:00,113.76,113.88,112.86,113.08,231818
1787748900,2026-08-26 21:55:00,113.07,113.32,112.87,113.08,252063
1787749200,2026-08-26 22:00:00,113.08,113.48,112.85,113.17,145047
1787749500,2026-08-26 22:05:00,113.16,113.43,112.81,112.85,120140
1787749800,2026-08-26 22:10:00,112.86,113.79,112.71,113.79,131504
1787750100,2026-08-26 22:15:00,113.77,113.79,113.44,113.68,78036
1787750400,2026-08-26 22:20:00,113.65,113.68,113.3,113.67,101483
1787750700,2026-08-26 22:25:00,113.7,114.79,113.66,114.79,443606
1787751000,2026-08-26 22:30:00,114.8,116.86,114.68,115.64,1910677
1787751300,2026-08-26 22:35:00,115.65,116.68,114.74,115.73,2042759
1787751600,2026-08-26 22:40:00,115.76,117.22,115.28,116.54,2001928
1787751900,2026-08-26 22:45:00,116.56,116.91,115.52,115.61,893322
1787752200,2026-08-26 22:50:00,115.59,116.49,115.35,116.41,856385
1787752500,2026-08-26 22:55:00,116.4,116.91,116.06,116.58,446885
1787752800,2026-08-26 23:00:00,116.54,116.56,115.86,115.98,305498
1787753100,2026-08-26 23:05:00,115.96,116.1,115.24,115.37,280350
1787753400,2026-08-26 23:10:00,115.39,115.39,113.97,114.49,539954
1787753700,2026-08-26 23:15:00,114.5,114.74,114.08,114.17,297482
1787754000,2026-08-26 23:20:00,114.15,114.17,112.8,113.4,1093246
1787754300,2026-08-26 23:25:00,113.4,113.54,112.56,113.06,837776
1787754600,2026-08-26 23:30:00,113.05,114.18,113.02,114.05,366531
1787754900,2026-08-26 23:35:00,114.03,114.52,113.61,114.41,143275
1787755200,2026-08-26 23:40:00,114.32,114.85,114.29,114.63,194997
1787755500,2026-08-26 23:45:00,114.64,115.37,114.43,115.08,145940
1787755800,2026-08-26 23:50:00,115.08,115.51,114.81,114.93,201295
1787756100,2026-08-26 23:55:00,114.94,115.29,114.46,114.9,120772
1787756400,2026-08-27 00:00:00,114.92,115.51,114.79,115.31,266159
1787756700,2026-08-27 00:05:00,115.36,115.78,115.04,115.34,222481
1787757000,2026-08-27 00:10:00,115.34,115.43,114.72,114.96,301238
1787757300,2026-08-27 00:15:00,114.94,115.13,114.43,115.12,138052
1787757600,2026-08-27 00:20:00,115.08,115.32,114.72,115.02,73734
1787757900,2026-08-27 00:25:00,115.02,115.76,114.93,115.59,89276
1787758200,2026-08-27 00:30:00,115.59,115.74,115.26,115.5,66333
1787758500,2026-08-27 00:35:00,115.49,116.22,115.47,115.91,218388
1787758800,2026-08-27 00:40:00,115.95,116.34,115.87,116.32,58602
1787759100,2026-08-27 00:45:00,116.31,116.34,115.94,116.19,42024
1787759400,2026-08-27 00:50:00,116.19,116.24,115.35,115.44,334368
1787759700,2026-08-27 00:55:00,115.43,115.69,115.28,115.4,58616
1787760000,2026-08-27 01:00:00,115.39,115.45,114.77,114.97,121784
1787760300,2026-08-27 01:05:00,114.97,115.15,114.64,114.64,81118
1787760600,2026-08-27 01:10:00,114.66,114.66,114.36,114.4,92781
1787760900,2026-08-27 01:15:00,114.34,114.7,114.32,114.7,67968
1787761200,2026-08-27 01:20:00,114.69,115.1,114.62,114.95,65516
1787761500,2026-08-27 01:25:00,114.92,115.05,114.73,114.91,43543
1787761800,2026-08-27 01:30:00,114.88,115.18,114.84,114.94,31923
1787762100,2026-08-27 01:35:00,114.94,114.96,114.57,114.6,44786
1787762400,2026-08-27 01:40:00,114.57,114.87,114.25,114.36,42981
1787762700,2026-08-27 01:45:00,114.34,114.74,114.34,114.52,44299
1787763000,2026-08-27 01:50:00,114.53,114.75,114.51,114.61,27872
1787763300,2026-08-27 01:55:00,114.6,115.28,114.59,115.25,60565
1787763600,2026-08-27 02:00:00,115.24,115.55,115.16,115.49,49012
1787763900,2026-08-27 02:05:00,115.44,115.67,115.24,115.67,46593
1787764200,2026-08-27 02:10:00,115.64,115.76,115.55,115.66,37489
1787764500,2026-08-27 02:15:00,115.68,115.99,115.55,115.78,53844
1787764800,2026-08-27 02:20:00,115.78,115.95,115.7,115.9,45563
1787765100,2026-08-27 02:25:00,115.92,115.97,115.68,115.79,100827
1787765400,2026-08-27 02:30:00,115.79,116.03,115.68,116.01,98279
1787765700,2026-08-27 02:35:00,116.01,116.3,115.87,116.09,140702
1787766000,2026-08-27 02:40:00,116.15,116.26,115.97,116.07,46529
1787766300,2026-08-27 02:45:00,116.09,116.25,115.96,116.08,52876
1787766600,2026-08-27 02:50:00,116.12,116.34,116.01,116.17,51930
1787766900,2026-08-27 02:55:00,116.15,116.42,116.13,116.3,45570
1787767200,2026-08-27 03:00:00,116.3,116.3,115.85,116,68666
1787767500,2026-08-27 03:05:00,116,116.47,116,116.32,61217
1787767800,2026-08-27 03:10:00,116.34,116.37,115.9,116.04,43678
1787768100,2026-08-27 03:15:00,116.01,116.13,115.84,116.08,38525
1787768400,2026-08-27 03:20:00,116.08,116.15,115.93,116.06,12361
1787768700,2026-08-27 03:25:00,116.03,116.14,115.92,116.1,27573
1787769000,2026-08-27 03:30:00,116.04,116.48,116.03,116.48,39411
1787769300,2026-08-27 03:35:00,116.47,116.56,116.38,116.38,59637
1787769600,2026-08-27 03:40:00,116.38,116.55,116.24,116.28,62000
1787769900,2026-08-27 03:45:00,116.31,116.83,116.31,116.65,69667
1787770200,2026-08-27 03:50:00,116.63,116.65,116.35,116.47,33245
1787770500,2026-08-27 03:55:00,116.46,116.7,116.44,116.53,40552
1787770800,2026-08-27 04:00:00,116.49,117.36,116.48,117.33,63380
1787771100,2026-08-27 04:05:00,117.31,117.36,116.69,116.7,103025
1787771400,2026-08-27 04:10:00,116.71,116.8,116.25,116.55,42869
1787771700,2026-08-27 04:15:00,116.53,116.82,116.5,116.81,45637
1787772000,2026-08-27 04:20:00,116.81,116.81,116.39,116.73,49387
1787772300,2026-08-27 04:25:00,116.72,117.1,116.63,116.74,55183
1787772600,2026-08-27 04:30:00,116.74,116.74,116.3,116.59,55520
1787772900,2026-08-27 04:35:00,116.56,116.56,116.03,116.03,55876
1787773200,2026-08-27 04:40:00,116.03,116.23,115.74,115.79,78466
1787773500,2026-08-27 04:45:00,115.76,116.56,115.73,116.5,72064
1787773800,2026-08-27 04:50:00,116.47,116.51,115.55,115.61,94873
1787774100,2026-08-27 04:55:00,115.58,116.63,115.38,116.63,136140
1787774400,2026-08-27 05:00:00,116.56,117.39,116.25,117.21,140780
1787774700,2026-08-27 05:05:00,117.19,117.48,116.97,116.97,115108
1787775000,2026-08-27 05:10:00,116.98,117.39,116.95,117.15,80387
1787775300,2026-08-27 05:15:00,117.17,117.88,117.15,117.71,57086
1787775600,2026-08-27 05:20:00,117.62,117.62,114.7,116.94,1103950
1787775900,2026-08-27 05:25:00,116.89,117.61,116.36,116.55,397027
1787776200,2026-08-27 05:30:00,116.54,116.62,115.8,116.19,127922
1787776500,2026-08-27 05:35:00,116.21,117.06,116.14,116.59,87275
1787776800,2026-08-27 05:40:00,116.63,117.04,116.63,116.82,189570
1787777100,2026-08-27 05:45:00,116.82,118.22,116.76,118.22,614570
1787777400,2026-08-27 05:50:00,118.19,118.52,117.92,118.23,474549
1787777700,2026-08-27 05:55:00,118.23,119.05,118.09,118.99,467471
1787778000,2026-08-27 06:00:00,118.99,120.79,117.87,120.69,775367
1787778300,2026-08-27 06:05:00,120.69,122.45,120.2,122.3,738665
1787778600,2026-08-27 06:10:00,122.27,122.73,121.79,122.45,1407782
1787778900,2026-08-27 06:15:00,122.48,122.61,120.22,121.08,631636
1787779200,2026-08-27 06:20:00,120.99,121.72,120.77,121.47,202043
1787779500,2026-08-27 06:25:00,121.49,121.54,120.37,121.12,207025
1787779800,2026-08-27 06:30:00,121.15,122.36,121.1,122.36,63616
1787780100,2026-08-27 06:35:00,122.36,123.04,122.06,122.18,82385
1787780400,2026-08-27 06:40:00,122.16,122.42,122.09,122.36,62552
1787780700,2026-08-27 06:45:00,122.34,122.68,121.56,122.64,100813
1787781000,2026-08-27 06:50:00,122.61,123.44,122.5,123.33,594333
1787781300,2026-08-27 06:55:00,123.33,123.39,122.5,122.76,480497
1787781600,2026-08-27 07:00:00,122.64,123.34,122.24,123.21,277478
1787781900,2026-08-27 07:05:00,123.21,123.25,122.57,122.72,65193
1787782200,2026-08-27 07:10:00,122.71,123.09,122.68,122.96,111713
1787782500,2026-08-27 07:15:00,122.96,123.4,122.86,123.3,57599
1787782800,2026-08-27 07:20:00,123.3,123.5,123.11,123.34,112986
1787783100,2026-08-27 07:25:00,123.34,123.4,123.1,123.36,65750
1787783400,2026-08-27 07:30:00,123.36,123.97,123.3,123.77,104203
1787783700,2026-08-27 07:35:00,123.76,124.02,123.59,123.66,304377
1787784000,2026-08-27 07:40:00,123.66,123.9,123.57,123.84,122489
1787784300,2026-08-27 07:45:00,123.84,123.89,123.64,123.74,78691
1787784600,2026-08-27 07:50:00,123.73,123.88,123.53,123.53,84288
1787784900,2026-08-27 07:55:00,123.57,123.59,123.38,123.53,100948
1787785200,2026-08-27 08:00:00,123.54,123.71,123.3,123.38,101770
1787785500,2026-08-27 08:05:00,123.43,123.49,123.22,123.27,30065
1787785800,2026-08-27 08:10:00,123.27,123.44,123.16,123.35,22314
1787786100,2026-08-27 08:15:00,123.38,123.53,123.24,123.45,37212
1787786400,2026-08-27 08:20:00,123.48,124.18,123.43,124.17,78689
1787786700,2026-08-27 08:25:00,124.17,124.25,123.82,124.06,54366
1787787000,2026-08-27 08:30:00,124.07,124.14,123.86,123.93,98665
1787787300,2026-08-27 08:35:00,123.93,124.15,123.85,124.04,45747
1787787600,2026-08-27 08:40:00,124.07,124.15,123.97,124.05,30453
1787787900,2026-08-27 08:45:00,124.1,124.56,124.1,124.5,119730
1787788200,2026-08-27 08:50:00,124.5,124.76,124.28,124.67,93064
1787788500,2026-08-27 08:55:00,124.69,124.94,124.67,124.88,145426
1787788800,2026-08-27 09:00:00,124.85,125.22,124.24,124.64,491010
1787789100,2026-08-27 09:05:00,124.59,125.11,124.38,124.78,316867
1787789400,2026-08-27 09:10:00,124.77,124.84,123.69,124.04,128195
1787789700,2026-08-27 09:15:00,123.99,123.99,123.02,123.47,256253
1787790000,2026-08-27 09:20:00,123.47,123.86,123.16,123.86,384600
1787790300,2026-08-27 09:25:00,123.86,123.97,123.25,123.58,111575
1787790600,2026-08-27 09:30:00,123.57,123.58,122.5,122.58,144113
1787790900,2026-08-27 09:35:00,122.64,122.68,121.76,122.29,436070
1787791200,2026-08-27 09:40:00,122.28,122.6,121.55,121.56,126557
1787791500,2026-08-27 09:45:00,121.58,121.76,120.8,121.52,604113
1787791800,2026-08-27 09:50:00,121.51,121.59,120.71,120.83,438411
1787792100,2026-08-27 09:55:00,120.83,121.53,120.77,121.06,260467
1787792400,2026-08-27 10:00:00,121.06,122.06,120.96,121.92,243215
1787792700,2026-08-27 10:05:00,121.87,122.46,121.86,122.32,95406
1787793000,2026-08-27 10:10:00,122.35,122.49,121.02,121.34,159924
1787793300,2026-08-27 10:15:00,121.34,122.4,121.25,122.4,216159
1787793600,2026-08-27 10:20:00,122.39,122.74,122.3,122.74,186460
1787793900,2026-08-27 10:25:00,122.73,122.84,122.48,122.7,131927
1787794200,2026-08-27 10:30:00,122.67,122.88,122.51,122.8,112932
1787794500,2026-08-27 10:35:00,122.8,123.32,122.73,123.01,155673
1787794800,2026-08-27 10:40:00,123.03,123.12,122.41,122.41,102327
1787795100,2026-08-27 10:45:00,122.41,123.44,122.41,123.42,75408
1787795400,2026-08-27 10:50:00,123.42,123.86,123.42,123.86,56252
1787795700,2026-08-27 10:55:00,123.84,123.86,123.45,123.6,48822
1787796000,2026-08-27 11:00:00,123.66,123.8,123.07,123.4,82855
1787796300,2026-08-27 11:05:00,123.41,123.44,122.75,123.4,144884
1787796600,2026-08-27 11:10:00,123.42,123.5,123.2,123.32,59463
1787796900,2026-08-27 11:15:00,123.34,123.44,123.06,123.16,44774
1787797200,2026-08-27 11:20:00,123.17,123.32,122.94,123.2,20468
1787797500,2026-08-27 11:25:00,123.22,123.35,123.04,123.22,34667
1787797800,2026-08-27 11:30:00,123.22,123.65,123.18,123.62,105472
1787798100,2026-08-27 11:35:00,123.59,123.63,123.31,123.54,71678
1787798400,2026-08-27 11:40:00,123.55,123.59,123.08,123.29,63658
1787798700,2026-08-27 11:45:00,123.3,123.35,123.12,123.29,71299
1787799000,2026-08-27 11:50:00,123.3,123.84,123.29,123.77,138621
1787799300,2026-08-27 11:55:00,123.78,123.83,123.65,123.7,74343
1787799600,2026-08-27 12:00:00,123.73,123.96,123.6,123.84,65292
1787799900,2026-08-27 12:05:00,123.86,123.86,123.44,123.49,92133
1787800200,2026-08-27 12:10:00,123.49,123.49,123.11,123.33,93533
1787800500,2026-08-27 12:15:00,123.33,123.6,123.33,123.6,173466
1787800800,2026-08-27 12:20:00,123.61,124.18,123.6,124.17,214173
1787801100,2026-08-27 12:25:00,124.17,124.23,123.86,123.99,410629
1787801400,2026-08-27 12:30:00,123.99,124.15,123.72,123.9,258587
1787801700,2026-08-27 12:35:00,123.89,123.9,123.64,123.71,214997
1787802000,2026-08-27 12:40:00,123.71,123.81,123.51,123.52,126534
1787802300,2026-08-27 12:45:00,123.53,123.7,123.29,123.3,88863
1787802600,2026-08-27 12:50:00,123.3,123.48,123.13,123.48,66384
1787802900,2026-08-27 12:55:00,123.47,123.69,123.32,123.43,79121
1787803200,2026-08-27 13:00:00,123.42,123.59,123.25,123.25,70276
1787803500,2026-08-27 13:05:00,123.25,123.25,122.95,123.2,60484
1787803800,2026-08-27 13:10:00,123.18,123.24,122.94,123.07,43191
1787804100,2026-08-27 13:15:00,123.07,123.44,123,123.37,46591
1787804400,2026-08-27 13:20:00,123.34,123.46,123.2,123.39,77506
1787804700,2026-08-27 13:25:00,123.38,123.5,122.96,122.96,30647
1787805000,2026-08-27 13:30:00,122.98,123.13,122.87,123,59041
1787805300,2026-08-27 13:35:00,122.99,123.07,122.7,122.75,135511
1787805600,2026-08-27 13:40:00,122.72,123.02,122.64,122.86,32014
1787805900,2026-08-27 13:45:00,122.86,123.2,122.7,122.88,30662
1787806200,2026-08-27 13:50:00,122.87,123,122.8,122.94,135664
1787806500,2026-08-27 13:55:00,122.94,123.03,122.84,122.94,59536
1787806800,2026-08-27 14:00:00,122.95,123.02,122.61,122.71,67121
1787807100,2026-08-27 14:05:00,122.7,122.99,122.61,122.64,41236
1787807400,2026-08-27 14:10:00,122.61,122.85,122.58,122.77,34188
1787807700,2026-08-27 14:15:00,122.77,122.77,122.22,122.26,218318
1787808000,2026-08-27 14:20:00,122.31,122.8,122.24,122.8,126787
1787808300,2026-08-27 14:25:00,122.8,123,122.72,122.94,129874
1787808600,2026-08-27 14:30:00,122.88,122.88,122.3,122.41,67657
1787808900,2026-08-27 14:35:00,122.36,122.72,122.24,122.72,38178
1787809200,2026-08-27 14:40:00,122.73,123,122.45,122.5,28888
1787809500,2026-08-27 14:45:00,122.51,122.95,122.44,122.87,56191
1787809800,2026-08-27 14:50:00,122.79,122.91,122.31,122.36,46965
1787810100,2026-08-27 14:55:00,122.38,122.52,122.25,122.49,30092
1787810400,2026-08-27 15:00:00,122.51,122.64,122.23,122.31,266923
1787810700,2026-08-27 15:05:00,122.3,122.43,121.96,122.07,58123
1787811000,2026-08-27 15:10:00,122.08,122.43,121.95,122.43,58135
1787811300,2026-08-27 15:15:00,122.37,122.59,122.25,122.48,56222
1787811600,2026-08-27 15:20:00,122.42,122.56,122.36,122.51,17311
1787811900,2026-08-27 15:25:00,122.55,122.92,122.44,122.92,120440
1787812200,2026-08-27 15:30:00,122.95,123.17,122.87,123.17,45595
1787812500,2026-08-27 15:35:00,123.16,123.42,123.07,123.42,69262
1787812800,2026-08-27 15:40:00,123.41,123.6,123.41,123.49,37775
1787813100,2026-08-27 15:45:00,123.49,123.57,123.2,123.32,20768
1787813400,2026-08-27 15:50:00,123.31,123.44,123.26,123.37,15655
1787813700,2026-08-27 15:55:00,123.35,123.68,123.35,123.68,27507
1787814000,2026-08-27 16:00:00,123.68,123.74,123.34,123.66,33943
1787814300,2026-08-27 16:05:00,123.68,124.12,123.68,123.95,64792
1787814600,2026-08-27 16:10:00,123.95,124.27,123.84,124.27,166384
1787814900,2026-08-27 16:15:00,124.26,124.37,124.11,124.3,78373
1787815200,2026-08-27 16:20:00,124.29,124.4,124.08,124.23,37913
1787815500,2026-08-27 16:25:00,124.19,124.57,124.16,124.57,77938
1787815800,2026-08-27 16:30:00,124.57,124.64,124.4,124.52,72936
1787816100,2026-08-27 16:35:00,124.53,124.66,124.24,124.32,332694
1787816400,2026-08-27 16:40:00,124.32,124.56,124.26,124.38,44031
1787816700,2026-08-27 16:45:00,124.38,124.58,124.19,124.48,60387
1787817000,2026-08-27 16:50:00,124.47,124.79,124.43,124.77,72360
1787817300,2026-08-27 16:55:00,124.76,124.86,124.62,124.63,51734
1787817600,2026-08-27 17:00:00,124.64,125.23,124.46,125.22,261265
1787817900,2026-08-27 17:05:00,125.21,126.06,125.21,126.03,276128
1787818200,2026-08-27 17:10:00,126.03,126.54,125.89,126.46,302717
1787818500,2026-08-27 17:15:00,126.45,126.52,125.94,126.25,111521
1787818800,2026-08-27 17:20:00,126.28,126.64,126.15,126.64,51418
1787819100,2026-08-27 17:25:00,126.61,127.6,126.6,127.58,277071
1787819400,2026-08-27 17:30:00,127.58,127.66,127.12,127.13,247215
1787819700,2026-08-27 17:35:00,127.15,127.36,126.81,127.15,82108
1787820000,2026-08-27 17:40:00,127.17,127.39,126.75,127.14,79994
1787820300,2026-08-27 17:45:00,127.2,128,127.15,127.82,122956
1787820600,2026-08-27 17:50:00,127.84,127.96,127.29,127.38,172385
1787820900,2026-08-27 17:55:00,127.34,127.59,127.19,127.29,106588
1787821200,2026-08-27 18:00:00,127.34,127.43,126.28,126.58,203247
1787821500,2026-08-27 18:05:00,126.55,126.84,126.28,126.72,114227
1787821800,2026-08-27 18:10:00,126.74,126.87,126.35,126.36,60019
1787822100,2026-08-27 18:15:00,126.36,126.69,126.06,126.64,417599
1787822400,2026-08-27 18:20:00,126.66,126.8,126.38,126.8,421309
1787822700,2026-08-27 18:25:00,126.78,126.99,126.33,126.38,293913
1787823000,2026-08-27 18:30:00,126.36,126.9,126.24,126.84,272822
1787823300,2026-08-27 18:35:00,126.85,126.86,126.56,126.75,147705
1787823600,2026-08-27 18:40:00,126.77,126.96,126.73,126.88,71928
1787823900,2026-08-27 18:45:00,126.87,127.38,126.87,126.96,228434
1787824200,2026-08-27 18:50:00,126.97,127.25,126.7,126.98,158928
1787824500,2026-08-27 18:55:00,126.95,127,126.48,126.57,176019
1787824800,2026-08-27 19:00:00,126.59,126.59,126.19,126.56,84558
1787825100,2026-08-27 19:05:00,126.49,126.72,126.49,126.63,51265
1787825400,2026-08-27 19:10:00,126.62,126.69,126.27,126.58,69260
1787825700,2026-08-27 19:15:00,126.61,126.72,126.28,126.28,105162
1787826000,2026-08-27 19:20:00,126.28,126.4,126.11,126.22,284419
1787826300,2026-08-27 19:25:00,126.22,126.3,125.92,126.02,250426
1787826600,2026-08-27 19:30:00,125.99,126.19,125.9,126.06,65473
1787826900,2026-08-27 19:35:00,126.08,126.08,125.78,125.86,93974
1787827200,2026-08-27 19:40:00,125.88,126.62,125.85,126.54,132618
1787827500,2026-08-27 19:45:00,126.54,126.54,126.22,126.25,111283
1787827800,2026-08-27 19:50:00,126.25,126.37,126.01,126.37,50853
1787828100,2026-08-27 19:55:00,126.37,126.45,126.24,126.45,81598
1787828400,2026-08-27 20:00:00,126.45,126.8,125.92,126.62,280230
1787828700,2026-08-27 20:05:00,126.59,126.76,126.18,126.56,121391
1787829000,2026-08-27 20:10:00,126.52,126.78,126.42,126.53,80497
1787829300,2026-08-27 20:15:00,126.52,126.57,126.01,126.01,81844
1787829600,2026-08-27 20:20:00,126,126.06,125.52,125.73,163166
1787829900,2026-08-27 20:25:00,125.73,125.83,125.39,125.39,179219
1787830200,2026-08-27 20:30:00,125.39,125.52,124.92,125.43,497655
1787830500,2026-08-27 20:35:00,125.35,125.37,124.95,125.1,138297
1787830800,2026-08-27 20:40:00,125.05,125.47,124.97,125.37,131506
1787831100,2026-08-27 20:45:00,125.36,125.36,124.3,124.35,220045
1787831400,2026-08-27 20:50:00,124.36,124.9,124.33,124.75,159488
1787831700,2026-08-27 20:55:00,124.75,125.1,124.7,124.97,88828
1787832000,2026-08-27 21:00:00,124.96,125.15,124.77,124.99,142429
1787832300,2026-08-27 21:05:00,124.95,125.34,124.84,125.34,106348
1787832600,2026-08-27 21:10:00,125.32,125.57,125.17,125.43,121907
1787832900,2026-08-27 21:15:00,125.48,125.67,125.21,125.62,240662
1787833200,2026-08-27 21:20:00,125.61,125.91,125.45,125.88,147563
1787833500,2026-08-27 21:25:00,125.9,125.99,125.66,125.76,188570
1787833800,2026-08-27 21:30:00,125.76,125.81,125.31,125.51,124922
1787834100,2026-08-27 21:35:00,125.49,125.59,125.16,125.28,121478
1787834400,2026-08-27 21:40:00,125.28,125.47,124.74,124.76,127882
1787834700,2026-08-27 21:45:00,124.77,124.82,124.43,124.62,203078
1787835000,2026-08-27 21:50:00,124.58,124.72,124.02,124.34,355569
1787835300,2026-08-27 21:55:00,124.36,124.46,124.03,124.12,200786
1787835600,2026-08-27 22:00:00,124.08,124.55,124.04,124.45,115027
1787835900,2026-08-27 22:05:00,124.42,124.85,124.38,124.69,164994
1787836200,2026-08-27 22:10:00,124.68,124.87,124.5,124.6,113121
1787836500,2026-08-27 22:15:00,124.58,124.88,124.37,124.55,99816
1787836800,2026-08-27 22:20:00,124.55,124.74,123.92,124.03,189116
1787837100,2026-08-27 22:25:00,124.05,124.48,123.04,123.23,501576
1787837400,2026-08-27 22:30:00,123.26,124.83,122.54,122.75,1778934
1787837700,2026-08-27 22:35:00,122.71,123.08,121.65,122.72,1399647
1787838000,2026-08-27 22:40:00,122.68,123.64,122.04,122.64,1093992
1787838300,2026-08-27 22:45:00,122.64,122.88,119.33,120.05,2438940
1787838600,2026-08-27 22:50:00,120.05,121.96,120.05,121.16,2054256
1787838900,2026-08-27 22:55:00,121.18,121.25,117.82,119.02,3192358
1787839200,2026-08-27 23:00:00,119.04,120.71,118.8,120.33,2254434
1787839500,2026-08-27 23:05:00,120.32,120.78,119.16,120.01,1398513
1787839800,2026-08-27 23:10:00,120.01,121.97,119.99,120.98,1066096
1787840100,2026-08-27 23:15:00,120.99,121.93,120.86,121.7,1565967
1787840400,2026-08-27 23:20:00,121.7,122.35,121.32,121.73,652870
1787840700,2026-08-27 23:25:00,121.76,122.8,121.39,122.67,1076173
1787841000,2026-08-27 23:30:00,122.65,122.7,121.44,121.86,808748
1787841300,2026-08-27 23:35:00,121.9,122.37,120.57,120.64,454156
1787841600,2026-08-27 23:40:00,120.64,121.05,120.26,120.76,542564
1787841900,2026-08-27 23:45:00,120.77,121.88,120.4,121.6,915374
1787842200,2026-08-27 23:50:00,121.6,121.86,120.68,121.14,736446
1787842500,2026-08-27 23:55:00,121.14,121.75,120.47,121.49,708735
1787842800,2026-08-28 00:00:00,121.45,122.01,121.14,121.66,711493
1787843100,2026-08-28 00:05:00,121.68,122.33,121.36,122.32,795561
1787843400,2026-08-28 00:10:00,122.31,122.37,121.76,122.01,813886
1787843700,2026-08-28 00:15:00,122.02,122.17,121.32,121.53,440378
1787844000,2026-08-28 00:20:00,121.53,121.6,120.83,120.83,253055
1787844300,2026-08-28 00:25:00,120.83,121.02,120.64,120.91,194107
1787844600,2026-08-28 00:30:00,120.86,121.48,120.8,121.32,138045
1787844900,2026-08-28 00:35:00,121.33,121.4,120.32,120.72,229369
1787845200,2026-08-28 00:40:00,120.71,120.76,120.08,120.26,215611
1787845500,2026-08-28 00:45:00,120.23,120.24,119.68,119.93,224558
1787845800,2026-08-28 00:50:00,119.93,121.5,119.88,121.5,412514
1787846100,2026-08-28 00:55:00,121.5,121.56,121.16,121.34,318261
1787846400,2026-08-28 01:00:00,121.34,122.35,121.31,122.01,222844
1787846700,2026-08-28 01:05:00,122.02,122.07,121.43,121.44,323547
1787847000,2026-08-28 01:10:00,121.44,121.63,121.01,121.24,403423
1787847300,2026-08-28 01:15:00,121.18,121.46,120.43,120.83,310957
1787847600,2026-08-28 01:20:00,120.81,120.92,120.54,120.55,156513
1787847900,2026-08-28 01:25:00,120.59,121.34,120.5,121.21,93433
1787848200,2026-08-28 01:30:00,121.2,121.59,121.1,121.57,79407
1787848500,2026-08-28 01:35:00,121.52,121.99,121.49,121.86,61701
1787848800,2026-08-28 01:40:00,121.93,122.21,121.9,122.06,86073
1787849100,2026-08-28 01:45:00,122.13,122.38,122.03,122.21,183628
1787849400,2026-08-28 01:50:00,122.2,122.28,121.7,121.94,586152
1787849700,2026-08-28 01:55:00,121.97,122.08,121.78,122.02,512836
1787850000,2026-08-28 02:00:00,122.03,122.42,121.94,122.26,464321
1787850300,2026-08-28 02:05:00,122.25,122.28,121.8,122.07,425445
1787850600,2026-08-28 02:10:00,122.06,122.21,121.97,122.04,274317
1787850900,2026-08-28 02:15:00,122.06,122.21,121.95,122.14,250156
1787851200,2026-08-28 02:20:00,122.13,122.48,122.01,122.47,190223
1787851500,2026-08-28 02:25:00,122.46,122.46,121.38,121.46,442685
1787851800,2026-08-28 02:30:00,121.44,121.69,121.25,121.38,231827
1787852100,2026-08-28 02:35:00,121.35,121.66,121.19,121.23,121637
1787852400,2026-08-28 02:40:00,121.18,121.39,120.9,120.91,128218
1787852700,2026-08-28 02:45:00,120.92,121.08,120.69,120.92,142346
1787853000,2026-08-28 02:50:00,120.93,121.26,120.79,121.12,89930
1787853300,2026-08-28 02:55:00,121.14,121.16,120.62,120.79,66891
1787853600,2026-08-28 03:00:00,120.79,120.88,120.08,120.09,156721
1787853900,2026-08-28 03:05:00,120.09,120.53,120.06,120.35,79280
1787854200,2026-08-28 03:10:00,120.33,120.56,120.08,120.48,94470
1787854500,2026-08-28 03:15:00,120.45,120.55,120.12,120.4,62432
1787854800,2026-08-28 03:20:00,120.4,120.41,119.94,120,122233
1787855100,2026-08-28 03:25:00,120.05,120.05,119.08,119.38,135083
1787855400,2026-08-28 03:30:00,119.4,120.15,119.32,119.61,116433
1787855700,2026-08-28 03:35:00,119.61,120.07,119.48,120.07,53958
1787856000,2026-08-28 03:40:00,120.02,120.23,119.89,120.1,40048
1787856300,2026-08-28 03:45:00,120.12,120.21,119.72,119.72,65618
1787856600,2026-08-28 03:50:00,119.71,120.05,119.63,119.95,61165
1787856900,2026-08-28 03:55:00,119.93,120.2,119.62,120.05,46612
1787857200,2026-08-28 04:00:00,120.03,120.47,119.9,120.36,39861
1787857500,2026-08-28 04:05:00,120.36,120.53,119.8,120.33,84597
1787857800,2026-08-28 04:10:00,120.3,120.49,120.22,120.26,56952
1787858100,2026-08-28 04:15:00,120.25,120.65,120.25,120.61,86016
1787858400,2026-08-28 04:20:00,120.61,120.75,120.5,120.5,114062
1787858700,2026-08-28 04:25:00,120.51,120.75,120.24,120.29,46407
1787859000,2026-08-28 04:30:00,120.27,120.97,120.05,120.97,67551
1787859300,2026-08-28 04:35:00,120.95,121.04,120.8,120.9,60171
1787859600,2026-08-28 04:40:00,120.88,120.98,120.77,120.88,50896
1787859900,2026-08-28 04:45:00,120.83,121.31,120.8,121.28,51228
1787860200,2026-08-28 04:50:00,121.25,122.16,120.96,122.04,112563
1787860500,2026-08-28 04:55:00,122,123.54,121.91,123.01,317775
1787860800,2026-08-28 05:00:00,123.05,123.16,122.55,122.73,182180
1787861100,2026-08-28 05:05:00,122.72,123.44,122.05,122.08,130208
1787861400,2026-08-28 05:10:00,122.1,122.45,121.77,121.78,49379
1787861700,2026-08-28 05:15:00,121.78,121.97,121.7,121.89,171102
1787862000,2026-08-28 05:20:00,121.91,122,121.7,121.74,26572
1787862300,2026-08-28 05:25:00,121.7,121.81,121.38,121.77,47877
1787862600,2026-08-28 05:30:00,121.76,122,121.73,121.84,49443
1787862900,2026-08-28 05:35:00,121.85,121.97,121.66,121.95,23856
1787863200,2026-08-28 05:40:00,121.92,122.44,121.88,122.33,22615
1787863500,2026-08-28 05:45:00,122.34,122.52,122.2,122.25,43701
1787863800,2026-08-28 05:50:00,122.25,122.26,121.64,121.81,116711
1787864100,2026-08-28 05:55:00,121.78,122.02,121.76,121.82,29591
1787864400,2026-08-28 06:00:00,121.78,122.04,121.56,121.92,28620
1787864700,2026-08-28 06:05:00,121.91,121.96,121.48,121.48,21321
1787865000,2026-08-28 06:10:00,121.46,121.46,120.65,120.76,69774
1787865300,2026-08-28 06:15:00,120.75,121.05,120.63,120.87,40551
1787865600,2026-08-28 06:20:00,120.8,121.05,120.8,121.03,31461
1787865900,2026-08-28 06:25:00,121.06,121.13,120.79,120.79,34984
1787866200,2026-08-28 06:30:00,120.79,120.92,120.63,120.78,20097
1787866500,2026-08-28 06:35:00,120.79,120.83,120.39,120.44,25002
1787866800,2026-08-28 06:40:00,120.41,120.68,120.38,120.67,18010
1787867100,2026-08-28 06:45:00,120.68,120.8,120.66,120.76,11587
1787867400,2026-08-28 06:50:00,120.75,120.78,120.51,120.57,23460
1787867700,2026-08-28 06:55:00,120.57,120.76,120.57,120.71,12751
1787868000,2026-08-28 07:00:00,120.7,120.91,120.25,120.57,25650
1787868300,2026-08-28 07:05:00,120.58,120.84,120.54,120.84,30949
1787868600,2026-08-28 07:10:00,120.87,120.87,120.58,120.76,32378
1787868900,2026-08-28 07:15:00,120.76,120.97,120.71,120.94,33886
1787869200,2026-08-28 07:20:00,120.94,121.15,120.88,121.06,22545
1787869500,2026-08-28 07:25:00,121.04,121.07,120.88,121.02,18903
1787869800,2026-08-28 07:30:00,121.02,121.15,121.01,121.07,31218
1787870100,2026-08-28 07:35:00,121.07,121.12,121.01,121.04,19537
1787870400,2026-08-28 07:40:00,121.01,121.02,120.83,120.87,17157
1787870700,2026-08-28 07:45:00,120.83,120.84,120.67,120.69,15687
1787871000,2026-08-28 07:50:00,120.69,120.79,120.46,120.48,14723
1787871300,2026-08-28 07:55:00,120.48,120.69,120.44,120.53,32959
1787871600,2026-08-28 08:00:00,120.55,120.56,120.34,120.36,77146
1787871900,2026-08-28 08:05:00,120.4,120.5,120.25,120.4,75663
1787872200,2026-08-28 08:10:00,120.39,120.42,119.94,120.14,94913
1787872500,2026-08-28 08:15:00,120.14,120.21,119.98,120.21,127294
1787872800,2026-08-28 08:20:00,120.21,120.35,120.13,120.18,69126
1787873100,2026-08-28 08:25:00,120.18,120.46,120.17,120.46,42620
1787873400,2026-08-28 08:30:00,120.46,120.46,120.19,120.21,32314
1787873700,2026-08-28 08:35:00,120.2,120.33,120.2,120.23,17300
1787874000,2026-08-28 08:40:00,120.23,120.25,120,120.05,9797
1787874300,2026-08-28 08:45:00,120.04,120.04,119.84,119.92,52268
1787874600,2026-08-28 08:50:00,119.89,119.97,119.81,119.93,26093
1787874900,2026-08-28 08:55:00,119.94,119.94,119.77,119.94,27415
1787875200,2026-08-28 09:00:00,119.98,120.64,119.52,119.56,111138
1787875500,2026-08-28 09:05:00,119.6,119.8,119.07,119.66,68462
1787875800,2026-08-28 09:10:00,119.64,120.53,119.64,120.46,49965
1787876100,2026-08-28 09:15:00,120.42,120.43,119.65,120.03,68450
1787876400,2026-08-28 09:20:00,119.96,120.25,119.9,119.99,12231
1787876700,2026-08-28 09:25:00,120.04,120.68,120.02,120.62,34427
1787877000,2026-08-28 09:30:00,120.65,120.75,120.36,120.55,51379
1787877300,2026-08-28 09:35:00,120.51,120.56,120.21,120.27,62470
1787877600,2026-08-28 09:40:00,120.26,121.03,120.16,121.02,31881
1787877900,2026-08-28 09:45:00,120.97,121.22,120.81,121.2,84430
1787878200,2026-08-28 09:50:00,121.19,121.32,120.69,120.75,33909
1787878500,2026-08-28 09:55:00,120.71,121,120.64,120.72,123670
1787878800,2026-08-28 10:00:00,120.72,121.42,120.66,121.21,193899
1787879100,2026-08-28 10:05:00,121.21,121.24,120.9,121.19,35666
1787879400,2026-08-28 10:10:00,121.22,121.3,120.9,120.92,15974
1787879700,2026-08-28 10:15:00,120.95,121.45,120.89,121.43,53204
1787880000,2026-08-28 10:20:00,121.43,122.04,121.3,121.46,217011
1787880300,2026-08-28 10:25:00,121.48,121.48,121.06,121.27,35936
1787880600,2026-08-28 10:30:00,121.28,121.54,120.99,121.5,162491
1787880900,2026-08-28 10:35:00,121.5,121.75,121.23,121.29,43484
1787881200,2026-08-28 10:40:00,121.29,121.49,121.14,121.37,21273
1787881500,2026-08-28 10:45:00,121.37,121.6,121.15,121.6,20483
1787881800,2026-08-28 10:50:00,121.6,121.71,121.44,121.71,17453
1787882100,2026-08-28 10:55:00,121.71,122.2,121.69,121.89,95335
1787882400,2026-08-28 11:00:00,121.92,122.39,121.92,122.27,40226
1787882700,2026-08-28 11:05:00,122.25,122.45,122.12,122.42,68203
1787883000,2026-08-28 11:10:00,122.42,122.64,122.27,122.4,40574
1787883300,2026-08-28 11:15:00,122.39,122.64,122.35,122.55,40525
1787883600,2026-08-28 11:20:00,122.53,122.63,122.11,122.24,40651
1787883900,2026-08-28 11:25:00,122.26,122.34,122.1,122.24,42970
1787884200,2026-08-28 11:30:00,122.22,122.25,121.78,121.84,32589
1787884500,2026-08-28 11:35:00,121.82,121.85,121.57,121.61,59683
1787884800,2026-08-28 11:40:00,121.61,121.72,121.4,121.41,24019
1787885100,2026-08-28 11:45:00,121.44,121.64,121.41,121.57,24053
1787885400,2026-08-28 11:50:00,121.55,121.92,121.55,121.75,30958
1787885700,2026-08-28 11:55:00,121.74,121.96,121.74,121.82,15026
1787886000,2026-08-28 12:00:00,121.79,122.29,121.72,122.25,11322
1787886300,2026-08-28 12:05:00,122.24,122.37,122.08,122.29,51970
1787886600,2026-08-28 12:10:00,122.3,122.69,122.29,122.48,22023
1787886900,2026-08-28 12:15:00,122.48,122.63,122.4,122.52,44101
1787887200,2026-08-28 12:20:00,122.52,122.54,122.38,122.43,24009
1787887500,2026-08-28 12:25:00,122.44,122.6,122.4,122.5,5551
1787887800,2026-08-28 12:30:00,122.54,122.54,122.12,122.19,18056
1787888100,2026-08-28 12:35:00,122.15,122.16,121.68,121.74,28535
1787888400,2026-08-28 12:40:00,121.69,121.71,121.41,121.45,43963
1787888700,2026-08-28 12:45:00,121.45,121.89,121.36,121.83,119700
1787889000,2026-08-28 12:50:00,121.83,122.04,121.77,122,16708
1787889300,2026-08-28 12:55:00,121.95,122.12,121.71,121.73,18064
1787889600,2026-08-28 13:00:00,121.74,121.77,121.4,121.43,31920
1787889900,2026-08-28 13:05:00,121.44,121.49,121.32,121.47,19443
1787890200,2026-08-28 13:10:00,121.49,121.95,121.49,121.84,8361
1787890500,2026-08-28 13:15:00,121.81,121.92,121.6,121.66,5180
1787890800,2026-08-28 13:20:00,121.66,121.74,121.5,121.5,6293
1787891100,2026-08-28 13:25:00,121.51,121.59,121.4,121.41,92877
1787891400,2026-08-28 13:30:00,121.41,121.42,121.12,121.16,11358
1787891700,2026-08-28 13:35:00,121.17,121.39,121.12,121.34,20695
1787892000,2026-08-28 13:40:00,121.34,121.42,121.2,121.26,34122
1787892300,2026-08-28 13:45:00,121.26,121.42,121.24,121.33,15241
1787892600,2026-08-28 13:50:00,121.29,121.41,121.25,121.33,11904
1787892900,2026-08-28 13:55:00,121.32,121.36,121.2,121.34,8161
1787893200,2026-08-28 14:00:00,121.33,121.35,121.07,121.21,11581
1787893500,2026-08-28 14:05:00,121.21,121.21,120.65,120.66,118628
1787893800,2026-08-28 14:10:00,120.68,120.68,120.41,120.61,114794
1787894100,2026-08-28 14:15:00,120.57,120.66,120.21,120.24,166751
1787894400,2026-08-28 14:20:00,120.25,120.44,120.08,120.35,55658
1787894700,2026-08-28 14:25:00,120.36,120.37,120.06,120.31,30834
1787895000,2026-08-28 14:30:00,120.27,120.27,120.01,120.01,54574
1787895300,2026-08-28 14:35:00,120.01,120.08,119.17,119.37,375051
1787895600,2026-08-28 14:40:00,119.37,119.63,119.31,119.4,122086
1787895900,2026-08-28 14:45:00,119.38,119.73,119.22,119.73,52990
1787896200,2026-08-28 14:50:00,119.73,120.02,119.61,119.92,88664
1787896500,2026-08-28 14:55:00,119.89,119.93,119.64,119.72,49643
1787896800,2026-08-28 15:00:00,119.74,120,119.63,119.99,31302
1787897100,2026-08-28 15:05:00,119.99,119.99,119.67,119.9,24414
1787897400,2026-08-28 15:10:00,119.9,120.31,119.89,120.07,125560
1787897700,2026-08-28 15:15:00,120.04,120.33,120.02,120.21,27925
1787898000,2026-08-28 15:20:00,120.19,120.37,120.02,120.12,45442
1787898300,2026-08-28 15:25:00,120.13,120.13,119.19,119.36,179538
1787898600,2026-08-28 15:30:00,119.36,119.85,119.36,119.81,95424
1787898900,2026-08-28 15:35:00,119.82,119.91,119.67,119.67,45691
1787899200,2026-08-28 15:40:00,119.63,119.63,119.25,119.59,27456
1787899500,2026-08-28 15:45:00,119.61,119.89,119.55,119.89,57585
1787899800,2026-08-28 15:50:00,119.88,120.24,119.83,120,60154
1787900100,2026-08-28 15:55:00,120,120.44,120,120.44,122273
1787900400,2026-08-28 16:00:00,120.45,120.49,119.94,119.97,31454
1787900700,2026-08-28 16:05:00,119.95,120,119.55,119.69,35019
1787901000,2026-08-28 16:10:00,119.68,119.78,119.51,119.63,16688
1787901300,2026-08-28 16:15:00,119.62,119.79,119.44,119.68,112485
1787901600,2026-08-28 16:20:00,119.67,119.76,119.42,119.76,32385
1787901900,2026-08-28 16:25:00,119.78,119.96,119.74,119.76,17022
1787902200,2026-08-28 16:30:00,119.8,119.88,119.55,119.55,15205
1787902500,2026-08-28 16:35:00,119.59,119.74,119.5,119.5,14377
1787902800,2026-08-28 16:40:00,119.56,119.58,119.12,119.12,96378
1787903100,2026-08-28 16:45:00,119.12,119.51,119.04,119.5,93998
1787903400,2026-08-28 16:50:00,119.5,119.56,119.22,119.41,59334
1787903700,2026-08-28 16:55:00,119.41,119.44,119.07,119.1,35293
1787904000,2026-08-28 17:00:00,119.13,119.53,118.65,118.85,90698
1787904300,2026-08-28 17:05:00,118.88,118.92,118.51,118.85,55573
1787904600,2026-08-28 17:10:00,118.81,119.3,118.5,118.55,155104
1787904900,2026-08-28 17:15:00,118.56,118.76,118.31,118.53,80425
1787905200,2026-08-28 17:20:00,118.54,118.98,118.49,118.81,45069
1787905500,2026-08-28 17:25:00,118.8,119.1,118.7,118.94,133034
1787905800,2026-08-28 17:30:00,118.93,119.6,118.89,119.6,53124
1787906100,2026-08-28 17:35:00,119.6,119.63,119.32,119.36,38962
1787906400,2026-08-28 17:40:00,119.36,119.44,119.24,119.33,33704
1787906700,2026-08-28 17:45:00,119.35,119.36,118.94,119.03,37527
1787907000,2026-08-28 17:50:00,119.03,119.35,118.91,119.12,45826
1787907300,2026-08-28 17:55:00,119.08,119.52,119.04,119.36,31654
1787907600,2026-08-28 18:00:00,119.28,119.35,119.04,119.04,15075
1787907900,2026-08-28 18:05:00,119.04,119.19,118.88,119.04,12819
1787908200,2026-08-28 18:10:00,119.02,119.22,118.88,118.89,17509
1787908500,2026-08-28 18:15:00,118.89,119.12,118.82,118.84,31491
1787908800,2026-08-28 18:20:00,118.82,118.96,118.67,118.88,43379
1787909100,2026-08-28 18:25:00,118.91,119.11,118.84,119,42309
1787909400,2026-08-28 18:30:00,119,119.2,118.88,119.2,23698
1787909700,2026-08-28 18:35:00,119.19,119.23,118.95,119.07,9716
1787910000,2026-08-28 18:40:00,119.06,119.12,118.97,119.07,29752
1787910300,2026-08-28 18:45:00,119.04,119.23,118.72,118.98,50894
1787910600,2026-08-28 18:50:00,119,119.23,118.97,119.19,15244
1787910900,2026-08-28 18:55:00,119.19,119.39,119.19,119.28,32562
1787911200,2026-08-28 19:00:00,119.32,119.32,119.04,119.11,25889
1787911500,2026-08-28 19:05:00,119.1,119.52,119.02,119.17,27403
1787911800,2026-08-28 19:10:00,119.2,119.4,119.08,119.27,16787
1787912100,2026-08-28 19:15:00,119.27,119.36,119.2,119.2,22997
1787912400,2026-08-28 19:20:00,119.26,119.77,119.2,119.71,40720
1787912700,2026-08-28 19:25:00,119.68,119.69,119.51,119.64,38411
1787913000,2026-08-28 19:30:00,119.64,119.84,119.64,119.72,49185
1787913300,2026-08-28 19:35:00,119.72,119.82,119.44,119.82,26740
1787913600,2026-08-28 19:40:00,119.79,119.81,119.62,119.64,19096
1787913900,2026-08-28 19:45:00,119.61,119.79,119.57,119.79,16720
1787914200,2026-08-28 19:50:00,119.75,119.9,119.7,119.87,11625
1787914500,2026-08-28 19:55:00,119.88,120.37,119.88,120.16,101911
1787914800,2026-08-28 20:00:00,120.16,120.8,119.86,120.47,101339
1787915100,2026-08-28 20:05:00,120.47,120.47,119.8,119.8,74682
1787915400,2026-08-28 20:10:00,119.81,120.03,119.7,120.02,55273
1787915700,2026-08-28 20:15:00,120.01,120.24,120,120.23,41538
1787916000,2026-08-28 20:20:00,120.22,120.36,120.04,120.17,33304
1787916300,2026-08-28 20:25:00,120.19,120.22,119.99,120.19,17320
1787916600,2026-08-28 20:30:00,120.15,120.32,119.87,119.87,27935
1787916900,2026-08-28 20:35:00,119.89,119.92,119.75,119.78,48756
1787917200,2026-08-28 20:40:00,119.81,120,119.47,119.55,41549
1787917500,2026-08-28 20:45:00,119.55,119.73,119.48,119.54,29330
1787917800,2026-08-28 20:50:00,119.56,119.56,119.21,119.34,51075
1787918100,2026-08-28 20:55:00,119.33,119.33,118.94,119,75081
1787918400,2026-08-28 21:00:00,119.02,119.07,118.6,118.97,58495
1787918700,2026-08-28 21:05:00,118.97,119.38,118.92,119.32,56015
1787919000,2026-08-28 21:10:00,119.29,119.33,118.58,118.98,71094
1787919300,2026-08-28 21:15:00,118.98,119.38,118.91,119.23,40525
1787919600,2026-08-28 21:20:00,119.3,119.77,119.3,119.68,44870
1787919900,2026-08-28 21:25:00,119.67,120.06,119.64,120.05,74199
1787920200,2026-08-28 21:30:00,120.04,120.05,119.28,119.28,35100
1787920500,2026-08-28 21:35:00,119.31,119.35,118.94,119.32,41729
1787920800,2026-08-28 21:40:00,119.35,119.95,119.22,119.74,36294
1787921100,2026-08-28 21:45:00,119.78,119.84,119.6,119.79,45857
1787921400,2026-08-28 21:50:00,119.79,120.03,119.71,120.03,36510
1787921700,2026-08-28 21:55:00,120.03,120.26,119.84,120.25,29009
1787922000,2026-08-28 22:00:00,120.24,120.63,119.88,120.4,47985
1787922300,2026-08-28 22:05:00,120.39,120.47,120.05,120.22,37988
1787922600,2026-08-28 22:10:00,120.22,120.36,120.17,120.32,33447
1787922900,2026-08-28 22:15:00,120.32,120.33,119.93,119.95,29125
1787923200,2026-08-28 22:20:00,119.94,120.16,119.82,120.04,33869
1787923500,2026-08-28 22:25:00,120.04,120.27,119.44,119.89,153434
1787923800,2026-08-28 22:30:00,119.91,120.19,117.72,118.4,518946
1787924100,2026-08-28 22:35:00,118.41,119.91,117.57,119.83,408967
1787924400,2026-08-28 22:40:00,119.81,121.21,119.76,120.13,341290
1787924700,2026-08-28 22:45:00,120.16,120.49,119.45,119.45,461500
1787925000,2026-08-28 22:50:00,119.44,119.94,118.64,118.92,279783
1787925300,2026-08-28 22:55:00,118.93,120.35,118.83,119.4,152286
1787925600,2026-08-28 23:00:00,119.41,120.69,118.48,119.34,1182738
1787925900,2026-08-28 23:05:00,119.28,119.31,117.47,117.9,442253
1787926200,2026-08-28 23:10:00,117.93,118.46,116.57,117.17,335344
1787926500,2026-08-28 23:15:00,117.2,118.77,117.12,118.3,226579
1787926800,2026-08-28 23:20:00,118.33,119.6,118.23,119.12,256349
1787927100,2026-08-28 23:25:00,119.11,119.45,118.38,119.44,209837
1787927400,2026-08-28 23:30:00,119.49,120.15,118.74,120.11,328743
1787927700,2026-08-28 23:35:00,120.11,120.45,119.68,119.72,186220
1787928000,2026-08-28 23:40:00,119.68,120.2,119.34,119.83,131669
1787928300,2026-08-28 23:45:00,119.86,119.96,119.09,119.17,123198
1787928600,2026-08-28 23:50:00,119.14,119.54,118.78,118.83,62149
1787928900,2026-08-28 23:55:00,118.77,119.66,118.77,119.4,95815
1787929200,2026-08-29 00:00:00,119.36,119.62,118.79,118.85,84582
1787929500,2026-08-29 00:05:00,118.79,118.97,118.7,118.88,27839
1787929800,2026-08-29 00:10:00,118.1,118.36,117.68,117.81,160982
1787930100,2026-08-29 00:15:00,117.83,118.26,117.82,118.02,63262
1787930400,2026-08-29 00:20:00,117.98,118.31,117.36,117.82,121498
1787930700,2026-08-29 00:25:00,117.84,118.23,117.74,117.92,62220
1787931000,2026-08-29 00:30:00,117.91,117.91,117.28,117.3,47485
1787931300,2026-08-29 00:35:00,117.28,117.43,116.55,116.62,194675
1787931600,2026-08-29 00:40:00,116.6,116.6,115.44,115.59,309291
1787931900,2026-08-29 00:45:00,115.58,115.58,114.18,114.41,376008
1787932200,2026-08-29 00:50:00,114.41,114.71,113.26,114.13,378833
1787932500,2026-08-29 00:55:00,114.14,114.14,111.92,112.15,864890
1787932800,2026-08-29 01:00:00,112.14,112.35,110.7,111.38,1320085
1787933100,2026-08-29 01:05:00,111.34,113.53,111.27,113.48,629415
1787933400,2026-08-29 01:10:00,113.49,113.49,112.26,112.34,357216
1787933700,2026-08-29 01:15:00,112.37,112.63,111.19,111.55,336707
1787934000,2026-08-29 01:20:00,111.55,111.79,110.93,111.58,310766
1787934300,2026-08-29 01:25:00,111.53,111.96,111.4,111.54,328069
1787934600,2026-08-29 01:30:00,111.52,111.97,110.75,110.75,300375
1787934900,2026-08-29 01:35:00,110.73,111.98,110.66,111.59,411260
1787935200,2026-08-29 01:40:00,111.56,111.57,110.81,111.25,200879
1787935500,2026-08-29 01:45:00,111.27,112.84,111.27,112.67,324977
1787935800,2026-08-29 01:50:00,112.63,113.14,112.24,112.35,181673
1787936100,2026-08-29 01:55:00,112.27,112.59,111.96,112.11,164602
1787936400,2026-08-29 02:00:00,112.11,112.14,110.83,111.32,246999
1787936700,2026-08-29 02:05:00,111.32,111.32,110.29,110.96,392043
1787937000,2026-08-29 02:10:00,110.94,111.54,110.7,111.48,152149
1787937300,2026-08-29 02:15:00,111.52,111.74,111.15,111.51,67496
1787937600,2026-08-29 02:20:00,111.5,111.74,111.01,111.59,56913
1787937900,2026-08-29 02:25:00,111.59,112.12,111.36,111.54,52550
1787938200,2026-08-29 02:30:00,111.55,112.34,111.47,112.09,53561
1787938500,2026-08-29 02:35:00,112.11,112.44,111.49,111.56,167833
1787938800,2026-08-29 02:40:00,111.58,112.02,111.49,111.99,31362
1787939100,2026-08-29 02:45:00,111.93,112.98,111.91,112.88,319241
1787939400,2026-08-29 02:50:00,112.88,113.12,112.57,112.9,161297
1787939700,2026-08-29 02:55:00,112.89,112.91,112.42,112.64,73949
1787940000,2026-08-29 03:00:00,112.69,112.82,112.05,112.08,74359
1787940300,2026-08-29 03:05:00,112.07,112.47,112.06,112.25,29637
1787940600,2026-08-29 03:10:00,112.26,112.48,111.98,111.98,40737
1787940900,2026-08-29 03:15:00,111.96,112.25,111.94,112.17,46828
1787941200,2026-08-29 03:20:00,112.17,112.5,111.73,112.08,238544
1787941500,2026-08-29 03:25:00,112.08,112.36,111.97,112.01,50936
1787941800,2026-08-29 03:30:00,111.99,112.35,111.81,112.35,36373
1787942100,2026-08-29 03:35:00,112.35,112.57,111.84,111.84,45286
1787942400,2026-08-29 03:40:00,111.85,112.26,111.63,111.89,40810
1787942700,2026-08-29 03:45:00,111.89,111.9,111.43,111.49,47269
1787943000,2026-08-29 03:50:00,111.46,111.46,110.95,111.21,181859
1787943300,2026-08-29 03:55:00,111.2,111.34,110.95,111.17,40313
1787943600,2026-08-29 04:00:00,111.19,111.87,111.01,111.55,277351
1787943900,2026-08-29 04:05:00,111.52,112.01,111.05,112,261837
1787944200,2026-08-29 04:10:00,111.99,111.99,111.49,111.75,98154
1787944500,2026-08-29 04:15:00,111.77,112.09,111.52,112.09,22113
1787944800,2026-08-29 04:20:00,112.06,112.35,111.82,112.13,32196
1787945100,2026-08-29 04:25:00,112.13,112.67,111.92,112.49,210281
1787945400,2026-08-29 04:30:00,112.56,112.72,112.14,112.25,81328
1787945700,2026-08-29 04:35:00,112.25,112.3,111.83,112.07,19760
1787946000,2026-08-29 04:40:00,112.1,112.52,112.1,112.36,38156
1787946300,2026-08-29 04:45:00,112.37,112.5,111.91,112.38,45334
1787946600,2026-08-29 04:50:00,112.38,112.92,111.49,111.85,141256
1787946900,2026-08-29 04:55:00,111.84,112.17,111.33,111.54,56843
1787947200,2026-08-29 05:00:00,111.52,111.81,111.42,111.45,48611
1787947500,2026-08-29 05:05:00,111.4,111.43,111.24,111.27,24227
1787947800,2026-08-29 05:10:00,111.25,111.43,111.21,111.3,47049
1787948100,2026-08-29 05:15:00,111.31,111.5,111.3,111.44,40518
1787948400,2026-08-29 05:20:00,111.46,111.61,111.45,111.57,36673
1787948700,2026-08-29 05:25:00,111.58,111.67,111.54,111.57,35391
1787949000,2026-08-29 05:30:00,111.58,111.6,111.39,111.43,41217
1787949300,2026-08-29 05:35:00,111.44,111.65,111.39,111.53,28278
1787949600,2026-08-29 05:40:00,111.53,111.7,111.48,111.65,27596
1787949900,2026-08-29 05:45:00,111.66,111.72,111.58,111.58,25187
1787950200,2026-08-29 05:50:00,111.59,111.68,111.52,111.65,20659
1787950500,2026-08-29 05:55:00,111.65,111.68,111.57,111.62,34634
1787950800,2026-08-29 06:00:00,111.62,111.73,111.61,111.73,31255
1787951100,2026-08-29 06:05:00,111.74,111.77,111.71,111.73,17546
1787951400,2026-08-29 06:10:00,111.73,111.84,111.71,111.83,15818
1787951700,2026-08-29 06:15:00,111.83,111.83,111.61,111.68,19819
1787952000,2026-08-29 06:20:00,111.68,111.69,111.59,111.59,7509
1787952300,2026-08-29 06:25:00,111.62,111.74,111.61,111.74,3533
1787952600,2026-08-29 06:30:00,111.74,111.74,111.6,111.6,7949
1787952900,2026-08-29 06:35:00,111.6,112.94,111.6,112.26,237079
1787953200,2026-08-29 06:40:00,112.26,112.54,112.11,112.18,36943
1787953500,2026-08-29 06:45:00,112.18,112.18,112.01,112.06,36771
1787953800,2026-08-29 06:50:00,112.05,112.13,112.01,112.12,27563
1787954100,2026-08-29 06:55:00,112.11,112.19,112.05,112.09,23461
1787954400,2026-08-29 07:00:00,112.08,112.11,112.06,112.08,24181
1787954700,2026-08-29 07:05:00,112.08,112.09,111.92,111.92,36613
1787955000,2026-08-29 07:10:00,111.93,111.93,111.77,111.77,36326
1787955300,2026-08-29 07:15:00,111.77,111.87,111.75,111.86,23220
1787955600,2026-08-29 07:20:00,111.86,111.87,111.72,111.75,10551
1787955900,2026-08-29 07:25:00,111.76,111.76,111.68,111.69,8794
1787956200,2026-08-29 07:30:00,111.69,111.71,111.55,111.57,21304
1787956500,2026-08-29 07:35:00,111.57,111.6,111.54,111.54,19648
1787956800,2026-08-29 07:40:00,111.53,111.91,111.53,111.68,123561
1787957100,2026-08-29 07:45:00,111.68,111.7,111.63,111.7,23853
1787957400,2026-08-29 07:50:00,111.71,111.71,111.61,111.63,14091
1787957700,2026-08-29 07:55:00,111.62,111.63,111.57,111.6,15444
1787958000,2026-08-29 08:00:00,111.59,111.63,111.57,111.63,10939
1787958300,2026-08-29 08:05:00,111.65,111.74,111.64,111.74,32789
1787958600,2026-08-29 08:10:00,111.74,111.83,111.73,111.83,12234
1787958900,2026-08-29 08:15:00,111.83,111.84,111.74,111.77,8909
1787959200,2026-08-29 08:20:00,111.74,111.75,111.7,111.71,4873
1787959500,2026-08-29 08:25:00,111.71,111.76,111.71,111.75,4094
1787959800,2026-08-29 08:30:00,111.76,111.77,111.63,111.67,19014
1787960100,2026-08-29 08:35:00,111.66,111.75,111.66,111.73,25801
1787960400,2026-08-29 08:40:00,111.73,111.75,111.71,111.73,16093
1787960700,2026-08-29 08:45:00,111.73,111.81,111.73,111.79,10319
1787961000,2026-08-29 08:50:00,111.79,111.79,111.62,111.62,12350
1787961300,2026-08-29 08:55:00,111.62,111.62,111.26,111.36,58892
1787961600,2026-08-29 09:00:00,111.36,111.64,111.36,111.44,43507
1787961900,2026-08-29 09:05:00,111.45,111.61,111.43,111.49,52915
1787962200,2026-08-29 09:10:00,111.51,111.53,111.41,111.41,47875
1787962500,2026-08-29 09:15:00,111.41,111.47,111.36,111.36,89739
1787962800,2026-08-29 09:20:00,111.36,111.37,111.31,111.32,27030
1787963100,2026-08-29 09:25:00,111.32,111.39,111.31,111.33,12921
1787963400,2026-08-29 09:30:00,111.34,111.49,111.33,111.39,44009
1787963700,2026-08-29 09:35:00,111.39,111.48,111.39,111.44,24000
1787964000,2026-08-29 09:40:00,111.44,111.56,111.44,111.55,12743
1787964300,2026-08-29 09:45:00,111.56,111.59,111.5,111.51,16242
1787964600,2026-08-29 09:50:00,111.51,111.62,111.45,111.53,22752
1787964900,2026-08-29 09:55:00,111.53,111.56,111.5,111.54,17244
1787965200,2026-08-29 10:00:00,111.55,111.55,111.46,111.52,11781
1787965500,2026-08-29 10:05:00,111.54,111.65,111.52,111.6,12659
1787965800,2026-08-29 10:10:00,111.59,111.68,111.57,111.62,16551
1787966100,2026-08-29 10:15:00,111.63,111.67,111.62,111.65,13469
1787966400,2026-08-29 10:20:00,111.66,111.74,111.64,111.7,10322
1787966700,2026-08-29 10:25:00,111.7,111.75,111.6,111.6,28803
1787967000,2026-08-29 10:30:00,111.62,111.71,111.57,111.7,40384
1787967300,2026-08-29 10:35:00,111.7,111.74,111.68,111.73,17320
1787967600,2026-08-29 10:40:00,111.73,111.81,111.73,111.81,9816
1787967900,2026-08-29 10:45:00,111.81,111.82,111.72,111.72,2969
1787968200,2026-08-29 10:50:00,111.76,111.83,111.76,111.83,5780
1787968500,2026-08-29 10:55:00,111.82,111.9,111.82,111.89,12432
1787968800,2026-08-29 11:00:00,111.89,111.9,111.76,111.77,27014
1787969100,2026-08-29 11:05:00,111.77,111.82,111.77,111.8,8948
1787969400,2026-08-29 11:10:00,111.81,111.83,111.77,111.82,2405
1787969700,2026-08-29 11:15:00,111.82,111.82,111.72,111.76,13569
1787970000,2026-08-29 11:20:00,111.76,111.88,111.74,111.88,7072
1787970300,2026-08-29 11:25:00,111.88,111.89,111.81,111.84,5088
1787970600,2026-08-29 11:30:00,111.85,111.9,111.84,111.89,11177
1787970900,2026-08-29 11:35:00,111.9,111.98,111.89,111.97,9237
1787971200,2026-08-29 11:40:00,111.97,112.05,111.96,111.99,10046
1787971500,2026-08-29 11:45:00,111.99,112.06,111.99,112.04,4573
1787971800,2026-08-29 11:50:00,112.02,112.04,111.95,111.95,11410
1787972100,2026-08-29 11:55:00,111.94,111.96,111.91,111.95,16022
1787972400,2026-08-29 12:00:00,111.93,112.06,111.93,112.04,3718
1787972700,2026-08-29 12:05:00,112.04,112.04,111.99,112,5617
1787973000,2026-08-29 12:10:00,112.01,112.06,112,112.05,5781
1787973300,2026-08-29 12:15:00,112.04,112.08,112.04,112.08,2294
1787973600,2026-08-29 12:20:00,112.08,112.14,112.07,112.14,8730
1787973900,2026-08-29 12:25:00,112.14,112.16,112.12,112.14,12618
1787974200,2026-08-29 12:30:00,112.14,112.14,112.02,112.08,13607
1787974500,2026-08-29 12:35:00,112.08,112.09,111.95,111.95,8330
1787974800,2026-08-29 12:40:00,111.95,112.03,111.95,112.01,5579
1787975100,2026-08-29 12:45:00,112.01,112.06,111.97,111.97,3881
1787975400,2026-08-29 12:50:00,111.97,112.04,111.95,112.04,4473
1787975700,2026-08-29 12:55:00,112.03,112.15,112.03,112.15,2958
1787976000,2026-08-29 13:00:00,112.16,112.2,112.13,112.16,6124
1787976300,2026-08-29 13:05:00,112.16,112.21,112.15,112.2,10989
1787976600,2026-08-29 13:10:00,112.2,112.25,112.2,112.25,1216
1787976900,2026-08-29 13:15:00,112.25,112.25,112.22,112.24,46578
1787977200,2026-08-29 13:20:00,112.24,112.26,112.14,112.14,33898
1787977500,2026-08-29 13:25:00,112.14,112.14,112.11,112.12,2393
1787977800,2026-08-29 13:30:00,112.12,112.12,112.06,112.06,48725
1787978100,2026-08-29 13:35:00,112.06,112.07,112.02,112.06,22337
1787978400,2026-08-29 13:40:00,112.04,112.09,112.03,112.06,6582
1787978700,2026-08-29 13:45:00,112.06,112.13,112.06,112.11,46574
1787979000,2026-08-29 13:50:00,112.1,112.13,112.09,112.12,5392
1787979300,2026-08-29 13:55:00,112.12,112.14,112.1,112.13,3093
1787979600,2026-08-29 14:00:00,112.16,112.19,112.15,112.18,2807
1787979900,2026-08-29 14:05:00,112.18,112.2,112.15,112.15,7343
1787980200,2026-08-29 14:10:00,112.11,112.12,112.01,112.02,18626
1787980500,2026-08-29 14:15:00,112.01,112.08,112.01,112.03,7112
1787980800,2026-08-29 14:20:00,112.03,112.11,112.02,112.09,3408
1787981100,2026-08-29 14:25:00,112.04,112.13,112.04,112.12,26146
1787981400,2026-08-29 14:30:00,112.12,112.13,112.04,112.06,10172
1787981700,2026-08-29 14:35:00,112.06,112.08,112.05,112.06,2501
1787982000,2026-08-29 14:40:00,112.06,112.08,112,112,13342
1787982300,2026-08-29 14:45:00,112,112.08,112,112.07,7090
1787982600,2026-08-29 14:50:00,112.09,112.17,112.04,112.13,20328
1787982900,2026-08-29 14:55:00,112.12,112.15,112.02,112.06,47412
1787983200,2026-08-29 15:00:00,112.06,112.1,112,112.04,18215
1787983500,2026-08-29 15:05:00,112.04,112.07,111.99,112.01,12462
1787983800,2026-08-29 15:10:00,112.01,112.01,111.92,111.94,22065
1787984100,2026-08-29 15:15:00,111.94,112.02,111.93,112.01,23773
1787984400,2026-08-29 15:20:00,112,112.07,112,112.01,36367
1787984700,2026-08-29 15:25:00,112.01,112.02,111.97,112,41537
1787985000,2026-08-29 15:30:00,112,112.08,112,112.06,39414
1787985300,2026-08-29 15:35:00,112.05,112.05,112.02,112.02,38383
1787985600,2026-08-29 15:40:00,112.02,112.14,112.02,112.13,27101
1787985900,2026-08-29 15:45:00,112.13,112.24,112.13,112.23,40826
1787986200,2026-08-29 15:50:00,112.23,112.25,112.23,112.25,20024
1787986500,2026-08-29 15:55:00,112.25,112.25,112.18,112.18,3463
1787986800,2026-08-29 16:00:00,112.18,112.22,112.18,112.21,3005
1787987100,2026-08-29 16:05:00,112.21,112.28,112.21,112.25,6082
1787987400,2026-08-29 16:10:00,112.26,112.27,112.25,112.26,6758
1787987700,2026-08-29 16:15:00,112.25,112.26,112.24,112.24,934
1787988000,2026-08-29 16:20:00,112.24,112.28,112.24,112.26,2665
1787988300,2026-08-29 16:25:00,112.26,112.27,112.25,112.25,2608
1787988600,2026-08-29 16:30:00,112.25,112.28,112.19,112.2,8389
1787988900,2026-08-29 16:35:00,112.2,112.2,112.14,112.15,4614
1787989200,2026-08-29 16:40:00,112.14,112.14,112.12,112.13,10115
1787989500,2026-08-29 16:45:00,112.12,112.14,112.1,112.11,716
1787989800,2026-08-29 16:50:00,112.1,112.14,112.1,112.11,2742
1787990100,2026-08-29 16:55:00,112.11,112.11,112.01,112.06,2830
1787990400,2026-08-29 17:00:00,112.05,112.06,112.01,112.02,3846
1787990700,2026-08-29 17:05:00,112.01,112.06,112.01,112.06,1449
1787991000,2026-08-29 17:10:00,112.05,112.07,112.05,112.06,17755
1787991300,2026-08-29 17:15:00,112.07,112.07,112.03,112.05,9588
1787991600,2026-08-29 17:20:00,112.05,112.07,112.04,112.06,1494
1787991900,2026-08-29 17:25:00,112.04,112.06,112.02,112.04,1942
1787992200,2026-08-29 17:30:00,112.04,112.05,112.03,112.04,1679
1787992500,2026-08-29 17:35:00,112.04,112.06,112.03,112.05,2104
1787992800,2026-08-29 17:40:00,112.05,112.06,112,112.01,2479
1787993100,2026-08-29 17:45:00,112.01,112.01,111.93,111.94,839
1787993400,2026-08-29 17:50:00,111.94,112.22,111.9,112.2,42279
1787993700,2026-08-29 17:55:00,112.2,112.22,112.16,112.17,54172
1787994000,2026-08-29 18:00:00,112.17,112.22,112.15,112.21,16536
1787994300,2026-08-29 18:05:00,112.2,112.24,112.18,112.2,2456
1787994600,2026-08-29 18:10:00,112.2,112.24,112.16,112.16,5957
1787994900,2026-08-29 18:15:00,112.17,112.23,112.16,112.23,1989
1787995200,2026-08-29 18:20:00,112.24,112.25,112.21,112.22,5742
1787995500,2026-08-29 18:25:00,112.23,112.24,112.17,112.19,3670
1787995800,2026-08-29 18:30:00,112.19,112.21,112.17,112.19,5272
1787996100,2026-08-29 18:35:00,112.19,112.24,112.19,112.24,3668
1787996400,2026-08-29 18:40:00,112.24,112.24,112.19,112.19,3685
1787996700,2026-08-29 18:45:00,112.2,112.2,112.19,112.19,1779
1787997000,2026-08-29 18:50:00,112.19,112.26,112.19,112.25,2329
1787997300,2026-08-29 18:55:00,112.26,112.33,112.24,112.24,1486
1787997600,2026-08-29 19:00:00,112.23,112.25,112.21,112.23,8567
1787997900,2026-08-29 19:05:00,112.25,112.3,112.24,112.27,4986
1787998200,2026-08-29 19:10:00,112.3,112.31,112.28,112.29,8400
1787998500,2026-08-29 19:15:00,112.29,112.34,112.29,112.34,5303
1787998800,2026-08-29 19:20:00,112.34,112.35,112.28,112.29,26869
1787999100,2026-08-29 19:25:00,112.28,112.29,112.24,112.24,10946
1787999400,2026-08-29 19:30:00,112.24,112.25,112.23,112.23,22354
1787999700,2026-08-29 19:35:00,112.23,112.24,112.23,112.23,6279
1788000000,2026-08-29 19:40:00,112.24,112.25,112.23,112.24,1577
1788000300,2026-08-29 19:45:00,112.24,112.26,112.23,112.24,3505
1788000600,2026-08-29 19:50:00,112.26,112.26,112.23,112.24,2801
1788000900,2026-08-29 19:55:00,112.23,112.26,112.21,112.24,2876
1788001200,2026-08-29 20:00:00,112.29,112.33,112.28,112.29,4695
1788001500,2026-08-29 20:05:00,112.3,112.31,112.26,112.3,6706
1788001800,2026-08-29 20:10:00,112.3,112.36,112.3,112.32,9179
1788002100,2026-08-29 20:15:00,112.31,112.35,112.28,112.29,7806
1788002400,2026-08-29 20:20:00,112.29,112.31,112.26,112.29,3574
1788002700,2026-08-29 20:25:00,112.3,112.32,112.25,112.27,6322
1788003000,2026-08-29 20:30:00,112.26,112.29,112.25,112.27,5004
1788003300,2026-08-29 20:35:00,112.29,112.29,112.26,112.27,2165
1788003600,2026-08-29 20:40:00,112.26,112.27,112.21,112.21,6306
1788003900,2026-08-29 20:45:00,112.2,112.25,112.2,112.21,8987
1788004200,2026-08-29 20:50:00,112.21,112.22,112.16,112.17,7766
1788004500,2026-08-29 20:55:00,112.17,112.19,112.13,112.14,6325
1788004800,2026-08-29 21:00:00,112.13,112.37,112.13,112.17,10179
1788005100,2026-08-29 21:05:00,112.18,112.2,112.11,112.19,5709
1788005400,2026-08-29 21:10:00,112.18,112.19,112.14,112.16,7191
1788005700,2026-08-29 21:15:00,112.16,112.19,112.09,112.13,10886
1788006000,2026-08-29 21:20:00,112.13,112.16,112.11,112.15,9206
1788006300,2026-08-29 21:25:00,112.16,112.16,112.12,112.15,5449
1788006600,2026-08-29 21:30:00,112.15,112.18,112.14,112.16,5358
1788006900,2026-08-29 21:35:00,112.16,112.18,112.16,112.17,4917
1788007200,2026-08-29 21:40:00,112.17,112.17,112.08,112.11,6471
1788007500,2026-08-29 21:45:00,112.1,112.14,112.1,112.1,9894
1788007800,2026-08-29 21:50:00,112.11,112.13,112.08,112.08,5242
1788008100,2026-08-29 21:55:00,112.08,112.1,112.08,112.08,5225
1788008400,2026-08-29 22:00:00,112.08,112.1,112.07,112.08,5890
1788008700,2026-08-29 22:05:00,112.08,112.09,112.06,112.06,8155
1788009000,2026-08-29 22:10:00,112.06,112.07,112.06,112.06,12895
1788009300,2026-08-29 22:15:00,112.07,112.07,112.06,112.06,12361
1788009600,2026-08-29 22:20:00,112.07,112.07,112.04,112.04,9107
1788009900,2026-08-29 22:25:00,112.05,112.06,112.04,112.04,8526
1788010200,2026-08-29 22:30:00,112.04,112.06,112.01,112.03,9066
1788010500,2026-08-29 22:35:00,112.03,112.06,112.02,112.04,8097
1788010800,2026-08-29 22:40:00,112.04,112.05,111.98,112.01,6153
1788011100,2026-08-29 22:45:00,112.02,112.04,112,112.04,5556
1788011400,2026-08-29 22:50:00,112.03,112.05,112.03,112.04,5501
1788011700,2026-08-29 22:55:00,112.04,112.08,112.04,112.07,5653
1788012000,2026-08-29 23:00:00,112.07,112.18,112.03,112.05,7556
1788012300,2026-08-29 23:05:00,112.05,112.13,112.01,112.11,18383
1788012600,2026-08-29 23:10:00,112.11,112.11,112.03,112.03,64817
1788012900,2026-08-29 23:15:00,112.03,112.1,112.02,112.09,65197
1788013200,2026-08-29 23:20:00,112.1,112.13,112.09,112.13,10690
1788013500,2026-08-29 23:25:00,112.13,112.14,112.08,112.13,9273
1788013800,2026-08-29 23:30:00,112.13,112.14,112.05,112.05,12781
1788014100,2026-08-29 23:35:00,112.05,112.07,112.02,112.05,8346
1788014400,2026-08-29 23:40:00,112.05,112.12,112.03,112.11,10324
1788014700,2026-08-29 23:45:00,112.12,112.13,112.03,112.04,18691
1788015000,2026-08-29 23:50:00,112.04,112.04,111.95,111.99,55940
1788015300,2026-08-29 23:55:00,111.96,111.97,111.95,111.95,66290
1788015600,2026-08-30 00:00:00,111.95,111.99,111.92,111.99,49993
1788015900,2026-08-30 00:05:00,111.99,111.99,111.96,111.96,21573
1788016200,2026-08-30 00:10:00,111.96,111.98,111.91,111.91,26742
1788016500,2026-08-30 00:15:00,111.91,112.02,111.91,111.94,31041
1788016800,2026-08-30 00:20:00,111.94,111.95,111.92,111.92,8649
1788017100,2026-08-30 00:25:00,111.92,111.93,111.85,111.85,21190
1788017400,2026-08-30 00:30:00,111.86,111.94,111.86,111.9,11424
1788017700,2026-08-30 00:35:00,111.9,111.9,111.84,111.85,45975
1788018000,2026-08-30 00:40:00,111.85,111.85,111.82,111.83,7071
1788018300,2026-08-30 00:45:00,111.83,111.87,111.83,111.85,9265
1788018600,2026-08-30 00:50:00,111.86,111.92,111.85,111.9,8292
1788018900,2026-08-30 00:55:00,111.91,111.91,111.84,111.91,11350
1788019200,2026-08-30 01:00:00,111.9,111.99,111.89,111.95,9873
1788019500,2026-08-30 01:05:00,111.95,111.97,111.86,111.86,9276
1788019800,2026-08-30 01:10:00,111.87,111.87,111.83,111.83,8266
1788020100,2026-08-30 01:15:00,111.83,111.89,111.6,111.69,32715
1788020400,2026-08-30 01:20:00,111.69,111.7,111.64,111.69,21568
1788020700,2026-08-30 01:25:00,111.69,111.7,111.62,111.64,24109
1788021000,2026-08-30 01:30:00,111.64,111.64,111.57,111.58,23630
1788021300,2026-08-30 01:35:00,111.59,111.6,111.56,111.57,16762
1788021600,2026-08-30 01:40:00,111.57,111.58,111.56,111.56,18294
1788021900,2026-08-30 01:45:00,111.57,111.6,111.55,111.6,15556
1788022200,2026-08-30 01:50:00,111.61,111.68,111.6,111.66,15741
1788022500,2026-08-30 01:55:00,111.65,111.67,111.6,111.6,13955
1788022800,2026-08-30 02:00:00,111.6,111.64,111.56,111.64,9883
1788023100,2026-08-30 02:05:00,111.65,111.67,111.58,111.63,9495
1788023400,2026-08-30 02:10:00,111.63,111.68,111.63,111.67,5995
1788023700,2026-08-30 02:15:00,111.66,111.67,111.61,111.64,6502
1788024000,2026-08-30 02:20:00,111.64,111.66,111.62,111.63,4897
1788024300,2026-08-30 02:25:00,111.64,111.64,111.55,111.56,6077
1788024600,2026-08-30 02:30:00,111.56,111.62,111.55,111.56,6966
1788024900,2026-08-30 02:35:00,111.57,111.61,111.56,111.61,6265
1788025200,2026-08-30 02:40:00,111.61,111.61,111.59,111.6,4513
1788025500,2026-08-30 02:45:00,111.6,111.71,111.59,111.65,7933
1788025800,2026-08-30 02:50:00,111.65,111.7,111.65,111.69,9286
1788026100,2026-08-30 02:55:00,111.69,111.71,111.63,111.69,8425
1788026400,2026-08-30 03:00:00,111.68,111.74,111.68,111.73,5463
1788026700,2026-08-30 03:05:00,111.71,111.74,111.71,111.72,5338
1788027000,2026-08-30 03:10:00,111.72,111.72,111.62,111.63,6480
1788027300,2026-08-30 03:15:00,111.64,111.67,111.63,111.64,6833
1788027600,2026-08-30 03:20:00,111.64,111.65,111.6,111.62,3907
1788027900,2026-08-30 03:25:00,111.62,111.64,111.6,111.61,9727
1788028200,2026-08-30 03:30:00,111.62,111.62,111.58,111.61,8375
1788028500,2026-08-30 03:35:00,111.61,111.66,111.6,111.63,11819
1788028800,2026-08-30 03:40:00,111.63,111.77,111.63,111.77,15969
1788029100,2026-08-30 03:45:00,111.77,111.94,111.77,111.87,40710
1788029400,2026-08-30 03:50:00,111.87,111.92,111.86,111.92,10762
1788029700,2026-08-30 03:55:00,111.92,111.93,111.82,111.88,20044
1788030000,2026-08-30 04:00:00,111.88,111.89,111.87,111.88,9590
1788030300,2026-08-30 04:05:00,111.89,111.91,111.88,111.9,6268
1788030600,2026-08-30 04:10:00,111.89,111.92,111.89,111.91,4919
1788030900,2026-08-30 04:15:00,111.9,111.92,111.9,111.91,4871
1788031200,2026-08-30 04:20:00,111.91,111.92,111.88,111.9,6214
1788031500,2026-08-30 04:25:00,111.9,111.91,111.88,111.88,5160
1788031800,2026-08-30 04:30:00,111.88,111.89,111.77,111.77,4693
1788032100,2026-08-30 04:35:00,111.77,112.12,111.77,112.06,27363
1788032400,2026-08-30 04:40:00,112.06,112.09,111.95,111.99,9733
1788032700,2026-08-30 04:45:00,111.97,112.02,111.93,111.97,10099
1788033000,2026-08-30 04:50:00,111.98,112.28,111.97,112.13,70917
1788033300,2026-08-30 04:55:00,112.12,112.21,112.11,112.19,21285
1788033600,2026-08-30 05:00:00,112.19,112.24,112.16,112.24,20201
1788033900,2026-08-30 05:05:00,112.24,112.3,112.24,112.26,26822
1788034200,2026-08-30 05:10:00,112.26,112.3,112.25,112.28,14991
1788034500,2026-08-30 05:15:00,112.29,112.38,112.29,112.37,11055
1788034800,2026-08-30 05:20:00,112.36,112.38,112.36,112.37,1079
1788035100,2026-08-30 05:25:00,112.37,112.38,112.36,112.37,687
1788035400,2026-08-30 05:30:00,112.37,112.38,112.3,112.32,4226
1788035700,2026-08-30 05:35:00,112.32,112.39,112.31,112.38,13974
1788036000,2026-08-30 05:40:00,112.39,112.41,112.32,112.36,13505
1788036300,2026-08-30 05:45:00,112.38,112.41,112.36,112.37,13647
1788036600,2026-08-30 05:50:00,112.35,112.46,112.35,112.38,14661
1788036900,2026-08-30 05:55:00,112.39,112.39,112.32,112.34,10212
1788037200,2026-08-30 06:00:00,112.34,112.6,112.26,112.29,21630
1788037500,2026-08-30 06:05:00,112.29,112.3,112.25,112.27,12801
1788037800,2026-08-30 06:10:00,112.27,112.48,112.27,112.39,10372
1788038100,2026-08-30 06:15:00,112.39,112.4,112.32,112.37,8145
1788038400,2026-08-30 06:20:00,112.36,112.37,112.29,112.31,11440
1788038700,2026-08-30 06:25:00,112.3,112.3,112.2,112.22,17535
1788039000,2026-08-30 06:30:00,112.23,112.5,112.22,112.5,9430
1788039300,2026-08-30 06:35:00,112.49,112.55,112.49,112.52,6728
1788039600,2026-08-30 06:40:00,112.53,112.58,112.48,112.49,13391
1788039900,2026-08-30 06:45:00,112.51,112.51,112.49,112.5,8673
1788040200,2026-08-30 06:50:00,112.5,112.51,112.4,112.4,3517
1788040500,2026-08-30 06:55:00,112.36,112.38,112.25,112.36,7892
1788040800,2026-08-30 07:00:00,112.37,112.43,112.37,112.43,8447
1788041100,2026-08-30 07:05:00,112.42,112.48,112.41,112.47,5726
1788041400,2026-08-30 07:10:00,112.47,112.5,112.47,112.48,3486
1788041700,2026-08-30 07:15:00,112.48,112.5,112.43,112.49,17151
1788042000,2026-08-30 07:20:00,112.49,112.54,112.48,112.5,4159
1788042300,2026-08-30 07:25:00,112.51,112.62,112.47,112.56,30603
1788042600,2026-08-30 07:30:00,112.57,112.61,112.54,112.54,33392
1788042900,2026-08-30 07:35:00,112.55,112.59,112.52,112.53,13827
1788043200,2026-08-30 07:40:00,112.54,112.59,112.52,112.54,13130
1788043500,2026-08-30 07:45:00,112.55,112.56,112.53,112.55,6700
1788043800,2026-08-30 07:50:00,112.53,112.54,112.51,112.52,4422
1788044100,2026-08-30 07:55:00,112.52,112.57,112.52,112.53,3609
1788044400,2026-08-30 08:00:00,112.53,112.56,112.53,112.55,2747
1788044700,2026-08-30 08:05:00,112.55,112.56,112.49,112.5,2625
1788045000,2026-08-30 08:10:00,112.48,112.49,112.45,112.47,3884
1788045300,2026-08-30 08:15:00,112.46,112.47,112.33,112.34,20245
1788045600,2026-08-30 08:20:00,112.33,112.37,112.33,112.36,13376
1788045900,2026-08-30 08:25:00,112.37,112.39,112.35,112.37,1409
1788046200,2026-08-30 08:30:00,112.37,112.39,112.37,112.39,2343
1788046500,2026-08-30 08:35:00,112.38,112.39,112.35,112.38,2686
1788046800,2026-08-30 08:40:00,112.38,112.39,112.32,112.35,2763
1788047100,2026-08-30 08:45:00,112.35,112.44,112.35,112.44,2700
1788047400,2026-08-30 08:50:00,112.45,112.48,112.4,112.41,2879
1788047700,2026-08-30 08:55:00,112.42,112.45,112.41,112.43,3149
1788048000,2026-08-30 09:00:00,112.42,112.49,112.25,112.27,7401
1788048300,2026-08-30 09:05:00,112.27,112.29,112.24,112.25,9647
1788048600,2026-08-30 09:10:00,112.26,112.45,112.25,112.44,7497
1788048900,2026-08-30 09:15:00,112.46,112.46,112.33,112.34,23639
1788049200,2026-08-30 09:20:00,112.35,112.37,112.34,112.35,5125
1788049500,2026-08-30 09:25:00,112.32,112.33,112.24,112.26,5056
1788049800,2026-08-30 09:30:00,112.25,112.28,112.2,112.2,4327
1788050100,2026-08-30 09:35:00,112.21,112.25,112.17,112.25,3934
1788050400,2026-08-30 09:40:00,112.24,112.26,112.2,112.21,3669
1788050700,2026-08-30 09:45:00,112.22,112.23,112.21,112.21,4030
1788051000,2026-08-30 09:50:00,112.21,112.24,112.2,112.23,6072
1788051300,2026-08-30 09:55:00,112.24,112.36,112.23,112.35,4626
1788051600,2026-08-30 10:00:00,112.35,112.36,112.29,112.3,3235
1788051900,2026-08-30 10:05:00,112.31,112.35,112.31,112.33,1283
1788052200,2026-08-30 10:10:00,112.35,112.39,112.34,112.37,1686
1788052500,2026-08-30 10:15:00,112.37,112.79,112.37,112.78,18269
1788052800,2026-08-30 10:20:00,112.76,112.82,112.72,112.73,10098
1788053100,2026-08-30 10:25:00,112.72,112.82,112.65,112.82,2315
1788053400,2026-08-30 10:30:00,112.82,112.87,112.73,112.78,22489
1788053700,2026-08-30 10:35:00,112.83,112.88,112.83,112.86,25129
1788054000,2026-08-30 10:40:00,112.86,112.87,112.83,112.85,14599
1788054300,2026-08-30 10:45:00,112.85,112.87,112.7,112.71,8613
1788054600,2026-08-30 10:50:00,112.69,112.78,112.69,112.72,6385
1788054900,2026-08-30 10:55:00,112.73,112.75,112.69,112.73,4887
1788055200,2026-08-30 11:00:00,112.73,112.74,112.68,112.7,3916
1788055500,2026-08-30 11:05:00,112.69,112.75,112.69,112.75,5370
1788055800,2026-08-30 11:10:00,112.76,112.88,112.75,112.86,13728
1788056100,2026-08-30 11:15:00,112.85,112.88,112.84,112.87,23219
1788056400,2026-08-30 11:20:00,112.87,112.87,112.82,112.83,3666
1788056700,2026-08-30 11:25:00,112.81,112.94,112.81,112.84,10735
1788057000,2026-08-30 11:30:00,112.84,112.87,112.77,112.81,13775
1788057300,2026-08-30 11:35:00,112.82,112.88,112.09,112.47,54727
1788057600,2026-08-30 11:40:00,112.48,112.79,112.48,112.79,42509
1788057900,2026-08-30 11:45:00,112.79,112.84,112.74,112.75,23937
1788058200,2026-08-30 11:50:00,112.74,112.74,112.63,112.65,34110
1788058500,2026-08-30 11:55:00,112.65,112.72,112.65,112.71,18268
1788058800,2026-08-30 12:00:00,112.71,112.8,112.7,112.72,28013
1788059100,2026-08-30 12:05:00,112.73,112.75,112.72,112.74,19708
1788059400,2026-08-30 12:10:00,112.74,112.75,112.69,112.73,16745
1788059700,2026-08-30 12:15:00,112.73,112.75,112.53,112.55,39723
1788060000,2026-08-30 12:20:00,112.54,112.6,112.52,112.57,18267
1788060300,2026-08-30 12:25:00,112.59,112.63,112.54,112.59,12708
1788060600,2026-08-30 12:30:00,112.58,112.6,112.55,112.56,32802
1788060900,2026-08-30 12:35:00,112.56,112.57,112.53,112.54,9488
1788061200,2026-08-30 12:40:00,112.54,112.57,112.52,112.57,5557
1788061500,2026-08-30 12:45:00,112.56,112.59,112.53,112.57,6079
1788061800,2026-08-30 12:50:00,112.58,112.62,112.57,112.62,4602
1788062100,2026-08-30 12:55:00,112.6,112.62,112.56,112.57,13643
1788062400,2026-08-30 13:00:00,112.57,112.62,112.57,112.61,15188
1788062700,2026-08-30 13:05:00,112.63,112.64,112.53,112.53,63578
1788063000,2026-08-30 13:10:00,112.53,112.57,112.53,112.57,19163
1788063300,2026-08-30 13:15:00,112.56,112.58,112.54,112.56,14771
1788063600,2026-08-30 13:20:00,112.56,112.61,112.55,112.61,3345
1788063900,2026-08-30 13:25:00,112.62,112.66,112.62,112.63,1652
1788064200,2026-08-30 13:30:00,112.63,112.69,112.63,112.69,1849
1788064500,2026-08-30 13:35:00,112.68,112.71,112.67,112.67,1783
1788064800,2026-08-30 13:40:00,112.68,112.7,112.63,112.68,2181
1788065100,2026-08-30 13:45:00,112.62,112.77,112.62,112.72,9774
1788065400,2026-08-30 13:50:00,112.72,112.75,112.69,112.69,8468
1788065700,2026-08-30 13:55:00,112.69,112.73,112.68,112.73,4086
1788066000,2026-08-30 14:00:00,112.73,112.79,112.73,112.74,3479
1788066300,2026-08-30 14:05:00,112.74,112.77,112.72,112.74,4191
1788066600,2026-08-30 14:10:00,112.74,112.82,112.74,112.79,14291
1788066900,2026-08-30 14:15:00,112.79,112.84,112.79,112.84,10986
1788067200,2026-08-30 14:20:00,112.81,112.86,112.81,112.85,15073
1788067500,2026-08-30 14:25:00,112.85,112.86,112.83,112.83,9131
1788067800,2026-08-30 14:30:00,112.83,112.91,112.81,112.86,19933
1788068100,2026-08-30 14:35:00,112.86,112.89,112.86,112.88,12497
1788068400,2026-08-30 14:40:00,112.88,112.93,112.88,112.92,9658
1788068700,2026-08-30 14:45:00,112.91,112.95,112.91,112.94,6718
1788069000,2026-08-30 14:50:00,112.93,112.94,112.82,112.82,10169
1788069300,2026-08-30 14:55:00,112.82,112.84,112.71,112.82,16946
1788069600,2026-08-30 15:00:00,112.84,112.84,112.77,112.79,11036
1788069900,2026-08-30 15:05:00,112.79,112.82,112.79,112.8,16316
1788070200,2026-08-30 15:10:00,112.8,112.81,112.75,112.76,11274
1788070500,2026-08-30 15:15:00,112.75,112.79,112,112.39,42070
1788070800,2026-08-30 15:20:00,112.4,112.49,112.39,112.44,19219
1788071100,2026-08-30 15:25:00,112.44,112.48,112.41,112.46,42921
1788071400,2026-08-30 15:30:00,112.46,112.51,112.46,112.49,13979
1788071700,2026-08-30 15:35:00,112.49,112.51,112.46,112.47,8888
1788072000,2026-08-30 15:40:00,112.48,112.48,112.43,112.43,9489
1788072300,2026-08-30 15:45:00,112.43,112.44,112.41,112.42,26062
1788072600,2026-08-30 15:50:00,112.41,112.46,112.41,112.46,21663
1788072900,2026-08-30 15:55:00,112.46,112.57,112.46,112.56,16763
1788073200,2026-08-30 16:00:00,112.56,112.59,112.54,112.57,12503
1788073500,2026-08-30 16:05:00,112.58,112.67,112.58,112.62,10557
1788073800,2026-08-30 16:10:00,112.63,112.64,112.61,112.63,5869
1788074100,2026-08-30 16:15:00,112.62,112.64,112.61,112.62,10565
1788074400,2026-08-30 16:20:00,112.62,112.62,112.61,112.62,13685
1788074700,2026-08-30 16:25:00,112.62,112.62,112.58,112.59,12023
1788075000,2026-08-30 16:30:00,112.59,112.61,112.5,112.53,5621
1788075300,2026-08-30 16:35:00,112.53,112.55,112.52,112.53,4386
1788075600,2026-08-30 16:40:00,112.53,112.77,112.53,112.74,49257
1788075900,2026-08-30 16:45:00,112.73,112.76,112.7,112.7,18177
1788076200,2026-08-30 16:50:00,112.71,112.71,112.64,112.66,8659
1788076500,2026-08-30 16:55:00,112.67,112.74,112.62,112.63,5398
1788076800,2026-08-30 17:00:00,112.62,112.66,112.61,112.64,8420
1788077100,2026-08-30 17:05:00,112.62,112.64,112.58,112.61,20264
1788077400,2026-08-30 17:10:00,112.62,112.64,112.58,112.64,16791
1788077700,2026-08-30 17:15:00,112.64,112.71,112.64,112.68,19033
1788078000,2026-08-30 17:20:00,112.67,112.69,112.47,112.48,19896
1788078300,2026-08-30 17:25:00,112.48,112.52,112.45,112.46,19955
1788078600,2026-08-30 17:30:00,112.43,112.45,112.42,112.43,16450
1788078900,2026-08-30 17:35:00,112.42,112.43,112.4,112.41,20938
1788079200,2026-08-30 17:40:00,112.4,112.46,112.37,112.46,28660
1788079500,2026-08-30 17:45:00,112.46,112.51,112.41,112.51,27179
1788079800,2026-08-30 17:50:00,112.51,112.54,112.47,112.54,17513
1788080100,2026-08-30 17:55:00,112.55,112.56,112.52,112.55,14547
1788080400,2026-08-30 18:00:00,112.52,112.53,112.51,112.52,11339
1788080700,2026-08-30 18:05:00,112.53,112.58,112.52,112.54,6994
1788081000,2026-08-30 18:10:00,112.53,112.57,112.52,112.57,4715
1788081300,2026-08-30 18:15:00,112.54,112.58,112.53,112.57,3720
1788081600,2026-08-30 18:20:00,112.57,112.58,112.54,112.54,2535
1788081900,2026-08-30 18:25:00,112.54,112.57,112.53,112.57,1937
1788082200,2026-08-30 18:30:00,112.57,112.62,112.57,112.61,4273
1788082500,2026-08-30 18:35:00,112.61,112.68,112.61,112.68,3768
1788082800,2026-08-30 18:40:00,112.67,112.75,112.67,112.75,11366
1788083100,2026-08-30 18:45:00,112.75,112.77,112.73,112.73,11349
1788083400,2026-08-30 18:50:00,112.73,112.74,112.64,112.71,12821
1788083700,2026-08-30 18:55:00,112.71,112.78,112.71,112.76,2031
1788084000,2026-08-30 19:00:00,112.77,112.78,112.76,112.77,496
1788084300,2026-08-30 19:05:00,112.77,112.82,112.77,112.81,1355
1788084600,2026-08-30 19:10:00,112.81,112.89,112.8,112.88,1862
1788084900,2026-08-30 19:15:00,112.89,112.9,112.86,112.88,2435
1788085200,2026-08-30 19:20:00,112.91,112.95,112.9,112.94,2272
1788085500,2026-08-30 19:25:00,112.96,112.97,112.94,112.95,2541
1788085800,2026-08-30 19:30:00,112.96,112.97,112.95,112.95,2459
1788086100,2026-08-30 19:35:00,112.95,112.97,112.94,112.96,5222
1788086400,2026-08-30 19:40:00,112.96,113.04,112.94,113,11310
1788086700,2026-08-30 19:45:00,113,113.01,112.98,112.98,17743
1788087000,2026-08-30 19:50:00,113,113.2,112.96,113.05,7391
1788087300,2026-08-30 19:55:00,113.04,113.05,112.93,112.95,6020
1788087600,2026-08-30 20:00:00,112.97,113.01,112.93,112.99,7577
1788087900,2026-08-30 20:05:00,112.99,113.03,112.98,113,19975
1788088200,2026-08-30 20:10:00,112.99,113.04,112.98,113.01,14135
1788088500,2026-08-30 20:15:00,113.02,113.09,113.01,113.05,11630
1788088800,2026-08-30 20:20:00,113.07,113.17,113.05,113.16,16957
1788089100,2026-08-30 20:25:00,113.14,113.16,113.09,113.16,13943
1788089400,2026-08-30 20:30:00,113.16,113.2,113.14,113.19,10734
1788089700,2026-08-30 20:35:00,113.19,113.19,113.08,113.11,7949
1788090000,2026-08-30 20:40:00,113.11,113.12,113.06,113.09,5299
1788090300,2026-08-30 20:45:00,113.09,113.15,113.09,113.11,11323
1788090600,2026-08-30 20:50:00,113.11,113.11,113.03,113.04,22611
1788090900,2026-08-30 20:55:00,113.04,113.04,112.74,112.8,40190
1788091200,2026-08-30 21:00:00,112.77,112.83,112.73,112.82,17359
1788091500,2026-08-30 21:05:00,112.83,112.88,112.73,112.81,18073
1788091800,2026-08-30 21:10:00,112.82,112.84,112.72,112.73,16580
1788092100,2026-08-30 21:15:00,112.72,112.72,112.59,112.71,37196
1788092400,2026-08-30 21:20:00,112.71,112.75,112.67,112.67,6504
1788092700,2026-08-30 21:25:00,112.68,112.68,112.58,112.62,21292
1788093000,2026-08-30 21:30:00,112.61,112.62,112.53,112.54,34435
1788093300,2026-08-30 21:35:00,112.54,112.55,112.48,112.54,56776
1788093600,2026-08-30 21:40:00,112.52,112.63,112.49,112.62,36727
1788093900,2026-08-30 21:45:00,112.63,112.69,112.58,112.67,34411
1788094200,2026-08-30 21:50:00,112.67,112.7,112.63,112.64,34657
1788094500,2026-08-30 21:55:00,112.64,112.74,112.59,112.66,51340
1788094800,2026-08-30 22:00:00,112.66,112.68,112.59,112.66,22048
1788095100,2026-08-30 22:05:00,112.64,112.68,112.64,112.65,30586
1788095400,2026-08-30 22:10:00,112.65,112.66,112.55,112.55,17632
1788095700,2026-08-30 22:15:00,112.56,112.61,112.5,112.52,16354
1788096000,2026-08-30 22:20:00,112.52,112.62,112.51,112.62,20601
1788096300,2026-08-30 22:25:00,112.62,112.64,112.6,112.63,12291
1788096600,2026-08-30 22:30:00,112.63,112.64,112.56,112.59,11054
1788096900,2026-08-30 22:35:00,112.6,112.61,112.59,112.59,20863
1788097200,2026-08-30 22:40:00,112.59,112.65,112.59,112.63,25621
1788097500,2026-08-30 22:45:00,112.64,112.64,112.57,112.58,44306
1788097800,2026-08-30 22:50:00,112.58,112.68,112.58,112.64,29264
1788098100,2026-08-30 22:55:00,112.64,112.67,112.63,112.64,23973
1788098400,2026-08-30 23:00:00,112.64,112.72,112.64,112.72,18352
1788098700,2026-08-30 23:05:00,112.72,112.79,112.71,112.78,21627
1788099000,2026-08-30 23:10:00,112.78,113.1,112.76,113.02,58985
1788099300,2026-08-30 23:15:00,113.02,113.04,112.97,113.01,36483
1788099600,2026-08-30 23:20:00,113.02,113.1,113,113.02,18406
1788099900,2026-08-30 23:25:00,113.01,113.04,112.98,112.98,18026
1788100200,2026-08-30 23:30:00,112.98,112.98,112.79,112.81,31118
1788100500,2026-08-30 23:35:00,112.81,112.84,112.79,112.82,10755
1788100800,2026-08-30 23:40:00,112.82,112.83,112.8,112.81,4411
1788101100,2026-08-30 23:45:00,112.81,112.83,112.79,112.8,2387
1788101400,2026-08-30 23:50:00,112.8,112.83,112.72,112.82,43264
1788101700,2026-08-30 23:55:00,112.83,112.84,112.76,112.76,48209
1788102000,2026-08-31 00:00:00,112.76,112.78,112.72,112.73,53518
1788102300,2026-08-31 00:05:00,112.72,112.91,112.71,112.77,17410
1788102600,2026-08-31 00:10:00,112.77,112.77,112.72,112.72,10736
1788102900,2026-08-31 00:15:00,112.72,112.73,112.69,112.72,2862
1788103200,2026-08-31 00:20:00,112.75,112.79,112.72,112.76,18646
1788103500,2026-08-31 00:25:00,112.76,112.84,112.76,112.84,10125
1788103800,2026-08-31 00:30:00,112.84,112.88,112.83,112.87,9618
1788104100,2026-08-31 00:35:00,112.87,112.87,112.8,112.8,13035
1788104400,2026-08-31 00:40:00,112.8,112.86,112.79,112.83,22524
1788104700,2026-08-31 00:45:00,112.83,112.87,112.72,112.79,33543
1788105000,2026-08-31 00:50:00,112.82,112.83,112.72,112.72,19464
1788105300,2026-08-31 00:55:00,112.73,112.73,112.66,112.69,10799
1788105600,2026-08-31 01:00:00,112.72,112.72,112.65,112.65,5749
1788105900,2026-08-31 01:05:00,112.66,112.75,112.64,112.71,4820
1788106200,2026-08-31 01:10:00,112.73,112.96,112.66,112.96,19708
1788106500,2026-08-31 01:15:00,112.96,113.19,112.95,113.18,46214
1788106800,2026-08-31 01:20:00,113.18,113.32,113.15,113.2,34943
1788107100,2026-08-31 01:25:00,113.21,113.25,113.15,113.24,51159
1788107400,2026-08-31 01:30:00,113.25,113.26,113.13,113.2,43290
1788107700,2026-08-31 01:35:00,113.2,113.2,113.05,113.05,37545
1788108000,2026-08-31 01:40:00,113.06,113.18,113.05,113.1,17977
1788108300,2026-08-31 01:45:00,113.1,113.28,113.08,113.14,17890
1788108600,2026-08-31 01:50:00,113.14,113.21,113.08,113.09,19967
1788108900,2026-08-31 01:55:00,113.06,113.2,113.06,113.15,44884
1788109200,2026-08-31 02:00:00,113.2,113.32,113.17,113.24,29689
1788109500,2026-08-31 02:05:00,113.24,113.24,113.14,113.14,27908
1788109800,2026-08-31 02:10:00,113.14,113.22,113.12,113.12,9771
1788110100,2026-08-31 02:15:00,113.12,113.12,113.05,113.06,10623
1788110400,2026-08-31 02:20:00,113.06,113.06,112.8,112.82,9668
1788110700,2026-08-31 02:25:00,112.8,112.82,112.72,112.72,38565
1788111000,2026-08-31 02:30:00,112.73,112.73,112.62,112.66,9134
1788111300,2026-08-31 02:35:00,112.66,112.68,112.58,112.67,20546
1788111600,2026-08-31 02:40:00,112.68,112.7,112.65,112.67,14806
1788111900,2026-08-31 02:45:00,112.66,112.67,112.64,112.64,5986
1788112200,2026-08-31 02:50:00,112.65,112.7,112.61,112.65,7055
1788112500,2026-08-31 02:55:00,112.66,112.72,112.64,112.7,23161
1788112800,2026-08-31 03:00:00,112.71,112.77,112.69,112.71,15987
1788113100,2026-08-31 03:05:00,112.71,112.76,112.7,112.74,970
1788113400,2026-08-31 03:10:00,112.72,112.76,112.7,112.75,2915
1788113700,2026-08-31 03:15:00,112.76,112.8,112.71,112.78,12888
1788114000,2026-08-31 03:20:00,112.78,112.78,112.66,112.66,21804
1788114300,2026-08-31 03:25:00,112.64,112.76,112.64,112.76,18139
1788114600,2026-08-31 03:30:00,112.75,112.77,112.69,112.75,9531
1788114900,2026-08-31 03:35:00,112.75,112.77,112.73,112.77,10481
1788115200,2026-08-31 03:40:00,112.77,112.8,112.75,112.78,16437
1788115500,2026-08-31 03:45:00,112.77,112.86,112.76,112.76,13266
1788115800,2026-08-31 03:50:00,112.77,112.94,112.77,112.93,7499
1788116100,2026-08-31 03:55:00,112.91,112.96,112.9,112.94,7560
1788116400,2026-08-31 04:00:00,112.95,112.96,112.93,112.95,4174
1788116700,2026-08-31 04:05:00,112.95,112.95,112.82,112.84,7407
1788117000,2026-08-31 04:10:00,112.85,112.94,112.84,112.89,26079
1788117300,2026-08-31 04:15:00,112.89,112.94,112.88,112.94,18785
1788117600,2026-08-31 04:20:00,112.94,113.09,112.89,113.08,32711
1788117900,2026-08-31 04:25:00,113.08,113.09,113.02,113.03,25526
1788118200,2026-08-31 04:30:00,113.03,113.07,113.03,113.05,15693
1788118500,2026-08-31 04:35:00,113.01,113.05,112.88,112.93,20888
1788118800,2026-08-31 04:40:00,112.91,112.91,112.75,112.76,17969
1788119100,2026-08-31 04:45:00,112.75,112.77,112.67,112.7,10706
1788119400,2026-08-31 04:50:00,112.7,112.81,112.69,112.8,5344
1788119700,2026-08-31 04:55:00,112.8,112.8,112.76,112.77,2981
1788120000,2026-08-31 05:00:00,112.75,112.76,112.65,112.67,759
1788120300,2026-08-31 05:05:00,112.66,112.66,112.61,112.64,1365
1788120600,2026-08-31 05:10:00,112.64,112.69,112.56,112.56,5883
1788120900,2026-08-31 05:15:00,112.56,112.66,112.56,112.65,19861
1788121200,2026-08-31 05:20:00,112.64,112.66,112.57,112.58,4293
1788121500,2026-08-31 05:25:00,112.6,112.62,112.57,112.57,5850
1788121800,2026-08-31 05:30:00,112.57,112.59,112.41,112.41,32177
1788122100,2026-08-31 05:35:00,112.42,112.49,112.36,112.37,43111
1788122400,2026-08-31 05:40:00,112.37,112.38,112.2,112.21,40015
1788122700,2026-08-31 05:45:00,112.21,112.32,112.19,112.29,13999
1788123000,2026-08-31 05:50:00,112.29,112.34,112.28,112.3,4797
1788123300,2026-08-31 05:55:00,112.3,112.33,112.24,112.3,3538
1788123600,2026-08-31 06:00:00,112.29,112.44,112.02,112.19,18903
1788123900,2026-08-31 06:05:00,112.19,112.24,112.14,112.17,8526
1788124200,2026-08-31 06:10:00,112.18,112.18,112.12,112.14,4734
1788124500,2026-08-31 06:15:00,112.14,112.21,112.08,112.13,4144
1788124800,2026-08-31 06:20:00,112.13,112.24,112.09,112.23,3801
1788125100,2026-08-31 06:25:00,112.23,112.24,112.2,112.22,3773
1788125400,2026-08-31 06:30:00,112.23,112.33,112.22,112.32,3291
1788125700,2026-08-31 06:35:00,112.32,112.36,112.32,112.34,3345
1788126000,2026-08-31 06:40:00,112.35,112.48,112.34,112.42,14775
1788126300,2026-08-31 06:45:00,112.42,112.5,112.42,112.44,39505
1788126600,2026-08-31 06:50:00,112.45,112.55,112.43,112.54,15392
1788126900,2026-08-31 06:55:00,112.55,112.6,112.44,112.49,25681
1788127200,2026-08-31 07:00:00,112.49,112.73,112.1,112.37,130949
1788127500,2026-08-31 07:05:00,112.37,112.53,112.28,112.38,22044
1788127800,2026-08-31 07:10:00,112.39,112.56,112.3,112.49,30975
1788128100,2026-08-31 07:15:00,112.51,112.54,112.38,112.48,23807
1788128400,2026-08-31 07:20:00,112.5,112.56,112.16,112.22,10865
1788128700,2026-08-31 07:25:00,112.24,112.34,112.18,112.2,12860
1788129000,2026-08-31 07:30:00,112.2,112.29,112.05,112.05,17405
1788129300,2026-08-31 07:35:00,112.07,112.18,111.98,112.15,47509
1788129600,2026-08-31 07:40:00,112.15,112.25,112.05,112.08,22405
1788129900,2026-08-31 07:45:00,112.06,112.16,111.85,111.88,15692
1788130200,2026-08-31 07:50:00,111.84,111.91,111.75,111.9,31912
1788130500,2026-08-31 07:55:00,111.87,111.96,111.8,111.9,10843
1788130800,2026-08-31 08:00:00,111.91,111.95,111.29,111.35,85260
1788131100,2026-08-31 08:05:00,111.31,111.54,111.17,111.33,57912
1788131400,2026-08-31 08:10:00,111.33,111.33,110.66,110.77,184248
1788131700,2026-08-31 08:15:00,110.77,111.04,110.76,111.01,102981
1788132000,2026-08-31 08:20:00,111.02,111.04,110.44,110.55,121900
1788132300,2026-08-31 08:25:00,110.53,110.74,110.46,110.5,130683
1788132600,2026-08-31 08:30:00,110.5,110.76,110.36,110.56,123661
1788132900,2026-08-31 08:35:00,110.56,110.74,110.36,110.36,145935
1788133200,2026-08-31 08:40:00,110.36,110.47,110.05,110.21,111600
1788133500,2026-08-31 08:45:00,110.21,110.21,109.26,109.57,269247
1788133800,2026-08-31 08:50:00,109.57,109.74,109.39,109.66,151745
1788134100,2026-08-31 08:55:00,109.66,109.66,109.21,109.21,101210
1788134400,2026-08-31 09:00:00,109.21,109.21,107.16,108.21,749325
1788134700,2026-08-31 09:05:00,108.2,108.6,107.74,108.42,204257
1788135000,2026-08-31 09:10:00,108.43,109.38,108.41,109.26,281062
1788135300,2026-08-31 09:15:00,109.3,110.07,109.03,109.36,293861
1788135600,2026-08-31 09:20:00,109.36,110.04,109.33,110.03,164371
1788135900,2026-08-31 09:25:00,110.02,110.04,109.66,109.91,50956
1788136200,2026-08-31 09:30:00,109.86,110.68,109.83,110.43,81693
1788136500,2026-08-31 09:35:00,110.45,110.56,110.1,110.21,111634
1788136800,2026-08-31 09:40:00,110.22,110.51,109.94,110.07,73528
1788137100,2026-08-31 09:45:00,110.08,110.08,109.61,109.62,55334
1788137400,2026-08-31 09:50:00,109.61,110.13,109.61,110,67762
1788137700,2026-08-31 09:55:00,110.01,110.04,109.31,109.44,56140
1788138000,2026-08-31 10:00:00,109.37,109.37,108.44,109.09,548282
1788138300,2026-08-31 10:05:00,109.06,109.06,108.5,108.64,158356
1788138600,2026-08-31 10:10:00,108.65,108.73,108.23,108.64,178686
1788138900,2026-08-31 10:15:00,108.63,108.88,108.32,108.82,268991
1788139200,2026-08-31 10:20:00,108.79,109,108.4,108.86,148217
1788139500,2026-08-31 10:25:00,108.84,109.14,108.56,109.01,194306
1788139800,2026-08-31 10:30:00,109.02,109.17,108.64,108.72,178689
1788140100,2026-08-31 10:35:00,108.72,109.01,108.51,108.93,99343
1788140400,2026-08-31 10:40:00,108.93,109.13,108.72,108.73,84619
1788140700,2026-08-31 10:45:00,108.72,108.96,108.6,108.77,64932
1788141000,2026-08-31 10:50:00,108.75,108.8,108.54,108.66,41956
1788141300,2026-08-31 10:55:00,108.68,108.82,108.59,108.76,51733
1788141600,2026-08-31 11:00:00,108.75,109.04,108.59,109.04,64607
1788141900,2026-08-31 11:05:00,109.04,109.76,109.03,109.66,67039
1788142200,2026-08-31 11:10:00,109.67,109.76,109.33,109.61,76390
1788142500,2026-08-31 11:15:00,109.63,109.63,108.88,109.13,151395
1788142800,2026-08-31 11:20:00,109.17,109.17,108.91,109.04,40775
1788143100,2026-08-31 11:25:00,109,109.17,108.72,109.04,54410
1788143400,2026-08-31 11:30:00,109.04,109.11,108.49,108.56,62672
1788143700,2026-08-31 11:35:00,108.49,108.62,108.37,108.43,57429
1788144000,2026-08-31 11:40:00,108.4,108.55,108.25,108.46,26811
1788144300,2026-08-31 11:45:00,108.47,108.92,108.37,108.42,28375
1788144600,2026-08-31 11:50:00,108.43,108.71,108.27,108.7,73462
1788144900,2026-08-31 11:55:00,108.64,109.41,108.64,109.41,60441
1788145200,2026-08-31 12:00:00,109.42,109.7,109.26,109.57,53651
1788145500,2026-08-31 12:05:00,109.58,109.76,109.46,109.76,31380
1788145800,2026-08-31 12:10:00,109.77,109.89,109.65,109.84,47898
1788146100,2026-08-31 12:15:00,109.76,109.76,109.47,109.47,42448
1788146400,2026-08-31 12:20:00,109.52,109.82,109.48,109.78,34985
1788146700,2026-08-31 12:25:00,109.8,109.85,109.51,109.52,47650
1788147000,2026-08-31 12:30:00,109.53,109.6,109.38,109.48,56904
1788147300,2026-08-31 12:35:00,109.49,109.67,109.44,109.57,28417
1788147600,2026-08-31 12:40:00,109.52,109.63,109.44,109.49,26110
1788147900,2026-08-31 12:45:00,109.51,109.65,109.42,109.58,23050
1788148200,2026-08-31 12:50:00,109.62,109.69,109.58,109.69,39688
1788148500,2026-08-31 12:55:00,109.69,109.82,109.68,109.81,36076
1788148800,2026-08-31 13:00:00,109.82,109.85,109.61,109.72,24433
1788149100,2026-08-31 13:05:00,109.67,109.83,109.63,109.8,23254
1788149400,2026-08-31 13:10:00,109.8,109.83,109.6,109.83,22111
1788149700,2026-08-31 13:15:00,109.83,109.83,109.62,109.83,17943
1788150000,2026-08-31 13:20:00,109.78,109.82,109.53,109.6,21920
1788150300,2026-08-31 13:25:00,109.6,109.71,109.54,109.56,22625
1788150600,2026-08-31 13:30:00,109.56,109.56,109.25,109.34,21582
1788150900,2026-08-31 13:35:00,109.34,110.37,109.32,110.34,94237
1788151200,2026-08-31 13:40:00,110.34,110.4,110.16,110.34,22642
1788151500,2026-08-31 13:45:00,110.31,110.34,110,110.1,29299
1788151800,2026-08-31 13:50:00,110.1,110.76,110.1,110.75,27415
1788152100,2026-08-31 13:55:00,110.73,111.39,110.69,111.25,45356
1788152400,2026-08-31 14:00:00,111.25,111.61,111.05,111.51,48671
1788152700,2026-08-31 14:05:00,111.49,111.83,111.45,111.58,156048
1788153000,2026-08-31 14:10:00,111.57,112.45,111.5,112.34,42998
1788153300,2026-08-31 14:15:00,112.34,113,112.29,112.75,103266
1788153600,2026-08-31 14:20:00,112.77,112.77,112.32,112.61,202990
1788153900,2026-08-31 14:25:00,112.6,113,112.6,112.71,80673
1788154200,2026-08-31 14:30:00,112.73,112.77,112.23,112.37,130911
1788154500,2026-08-31 14:35:00,112.37,112.49,112.19,112.36,21837
1788154800,2026-08-31 14:40:00,112.35,112.76,112.13,112.59,30051
1788155100,2026-08-31 14:45:00,112.58,112.74,112.37,112.38,27662
1788155400,2026-08-31 14:50:00,112.42,112.43,112.24,112.39,28489
1788155700,2026-08-31 14:55:00,112.47,112.98,112.38,112.96,35885
1788156000,2026-08-31 15:00:00,112.96,113.16,112.72,112.98,310913
1788156300,2026-08-31 15:05:00,113,113.86,113,113.69,550461
1788156600,2026-08-31 15:10:00,113.69,114.4,113.69,114.36,254071
1788156900,2026-08-31 15:15:00,114.37,114.84,114.37,114.73,300489
1788157200,2026-08-31 15:20:00,114.69,114.89,114.56,114.74,127182
1788157500,2026-08-31 15:25:00,114.74,114.74,114.43,114.71,94506
1788157800,2026-08-31 15:30:00,114.69,114.73,114.24,114.27,142888
1788158100,2026-08-31 15:35:00,114.28,114.79,114.27,114.77,136411
1788158400,2026-08-31 15:40:00,114.77,114.77,114.46,114.51,35690
1788158700,2026-08-31 15:45:00,114.47,115.26,114.44,114.9,112410
1788159000,2026-08-31 15:50:00,114.9,114.91,114.62,114.84,47011
1788159300,2026-08-31 15:55:00,114.8,115.06,114.74,115.06,50480
1788159600,2026-08-31 16:00:00,115.05,115.26,114.58,114.74,116306
1788159900,2026-08-31 16:05:00,114.68,114.93,114.51,114.66,80629
1788160200,2026-08-31 16:10:00,114.66,114.85,114.47,114.72,103683
1788160500,2026-08-31 16:15:00,114.72,114.72,114.36,114.48,68760
1788160800,2026-08-31 16:20:00,114.51,114.89,114.51,114.85,63913
1788161100,2026-08-31 16:25:00,114.83,114.86,114.53,114.71,36151
1788161400,2026-08-31 16:30:00,114.7,114.93,114.66,114.84,29555
1788161700,2026-08-31 16:35:00,114.83,114.98,114.56,114.56,83256
1788162000,2026-08-31 16:40:00,114.56,114.6,114.41,114.53,37906
1788162300,2026-08-31 16:45:00,114.5,114.52,114.29,114.42,38360
1788162600,2026-08-31 16:50:00,114.41,114.44,114.19,114.39,40034
1788162900,2026-08-31 16:55:00,114.39,114.53,114.24,114.32,44239
1788163200,2026-08-31 17:00:00,114.35,114.78,113.5,113.55,334261
1788163500,2026-08-31 17:05:00,113.56,114.68,113.56,114.67,159159
1788163800,2026-08-31 17:10:00,114.66,114.89,114.21,114.27,108731
1788164100,2026-08-31 17:15:00,114.26,114.31,114.05,114.07,46271
1788164400,2026-08-31 17:20:00,114.03,114.14,113.81,113.88,88973
1788164700,2026-08-31 17:25:00,113.86,114.07,113.86,114.04,34670
1788165000,2026-08-31 17:30:00,114.04,114.07,113.77,113.88,59652
1788165300,2026-08-31 17:35:00,113.87,113.98,113.66,113.73,35739
1788165600,2026-08-31 17:40:00,113.73,113.74,113.25,113.39,100922
1788165900,2026-08-31 17:45:00,113.37,113.65,113.35,113.64,93358
1788166200,2026-08-31 17:50:00,113.63,113.79,113.58,113.6,26933
1788166500,2026-08-31 17:55:00,113.58,113.78,113.5,113.56,30001
1788166800,2026-08-31 18:00:00,113.54,113.58,113.12,113.13,39047
1788167100,2026-08-31 18:05:00,113.12,113.5,112.94,113.45,96347
1788167400,2026-08-31 18:10:00,113.46,114.04,113.34,113.82,64246
1788167700,2026-08-31 18:15:00,113.82,114.09,113.81,114.03,333177
1788168000,2026-08-31 18:20:00,114.03,114.04,113.61,113.74,64230
1788168300,2026-08-31 18:25:00,113.72,113.74,113.47,113.49,291958
1788168600,2026-08-31 18:30:00,113.55,113.56,113.35,113.48,32919
1788168900,2026-08-31 18:35:00,113.46,113.53,113.34,113.35,21366
1788169200,2026-08-31 18:40:00,113.34,113.34,113.01,113.06,44056
1788169500,2026-08-31 18:45:00,113.01,113.07,112.45,112.45,128962
1788169800,2026-08-31 18:50:00,112.46,112.68,112.4,112.64,103719
1788170100,2026-08-31 18:55:00,112.65,112.66,112.5,112.55,41273
1788170400,2026-08-31 19:00:00,112.57,112.57,112.09,112.25,90279
1788170700,2026-08-31 19:05:00,112.26,112.62,112.15,112.17,54244
1788171000,2026-08-31 19:10:00,112.17,112.47,112.17,112.47,41568
1788171300,2026-08-31 19:15:00,112.45,112.51,112.28,112.45,40818
1788171600,2026-08-31 19:20:00,112.45,112.87,112.42,112.84,59273
1788171900,2026-08-31 19:25:00,112.83,112.96,112.62,112.82,29091
1788172200,2026-08-31 19:30:00,112.8,112.81,112.57,112.64,53616
1788172500,2026-08-31 19:35:00,112.64,112.68,112.51,112.66,16314
1788172800,2026-08-31 19:40:00,112.68,112.75,112.64,112.72,23988
1788173100,2026-08-31 19:45:00,112.71,112.86,112.68,112.8,41938
1788173400,2026-08-31 19:50:00,112.78,113.11,112.7,112.9,56734
1788173700,2026-08-31 19:55:00,112.9,113.01,112.72,112.76,17602
1788174000,2026-08-31 20:00:00,112.77,112.77,112.2,112.4,85129
1788174300,2026-08-31 20:05:00,112.4,112.44,112.06,112.29,66119
1788174600,2026-08-31 20:10:00,112.26,112.34,111.92,111.97,40716
1788174900,2026-08-31 20:15:00,111.93,112.44,111.81,112.36,76089
1788175200,2026-08-31 20:20:00,112.36,112.37,112.07,112.32,43545
1788175500,2026-08-31 20:25:00,112.29,112.73,112.28,112.66,47861
1788175800,2026-08-31 20:30:00,112.69,112.77,112.34,112.38,33670
1788176100,2026-08-31 20:35:00,112.42,112.47,112.23,112.29,24548
1788176400,2026-08-31 20:40:00,112.46,112.74,112.24,112.24,30372
1788176700,2026-08-31 20:45:00,112.25,112.35,112.12,112.18,23045
1788177000,2026-08-31 20:50:00,112.18,112.33,112.11,112.22,19025
1788177300,2026-08-31 20:55:00,112.26,112.31,112.08,112.17,27500
1788177600,2026-08-31 21:00:00,112.16,112.59,112.14,112.49,39208
1788177900,2026-08-31 21:05:00,112.5,113.17,112.43,112.74,214195
1788178200,2026-08-31 21:10:00,112.73,112.89,112.47,112.81,81543
1788178500,2026-08-31 21:15:00,112.81,113.51,112.81,113.35,68559
1788178800,2026-08-31 21:20:00,113.35,113.6,112.79,112.86,59914
1788179100,2026-08-31 21:25:00,112.85,112.87,112.18,112.45,172218
1788179400,2026-08-31 21:30:00,112.43,112.51,112.07,112.44,117345
1788179700,2026-08-31 21:35:00,112.41,112.76,112.12,112.2,143491
1788180000,2026-08-31 21:40:00,112.21,112.23,111.75,111.99,158971
1788180300,2026-08-31 21:45:00,111.98,112.1,111.6,111.74,51867
1788180600,2026-08-31 21:50:00,111.76,111.85,111.16,111.16,74034
1788180900,2026-08-31 21:55:00,111.19,111.61,111.11,111.51,72568
1788181200,2026-08-31 22:00:00,111.56,111.93,111.17,111.35,111828
1788181500,2026-08-31 22:05:00,111.34,111.52,111.21,111.28,53414
1788181800,2026-08-31 22:10:00,111.29,111.71,111.29,111.67,118200
1788182100,2026-08-31 22:15:00,111.69,111.91,111.59,111.76,77017
1788182400,2026-08-31 22:20:00,111.76,111.9,111.69,111.72,36110
1788182700,2026-08-31 22:25:00,111.75,112.63,111.72,112.55,334381
1788183000,2026-08-31 22:30:00,112.55,115.11,112.35,114.42,1299948
1788183300,2026-08-31 22:35:00,114.38,114.39,111.73,111.79,1269770
1788183600,2026-08-31 22:40:00,111.78,113.22,111.42,112.58,660590
1788183900,2026-08-31 22:45:00,112.65,114.22,112.28,113.28,911083
1788184200,2026-08-31 22:50:00,113.27,113.85,112.6,113.75,740355
1788184500,2026-08-31 22:55:00,113.71,113.96,113.35,113.65,260252
1788184800,2026-08-31 23:00:00,113.64,114.25,112.82,113.17,598604
1788185100,2026-08-31 23:05:00,113.14,113.5,112.5,112.59,502940
1788185400,2026-08-31 23:10:00,112.58,113.01,112.37,112.87,517833
1788185700,2026-08-31 23:15:00,112.87,113.49,112.62,113.16,288722
1788186000,2026-08-31 23:20:00,113.12,113.42,112.3,112.3,165579
1788186300,2026-08-31 23:25:00,112.29,112.55,112.17,112.33,169044
1788186600,2026-08-31 23:30:00,112.21,112.56,111.93,112.48,148336
1788186900,2026-08-31 23:35:00,112.47,113.16,112.28,112.87,193152
1788187200,2026-08-31 23:40:00,112.85,113.28,112.77,113.14,212813
1788187500,2026-08-31 23:45:00,113.14,113.17,112.2,112.31,132759
1788187800,2026-08-31 23:50:00,112.28,112.55,111.78,112.24,349298
1788188100,2026-08-31 23:55:00,112.24,112.56,111.75,111.9,251218
1788188400,2026-09-01 00:00:00,111.94,112.28,111.32,111.62,427466
1788188700,2026-09-01 00:05:00,111.59,111.89,111.26,111.26,273748
1788189000,2026-09-01 00:10:00,111.25,111.52,110.92,111.47,461756
1788189300,2026-09-01 00:15:00,111.46,111.6,111,111.36,323532
1788189600,2026-09-01 00:20:00,111.38,111.77,111.19,111.74,216518
1788189900,2026-09-01 00:25:00,111.75,112.18,111.58,111.83,243567
1788190200,2026-09-01 00:30:00,111.82,111.95,111.29,111.48,400012
1788190500,2026-09-01 00:35:00,111.49,111.55,111.2,111.45,130694
1788190800,2026-09-01 00:40:00,111.43,111.5,111.12,111.48,396870
1788191100,2026-09-01 00:45:00,111.45,111.61,111.27,111.35,117513
1788191400,2026-09-01 00:50:00,111.33,111.6,111.2,111.21,413109
1788191700,2026-09-01 00:55:00,111.21,111.28,110.88,110.97,244762
1788192000,2026-09-01 01:00:00,110.96,110.99,110.58,110.65,244228
1788192300,2026-09-01 01:05:00,110.66,110.86,110.48,110.56,175969
1788192600,2026-09-01 01:10:00,110.55,111.33,110.55,111.04,119543
1788192900,2026-09-01 01:15:00,111.06,111.21,110.91,111.21,74862
1788193200,2026-09-01 01:20:00,111.22,111.39,111.18,111.27,73223
1788193500,2026-09-01 01:25:00,111.26,111.83,111.26,111.82,53187
1788193800,2026-09-01 01:30:00,111.83,111.92,111.69,111.72,82863
1788194100,2026-09-01 01:35:00,111.74,111.94,111.65,111.65,107704
1788194400,2026-09-01 01:40:00,111.65,112.24,111.59,111.95,294300
1788194700,2026-09-01 01:45:00,112,112.13,111.76,112,89916
1788195000,2026-09-01 01:50:00,112.01,112.28,111.94,112.17,53195
1788195300,2026-09-01 01:55:00,112.18,112.4,112.13,112.37,134053
1788195600,2026-09-01 02:00:00,112.35,112.35,112.07,112.16,26596
1788195900,2026-09-01 02:05:00,112.19,112.31,111.99,112.13,85465
1788196200,2026-09-01 02:10:00,112.12,112.13,111.8,111.85,48547
1788196500,2026-09-01 02:15:00,111.84,112,111.67,111.76,56922
1788196800,2026-09-01 02:20:00,111.69,111.87,111.6,111.76,56427
1788197100,2026-09-01 02:25:00,111.75,111.78,111.46,111.5,53024
1788197400,2026-09-01 02:30:00,111.49,111.69,111.44,111.44,40802
1788197700,2026-09-01 02:35:00,111.46,111.79,111.45,111.79,17843
1788198000,2026-09-01 02:40:00,111.78,112.13,111.74,112.1,36552
1788198300,2026-09-01 02:45:00,112.09,112.18,112,112.02,136153
1788198600,2026-09-01 02:50:00,112.02,112.32,112,112.3,44613
1788198900,2026-09-01 02:55:00,112.29,112.33,111.95,112.06,48979
1788199200,2026-09-01 03:00:00,112.05,112.47,112.05,112.47,70092
1788199500,2026-09-01 03:05:00,112.46,112.73,112.39,112.62,117063
1788199800,2026-09-01 03:10:00,112.6,112.61,112.45,112.46,35415
1788200100,2026-09-01 03:15:00,112.53,112.71,112.48,112.6,20618
1788200400,2026-09-01 03:20:00,112.62,112.84,112.49,112.8,108791
1788200700,2026-09-01 03:25:00,112.81,112.84,112.48,112.48,44814
1788201000,2026-09-01 03:30:00,112.47,112.56,112.3,112.31,24367
1788201300,2026-09-01 03:35:00,112.32,112.41,111.81,111.81,50816
1788201600,2026-09-01 03:40:00,111.81,111.83,111.51,111.73,60211
1788201900,2026-09-01 03:45:00,111.76,111.79,111.4,111.71,29218
1788202200,2026-09-01 03:50:00,111.71,111.8,111.53,111.68,66403
1788202500,2026-09-01 03:55:00,111.67,111.74,111.38,111.38,48748
1788202800,2026-09-01 04:00:00,111.46,111.67,111.4,111.4,53632
1788203100,2026-09-01 04:05:00,111.39,111.51,111.35,111.38,32849
1788203400,2026-09-01 04:10:00,111.45,111.68,111.38,111.64,26959
1788203700,2026-09-01 04:15:00,111.64,111.76,111.5,111.7,31214
1788204000,2026-09-01 04:20:00,111.68,112.1,111.68,112.05,27357
1788204300,2026-09-01 04:25:00,112.05,112.35,111.94,112.02,18470
1788204600,2026-09-01 04:30:00,112.04,112.25,111.89,112.03,53737
1788204900,2026-09-01 04:35:00,112.09,112.33,112.03,112.33,43247
1788205200,2026-09-01 04:40:00,112.33,112.58,112.31,112.54,26060
1788205500,2026-09-01 04:45:00,112.55,112.65,112.23,112.44,31049
1788205800,2026-09-01 04:50:00,112.44,113.03,112.44,112.76,70358
1788206100,2026-09-01 04:55:00,112.76,113.24,112.55,112.91,113721
1788206400,2026-09-01 05:00:00,112.89,113,112.66,112.95,72823
1788206700,2026-09-01 05:05:00,112.95,113.07,112.82,112.94,36907
1788207000,2026-09-01 05:10:00,112.94,112.97,112.82,112.92,25511
1788207300,2026-09-01 05:15:00,112.92,112.97,112.86,112.89,31161
1788207600,2026-09-01 05:20:00,112.88,112.92,112.71,112.78,8994
1788207900,2026-09-01 05:25:00,112.78,112.89,112.74,112.75,14042
1788208200,2026-09-01 05:30:00,112.74,112.83,112.7,112.81,17513
1788208500,2026-09-01 05:35:00,112.81,112.86,112.75,112.83,13608
1788208800,2026-09-01 05:40:00,112.82,112.85,112.76,112.83,13801
1788209100,2026-09-01 05:45:00,112.85,112.86,112.81,112.85,17099
1788209400,2026-09-01 05:50:00,112.85,112.98,112.84,112.96,14343
1788209700,2026-09-01 05:55:00,112.97,113,112.92,113,28965
1788210000,2026-09-01 06:00:00,113,113,112.79,112.79,19918
1788210300,2026-09-01 06:05:00,112.8,112.84,112.75,112.81,42969
1788210600,2026-09-01 06:10:00,112.81,112.88,112.7,112.7,22879
1788210900,2026-09-01 06:15:00,112.71,112.81,112.69,112.78,20394
1788211200,2026-09-01 06:20:00,112.78,112.78,112.71,112.78,23424
1788211500,2026-09-01 06:25:00,112.8,112.85,112.78,112.81,10358
1788211800,2026-09-01 06:30:00,112.81,112.85,112.78,112.84,4974
1788212100,2026-09-01 06:35:00,112.84,112.86,112.82,112.84,5791
1788212400,2026-09-01 06:40:00,112.85,112.9,112.77,112.88,29676
1788212700,2026-09-01 06:45:00,112.89,113.01,112.88,112.96,70843
1788213000,2026-09-01 06:50:00,112.96,113.05,112.88,113.05,93418
1788213300,2026-09-01 06:55:00,113.06,113.06,112.99,113.04,16632
1788213600,2026-09-01 07:00:00,113,113.05,112.92,113.01,34491
1788213900,2026-09-01 07:05:00,113.02,113.05,112.9,112.95,35410
1788214200,2026-09-01 07:10:00,112.94,112.97,112.84,112.9,17725
1788214500,2026-09-01 07:15:00,112.89,112.92,112.8,112.86,36971
1788214800,2026-09-01 07:20:00,112.86,112.93,112.85,112.92,53835
1788215100,2026-09-01 07:25:00,112.93,112.94,112.84,112.86,31933
1788215400,2026-09-01 07:30:00,112.86,112.87,112.79,112.87,22881
1788215700,2026-09-01 07:35:00,112.89,112.92,112.83,112.9,10793
1788216000,2026-09-01 07:40:00,112.9,112.9,112.85,112.87,5002
1788216300,2026-09-01 07:45:00,112.87,112.89,112.66,112.66,58029
1788216600,2026-09-01 07:50:00,112.68,112.74,112.61,112.71,16506
1788216900,2026-09-01 07:55:00,112.71,112.8,112.71,112.73,8753
1788217200,2026-09-01 08:00:00,112.73,112.74,112.55,112.61,92904
1788217500,2026-09-01 08:05:00,112.63,112.73,112.63,112.71,17958
1788217800,2026-09-01 08:10:00,112.71,112.79,112.67,112.77,14456
1788218100,2026-09-01 08:15:00,112.77,112.78,112.67,112.7,12521
1788218400,2026-09-01 08:20:00,112.69,112.7,112.63,112.69,10400
1788218700,2026-09-01 08:25:00,112.7,112.8,112.67,112.75,25042
1788219000,2026-09-01 08:30:00,112.74,112.95,112.72,112.93,21846
1788219300,2026-09-01 08:35:00,112.93,112.96,112.82,112.88,16887
1788219600,2026-09-01 08:40:00,112.88,112.94,112.85,112.89,23114
1788219900,2026-09-01 08:45:00,112.91,112.92,112.81,112.84,12879
1788220200,2026-09-01 08:50:00,112.85,112.93,112.81,112.82,9129
1788220500,2026-09-01 08:55:00,112.8,113.05,112.77,113.02,9335
1788220800,2026-09-01 09:00:00,113.01,113.04,112.53,112.66,30987
1788221100,2026-09-01 09:05:00,112.69,112.84,112.47,112.71,32680
1788221400,2026-09-01 09:10:00,112.69,112.69,112.27,112.27,31894
1788221700,2026-09-01 09:15:00,112.26,112.57,112.12,112.54,35950
1788222000,2026-09-01 09:20:00,112.57,112.73,112.53,112.63,136557
1788222300,2026-09-01 09:25:00,112.64,112.71,112.45,112.55,24643
1788222600,2026-09-01 09:30:00,112.53,112.81,112.31,112.44,21149
1788222900,2026-09-01 09:35:00,112.43,112.46,112.35,112.41,25120
1788223200,2026-09-01 09:40:00,112.41,112.73,112.36,112.65,20241
1788223500,2026-09-01 09:45:00,112.66,112.72,112.52,112.65,35545
1788223800,2026-09-01 09:50:00,112.66,112.69,112.55,112.59,14239
1788224100,2026-09-01 09:55:00,112.63,112.78,112.48,112.78,30489
1788224400,2026-09-01 10:00:00,112.77,113,112.76,112.95,42871
1788224700,2026-09-01 10:05:00,112.96,113.07,112.82,112.9,36706
1788225000,2026-09-01 10:10:00,112.88,113.08,112.88,112.98,23284
1788225300,2026-09-01 10:15:00,112.99,113.32,112.94,113.3,22181
1788225600,2026-09-01 10:20:00,113.32,113.4,113.15,113.15,28331
1788225900,2026-09-01 10:25:00,113.12,113.15,112.74,112.82,43620
1788226200,2026-09-01 10:30:00,112.82,112.92,112.68,112.92,23947
1788226500,2026-09-01 10:35:00,112.93,113.22,112.92,113.16,16939
1788226800,2026-09-01 10:40:00,113.13,113.3,113.11,113.29,14748
1788227100,2026-09-01 10:45:00,113.3,113.35,113.18,113.19,37628
1788227400,2026-09-01 10:50:00,113.22,113.22,112.83,112.83,18272
1788227700,2026-09-01 10:55:00,112.85,112.97,112.79,112.9,19713
1788228000,2026-09-01 11:00:00,112.88,113.07,112.84,112.99,27459
1788228300,2026-09-01 11:05:00,112.97,113.02,112.76,112.8,32135
1788228600,2026-09-01 11:10:00,112.77,112.88,112.76,112.85,16537
1788228900,2026-09-01 11:15:00,112.84,112.92,112.82,112.89,20644
1788229200,2026-09-01 11:20:00,112.88,112.94,112.71,112.75,27402
1788229500,2026-09-01 11:25:00,112.74,112.76,112.27,112.29,34249
1788229800,2026-09-01 11:30:00,112.32,112.43,112.22,112.23,41616
1788230100,2026-09-01 11:35:00,112.23,112.23,111.7,111.73,47534
1788230400,2026-09-01 11:40:00,111.73,111.83,111.69,111.76,61282
1788230700,2026-09-01 11:45:00,111.78,112.06,111.72,111.93,48907
1788231000,2026-09-01 11:50:00,111.96,112.09,111.93,112.03,20680
1788231300,2026-09-01 11:55:00,112,112.44,112,112.4,34759
1788231600,2026-09-01 12:00:00,112.42,112.44,112.12,112.14,26815
1788231900,2026-09-01 12:05:00,112.14,112.23,112.08,112.17,51895
1788232200,2026-09-01 12:10:00,112.16,112.25,112.12,112.18,20085
1788232500,2026-09-01 12:15:00,112.18,112.3,112.15,112.21,13832
1788232800,2026-09-01 12:20:00,112.22,112.24,112.15,112.18,7315
1788233100,2026-09-01 12:25:00,112.2,112.36,112.09,112.28,4811
1788233400,2026-09-01 12:30:00,112.31,112.5,112.23,112.46,5338
1788233700,2026-09-01 12:35:00,112.5,112.75,112.43,112.69,19415
1788234000,2026-09-01 12:40:00,112.76,112.79,112.7,112.74,8203
1788234300,2026-09-01 12:45:00,112.72,112.9,112.72,112.88,32867
1788234600,2026-09-01 12:50:00,112.86,112.9,112.81,112.84,14840
1788234900,2026-09-01 12:55:00,112.82,112.95,112.82,112.95,17411
1788235200,2026-09-01 13:00:00,112.95,113.24,112.94,113.1,85412
1788235500,2026-09-01 13:05:00,113.11,113.18,112.94,112.97,22265
1788235800,2026-09-01 13:10:00,113,113.18,112.97,113.18,13153
1788236100,2026-09-01 13:15:00,113.17,113.23,113.06,113.17,16774
1788236400,2026-09-01 13:20:00,113.17,113.42,113.17,113.4,26689
1788236700,2026-09-01 13:25:00,113.38,113.52,113.31,113.39,34507
1788237000,2026-09-01 13:30:00,113.39,113.5,113.3,113.36,16019
1788237300,2026-09-01 13:35:00,113.36,113.45,113.3,113.3,10624
1788237600,2026-09-01 13:40:00,113.35,113.35,113.08,113.08,13517
1788237900,2026-09-01 13:45:00,113.09,113.38,113.04,113.32,31296
1788238200,2026-09-01 13:50:00,113.32,113.36,113.04,113.11,38804
1788238500,2026-09-01 13:55:00,113.12,113.12,112.96,112.97,15646
1788238800,2026-09-01 14:00:00,112.97,113,112.85,112.99,49998
1788239100,2026-09-01 14:05:00,112.98,113.13,112.95,112.99,49735
1788239400,2026-09-01 14:10:00,112.99,113.03,112.79,112.8,195300
1788239700,2026-09-01 14:15:00,112.79,112.85,112.67,112.69,31392
1788240000,2026-09-01 14:20:00,112.7,112.92,112.65,112.9,28295
1788240300,2026-09-01 14:25:00,112.92,113.19,112.9,113.14,21962
1788240600,2026-09-01 14:30:00,113.13,113.48,113.11,113.48,71619
1788240900,2026-09-01 14:35:00,113.48,113.95,113.45,113.94,44966
1788241200,2026-09-01 14:40:00,113.95,114.29,113.93,114.27,44397
1788241500,2026-09-01 14:45:00,114.27,114.47,114.27,114.34,41545
1788241800,2026-09-01 14:50:00,114.32,114.34,114.15,114.34,46024
1788242100,2026-09-01 14:55:00,114.34,114.84,114.34,114.63,100611
1788242400,2026-09-01 15:00:00,114.64,114.8,114.46,114.49,40072
1788242700,2026-09-01 15:05:00,114.52,114.63,114.42,114.51,59031
1788243000,2026-09-01 15:10:00,114.51,114.58,114.46,114.57,27506
1788243300,2026-09-01 15:15:00,114.57,114.71,114.47,114.6,21812
1788243600,2026-09-01 15:20:00,114.57,114.67,114.48,114.51,10291
1788243900,2026-09-01 15:25:00,114.5,114.53,114.31,114.32,36740
1788244200,2026-09-01 15:30:00,114.33,114.5,114.28,114.3,46334
1788244500,2026-09-01 15:35:00,114.3,114.45,114.18,114.45,29018
1788244800,2026-09-01 15:40:00,114.43,114.66,114.39,114.45,23287
1788245100,2026-09-01 15:45:00,114.45,114.52,114.2,114.25,29616
1788245400,2026-09-01 15:50:00,114.25,114.26,114.1,114.2,26180
1788245700,2026-09-01 15:55:00,114.2,114.22,113.98,114.01,35406
1788246000,2026-09-01 16:00:00,114,114.44,114,114.37,18986
1788246300,2026-09-01 16:05:00,114.4,114.48,114.3,114.31,39041
1788246600,2026-09-01 16:10:00,114.31,114.44,114.08,114.44,28749
1788246900,2026-09-01 16:15:00,114.45,114.47,114.23,114.3,12880
1788247200,2026-09-01 16:20:00,114.31,114.41,114.18,114.3,11481
1788247500,2026-09-01 16:25:00,114.26,114.49,114.26,114.46,38731
1788247800,2026-09-01 16:30:00,114.46,114.46,114.08,114.08,20657
1788248100,2026-09-01 16:35:00,114.09,114.09,113.28,113.28,53186
1788248400,2026-09-01 16:40:00,113.26,113.28,113.05,113.08,93503
1788248700,2026-09-01 16:45:00,113.05,113.05,112.29,112.92,142481
1788249000,2026-09-01 16:50:00,112.89,113,112.7,112.7,39392
1788249300,2026-09-01 16:55:00,112.66,112.67,112.31,112.31,59358
1788249600,2026-09-01 17:00:00,112.3,112.81,111.9,112.39,271166
1788249900,2026-09-01 17:05:00,112.38,112.75,110.27,110.35,590350
1788250200,2026-09-01 17:10:00,110.35,111.13,110.26,110.85,201341
1788250500,2026-09-01 17:15:00,110.9,111,110.2,110.64,134009
1788250800,2026-09-01 17:20:00,110.67,110.78,109.85,110.25,172862
1788251100,2026-09-01 17:25:00,110.24,110.48,109.44,109.71,358715
1788251400,2026-09-01 17:30:00,109.71,110.28,109.61,110.23,102258
1788251700,2026-09-01 17:35:00,110.23,110.26,109.22,109.36,110062
1788252000,2026-09-01 17:40:00,109.36,109.65,109.05,109.28,115942
1788252300,2026-09-01 17:45:00,109.29,109.51,108.88,109.1,115756
1788252600,2026-09-01 17:50:00,109.19,109.48,108.99,109.39,247687
1788252900,2026-09-01 17:55:00,109.38,109.64,108.7,108.73,428609
1788253200,2026-09-01 18:00:00,108.73,108.91,108.06,108.31,327352
1788253500,2026-09-01 18:05:00,108.3,108.56,108.04,108.34,284143
1788253800,2026-09-01 18:10:00,108.36,108.59,108.2,108.23,130996
1788254100,2026-09-01 18:15:00,108.2,108.41,108.03,108.07,176278
1788254400,2026-09-01 18:20:00,108.07,108.16,107.67,107.93,357501
1788254700,2026-09-01 18:25:00,107.96,108.02,107.72,107.79,117804
1788255000,2026-09-01 18:30:00,107.82,108.1,107.78,108.08,194638
1788255300,2026-09-01 18:35:00,108.05,108.12,107.81,107.92,83830
1788255600,2026-09-01 18:40:00,107.89,108.92,107.85,108.71,189689
1788255900,2026-09-01 18:45:00,108.75,109.2,108.7,108.91,189229
1788256200,2026-09-01 18:50:00,108.88,109,108.76,108.98,94542
1788256500,2026-09-01 18:55:00,109,109.04,108.75,108.75,77000
1788256800,2026-09-01 19:00:00,108.77,109.01,108.45,108.58,63187
1788257100,2026-09-01 19:05:00,108.64,108.81,108.37,108.39,58123
1788257400,2026-09-01 19:10:00,108.39,108.74,108.35,108.62,89537
1788257700,2026-09-01 19:15:00,108.63,108.75,108.47,108.57,74822
1788258000,2026-09-01 19:20:00,108.6,109.02,108.5,108.9,32194
1788258300,2026-09-01 19:25:00,108.94,108.97,108.69,108.73,107676
1788258600,2026-09-01 19:30:00,108.75,109.1,108.75,109.1,55347
1788258900,2026-09-01 19:35:00,109.1,109.14,108.94,109.07,63843
1788259200,2026-09-01 19:40:00,109.07,109.07,108.7,108.7,63306
1788259500,2026-09-01 19:45:00,108.69,108.86,108.53,108.54,84945
1788259800,2026-09-01 19:50:00,108.54,108.59,108.13,108.42,89904
1788260100,2026-09-01 19:55:00,108.42,108.54,108.32,108.43,50509
1788260400,2026-09-01 20:00:00,108.42,108.45,107.79,108.11,199360
1788260700,2026-09-01 20:05:00,108.05,108.05,107.22,107.67,197021
1788261000,2026-09-01 20:10:00,107.66,107.75,107.51,107.59,119496
1788261300,2026-09-01 20:15:00,107.65,107.86,107.61,107.68,124220
1788261600,2026-09-01 20:20:00,107.68,107.86,107.49,107.59,104005
1788261900,2026-09-01 20:25:00,107.57,107.93,107.55,107.87,161615
1788262200,2026-09-01 20:30:00,107.87,108.2,107.84,108.04,116861
1788262500,2026-09-01 20:35:00,108.01,108.4,107.95,108.32,66944
1788262800,2026-09-01 20:40:00,108.34,108.46,108.23,108.24,45097
1788263100,2026-09-01 20:45:00,108.23,108.27,107.58,107.68,103940
1788263400,2026-09-01 20:50:00,107.65,107.97,107.62,107.63,74177
1788263700,2026-09-01 20:55:00,107.63,107.63,106.85,107.02,385707
1788264000,2026-09-01 21:00:00,107.02,107.02,106.4,106.81,439194
1788264300,2026-09-01 21:05:00,106.81,106.92,106.44,106.69,179029
1788264600,2026-09-01 21:10:00,106.71,106.99,106.6,106.85,130938
1788264900,2026-09-01 21:15:00,106.87,107.06,106.44,106.44,100185
1788265200,2026-09-01 21:20:00,106.44,106.72,106.21,106.6,141273
1788265500,2026-09-01 21:25:00,106.61,106.85,106.5,106.77,137684
1788265800,2026-09-01 21:30:00,106.73,106.84,106.34,106.55,89184
1788266100,2026-09-01 21:35:00,106.44,106.61,106.01,106.31,413224
1788266400,2026-09-01 21:40:00,106.31,106.41,105.98,106.04,456279
1788266700,2026-09-01 21:45:00,106.04,106.53,105.99,106.08,215900
1788267000,2026-09-01 21:50:00,106.07,106.38,106.03,106.38,234298
1788267300,2026-09-01 21:55:00,106.38,106.38,106.19,106.31,108034
1788267600,2026-09-01 22:00:00,106.29,106.29,105.59,105.72,590207
1788267900,2026-09-01 22:05:00,105.75,105.96,105.58,105.76,256695
1788268200,2026-09-01 22:10:00,105.75,105.89,105.46,105.49,125006
1788268500,2026-09-01 22:15:00,105.49,105.62,105.32,105.62,214761
1788268800,2026-09-01 22:20:00,105.62,106.24,105.62,106.17,155208
1788269100,2026-09-01 22:25:00,106.15,106.62,105.83,106.33,254123
1788269400,2026-09-01 22:30:00,106.39,106.64,105.3,105.58,801599
1788269700,2026-09-01 22:35:00,105.56,106.09,103.48,104.19,2457460
1788270000,2026-09-01 22:40:00,104.15,104.4,102.48,103.41,1855373
1788270300,2026-09-01 22:45:00,103.43,104.26,103.13,104.18,1177280
1788270600,2026-09-01 22:50:00,104.22,104.52,103.73,104.37,483831
1788270900,2026-09-01 22:55:00,104.43,104.54,103.59,103.65,155590
1788271200,2026-09-01 23:00:00,103.66,104.12,103.05,103.29,509434
1788271500,2026-09-01 23:05:00,103.31,104.1,103.28,103.88,397145
1788271800,2026-09-01 23:10:00,103.85,103.92,102.64,102.85,461839
1788272100,2026-09-01 23:15:00,102.85,103.55,102.66,102.78,390936
1788272400,2026-09-01 23:20:00,102.85,103.28,102.77,102.84,316323
1788272700,2026-09-01 23:25:00,102.85,103.34,102.68,102.77,279629
1788273000,2026-09-01 23:30:00,102.74,103.89,102.74,103.84,205009
1788273300,2026-09-01 23:35:00,103.85,104.12,103.62,103.92,285787
1788273600,2026-09-01 23:40:00,103.91,104.91,103.78,104.89,362200
1788273900,2026-09-01 23:45:00,104.89,105.71,104.75,105.3,751942
1788274200,2026-09-01 23:50:00,105.28,105.58,105.08,105.1,300600
1788274500,2026-09-01 23:55:00,105.14,105.92,105.06,105.9,215917
1788274800,2026-09-02 00:00:00,105.93,106.69,105.91,106.42,330994
1788275100,2026-09-02 00:05:00,106.36,106.4,105.7,105.83,222195
1788275400,2026-09-02 00:10:00,105.84,106.01,105.54,105.54,123423
1788275700,2026-09-02 00:15:00,105.54,105.7,105.28,105.51,118125
1788276000,2026-09-02 00:20:00,105.52,106.22,105.41,106.19,121585
1788276300,2026-09-02 00:25:00,106.19,106.64,106.08,106.64,89838
1788276600,2026-09-02 00:30:00,106.63,106.91,106.41,106.61,137206
1788276900,2026-09-02 00:35:00,106.62,107.25,106.5,107.22,266805
1788277200,2026-09-02 00:40:00,107.2,107.94,107.17,107.93,385225
1788277500,2026-09-02 00:45:00,107.92,108.64,107.92,108.17,382836
1788277800,2026-09-02 00:50:00,108.2,108.32,107.78,108.01,180689
1788278100,2026-09-02 00:55:00,108.03,108.07,107.44,107.66,538279
1788278400,2026-09-02 01:00:00,107.67,107.74,107.34,107.39,240118
1788278700,2026-09-02 01:05:00,107.36,107.4,106.89,107.29,348991
1788279000,2026-09-02 01:10:00,107.29,107.53,107.03,107.24,134564
1788279300,2026-09-02 01:15:00,107.18,107.32,106.74,106.74,93827
1788279600,2026-09-02 01:20:00,106.75,106.76,106.12,106.15,182120
1788279900,2026-09-02 01:25:00,106.13,106.26,105.4,105.63,419418
1788280200,2026-09-02 01:30:00,105.63,105.75,104.61,104.69,359217
1788280500,2026-09-02 01:35:00,104.68,105.45,104.67,105.45,341893
1788280800,2026-09-02 01:40:00,105.46,105.75,105.16,105.31,221222
1788281100,2026-09-02 01:45:00,105.29,105.94,105.25,105.9,105511
1788281400,2026-09-02 01:50:00,105.89,106.17,105.8,106.1,82769
1788281700,2026-09-02 01:55:00,106.12,106.62,106.12,106.44,68841
1788282000,2026-09-02 02:00:00,106.43,106.49,105.61,105.61,127190
1788282300,2026-09-02 02:05:00,105.61,105.87,105.39,105.44,105900
1788282600,2026-09-02 02:10:00,105.47,105.55,105.14,105.39,89556
1788282900,2026-09-02 02:15:00,105.37,105.48,104.84,104.92,74172
1788283200,2026-09-02 02:20:00,104.9,105.1,104.83,105.06,61049
1788283500,2026-09-02 02:25:00,105.1,105.31,104.5,105.3,189426
1788283800,2026-09-02 02:30:00,105.26,105.52,105.08,105.24,60151
1788284100,2026-09-02 02:35:00,105.22,105.37,104.87,104.87,40618
1788284400,2026-09-02 02:40:00,104.88,105.16,104.88,104.98,51713
1788284700,2026-09-02 02:45:00,104.97,105.15,104.54,104.65,123074
1788285000,2026-09-02 02:50:00,104.63,105.02,104.58,104.66,139678
1788285300,2026-09-02 02:55:00,104.68,104.81,104.52,104.72,84709
1788285600,2026-09-02 03:00:00,104.72,104.88,104.3,104.38,69559
1788285900,2026-09-02 03:05:00,104.37,104.61,104.25,104.52,59273
1788286200,2026-09-02 03:10:00,104.52,104.61,103.97,104.06,60510
1788286500,2026-09-02 03:15:00,104.05,104.38,103.82,104.32,97677
1788286800,2026-09-02 03:20:00,104.3,104.38,104.13,104.35,29300
1788287100,2026-09-02 03:25:00,104.33,104.45,103.75,104.09,82601
1788287400,2026-09-02 03:30:00,104.09,104.32,103.9,103.96,48695
1788287700,2026-09-02 03:35:00,103.95,104.15,103.79,103.91,96472
1788288000,2026-09-02 03:40:00,103.9,103.95,103.14,103.17,112759
1788288300,2026-09-02 03:45:00,103.17,103.68,102.82,103.61,362712
1788288600,2026-09-02 03:50:00,103.61,103.86,103.43,103.83,147362
1788288900,2026-09-02 03:55:00,103.8,104.33,103.76,104.3,69230
1788289200,2026-09-02 04:00:00,104.31,105,104.29,104.97,105100
1788289500,2026-09-02 04:05:00,105,105.3,104.8,105.25,251526
1788289800,2026-09-02 04:10:00,105.25,105.68,105.1,105.58,123031
1788290100,2026-09-02 04:15:00,105.64,105.73,105.33,105.5,246977
1788290400,2026-09-02 04:20:00,105.5,105.79,105.15,105.78,192164
1788290700,2026-09-02 04:25:00,105.8,106.13,105.73,106.13,215991
1788291000,2026-09-02 04:30:00,106.12,106.28,105.37,105.8,128123
1788291300,2026-09-02 04:35:00,105.78,105.87,105.28,105.34,122911
1788291600,2026-09-02 04:40:00,105.32,105.84,105.25,105.8,71353
1788291900,2026-09-02 04:45:00,105.78,106.15,105.53,105.97,115037
1788292200,2026-09-02 04:50:00,105.95,105.95,104.9,105.17,99260
1788292500,2026-09-02 04:55:00,105.18,106.05,105.18,105.85,192583
1788292800,2026-09-02 05:00:00,105.85,106.05,105.65,105.75,112167
1788293100,2026-09-02 05:05:00,105.77,105.78,105.3,105.52,59676
1788293400,2026-09-02 05:10:00,105.53,105.68,105.48,105.62,27481
1788293700,2026-09-02 05:15:00,105.66,105.87,105.64,105.8,67835
1788294000,2026-09-02 05:20:00,105.82,106.1,105.74,105.89,31476
1788294300,2026-09-02 05:25:00,105.9,106.11,105.87,105.92,22003
1788294600,2026-09-02 05:30:00,105.9,106.05,105.9,105.97,44761
1788294900,2026-09-02 05:35:00,105.99,106.03,105.96,106.01,34216
1788295200,2026-09-02 05:40:00,106.02,106.04,105.82,105.91,26364
1788295500,2026-09-02 05:45:00,105.9,105.91,105.68,105.79,26898
1788295800,2026-09-02 05:50:00,105.81,105.88,105.72,105.72,42194
1788296100,2026-09-02 05:55:00,105.75,105.76,105.58,105.66,35909
1788296400,2026-09-02 06:00:00,105.65,105.66,105.56,105.56,22081
1788296700,2026-09-02 06:05:00,105.56,105.68,105.49,105.67,21581
1788297000,2026-09-02 06:10:00,105.67,105.67,105.39,105.59,66900
1788297300,2026-09-02 06:15:00,105.61,105.62,105.31,105.36,36991
1788297600,2026-09-02 06:20:00,105.37,105.45,105.3,105.44,26566
1788297900,2026-09-02 06:25:00,105.44,105.5,105.38,105.45,21424
1788298200,2026-09-02 06:30:00,105.45,105.47,105.28,105.29,11252
1788298500,2026-09-02 06:35:00,105.29,105.29,105.17,105.19,7179
1788298800,2026-09-02 06:40:00,105.15,105.19,104.92,105.13,36450
1788299100,2026-09-02 06:45:00,105.14,105.22,105.13,105.17,24348
1788299400,2026-09-02 06:50:00,105.17,105.2,105.11,105.11,7423
1788299700,2026-09-02 06:55:00,105.18,105.18,104.95,104.99,19129
1788300000,2026-09-02 07:00:00,105.01,105.12,104.69,104.8,52390
1788300300,2026-09-02 07:05:00,104.77,104.81,104.62,104.63,58269
1788300600,2026-09-02 07:10:00,104.63,104.64,104.46,104.48,14883
1788300900,2026-09-02 07:15:00,104.52,104.59,104.48,104.54,49345
1788301200,2026-09-02 07:20:00,104.54,104.6,104.4,104.6,12765
1788301500,2026-09-02 07:25:00,104.58,104.9,104.51,104.9,33185
1788301800,2026-09-02 07:30:00,104.9,104.99,104.8,104.89,22221
1788302100,2026-09-02 07:35:00,104.87,104.9,104.78,104.79,30757
1788302400,2026-09-02 07:40:00,104.77,104.87,104.74,104.87,47766
1788302700,2026-09-02 07:45:00,104.88,105.16,104.86,105.13,41144
1788303000,2026-09-02 07:50:00,105.14,105.2,104.93,104.96,44842
1788303300,2026-09-02 07:55:00,104.97,105.04,104.87,104.95,45355
1788303600,2026-09-02 08:00:00,104.92,105.05,104.87,105.01,34967
1788303900,2026-09-02 08:05:00,105,105.1,105,105.08,27987
1788304200,2026-09-02 08:10:00,105.08,105.08,104.95,104.95,26022
1788304500,2026-09-02 08:15:00,104.95,104.97,104.69,104.72,18068
1788304800,2026-09-02 08:20:00,104.71,104.81,104.54,104.75,49867
1788305100,2026-09-02 08:25:00,104.74,104.92,104.7,104.84,47544
1788305400,2026-09-02 08:30:00,104.85,105,104.77,104.93,46483
1788305700,2026-09-02 08:35:00,104.93,105.09,104.92,104.95,31195
1788306000,2026-09-02 08:40:00,104.96,105.07,104.84,105.04,30823
1788306300,2026-09-02 08:45:00,105.03,105.11,104.95,105.07,67070
1788306600,2026-09-02 08:50:00,105.09,105.13,105,105.09,36399
1788306900,2026-09-02 08:55:00,105.07,105.13,104.98,105,44926
1788307200,2026-09-02 09:00:00,105,105.42,104.91,105.23,57437
1788307500,2026-09-02 09:05:00,105.24,105.29,104.79,105.22,85037
1788307800,2026-09-02 09:10:00,105.16,105.35,105.08,105.35,40355
1788308100,2026-09-02 09:15:00,105.32,105.76,105.32,105.45,90523
1788308400,2026-09-02 09:20:00,105.41,106.07,105.3,105.8,52521
1788308700,2026-09-02 09:25:00,105.82,105.96,105.24,105.3,50724
1788309000,2026-09-02 09:30:00,105.3,105.72,105.22,105.35,62253
1788309300,2026-09-02 09:35:00,105.35,105.69,105.35,105.51,33997
1788309600,2026-09-02 09:40:00,105.52,105.54,105.16,105.42,83603
1788309900,2026-09-02 09:45:00,105.36,105.52,105.2,105.27,76922
1788310200,2026-09-02 09:50:00,105.27,105.28,104.9,104.9,51345
1788310500,2026-09-02 09:55:00,104.92,105.2,104.89,104.9,29011
1788310800,2026-09-02 10:00:00,104.88,105.39,104.81,105.35,61879
1788311100,2026-09-02 10:05:00,105.35,105.4,105.01,105.05,50389
1788311400,2026-09-02 10:10:00,105.06,105.09,104.88,104.92,34013
1788311700,2026-09-02 10:15:00,104.9,105.18,104.88,104.92,39162
1788312000,2026-09-02 10:20:00,104.93,105.14,104.81,105.14,24156
1788312300,2026-09-02 10:25:00,105.16,105.29,104.98,105.07,33583
1788312600,2026-09-02 10:30:00,105.09,105.12,104.9,105.09,23755
1788312900,2026-09-02 10:35:00,105.1,105.1,104.3,104.34,62987
1788313200,2026-09-02 10:40:00,104.34,104.4,104.09,104.11,50314
1788313500,2026-09-02 10:45:00,104.13,104.19,103.64,103.71,54311
1788313800,2026-09-02 10:50:00,103.67,104.07,103.43,103.94,112782
1788314100,2026-09-02 10:55:00,103.94,104.15,103.83,103.96,68950
1788314400,2026-09-02 11:00:00,103.98,104.1,103.64,103.69,30726
1788314700,2026-09-02 11:05:00,103.69,103.78,103.27,103.27,131234
1788315000,2026-09-02 11:10:00,103.27,103.72,103.25,103.69,39296
1788315300,2026-09-02 11:15:00,103.7,104.43,103.7,104.4,139679
1788315600,2026-09-02 11:20:00,104.41,104.62,104.12,104.39,159284
1788315900,2026-09-02 11:25:00,104.39,104.42,104.12,104.12,28885
1788316200,2026-09-02 11:30:00,104.14,104.14,103.82,103.95,19596
1788316500,2026-09-02 11:35:00,103.95,104.06,103.77,103.9,12128
1788316800,2026-09-02 11:40:00,103.9,104.21,103.89,104.2,17619
1788317100,2026-09-02 11:45:00,104.2,104.33,104.12,104.3,29100
1788317400,2026-09-02 11:50:00,104.29,104.31,103.86,104.05,21284
1788317700,2026-09-02 11:55:00,104.01,104.06,103.77,103.95,38594
1788318000,2026-09-02 12:00:00,103.95,104.04,103.82,103.9,27469
1788318300,2026-09-02 12:05:00,103.9,103.91,103.56,103.91,43906
1788318600,2026-09-02 12:10:00,103.91,104.06,103.85,103.93,26075
1788318900,2026-09-02 12:15:00,103.9,103.93,103.75,103.9,17878
1788319200,2026-09-02 12:20:00,103.91,104,103.74,103.78,30909
1788319500,2026-09-02 12:25:00,103.78,103.83,103.74,103.76,48611
1788319800,2026-09-02 12:30:00,103.76,103.76,103.44,103.54,116307
1788320100,2026-09-02 12:35:00,103.49,103.76,103.47,103.73,26787
1788320400,2026-09-02 12:40:00,103.72,103.72,103.49,103.56,18793
1788320700,2026-09-02 12:45:00,103.56,103.72,103.54,103.6,38919
1788321000,2026-09-02 12:50:00,103.59,103.59,103.37,103.56,36623
1788321300,2026-09-02 12:55:00,103.58,103.58,103.37,103.39,22704
1788321600,2026-09-02 13:00:00,103.41,103.48,103.26,103.26,98958
1788321900,2026-09-02 13:05:00,103.27,103.33,103.16,103.23,67783
1788322200,2026-09-02 13:10:00,103.2,103.26,103.1,103.19,74108
1788322500,2026-09-02 13:15:00,103.2,103.7,103.17,103.7,112764
1788322800,2026-09-02 13:20:00,103.66,103.73,103.42,103.44,33052
1788323100,2026-09-02 13:25:00,103.47,103.53,103.4,103.42,18517
1788323400,2026-09-02 13:30:00,103.44,103.74,103.39,103.59,15934
1788323700,2026-09-02 13:35:00,103.58,103.62,103.45,103.49,28532
1788324000,2026-09-02 13:40:00,103.5,103.76,103.49,103.63,16510
1788324300,2026-09-02 13:45:00,103.64,103.83,103.63,103.66,65205
1788324600,2026-09-02 13:50:00,103.67,103.71,103.52,103.52,22403
1788324900,2026-09-02 13:55:00,103.53,103.63,103.45,103.59,26186
1788325200,2026-09-02 14:00:00,103.59,103.68,103.23,103.25,24434
1788325500,2026-09-02 14:05:00,103.24,103.4,103.14,103.17,22441
1788325800,2026-09-02 14:10:00,103.19,103.75,103.19,103.68,26713
1788326100,2026-09-02 14:15:00,103.68,104.14,103.64,103.99,35280
1788326400,2026-09-02 14:20:00,104.01,104.11,103.82,104.11,81335
1788326700,2026-09-02 14:25:00,104.12,104.34,104.08,104.32,44913
1788327000,2026-09-02 14:30:00,104.34,104.58,104.15,104.22,185891
1788327300,2026-09-02 14:35:00,104.18,104.25,103.82,103.93,52088
1788327600,2026-09-02 14:40:00,103.95,104.38,103.92,104.35,27720
1788327900,2026-09-02 14:45:00,104.33,104.46,104.33,104.37,27158
1788328200,2026-09-02 14:50:00,104.38,104.41,103.87,103.87,28063
1788328500,2026-09-02 14:55:00,103.87,103.98,103.77,103.81,33275
1788328800,2026-09-02 15:00:00,103.81,103.98,103.65,103.65,48090
1788329100,2026-09-02 15:05:00,103.65,103.74,103.47,103.52,100919
1788329400,2026-09-02 15:10:00,103.51,103.55,103.39,103.44,81269
1788329700,2026-09-02 15:15:00,103.46,103.47,102.95,103.02,90262
1788330000,2026-09-02 15:20:00,103.02,103.09,102.87,103.07,35946
1788330300,2026-09-02 15:25:00,103.05,103.34,102.75,102.76,63705
1788330600,2026-09-02 15:30:00,102.77,103.02,102.64,103.02,46859
1788330900,2026-09-02 15:35:00,103,103.46,102.88,103.46,34048
1788331200,2026-09-02 15:40:00,103.45,103.94,103.4,103.6,87358
1788331500,2026-09-02 15:45:00,103.61,103.64,103.41,103.41,297049
1788331800,2026-09-02 15:50:00,103.43,103.43,103.24,103.25,220333
1788332100,2026-09-02 15:55:00,103.25,103.68,103.23,103.68,26341
1788332400,2026-09-02 16:00:00,103.68,104.29,103.55,104.22,132175
1788332700,2026-09-02 16:05:00,104.3,104.66,104.3,104.62,82419
1788333000,2026-09-02 16:10:00,104.6,104.9,104.6,104.66,121057
1788333300,2026-09-02 16:15:00,104.62,104.94,104.59,104.78,47780
1788333600,2026-09-02 16:20:00,104.76,104.86,104.47,104.6,67689
1788333900,2026-09-02 16:25:00,104.6,104.64,104.37,104.47,51887
1788334200,2026-09-02 16:30:00,104.47,104.63,104.32,104.45,36331
1788334500,2026-09-02 16:35:00,104.46,104.55,104.07,104.09,89624
1788334800,2026-09-02 16:40:00,104.08,104.18,103.99,104.02,29005
1788335100,2026-09-02 16:45:00,104.02,104.09,103.88,103.95,54451
1788335400,2026-09-02 16:50:00,103.94,104.05,103.77,103.91,71790
1788335700,2026-09-02 16:55:00,103.91,104.05,103.87,103.89,41331
1788336000,2026-09-02 17:00:00,103.89,104.25,103.35,104.18,255014
1788336300,2026-09-02 17:05:00,104.2,104.28,103.52,103.76,320834
1788336600,2026-09-02 17:10:00,103.77,103.98,103.69,103.88,106922
1788336900,2026-09-02 17:15:00,103.86,104.1,103.55,103.55,90879
1788337200,2026-09-02 17:20:00,103.55,103.72,103.14,103.42,111242
1788337500,2026-09-02 17:25:00,103.41,103.76,103.35,103.6,135967
1788337800,2026-09-02 17:30:00,103.58,103.95,103.41,103.43,89598
1788338100,2026-09-02 17:35:00,103.41,103.48,103.17,103.26,109950
1788338400,2026-09-02 17:40:00,103.24,103.46,103.06,103.21,133983
1788338700,2026-09-02 17:45:00,103.19,103.21,102.83,102.9,205020
1788339000,2026-09-02 17:50:00,102.87,102.94,101.61,101.8,765277
1788339300,2026-09-02 17:55:00,101.79,102.2,101.68,102.16,906598
1788339600,2026-09-02 18:00:00,102.11,102.84,102.1,102.54,1519939
1788339900,2026-09-02 18:05:00,102.54,102.79,102.37,102.57,908046
1788340200,2026-09-02 18:10:00,102.57,102.72,102.15,102.16,143563
1788340500,2026-09-02 18:15:00,102.15,102.64,102.14,102.63,81982
1788340800,2026-09-02 18:20:00,102.61,102.61,101.89,102.12,190996
1788341100,2026-09-02 18:25:00,102.13,102.38,102.01,102.3,120845
1788341400,2026-09-02 18:30:00,102.3,102.34,101.7,101.74,131457
1788341700,2026-09-02 18:35:00,101.74,101.75,101.18,101.27,543414
1788342000,2026-09-02 18:40:00,101.28,101.56,101.25,101.45,110653
1788342300,2026-09-02 18:45:00,101.47,101.67,101.42,101.5,157801
1788342600,2026-09-02 18:50:00,101.48,101.67,101.37,101.52,151267
1788342900,2026-09-02 18:55:00,101.54,101.89,101.53,101.69,77715
1788343200,2026-09-02 19:00:00,101.7,101.8,101.11,101.13,151012
1788343500,2026-09-02 19:05:00,101.12,101.45,101.12,101.3,195907
1788343800,2026-09-02 19:10:00,101.32,101.81,101.32,101.81,73006
1788344100,2026-09-02 19:15:00,101.81,101.99,101.76,101.86,1936377
1788344400,2026-09-02 19:20:00,101.84,101.97,101.66,101.73,435264
1788344700,2026-09-02 19:25:00,101.73,102.09,101.72,101.97,296916
1788345000,2026-09-02 19:30:00,101.98,102.02,101.61,101.83,70137
1788345300,2026-09-02 19:35:00,101.8,101.98,101.67,101.76,71190
1788345600,2026-09-02 19:40:00,101.77,101.8,101.7,101.76,60431
1788345900,2026-09-02 19:45:00,101.76,101.92,101.58,101.87,73594
1788346200,2026-09-02 19:50:00,101.87,101.94,101.65,101.94,45262
1788346500,2026-09-02 19:55:00,101.93,102.18,101.86,102.18,215458
1788346800,2026-09-02 20:00:00,102.16,102.16,101,101.27,339563
1788347100,2026-09-02 20:05:00,101.28,102.08,101.05,102.02,226567
1788347400,2026-09-02 20:10:00,102,102.83,101.82,102.72,563675
1788347700,2026-09-02 20:15:00,102.73,103.01,102.46,102.67,1209303
1788348000,2026-09-02 20:20:00,102.66,102.85,102.47,102.84,240809
1788348300,2026-09-02 20:25:00,102.84,103.12,102.68,102.84,269512
1788348600,2026-09-02 20:30:00,102.86,103.27,102.62,103.26,209605
1788348900,2026-09-02 20:35:00,103.27,103.64,103.2,103.5,260524
1788349200,2026-09-02 20:40:00,103.51,103.53,102.84,102.91,374678
1788349500,2026-09-02 20:45:00,102.93,102.99,102.67,102.8,125538
1788349800,2026-09-02 20:50:00,102.8,103.13,102.7,102.89,111863
1788350100,2026-09-02 20:55:00,102.9,103.63,102.87,103.58,183783
1788350400,2026-09-02 21:00:00,103.58,103.74,103.41,103.68,113208
1788350700,2026-09-02 21:05:00,103.71,104.23,103.71,103.8,141491
1788351000,2026-09-02 21:10:00,103.85,104.34,103.61,104.33,201666
1788351300,2026-09-02 21:15:00,104.3,104.36,103.89,104.08,171284
1788351600,2026-09-02 21:20:00,104.07,105.08,103.98,104.87,480148
1788351900,2026-09-02 21:25:00,104.85,104.97,104.3,104.52,185012
1788352200,2026-09-02 21:30:00,104.49,104.59,103.87,103.99,160642
1788352500,2026-09-02 21:35:00,104.02,104.07,103.52,103.92,141034
1788352800,2026-09-02 21:40:00,103.93,104.05,103.71,103.71,114596
1788353100,2026-09-02 21:45:00,103.72,103.77,103.18,103.22,1354434
1788353400,2026-09-02 21:50:00,103.21,103.41,102.96,103.03,1798821
1788353700,2026-09-02 21:55:00,103.03,103.11,102.83,102.96,362096
1788354000,2026-09-02 22:00:00,102.96,103.41,102.96,103.3,253704
1788354300,2026-09-02 22:05:00,103.31,103.51,103.15,103.4,206054
1788354600,2026-09-02 22:10:00,103.39,103.68,103.36,103.57,410039
1788354900,2026-09-02 22:15:00,103.57,103.73,103.45,103.71,688659
1788355200,2026-09-02 22:20:00,103.73,104.28,103.61,104.13,816114
1788355500,2026-09-02 22:25:00,104.13,104.62,103.74,104.45,885098
1788355800,2026-09-02 22:30:00,104.48,105.71,103.71,104.89,1175779
1788356100,2026-09-02 22:35:00,104.93,105.37,103.98,105.37,801998
1788356400,2026-09-02 22:40:00,105.36,105.99,104.86,105.03,1336167
1788356700,2026-09-02 22:45:00,105.03,105.21,102.9,103.08,1939536
1788357000,2026-09-02 22:50:00,103.06,103.42,101.44,101.71,1545086
1788357300,2026-09-02 22:55:00,101.7,102.77,101.47,102.72,1831595
1788357600,2026-09-02 23:00:00,102.7,103.46,102.36,103.44,1694089
1788357900,2026-09-02 23:05:00,103.46,104.48,103.39,104.37,1170914
1788358200,2026-09-02 23:10:00,104.38,105.21,104.25,105.18,905283
1788358500,2026-09-02 23:15:00,105.18,106.44,105,106.36,2167231
1788358800,2026-09-02 23:20:00,106.36,106.78,105.96,106.13,1352113
1788359100,2026-09-02 23:25:00,106.16,106.75,105.83,106.69,1621848
1788359400,2026-09-02 23:30:00,106.7,107.91,106.44,107.83,1371085
1788359700,2026-09-02 23:35:00,107.84,108,106.58,106.87,1504252
1788360000,2026-09-02 23:40:00,106.87,107.03,106.32,106.77,596969
1788360300,2026-09-02 23:45:00,106.77,106.77,105.43,105.83,458793
1788360600,2026-09-02 23:50:00,105.79,105.87,105.2,105.55,625769
1788360900,2026-09-02 23:55:00,105.47,105.79,104.87,105.09,632568
1788361200,2026-09-03 00:00:00,105.06,105.52,104.72,105.41,687746
1788361500,2026-09-03 00:05:00,105.4,106.12,105.11,106.11,521415
1788361800,2026-09-03 00:10:00,106.11,106.29,105.77,106.11,497347
1788362100,2026-09-03 00:15:00,106.12,106.72,106.1,106.43,509891
1788362400,2026-09-03 00:20:00,106.42,106.71,106,106.22,431166
1788362700,2026-09-03 00:25:00,106.21,106.92,106.21,106.9,305943
1788363000,2026-09-03 00:30:00,106.89,107.3,106.77,107.18,425773
1788363300,2026-09-03 00:35:00,107.16,107.34,106.77,106.87,175448
1788363600,2026-09-03 00:40:00,106.9,107.74,106.9,107.61,293201
1788363900,2026-09-03 00:45:00,107.63,107.65,107.08,107.1,324438
1788364200,2026-09-03 00:50:00,107.14,107.43,106.85,107.1,272305
1788364500,2026-09-03 00:55:00,107.08,107.71,106.81,107.62,144644
1788364800,2026-09-03 01:00:00,107.62,107.73,107.23,107.63,149978
1788365100,2026-09-03 01:05:00,107.67,107.95,107.52,107.66,208982
1788365400,2026-09-03 01:10:00,107.65,107.84,107.34,107.54,269977
1788365700,2026-09-03 01:15:00,107.5,107.57,106.94,107.17,419841
1788366000,2026-09-03 01:20:00,107.2,107.23,106.89,107.06,172817
1788366300,2026-09-03 01:25:00,107.1,107.19,106.4,106.57,306910
1788366600,2026-09-03 01:30:00,106.57,107.03,106.5,106.83,189816
1788366900,2026-09-03 01:35:00,106.87,107.04,106.5,106.5,97256
1788367200,2026-09-03 01:40:00,106.53,106.61,106.17,106.22,125256
1788367500,2026-09-03 01:45:00,106.21,106.52,106.09,106.24,87810
1788367800,2026-09-03 01:50:00,106.26,106.33,105.87,106.29,172770
1788368100,2026-09-03 01:55:00,106.3,106.45,106.08,106.43,208279
1788368400,2026-09-03 02:00:00,106.42,106.92,106.42,106.7,275311
1788368700,2026-09-03 02:05:00,106.73,106.93,105.68,105.78,336052
1788369000,2026-09-03 02:10:00,105.78,106.28,105.75,106.11,119322
1788369300,2026-09-03 02:15:00,106.15,106.16,105.9,106.09,47520
1788369600,2026-09-03 02:20:00,106.08,106.28,105.98,106.13,65562
1788369900,2026-09-03 02:25:00,106.11,106.3,106.04,106.26,43996
1788370200,2026-09-03 02:30:00,106.27,106.33,106.05,106.05,60335
1788370500,2026-09-03 02:35:00,106.05,106.26,106.04,106.08,49678
1788370800,2026-09-03 02:40:00,106.08,106.23,105.95,106.23,79655
1788371100,2026-09-03 02:45:00,106.25,106.56,106.24,106.25,80532
1788371400,2026-09-03 02:50:00,106.27,106.32,105.94,106.04,195010
1788371700,2026-09-03 02:55:00,105.98,106.06,105.78,105.92,55066
1788372000,2026-09-03 03:00:00,105.95,105.98,105.58,105.86,54761
1788372300,2026-09-03 03:05:00,105.89,106.17,105.68,105.87,129064
1788372600,2026-09-03 03:10:00,105.81,105.86,105.57,105.73,51236
1788372900,2026-09-03 03:15:00,105.74,106.35,105.58,105.95,302537
1788373200,2026-09-03 03:20:00,105.93,106.07,105.83,106.07,90566
1788373500,2026-09-03 03:25:00,106.08,106.16,105.87,105.95,88779
1788373800,2026-09-03 03:30:00,105.94,106.32,105.89,106.02,43435
1788374100,2026-09-03 03:35:00,106,106.14,105.93,105.97,40331
1788374400,2026-09-03 03:40:00,105.99,106.03,105.86,106,36032
1788374700,2026-09-03 03:45:00,106.02,106.48,105.98,106.41,28931
1788375000,2026-09-03 03:50:00,106.41,106.45,106.13,106.33,39758
1788375300,2026-09-03 03:55:00,106.33,106.64,106.33,106.51,42845
1788375600,2026-09-03 04:00:00,106.5,106.53,106.26,106.36,44232
1788375900,2026-09-03 04:05:00,106.37,106.65,106.37,106.6,48389
1788376200,2026-09-03 04:10:00,106.57,106.65,106.42,106.43,44001
1788376500,2026-09-03 04:15:00,106.4,106.5,106.15,106.35,46981
1788376800,2026-09-03 04:20:00,106.32,106.45,106.04,106.17,45962
1788377100,2026-09-03 04:25:00,106.19,106.38,106.01,106.33,45824
1788377400,2026-09-03 04:30:00,106.36,106.51,106.24,106.45,66178
1788377700,2026-09-03 04:35:00,106.43,106.45,106.21,106.24,43099
1788378000,2026-09-03 04:40:00,106.2,106.26,106.02,106.25,28614
1788378300,2026-09-03 04:45:00,106.25,106.41,106.21,106.3,40636
1788378600,2026-09-03 04:50:00,106.3,106.55,106.07,106.42,110776
1788378900,2026-09-03 04:55:00,106.42,106.5,106.11,106.43,264781
1788379200,2026-09-03 05:00:00,106.41,106.65,106.36,106.56,92774
1788379500,2026-09-03 05:05:00,106.6,106.62,106.48,106.61,27991
1788379800,2026-09-03 05:10:00,106.62,106.75,106.44,106.44,28875
1788380100,2026-09-03 05:15:00,106.46,106.46,103.92,104.31,776046
1788380400,2026-09-03 05:20:00,104.33,105,104.25,104.98,145345
1788380700,2026-09-03 05:25:00,104.98,105.2,104.72,104.91,68820
1788381000,2026-09-03 05:30:00,104.89,104.89,104.46,104.85,71058
1788381300,2026-09-03 05:35:00,104.83,105,104.74,104.82,116465
1788381600,2026-09-03 05:40:00,104.84,105.4,104.81,104.95,91204
1788381900,2026-09-03 05:45:00,104.95,105.16,104.87,105.09,40374
1788382200,2026-09-03 05:50:00,105.09,105.1,104.9,105.08,52506
1788382500,2026-09-03 05:55:00,105.09,105.14,104.71,104.71,37029
1788382800,2026-09-03 06:00:00,104.72,104.97,104.64,104.93,49248
1788383100,2026-09-03 06:05:00,104.93,105.08,104.53,104.54,44916
1788383400,2026-09-03 06:10:00,104.59,104.7,104.44,104.52,82525
1788383700,2026-09-03 06:15:00,104.52,106.07,103.96,105.83,250409
1788384000,2026-09-03 06:20:00,105.86,107.3,105.42,107.07,96828
1788384300,2026-09-03 06:25:00,107.1,107.13,106.57,106.95,66517
1788384600,2026-09-03 06:30:00,106.92,107.21,106.81,106.94,42843
1788384900,2026-09-03 06:35:00,106.91,107.16,106.49,106.5,64926
1788385200,2026-09-03 06:40:00,106.47,106.64,106.34,106.36,52300
1788385500,2026-09-03 06:45:00,106.36,106.77,106.36,106.72,104166
1788385800,2026-09-03 06:50:00,106.73,106.81,106.52,106.62,106621
1788386100,2026-09-03 06:55:00,106.63,106.64,106.42,106.45,140061
1788386400,2026-09-03 07:00:00,106.43,106.43,105.64,105.98,302072
1788386700,2026-09-03 07:05:00,105.96,105.96,105.75,105.86,74458
1788387000,2026-09-03 07:10:00,105.9,106.44,105.88,106.39,93276
1788387300,2026-09-03 07:15:00,106.38,106.5,106.27,106.36,67178
1788387600,2026-09-03 07:20:00,106.4,106.61,106.39,106.57,43825
1788387900,2026-09-03 07:25:00,106.54,106.59,106.36,106.41,42799
1788388200,2026-09-03 07:30:00,106.41,106.45,106.22,106.27,39562
1788388500,2026-09-03 07:35:00,106.27,106.32,106.2,106.22,30024
1788388800,2026-09-03 07:40:00,106.23,106.37,106.2,106.22,40942
1788389100,2026-09-03 07:45:00,106.23,106.23,105.75,105.76,45436
1788389400,2026-09-03 07:50:00,105.76,105.95,105.74,105.82,32289
1788389700,2026-09-03 07:55:00,105.83,105.94,105.79,105.85,24872
1788390000,2026-09-03 08:00:00,105.85,106.04,105.78,105.85,44131
1788390300,2026-09-03 08:05:00,105.9,106.11,105.83,106.01,38144
1788390600,2026-09-03 08:10:00,106,106.13,105.87,105.92,39398
1788390900,2026-09-03 08:15:00,105.92,105.92,105.77,105.87,33133
1788391200,2026-09-03 08:20:00,105.88,105.92,105.79,105.88,15526
1788391500,2026-09-03 08:25:00,105.87,106.07,105.83,106.07,78086
1788391800,2026-09-03 08:30:00,106.08,106.19,105.97,105.98,28312
1788392100,2026-09-03 08:35:00,105.98,106.17,105.96,106.08,21129
1788392400,2026-09-03 08:40:00,106.08,106.24,106.08,106.16,68495
1788392700,2026-09-03 08:45:00,106.16,106.41,106.16,106.38,40525
1788393000,2026-09-03 08:50:00,106.37,106.64,106.37,106.6,27750
1788393300,2026-09-03 08:55:00,106.58,106.69,106.52,106.53,19489
1788393600,2026-09-03 09:00:00,106.52,106.6,106.08,106.23,64794
1788393900,2026-09-03 09:05:00,106.25,106.43,105.82,105.83,25560
1788394200,2026-09-03 09:10:00,105.83,106.08,105.6,105.72,68990
1788394500,2026-09-03 09:15:00,105.69,105.73,105.12,105.25,38022
1788394800,2026-09-03 09:20:00,105.23,105.55,105.12,105.54,24080
1788395100,2026-09-03 09:25:00,105.54,105.66,105.35,105.45,36611
1788395400,2026-09-03 09:30:00,105.41,105.48,105.2,105.33,34237
1788395700,2026-09-03 09:35:00,105.36,105.68,105.24,105.68,53709
1788396000,2026-09-03 09:40:00,105.67,105.69,105.46,105.6,22073
1788396300,2026-09-03 09:45:00,105.57,105.64,105.3,105.37,45693
1788396600,2026-09-03 09:50:00,105.4,105.52,105.25,105.27,32328
1788396900,2026-09-03 09:55:00,105.28,105.29,105.05,105.13,41736
1788397200,2026-09-03 10:00:00,105.12,105.62,105.1,105.6,28188
1788397500,2026-09-03 10:05:00,105.62,106.04,105.57,106.01,21412
1788397800,2026-09-03 10:10:00,105.99,106.12,105.84,106.08,23900
1788398100,2026-09-03 10:15:00,106.12,106.39,106.1,106.34,21384
1788398400,2026-09-03 10:20:00,106.35,106.45,105.91,105.95,22223
1788398700,2026-09-03 10:25:00,105.94,106.07,105.75,106.05,11464
1788399000,2026-09-03 10:30:00,106.06,106.49,106.01,106.48,28306
1788399300,2026-09-03 10:35:00,106.5,106.5,106.14,106.17,12297
1788399600,2026-09-03 10:40:00,106.18,106.29,105.92,105.92,13075
1788399900,2026-09-03 10:45:00,105.93,105.94,105.58,105.85,40333
1788400200,2026-09-03 10:50:00,105.87,105.87,105.48,105.55,22250
1788400500,2026-09-03 10:55:00,105.55,105.55,105.29,105.37,14351
1788400800,2026-09-03 11:00:00,105.37,105.51,105.33,105.35,16620
1788401100,2026-09-03 11:05:00,105.35,105.77,105.31,105.77,55280
1788401400,2026-09-03 11:10:00,105.77,105.95,105.77,105.89,9925
1788401700,2026-09-03 11:15:00,105.9,105.97,105.8,105.97,17581
1788402000,2026-09-03 11:20:00,105.97,106.08,105.87,105.93,28298
1788402300,2026-09-03 11:25:00,105.93,106.06,105.83,106.06,10107
1788402600,2026-09-03 11:30:00,106.08,106.2,106.01,106.1,10804
1788402900,2026-09-03 11:35:00,106.11,106.14,105.9,105.97,16236
1788403200,2026-09-03 11:40:00,105.95,105.99,105.79,105.79,23725
1788403500,2026-09-03 11:45:00,105.8,106.09,105.75,106.08,12597
1788403800,2026-09-03 11:50:00,106.08,106.18,106,106,15635
1788404100,2026-09-03 11:55:00,106,106.1,105.98,106.01,26864
1788404400,2026-09-03 12:00:00,106.04,106.36,106.04,106.17,23598
1788404700,2026-09-03 12:05:00,106.13,106.27,106.13,106.23,50708
1788405000,2026-09-03 12:10:00,106.22,106.39,106.19,106.39,28389
1788405300,2026-09-03 12:15:00,106.39,106.82,106.39,106.79,38045
1788405600,2026-09-03 12:20:00,106.83,107.17,106.77,106.87,54873
1788405900,2026-09-03 12:25:00,106.85,106.93,106.71,106.78,39044
1788406200,2026-09-03 12:30:00,106.8,106.98,106.73,106.73,22490
1788406500,2026-09-03 12:35:00,106.7,106.8,106.61,106.77,20740
1788406800,2026-09-03 12:40:00,106.77,107.03,106.77,107.03,25061
1788407100,2026-09-03 12:45:00,107.02,107.12,106.85,107.06,34439
1788407400,2026-09-03 12:50:00,107.06,107.14,106.92,107.01,53200
1788407700,2026-09-03 12:55:00,106.98,107.11,106.97,107.05,24847
1788408000,2026-09-03 13:00:00,107.04,107.22,106.98,107.17,31409
1788408300,2026-09-03 13:05:00,107.12,107.58,107.11,107.53,39429
1788408600,2026-09-03 13:10:00,107.52,107.57,107.3,107.39,42125
1788408900,2026-09-03 13:15:00,107.38,107.55,107.32,107.42,28801
1788409200,2026-09-03 13:20:00,107.42,107.66,107.38,107.39,12792
1788409500,2026-09-03 13:25:00,107.39,107.46,107.15,107.15,27857
1788409800,2026-09-03 13:30:00,107.15,107.27,107.09,107.17,11649
1788410100,2026-09-03 13:35:00,107.16,107.22,107.07,107.13,21832
1788410400,2026-09-03 13:40:00,107.13,107.14,106.86,106.97,11613
1788410700,2026-09-03 13:45:00,106.99,107.09,106.95,107.01,23473
1788411000,2026-09-03 13:50:00,107.01,107.01,106.75,106.75,20367
1788411300,2026-09-03 13:55:00,106.74,106.77,106.45,106.49,69121
1788411600,2026-09-03 14:00:00,106.49,106.64,105.91,105.94,51294
1788411900,2026-09-03 14:05:00,105.93,106.02,105.53,105.55,89030
1788412200,2026-09-03 14:10:00,105.54,105.59,105.1,105.24,133607
1788412500,2026-09-03 14:15:00,105.22,105.26,104.13,104.23,100319
1788412800,2026-09-03 14:20:00,104.23,104.27,103.27,103.89,258218
1788413100,2026-09-03 14:25:00,103.86,104.26,103.38,104.26,112291
1788413400,2026-09-03 14:30:00,104.22,104.78,103.97,104.71,99269
1788413700,2026-09-03 14:35:00,104.74,105.03,104.34,104.77,81306
1788414000,2026-09-03 14:40:00,104.73,104.77,104.33,104.57,125200
1788414300,2026-09-03 14:45:00,104.59,105.27,104.25,105.27,77313
1788414600,2026-09-03 14:50:00,105.27,105.54,105.2,105.33,50319
1788414900,2026-09-03 14:55:00,105.32,105.5,105.26,105.47,34121
1788415200,2026-09-03 15:00:00,105.47,106.02,105.25,105.99,37913
1788415500,2026-09-03 15:05:00,106.02,106.15,105.63,105.63,96230
1788415800,2026-09-03 15:10:00,105.66,105.68,105.27,105.31,32225
1788416100,2026-09-03 15:15:00,105.32,105.54,105.26,105.33,20815
1788416400,2026-09-03 15:20:00,105.33,105.43,105.13,105.16,14722
1788416700,2026-09-03 15:25:00,105.16,105.35,105.11,105.29,52847
1788417000,2026-09-03 15:30:00,105.27,105.49,105.23,105.38,137409
1788417300,2026-09-03 15:35:00,105.39,105.58,105.24,105.38,158390
1788417600,2026-09-03 15:40:00,105.37,105.4,105.26,105.35,106387
1788417900,2026-09-03 15:45:00,105.34,105.38,105.17,105.34,180649
1788418200,2026-09-03 15:50:00,105.32,105.32,105.16,105.3,79256
1788418500,2026-09-03 15:55:00,105.3,105.3,105,105.24,348694
1788418800,2026-09-03 16:00:00,105.23,106.1,105.09,105.96,335331
1788419100,2026-09-03 16:05:00,105.97,106.52,105.79,105.84,252393
1788419400,2026-09-03 16:10:00,105.79,106.08,105.77,106,179526
1788419700,2026-09-03 16:15:00,106.01,106.01,105.75,105.97,178800
1788420000,2026-09-03 16:20:00,105.96,106.1,105.87,105.97,214304
1788420300,2026-09-03 16:25:00,105.97,105.98,105.4,105.72,212626
1788420600,2026-09-03 16:30:00,105.71,105.97,105.6,105.97,262329
1788420900,2026-09-03 16:35:00,105.97,106.12,105.8,106.11,270138
1788421200,2026-09-03 16:40:00,106.11,106.41,106.02,106.37,191063
1788421500,2026-09-03 16:45:00,106.37,106.38,105.72,105.73,212942
1788421800,2026-09-03 16:50:00,105.76,105.92,105.45,105.87,141280
1788422100,2026-09-03 16:55:00,105.89,105.97,105.79,105.86,51870
1788422400,2026-09-03 17:00:00,105.85,107.03,105.48,106.64,575613
1788422700,2026-09-03 17:05:00,106.62,107.15,105.96,106.06,441991
1788423000,2026-09-03 17:10:00,106.07,106.59,106.05,106.19,170153
1788423300,2026-09-03 17:15:00,106.22,106.27,105.96,106.14,185328
1788423600,2026-09-03 17:20:00,106.12,106.22,105.68,105.76,96544
1788423900,2026-09-03 17:25:00,105.78,106.22,105.76,106.09,99604
1788424200,2026-09-03 17:30:00,106.01,106.07,105.69,105.69,85304
1788424500,2026-09-03 17:35:00,105.7,105.77,105.19,105.2,218486
1788424800,2026-09-03 17:40:00,105.19,105.58,105.17,105.5,261938
1788425100,2026-09-03 17:45:00,105.51,105.73,105.51,105.69,77298
1788425400,2026-09-03 17:50:00,105.7,105.84,105.38,105.84,93548
1788425700,2026-09-03 17:55:00,105.82,105.86,105.48,105.52,101042
1788426000,2026-09-03 18:00:00,105.54,105.72,105.44,105.58,68754
1788426300,2026-09-03 18:05:00,105.61,105.64,105.43,105.52,55762
1788426600,2026-09-03 18:10:00,105.53,105.53,105.23,105.52,111394
1788426900,2026-09-03 18:15:00,105.53,105.54,104.84,104.97,174290
1788427200,2026-09-03 18:20:00,104.99,105.06,104.43,104.53,343649
1788427500,2026-09-03 18:25:00,104.53,104.6,104.28,104.39,159664
1788427800,2026-09-03 18:30:00,104.4,104.61,104.19,104.42,186062
1788428100,2026-09-03 18:35:00,104.45,104.51,104.02,104.29,286869
1788428400,2026-09-03 18:40:00,104.3,104.33,104.13,104.24,105756
1788428700,2026-09-03 18:45:00,104.23,104.27,103.73,103.87,124577
1788429000,2026-09-03 18:50:00,103.9,104.11,103.8,103.87,171841
1788429300,2026-09-03 18:55:00,103.87,103.9,103.44,103.68,340190
1788429600,2026-09-03 19:00:00,103.68,103.91,103.58,103.86,68406
1788429900,2026-09-03 19:05:00,103.84,104,103.74,103.82,87595
1788430200,2026-09-03 19:10:00,103.77,103.84,103.2,103.42,196751
1788430500,2026-09-03 19:15:00,103.42,103.57,103.33,103.41,164477
1788430800,2026-09-03 19:20:00,103.43,103.61,103.4,103.45,62487
1788431100,2026-09-03 19:25:00,103.42,103.53,103.25,103.45,183516
1788431400,2026-09-03 19:30:00,103.41,103.68,103.25,103.3,184215
1788431700,2026-09-03 19:35:00,103.32,103.4,102.97,103.36,429134
1788432000,2026-09-03 19:40:00,103.34,103.48,103.01,103.42,158255
1788432300,2026-09-03 19:45:00,103.41,103.52,103.07,103.12,124388
1788432600,2026-09-03 19:50:00,103.13,103.53,103.1,103.42,148127
1788432900,2026-09-03 19:55:00,103.46,103.61,103.37,103.61,124348
1788433200,2026-09-03 20:00:00,103.6,103.76,103.04,103.7,290187
1788433500,2026-09-03 20:05:00,103.72,104.08,103.68,103.95,364489
1788433800,2026-09-03 20:10:00,103.94,104.03,103.69,103.74,116807
1788434100,2026-09-03 20:15:00,103.75,104.12,103.58,103.83,242972
1788434400,2026-09-03 20:20:00,103.83,103.96,103.61,103.93,115216
1788434700,2026-09-03 20:25:00,103.91,103.95,103.61,103.74,85070
1788435000,2026-09-03 20:30:00,103.73,103.83,102.75,103.45,710760
1788435300,2026-09-03 20:35:00,103.45,103.46,103.11,103.11,247808
1788435600,2026-09-03 20:40:00,103.1,103.18,102.81,102.96,120608
1788435900,2026-09-03 20:45:00,102.96,102.98,102.2,102.21,452833
1788436200,2026-09-03 20:50:00,102.21,102.48,102.2,102.22,429715
1788436500,2026-09-03 20:55:00,102.23,102.5,102.12,102.19,237517
1788436800,2026-09-03 21:00:00,102.25,102.75,102.21,102.6,264821
1788437100,2026-09-03 21:05:00,102.6,102.75,102.57,102.75,144586
1788437400,2026-09-03 21:10:00,102.74,103.02,102.41,102.42,152507
1788437700,2026-09-03 21:15:00,102.43,102.58,102.17,102.18,134323
1788438000,2026-09-03 21:20:00,102.21,102.76,102.01,102.65,140124
1788438300,2026-09-03 21:25:00,102.63,103.06,102.58,102.94,96889
1788438600,2026-09-03 21:30:00,102.86,104.45,102.86,103.98,1931562
1788438900,2026-09-03 21:35:00,103.98,104,103.3,103.65,859439
1788439200,2026-09-03 21:40:00,103.65,103.85,103.49,103.7,314694
1788439500,2026-09-03 21:45:00,103.72,103.87,103.62,103.78,113627
1788439800,2026-09-03 21:50:00,103.8,104.75,103.76,104.68,424241
1788440100,2026-09-03 21:55:00,104.66,105.08,104.52,104.57,820048
1788440400,2026-09-03 22:00:00,104.55,104.65,103.63,103.85,487446
1788440700,2026-09-03 22:05:00,103.82,103.95,103.44,103.64,276685
1788441000,2026-09-03 22:10:00,103.67,104.27,103.57,104.12,162471
1788441300,2026-09-03 22:15:00,104.1,104.21,103.39,103.41,245868
1788441600,2026-09-03 22:20:00,103.44,103.64,103.24,103.62,241532
1788441900,2026-09-03 22:25:00,103.6,103.7,103.02,103.11,489875
1788442200,2026-09-03 22:30:00,103.11,103.46,99.52,100.17,3142207
1788442500,2026-09-03 22:35:00,100.17,101.39,98.72,101.33,4066179
1788442800,2026-09-03 22:40:00,101.33,102.35,100.94,101.52,1619818
1788443100,2026-09-03 22:45:00,101.55,102.38,101.13,102.21,1831341
1788443400,2026-09-03 22:50:00,102.26,102.54,101.28,101.69,1403582
1788443700,2026-09-03 22:55:00,101.68,101.91,100.86,101.32,779664
1788444000,2026-09-03 23:00:00,101.25,101.47,99.71,100.18,1675290
1788444300,2026-09-03 23:05:00,100.17,100.5,99.07,99.82,1064675
1788444600,2026-09-03 23:10:00,99.82,100.22,99.63,100.16,1071995
1788444900,2026-09-03 23:15:00,100.13,101.84,100.05,101.65,883084
1788445200,2026-09-03 23:20:00,101.71,102.15,101.39,101.71,530135
1788445500,2026-09-03 23:25:00,101.71,102.09,101.4,101.6,470029
1788445800,2026-09-03 23:30:00,101.6,101.69,100.42,100.56,449690
1788446100,2026-09-03 23:35:00,100.55,101.27,100.51,101.18,404858
1788446400,2026-09-03 23:40:00,101.15,101.71,101.07,101.18,342063
1788446700,2026-09-03 23:45:00,101.21,101.66,101.14,101.51,172139
1788447000,2026-09-03 23:50:00,101.51,102.68,101.33,102.68,220407
1788447300,2026-09-03 23:55:00,102.65,103.96,101.87,103.95,592375
1788447600,2026-09-04 00:00:00,103.92,105.12,103.9,105.05,840583
1788447900,2026-09-04 00:05:00,105.05,105.21,103.84,103.85,592048
1788448200,2026-09-04 00:10:00,103.87,104.35,103.69,104.01,226011
1788448500,2026-09-04 00:15:00,104.05,104.65,104,104.35,203144
1788448800,2026-09-04 00:20:00,104.33,104.85,104.11,104.74,220810
1788449100,2026-09-04 00:25:00,104.74,106.12,104.72,106.01,646876
1788449400,2026-09-04 00:30:00,106.01,106.04,105.38,105.65,455761
1788449700,2026-09-04 00:35:00,105.65,105.94,105.18,105.44,207937
1788450000,2026-09-04 00:40:00,105.44,105.71,105.28,105.37,232744
1788450300,2026-09-04 00:45:00,105.43,105.62,104.85,105.19,297715
1788450600,2026-09-04 00:50:00,105.21,105.79,105.13,105.61,261617
1788450900,2026-09-04 00:55:00,105.61,105.86,105.23,105.57,251560
1788451200,2026-09-04 01:00:00,105.57,105.57,104.92,104.93,132031
1788451500,2026-09-04 01:05:00,104.96,105.28,104.71,105.17,253631
1788451800,2026-09-04 01:10:00,105.18,105.47,105.12,105.44,137835
1788452100,2026-09-04 01:15:00,105.41,106.02,105.29,105.97,204318
1788452400,2026-09-04 01:20:00,106.01,106.02,105.48,105.51,115783
1788452700,2026-09-04 01:25:00,105.52,105.91,105.49,105.58,139358
1788453000,2026-09-04 01:30:00,105.58,105.68,105.23,105.27,92566
1788453300,2026-09-04 01:35:00,105.25,106.2,105.13,106.17,109631
1788453600,2026-09-04 01:40:00,106.16,106.51,106.09,106.44,100407
1788453900,2026-09-04 01:45:00,106.47,106.47,106.11,106.24,89475
1788454200,2026-09-04 01:50:00,106.24,106.44,106.01,106.15,152050
1788454500,2026-09-04 01:55:00,106.15,106.76,106.13,106.33,111101
1788454800,2026-09-04 02:00:00,106.35,106.47,105.94,106.31,104262
1788455100,2026-09-04 02:05:00,106.29,106.34,105.56,105.65,69400
1788455400,2026-09-04 02:10:00,105.65,105.93,105.51,105.54,57750
1788455700,2026-09-04 02:15:00,105.55,106.13,105.53,105.96,35171
1788456000,2026-09-04 02:20:00,105.93,105.94,105.71,105.79,17124
1788456300,2026-09-04 02:25:00,105.8,106.23,105.76,106.06,12248
1788456600,2026-09-04 02:30:00,106.07,106.25,106.06,106.11,6077
1788456900,2026-09-04 02:35:00,106.09,106.21,105.87,106.07,10793
1788457200,2026-09-04 02:40:00,106.05,106.35,106.05,106.19,14174
1788457500,2026-09-04 02:45:00,106.18,106.35,106.05,106.32,41359
1788457800,2026-09-04 02:50:00,106.31,106.57,106.18,106.34,61921
1788458100,2026-09-04 02:55:00,106.34,106.49,106.18,106.21,57984
1788458400,2026-09-04 03:00:00,106.19,106.94,106.19,106.82,120727
1788458700,2026-09-04 03:05:00,106.84,106.85,106.6,106.74,48445
1788459000,2026-09-04 03:10:00,106.76,106.77,106.39,106.59,62835
1788459300,2026-09-04 03:15:00,106.59,106.95,106.56,106.7,45462
1788459600,2026-09-04 03:20:00,106.69,106.8,106.57,106.74,34643
1788459900,2026-09-04 03:25:00,106.74,106.87,106.61,106.74,77627
1788460200,2026-09-04 03:30:00,106.75,107.21,106.7,107.2,54144
1788460500,2026-09-04 03:35:00,107.2,107.27,106.92,107.2,29311
1788460800,2026-09-04 03:40:00,107.2,107.23,106.88,106.92,17049
1788461100,2026-09-04 03:45:00,106.94,107.47,106.93,107.47,55443
1788461400,2026-09-04 03:50:00,107.47,107.51,107.16,107.26,46460
1788461700,2026-09-04 03:55:00,107.26,107.36,107.17,107.28,20164
1788462000,2026-09-04 04:00:00,107.27,107.3,106.88,106.96,41519
1788462300,2026-09-04 04:05:00,106.99,107.09,106.5,106.6,76187
1788462600,2026-09-04 04:10:00,106.61,106.81,106.35,106.56,40482
1788462900,2026-09-04 04:15:00,106.57,106.61,106.2,106.5,25511
1788463200,2026-09-04 04:20:00,106.52,106.65,106.35,106.53,36981
1788463500,2026-09-04 04:25:00,106.55,106.66,106.47,106.58,32137
1788463800,2026-09-04 04:30:00,106.58,106.74,106.38,106.39,48710
1788464100,2026-09-04 04:35:00,106.43,106.63,106.39,106.43,25710
1788464400,2026-09-04 04:40:00,106.51,106.73,106.37,106.73,26220
1788464700,2026-09-04 04:45:00,106.74,106.75,106.47,106.57,24003
1788465000,2026-09-04 04:50:00,106.62,106.73,106.27,106.62,55112
1788465300,2026-09-04 04:55:00,106.56,106.92,106.47,106.84,108168
1788465600,2026-09-04 05:00:00,106.82,106.9,106.49,106.76,63835
1788465900,2026-09-04 05:05:00,106.73,106.86,106.69,106.74,27794
1788466200,2026-09-04 05:10:00,106.75,106.83,106.71,106.74,20160
1788466500,2026-09-04 05:15:00,106.74,106.79,106.66,106.7,23351
1788466800,2026-09-04 05:20:00,106.69,106.76,106.61,106.61,15615
1788467100,2026-09-04 05:25:00,106.61,106.8,106.61,106.77,13880
1788467400,2026-09-04 05:30:00,106.77,106.88,106.77,106.77,19181
1788467700,2026-09-04 05:35:00,106.77,106.84,106.72,106.74,24061
1788468000,2026-09-04 05:40:00,106.73,106.78,106.71,106.73,16623
1788468300,2026-09-04 05:45:00,106.71,106.73,106.65,106.72,24301
1788468600,2026-09-04 05:50:00,106.72,106.72,106.45,106.45,30701
1788468900,2026-09-04 05:55:00,106.47,106.6,106.47,106.55,21588
1788469200,2026-09-04 06:00:00,106.55,106.55,106.26,106.3,34213
1788469500,2026-09-04 06:05:00,106.33,106.46,106.29,106.39,44590
1788469800,2026-09-04 06:10:00,106.38,106.43,106.36,106.4,69327
1788470100,2026-09-04 06:15:00,106.39,106.44,106.37,106.39,25689
1788470400,2026-09-04 06:20:00,106.4,106.42,106.33,106.37,18260
1788470700,2026-09-04 06:25:00,106.37,106.4,106.3,106.38,7529
1788471000,2026-09-04 06:30:00,106.37,106.41,106.31,106.36,15776
1788471300,2026-09-04 06:35:00,106.38,106.49,106.32,106.38,48052
1788471600,2026-09-04 06:40:00,106.38,106.47,106.38,106.47,14453
1788471900,2026-09-04 06:45:00,106.46,106.58,106.45,106.58,5433
1788472200,2026-09-04 06:50:00,106.57,106.61,106.48,106.49,27255
1788472500,2026-09-04 06:55:00,106.54,106.56,106.48,106.48,13599
1788472800,2026-09-04 07:00:00,106.45,106.5,105.99,106.21,39973
1788473100,2026-09-04 07:05:00,106.19,106.34,106.07,106.08,24783
1788473400,2026-09-04 07:10:00,106.09,106.26,106,106.17,57404
1788473700,2026-09-04 07:15:00,106.18,106.47,106.18,106.34,34635
1788474000,2026-09-04 07:20:00,106.31,106.46,106.28,106.35,8007
1788474300,2026-09-04 07:25:00,106.33,106.37,106.28,106.37,8354
1788474600,2026-09-04 07:30:00,106.35,106.53,106.35,106.48,14462
1788474900,2026-09-04 07:35:00,106.48,106.48,106.32,106.36,24495
1788475200,2026-09-04 07:40:00,106.36,106.37,106.19,106.32,24566
1788475500,2026-09-04 07:45:00,106.32,106.38,106.25,106.31,13311
1788475800,2026-09-04 07:50:00,106.3,106.46,106.3,106.39,16695
1788476100,2026-09-04 07:55:00,106.39,106.61,106.39,106.61,9718
1788476400,2026-09-04 08:00:00,106.57,106.6,106.44,106.56,37504
1788476700,2026-09-04 08:05:00,106.54,106.58,106.42,106.44,25349
1788477000,2026-09-04 08:10:00,106.43,106.44,106.32,106.38,21991
1788477300,2026-09-04 08:15:00,106.37,106.4,106.28,106.4,15411
1788477600,2026-09-04 08:20:00,106.4,106.41,106.31,106.33,10403
1788477900,2026-09-04 08:25:00,106.33,106.42,106.31,106.39,44852
1788478200,2026-09-04 08:30:00,106.4,106.55,106.33,106.49,22812
1788478500,2026-09-04 08:35:00,106.49,106.52,106.38,106.4,21167
1788478800,2026-09-04 08:40:00,106.39,106.5,106.39,106.39,17759
1788479100,2026-09-04 08:45:00,106.41,106.54,106.41,106.51,9766
1788479400,2026-09-04 08:50:00,106.51,106.58,106.45,106.51,5432
1788479700,2026-09-04 08:55:00,106.5,106.54,106.43,106.51,17131
1788480000,2026-09-04 09:00:00,106.45,106.81,106.45,106.81,34898
1788480300,2026-09-04 09:05:00,106.82,107.07,106.72,106.91,53900
1788480600,2026-09-04 09:10:00,106.88,107,106.77,106.91,71461
1788480900,2026-09-04 09:15:00,106.91,107.08,106.75,107.08,24817
1788481200,2026-09-04 09:20:00,107.05,107.36,107.04,107.3,59257
1788481500,2026-09-04 09:25:00,107.29,107.43,107.03,107.4,50029
1788481800,2026-09-04 09:30:00,107.41,107.53,107.28,107.33,38983
1788482100,2026-09-04 09:35:00,107.32,107.34,107.03,107.34,37329
1788482400,2026-09-04 09:40:00,107.35,107.52,107.3,107.52,27332
1788482700,2026-09-04 09:45:00,107.52,107.89,107.45,107.88,84871
1788483000,2026-09-04 09:50:00,107.88,108.05,107.86,108.01,106895
1788483300,2026-09-04 09:55:00,108,108.15,107.84,107.98,167327
1788483600,2026-09-04 10:00:00,107.99,108.08,107.91,108.02,85761
1788483900,2026-09-04 10:05:00,108.07,108.14,107.83,108.01,53499
1788484200,2026-09-04 10:10:00,108.02,108.08,107.84,107.98,62919
1788484500,2026-09-04 10:15:00,107.97,108.09,107.9,108.02,50345
1788484800,2026-09-04 10:20:00,108.03,108.36,108.03,108.27,53618
1788485100,2026-09-04 10:25:00,108.25,108.46,108.08,108.22,57471
1788485400,2026-09-04 10:30:00,108.18,108.37,108.09,108.37,126767
1788485700,2026-09-04 10:35:00,108.37,108.45,108.24,108.29,68084
1788486000,2026-09-04 10:40:00,108.27,108.34,107.96,108.17,71192
1788486300,2026-09-04 10:45:00,108.14,108.14,107.69,107.69,45718
1788486600,2026-09-04 10:50:00,107.68,107.84,107.52,107.72,58661
1788486900,2026-09-04 10:55:00,107.7,107.99,107.64,107.93,58563
1788487200,2026-09-04 11:00:00,107.94,108.1,107.91,108.02,22997
1788487500,2026-09-04 11:05:00,107.98,108.15,107.97,108.09,20880
1788487800,2026-09-04 11:10:00,108.09,108.21,108.07,108.21,23329
1788488100,2026-09-04 11:15:00,108.19,108.21,107.99,108.01,23014
1788488400,2026-09-04 11:20:00,108,108.21,107.95,108.16,11456
1788488700,2026-09-04 11:25:00,108.14,108.22,108.08,108.22,20247
1788489000,2026-09-04 11:30:00,108.24,108.34,108.17,108.22,29432
1788489300,2026-09-04 11:35:00,108.22,108.32,108.15,108.18,49905
1788489600,2026-09-04 11:40:00,108.18,108.22,108.01,108.06,19873
1788489900,2026-09-04 11:45:00,108.05,108.39,108,108.36,28370
1788490200,2026-09-04 11:50:00,108.36,108.47,108.33,108.46,26381
1788490500,2026-09-04 11:55:00,108.46,108.63,108.41,108.63,89628
1788490800,2026-09-04 12:00:00,108.63,108.67,108.52,108.6,76583
1788491100,2026-09-04 12:05:00,108.6,108.67,108.55,108.56,69691
1788491400,2026-09-04 12:10:00,108.58,108.59,108.31,108.38,70228
1788491700,2026-09-04 12:15:00,108.38,108.56,108.33,108.55,55028
1788492000,2026-09-04 12:20:00,108.58,108.63,108.5,108.56,61711
1788492300,2026-09-04 12:25:00,108.55,108.71,108.45,108.65,100734
1788492600,2026-09-04 12:30:00,108.64,108.86,108.54,108.79,133691
1788492900,2026-09-04 12:35:00,108.79,108.91,108.7,108.82,78030
1788493200,2026-09-04 12:40:00,108.82,108.88,108.53,108.56,76320
1788493500,2026-09-04 12:45:00,108.57,108.66,108.52,108.65,49605
1788493800,2026-09-04 12:50:00,108.62,108.81,108.61,108.77,85694
1788494100,2026-09-04 12:55:00,108.77,108.8,108.7,108.74,65767
1788494400,2026-09-04 13:00:00,108.78,108.81,108.51,108.54,83095
1788494700,2026-09-04 13:05:00,108.55,108.79,108.55,108.79,60488
1788495000,2026-09-04 13:10:00,108.77,109.01,108.7,109,82260
1788495300,2026-09-04 13:15:00,108.98,109.04,108.93,109,100757
1788495600,2026-09-04 13:20:00,108.97,109.05,108.72,109.05,34269
1788495900,2026-09-04 13:25:00,109.05,109.27,108.97,109.21,147350
1788496200,2026-09-04 13:30:00,109.23,109.38,109.21,109.38,126061
1788496500,2026-09-04 13:35:00,109.38,109.39,109.17,109.17,111672
1788496800,2026-09-04 13:40:00,109.17,109.19,109.05,109.12,97557
1788497100,2026-09-04 13:45:00,109.1,109.22,109,109.01,92927
1788497400,2026-09-04 13:50:00,109.01,109.22,108.7,109.08,187659
1788497700,2026-09-04 13:55:00,109.08,109.5,109.05,109.45,220717
1788498000,2026-09-04 14:00:00,109.46,109.54,109.32,109.52,142274
1788498300,2026-09-04 14:05:00,109.53,109.88,109.53,109.84,253029
1788498600,2026-09-04 14:10:00,109.82,110.05,109.79,110.04,337818
1788498900,2026-09-04 14:15:00,110.04,110.77,110.04,110.73,460018
1788499200,2026-09-04 14:20:00,110.74,110.85,110.71,110.79,518657
1788499500,2026-09-04 14:25:00,110.79,110.87,110.52,110.61,218225
1788499800,2026-09-04 14:30:00,110.6,110.7,110.39,110.65,225684
1788500100,2026-09-04 14:35:00,110.66,110.66,110.3,110.35,110632
1788500400,2026-09-04 14:40:00,110.36,110.39,109.91,109.99,99584
1788500700,2026-09-04 14:45:00,109.99,110.15,109.91,109.92,94856
1788501000,2026-09-04 14:50:00,109.91,109.91,109.7,109.87,119726
1788501300,2026-09-04 14:55:00,109.83,110.49,109.73,110.44,169976
1788501600,2026-09-04 15:00:00,110.46,110.78,110.43,110.57,134887
1788501900,2026-09-04 15:05:00,110.57,110.75,110.49,110.74,84830
1788502200,2026-09-04 15:10:00,110.74,111.01,110.68,110.87,156847
1788502500,2026-09-04 15:15:00,110.87,110.87,110.43,110.69,98159
1788502800,2026-09-04 15:20:00,110.7,110.83,110.29,110.29,103300
1788503100,2026-09-04 15:25:00,110.29,110.4,110.19,110.19,96874
1788503400,2026-09-04 15:30:00,110.18,110.18,109.57,109.64,163266
1788503700,2026-09-04 15:35:00,109.64,109.69,109.41,109.54,323951
1788504000,2026-09-04 15:40:00,109.53,109.74,109.37,109.47,223567
1788504300,2026-09-04 15:45:00,109.48,109.53,109.25,109.49,343657
1788504600,2026-09-04 15:50:00,109.47,109.47,109.22,109.23,209824
1788504900,2026-09-04 15:55:00,109.25,109.38,109.18,109.33,111160
1788505200,2026-09-04 16:00:00,109.34,109.92,109.32,109.86,125649
1788505500,2026-09-04 16:05:00,109.87,109.96,109.74,109.95,179907
1788505800,2026-09-04 16:10:00,109.95,110.42,109.94,110.3,212301
1788506100,2026-09-04 16:15:00,110.3,110.42,110.16,110.3,95868
1788506400,2026-09-04 16:20:00,110.32,110.42,110.28,110.3,53974
1788506700,2026-09-04 16:25:00,110.31,110.79,110.24,110.76,122103
1788507000,2026-09-04 16:30:00,110.77,110.99,110.75,110.94,153670
1788507300,2026-09-04 16:35:00,110.93,111,110.62,110.86,86522
1788507600,2026-09-04 16:40:00,110.87,111.24,110.76,111.18,211268
1788507900,2026-09-04 16:45:00,111.18,111.5,111.16,111.44,124175
1788508200,2026-09-04 16:50:00,111.4,111.56,111.24,111.42,139106
1788508500,2026-09-04 16:55:00,111.42,111.48,111.22,111.36,92846
1788508800,2026-09-04 17:00:00,111.35,111.94,111.05,111.65,455513
1788509100,2026-09-04 17:05:00,111.67,112.39,111.4,112.02,408160
1788509400,2026-09-04 17:10:00,112.05,112.27,111.75,111.86,211855
1788509700,2026-09-04 17:15:00,111.87,112.04,111.77,111.92,107162
1788510000,2026-09-04 17:20:00,111.95,112.33,111.64,111.64,99853
1788510300,2026-09-04 17:25:00,111.66,112.33,111.62,112.21,113599
1788510600,2026-09-04 17:30:00,112.22,112.27,111.83,111.91,215117
1788510900,2026-09-04 17:35:00,111.92,111.99,111.7,111.8,99965
1788511200,2026-09-04 17:40:00,111.77,112.06,111.68,112.04,78804
1788511500,2026-09-04 17:45:00,111.99,112.13,111.71,111.75,87619
1788511800,2026-09-04 17:50:00,111.75,112.11,111.71,112.05,94153
1788512100,2026-09-04 17:55:00,112.03,112.14,111.92,111.97,59662
1788512400,2026-09-04 18:00:00,111.97,111.98,111.72,111.74,60479
1788512700,2026-09-04 18:05:00,111.72,111.96,111.66,111.74,60317
1788513000,2026-09-04 18:10:00,111.75,111.75,111.32,111.35,180921
1788513300,2026-09-04 18:15:00,111.36,111.85,111.32,111.78,135769
1788513600,2026-09-04 18:20:00,111.78,111.81,111.43,111.46,224989
1788513900,2026-09-04 18:25:00,111.48,111.53,111.18,111.26,725384
1788514200,2026-09-04 18:30:00,111.27,111.6,111.16,111.54,1103007
1788514500,2026-09-04 18:35:00,111.54,111.8,111.53,111.8,225769
1788514800,2026-09-04 18:40:00,111.8,111.94,111.71,111.85,223730
1788515100,2026-09-04 18:45:00,111.86,112.06,111.85,112.06,93198
1788515400,2026-09-04 18:50:00,112.08,112.27,111.92,112.21,128239
1788515700,2026-09-04 18:55:00,112.19,112.34,112.11,112.28,121147
1788516000,2026-09-04 19:00:00,112.29,112.83,112.28,112.69,199323
1788516300,2026-09-04 19:05:00,112.71,112.71,112.35,112.47,167547
1788516600,2026-09-04 19:10:00,112.43,112.57,112.33,112.51,98641
1788516900,2026-09-04 19:15:00,112.49,112.57,112.3,112.52,181446
1788517200,2026-09-04 19:20:00,112.51,112.54,112.31,112.52,49976
1788517500,2026-09-04 19:25:00,112.51,113.12,112.43,113.06,353440
1788517800,2026-09-04 19:30:00,113.06,113.14,112.77,112.77,449513
1788518100,2026-09-04 19:35:00,112.82,112.97,112.73,112.88,183280
1788518400,2026-09-04 19:40:00,112.88,112.88,112.62,112.71,80062
1788518700,2026-09-04 19:45:00,112.72,113.12,112.7,112.81,147688
1788519000,2026-09-04 19:50:00,112.83,113,112.67,112.75,192624
1788519300,2026-09-04 19:55:00,112.72,112.77,112.64,112.66,92488
1788519600,2026-09-04 20:00:00,112.71,112.78,112,112.12,283025
1788519900,2026-09-04 20:05:00,112.11,112.33,112.09,112.13,174436
1788520200,2026-09-04 20:10:00,112.14,112.32,112.1,112.24,98749
1788520500,2026-09-04 20:15:00,112.24,112.4,112.15,112.17,101957
1788520800,2026-09-04 20:20:00,112.17,112.33,112.06,112.27,106775
1788521100,2026-09-04 20:25:00,112.27,112.63,112.15,112.15,105426
1788521400,2026-09-04 20:30:00,112.17,112.51,112.15,112.47,102076
1788521700,2026-09-04 20:35:00,112.48,112.72,112.48,112.57,81923
1788522000,2026-09-04 20:40:00,112.57,112.65,112.36,112.55,89514
1788522300,2026-09-04 20:45:00,112.52,112.6,112.41,112.56,150192
1788522600,2026-09-04 20:50:00,112.55,112.71,112.52,112.62,84065
1788522900,2026-09-04 20:55:00,112.62,112.74,112.56,112.65,86876
1788523200,2026-09-04 21:00:00,112.64,112.72,112.29,112.49,142238
1788523500,2026-09-04 21:05:00,112.44,112.81,112.07,112.77,168322
1788523800,2026-09-04 21:10:00,112.78,112.8,112.38,112.58,150790
1788524100,2026-09-04 21:15:00,112.59,112.87,112.41,112.87,88891
1788524400,2026-09-04 21:20:00,112.87,113.14,112.79,113.14,130830
1788524700,2026-09-04 21:25:00,113.15,113.57,113.07,113.5,289211
1788525000,2026-09-04 21:30:00,113.5,113.5,109.17,110.35,3978598
1788525300,2026-09-04 21:35:00,110.35,110.99,109.59,110.11,2584098
1788525600,2026-09-04 21:40:00,110.12,111.02,110.07,110.18,1737038
1788525900,2026-09-04 21:45:00,110.17,110.2,108.96,109.6,1571978
1788526200,2026-09-04 21:50:00,109.6,110.3,109.51,109.68,702825
1788526500,2026-09-04 21:55:00,109.67,110.32,109.46,110.09,448688
1788526800,2026-09-04 22:00:00,110.09,110.11,109.54,109.87,707744
1788527100,2026-09-04 22:05:00,109.88,110.2,109.75,109.76,550049
1788527400,2026-09-04 22:10:00,109.75,110.14,109.7,110.14,172603
1788527700,2026-09-04 22:15:00,110.15,110.68,110.12,110.68,243361
1788528000,2026-09-04 22:20:00,110.69,111.26,110.63,111.11,405543
1788528300,2026-09-04 22:25:00,111.11,111.44,110.82,111.02,661225
1788528600,2026-09-04 22:30:00,111.02,114.28,109.72,114.27,1501685
1788528900,2026-09-04 22:35:00,114.28,114.45,112.79,113.59,1307522
1788529200,2026-09-04 22:40:00,113.61,115.5,113.52,114.78,1109383
1788529500,2026-09-04 22:45:00,114.76,116.51,114.24,116.11,880722
1788529800,2026-09-04 22:50:00,116.1,117.1,115.69,116.84,400201
1788530100,2026-09-04 22:55:00,116.79,117.87,116.66,117.67,632864
1788530400,2026-09-04 23:00:00,117.7,117.75,116.82,117.12,725779
1788530700,2026-09-04 23:05:00,117.12,117.34,116.46,116.92,293858
1788531000,2026-09-04 23:10:00,116.89,117.42,115.8,117.36,604625
1788531300,2026-09-04 23:15:00,117.34,117.36,116.32,116.32,337493
1788531600,2026-09-04 23:20:00,116.32,116.71,115.9,116.49,608201
1788531900,2026-09-04 23:25:00,116.5,116.92,115.41,116.92,864313
1788532200,2026-09-04 23:30:00,116.92,116.97,115.88,115.93,796889
1788532500,2026-09-04 23:35:00,115.93,116.69,115.93,116.6,339416
1788532800,2026-09-04 23:40:00,116.57,116.69,115.72,115.76,674368
1788533100,2026-09-04 23:45:00,115.75,115.89,114.86,114.86,481722
1788533400,2026-09-04 23:50:00,114.87,115.86,114.87,115.7,471303
1788533700,2026-09-04 23:55:00,115.72,116.27,115.64,116.07,267280
1788534000,2026-09-05 00:00:00,116.09,116.46,115.93,116.33,196470
1788534300,2026-09-05 00:05:00,116.33,116.55,116.01,116.5,139939
1788534600,2026-09-05 00:10:00,116.5,117.55,116.39,117.45,432772
1788534900,2026-09-05 00:15:00,117.42,117.47,116.62,116.72,118753
1788535200,2026-09-05 00:20:00,116.71,116.8,115.99,116.06,124203
1788535500,2026-09-05 00:25:00,116.07,116.3,115.89,116.09,100320
1788535800,2026-09-05 00:30:00,116.07,116.14,115.44,115.58,123566
1788536100,2026-09-05 00:35:00,115.56,116.13,115.5,116.13,99283
1788536400,2026-09-05 00:40:00,116.15,116.35,115.93,116.3,57620
1788536700,2026-09-05 00:45:00,116.27,116.35,115.86,115.95,40699
1788537000,2026-09-05 00:50:00,115.98,116.14,115.65,115.86,55721
1788537300,2026-09-05 00:55:00,115.86,116.07,115.78,116.05,38125
1788537600,2026-09-05 01:00:00,116.06,116.46,116.02,116.37,44076
1788537900,2026-09-05 01:05:00,116.36,116.66,116.32,116.54,67788
1788538200,2026-09-05 01:10:00,116.57,116.83,116.48,116.69,44054
1788538500,2026-09-05 01:15:00,116.68,116.99,116.6,116.71,67245
1788538800,2026-09-05 01:20:00,116.71,117.12,116.57,116.79,71604
1788539100,2026-09-05 01:25:00,116.78,116.99,116.64,116.92,35480
1788539400,2026-09-05 01:30:00,116.91,117.11,116.86,117.05,44721
1788539700,2026-09-05 01:35:00,117.07,117.08,116.87,116.93,49492
1788540000,2026-09-05 01:40:00,116.91,117.13,116.9,117.05,34371
1788540300,2026-09-05 01:45:00,117.03,117.49,116.84,117.49,73186
1788540600,2026-09-05 01:50:00,117.5,117.61,117.28,117.38,95380
1788540900,2026-09-05 01:55:00,117.38,117.57,117.29,117.49,37602
1788541200,2026-09-05 02:00:00,117.44,117.46,116.81,116.92,75247
1788541500,2026-09-05 02:05:00,116.9,117.08,116.57,116.57,67118
1788541800,2026-09-05 02:10:00,116.58,116.78,116.5,116.5,61267
1788542100,2026-09-05 02:15:00,116.5,116.73,116.38,116.44,70094
1788542400,2026-09-05 02:20:00,116.47,116.48,116.05,116.08,100126
1788542700,2026-09-05 02:25:00,116.08,116.2,115.68,115.76,68990
1788543000,2026-09-05 02:30:00,115.77,115.82,115.57,115.6,61811
1788543300,2026-09-05 02:35:00,115.56,115.97,115.56,115.89,46683
1788543600,2026-09-05 02:40:00,115.89,115.89,115.37,115.49,71727
1788543900,2026-09-05 02:45:00,115.51,115.69,115.17,115.51,89154
1788544200,2026-09-05 02:50:00,115.52,115.75,115.52,115.61,40855
1788544500,2026-09-05 02:55:00,115.62,116.01,115.56,115.89,37576
1788544800,2026-09-05 03:00:00,115.88,115.91,115.35,115.38,44507
1788545100,2026-09-05 03:05:00,115.4,115.75,115.34,115.74,59118
1788545400,2026-09-05 03:10:00,115.75,115.89,115.59,115.61,47807
1788545700,2026-09-05 03:15:00,115.59,116.16,115.59,116.12,19627
1788546000,2026-09-05 03:20:00,116.12,116.29,116.01,116.14,15341
1788546300,2026-09-05 03:25:00,116.15,116.5,116.14,116.47,14910
1788546600,2026-09-05 03:30:00,116.47,116.58,116.41,116.53,37008
1788546900,2026-09-05 03:35:00,116.52,116.62,116.14,116.27,128323
1788547200,2026-09-05 03:40:00,116.28,116.38,116.1,116.33,35136
1788547500,2026-09-05 03:45:00,116.34,116.42,116.22,116.34,30191
1788547800,2026-09-05 03:50:00,116.34,116.36,116.05,116.12,51534
1788548100,2026-09-05 03:55:00,116.11,116.22,115.93,115.94,27744
1788548400,2026-09-05 04:00:00,115.97,116.12,115.5,115.53,90389
1788548700,2026-09-05 04:05:00,115.58,115.7,115.22,115.22,129156
1788549000,2026-09-05 04:10:00,115.24,115.4,115.02,115.02,70102
1788549300,2026-09-05 04:15:00,115.07,115.4,115.07,115.4,72045
1788549600,2026-09-05 04:20:00,115.37,115.57,115.34,115.55,48079
1788549900,2026-09-05 04:25:00,115.57,115.61,115.28,115.4,98926
1788550200,2026-09-05 04:30:00,115.39,116.21,115.16,116.15,193371
1788550500,2026-09-05 04:35:00,116.16,116.75,116.09,116.59,101675
1788550800,2026-09-05 04:40:00,116.57,116.75,116.44,116.7,261128
1788551100,2026-09-05 04:45:00,116.72,117.15,116.7,117,84532
1788551400,2026-09-05 04:50:00,116.98,117.64,116.98,117.38,260206
1788551700,2026-09-05 04:55:00,117.41,118.19,117.4,117.52,573213
1788552000,2026-09-05 05:00:00,117.54,117.54,116.93,117,260647
1788552300,2026-09-05 05:05:00,117,117.15,116.91,117.15,44375
1788552600,2026-09-05 05:10:00,117.14,117.24,117.11,117.17,33039
1788552900,2026-09-05 05:15:00,117.17,117.23,116.86,116.88,116978
1788553200,2026-09-05 05:20:00,116.91,116.94,116.74,116.79,39971
1788553500,2026-09-05 05:25:00,116.78,116.86,116.74,116.8,31550
1788553800,2026-09-05 05:30:00,116.78,116.95,116.76,116.86,23653
1788554100,2026-09-05 05:35:00,116.87,116.95,116.79,116.84,16130
1788554400,2026-09-05 05:40:00,116.87,117.09,116.84,117.09,35787
1788554700,2026-09-05 05:45:00,117.08,117.08,116.88,116.94,24479
1788555000,2026-09-05 05:50:00,116.93,116.94,116.82,116.89,19320
1788555300,2026-09-05 05:55:00,116.84,116.87,116.71,116.82,20598
1788555600,2026-09-05 06:00:00,116.79,117.12,116.72,116.93,102540
1788555900,2026-09-05 06:05:00,116.92,116.97,116.84,116.87,26519
1788556200,2026-09-05 06:10:00,116.88,117.03,116.87,116.99,69119
1788556500,2026-09-05 06:15:00,117.02,117.07,116.76,116.87,65445
1788556800,2026-09-05 06:20:00,116.88,117.03,116.82,116.9,38040
1788557100,2026-09-05 06:25:00,116.9,116.99,116.89,116.91,12119
1788557400,2026-09-05 06:30:00,116.92,116.94,116.87,116.88,7553
1788557700,2026-09-05 06:35:00,116.86,116.87,116.82,116.85,8670
1788558000,2026-09-05 06:40:00,116.84,116.86,116.69,116.78,10376
1788558300,2026-09-05 06:45:00,116.77,116.8,116.69,116.7,7606
1788558600,2026-09-05 06:50:00,116.69,116.73,116.66,116.67,2042
1788558900,2026-09-05 06:55:00,116.66,116.87,116.66,116.82,21938
1788559200,2026-09-05 07:00:00,116.82,116.92,116.8,116.9,35940
1788559500,2026-09-05 07:05:00,116.89,116.91,116.81,116.83,77403
1788559800,2026-09-05 07:10:00,116.82,116.83,116.72,116.73,41866
1788560100,2026-09-05 07:15:00,116.73,116.8,116.7,116.77,42103
1788560400,2026-09-05 07:20:00,116.78,116.8,116.73,116.76,18488
1788560700,2026-09-05 07:25:00,116.76,116.79,116.72,116.74,22579
1788561000,2026-09-05 07:30:00,116.74,116.8,116.72,116.73,8387
1788561300,2026-09-05 07:35:00,116.74,116.77,116.71,116.73,3860
1788561600,2026-09-05 07:40:00,116.73,116.81,116.73,116.79,3031
1788561900,2026-09-05 07:45:00,116.8,116.87,116.79,116.86,2908
1788562200,2026-09-05 07:50:00,116.87,116.87,116.76,116.78,4852
1788562500,2026-09-05 07:55:00,116.77,116.83,116.75,116.77,4269
1788562800,2026-09-05 08:00:00,116.8,116.89,116.79,116.88,16735
1788563100,2026-09-05 08:05:00,116.88,116.9,116.8,116.83,15430
1788563400,2026-09-05 08:10:00,116.84,116.9,116.81,116.9,56497
1788563700,2026-09-05 08:15:00,116.91,116.91,116.77,116.78,101324
1788564000,2026-09-05 08:20:00,116.78,116.78,116.58,116.62,24258
1788564300,2026-09-05 08:25:00,116.61,116.72,116.6,116.69,16718
1788564600,2026-09-05 08:30:00,116.69,116.69,116.55,116.55,17176
1788564900,2026-09-05 08:35:00,116.54,116.54,116.43,116.5,29545
1788565200,2026-09-05 08:40:00,116.5,116.57,116.44,116.57,21313
1788565500,2026-09-05 08:45:00,116.59,116.62,116.49,116.55,18213
1788565800,2026-09-05 08:50:00,116.56,116.63,116.52,116.6,58823
1788566100,2026-09-05 08:55:00,116.6,116.63,116.52,116.57,38617
1788566400,2026-09-05 09:00:00,116.57,116.57,116.33,116.33,37325
1788566700,2026-09-05 09:05:00,116.33,116.36,116.18,116.26,92234
1788567000,2026-09-05 09:10:00,116.26,116.34,116.17,116.22,62535
1788567300,2026-09-05 09:15:00,116.24,116.28,116.16,116.16,42529
1788567600,2026-09-05 09:20:00,116.16,116.27,116.16,116.23,43311
1788567900,2026-09-05 09:25:00,116.23,116.26,116.18,116.24,34179
1788568200,2026-09-05 09:30:00,116.2,116.26,116.18,116.21,47650
1788568500,2026-09-05 09:35:00,116.21,116.24,116.2,116.24,10784
1788568800,2026-09-05 09:40:00,116.24,116.26,115.9,115.93,49568
1788569100,2026-09-05 09:45:00,115.93,116.16,115.91,116.1,35587
1788569400,2026-09-05 09:50:00,116.07,116.17,116.06,116.09,48897
1788569700,2026-09-05 09:55:00,116.09,116.13,116,116.01,51522
1788570000,2026-09-05 10:00:00,116.05,116.1,116.03,116.09,34678
1788570300,2026-09-05 10:05:00,116.07,116.24,116,116.14,22413
1788570600,2026-09-05 10:10:00,116.13,116.13,116.01,116.04,25342
1788570900,2026-09-05 10:15:00,116.04,116.07,116,116,14656
1788571200,2026-09-05 10:20:00,116.03,116.08,116.01,116.02,30939
1788571500,2026-09-05 10:25:00,116,116.05,115.99,116.01,24701
1788571800,2026-09-05 10:30:00,116.01,116.05,116,116.04,19472
1788572100,2026-09-05 10:35:00,116.03,116.04,115.99,116.02,11408
1788572400,2026-09-05 10:40:00,116.02,116.04,115.98,116.01,5560
1788572700,2026-09-05 10:45:00,116.01,116.1,116,116.04,7820
1788573000,2026-09-05 10:50:00,116.04,116.1,116.04,116.08,4736
1788573300,2026-09-05 10:55:00,116.08,116.1,116,116.09,4847
1788573600,2026-09-05 11:00:00,116.09,116.1,116.03,116.08,9757
1788573900,2026-09-05 11:05:00,116.1,116.19,116.02,116.09,31333
1788574200,2026-09-05 11:10:00,116.09,116.09,116,116.02,48815
1788574500,2026-09-05 11:15:00,116.02,116.22,115.99,116.11,55059
1788574800,2026-09-05 11:20:00,116.14,116.19,116.05,116.09,27256
1788575100,2026-09-05 11:25:00,116.1,116.14,116.05,116.14,12023
1788575400,2026-09-05 11:30:00,116.14,116.22,116.14,116.15,26421
1788575700,2026-09-05 11:35:00,116.14,116.17,116.14,116.15,15047
1788576000,2026-09-05 11:40:00,116.16,116.16,116.03,116.07,47556
1788576300,2026-09-05 11:45:00,116.08,116.09,116.04,116.06,18710
1788576600,2026-09-05 11:50:00,116.06,116.09,116.02,116.03,14715
1788576900,2026-09-05 11:55:00,116.04,116.1,116.02,116.08,7038
1788577200,2026-09-05 12:00:00,116.06,116.06,115.88,115.96,26343
1788577500,2026-09-05 12:05:00,115.94,116,115.81,115.82,66839
1788577800,2026-09-05 12:10:00,115.82,115.87,115.8,115.86,39791
1788578100,2026-09-05 12:15:00,115.83,115.92,115.83,115.88,35398
1788578400,2026-09-05 12:20:00,115.89,115.93,115.85,115.86,18475
1788578700,2026-09-05 12:25:00,115.87,116.02,115.86,116.01,12585
1788579000,2026-09-05 12:30:00,116.01,116.01,115.93,115.98,7974
1788579300,2026-09-05 12:35:00,115.99,116.04,115.97,116.01,5494
1788579600,2026-09-05 12:40:00,116.01,116.05,115.98,116.02,6619
1788579900,2026-09-05 12:45:00,116.02,116.09,116.02,116.06,3229
1788580200,2026-09-05 12:50:00,116.06,116.08,115.98,116.03,4486
1788580500,2026-09-05 12:55:00,116.04,116.06,115.99,116.06,2961
1788580800,2026-09-05 13:00:00,116.05,116.06,116.02,116.05,3980
1788581100,2026-09-05 13:05:00,116.02,116.08,116,116.06,17635
1788581400,2026-09-05 13:10:00,116.05,116.11,116.05,116.07,32232
1788581700,2026-09-05 13:15:00,116.08,116.09,116.03,116.06,27096
1788582000,2026-09-05 13:20:00,116.06,116.07,116.03,116.05,10672
1788582300,2026-09-05 13:25:00,116.05,116.18,116.05,116.17,16553
1788582600,2026-09-05 13:30:00,116.17,116.19,116.06,116.08,19895
1788582900,2026-09-05 13:35:00,116.08,116.16,116.06,116.08,9237
1788583200,2026-09-05 13:40:00,116.07,116.11,116.06,116.07,4377
1788583500,2026-09-05 13:45:00,116.08,116.15,116.05,116.1,3786
1788583800,2026-09-05 13:50:00,116.09,116.18,116.09,116.16,5759
1788584100,2026-09-05 13:55:00,116.16,116.25,116.14,116.23,19513
1788584400,2026-09-05 14:00:00,116.24,116.42,116.2,116.35,21300
1788584700,2026-09-05 14:05:00,116.35,116.56,116.31,116.53,34633
1788585000,2026-09-05 14:10:00,116.53,116.53,116.3,116.34,30505
1788585300,2026-09-05 14:15:00,116.33,116.38,116.25,116.28,43032
1788585600,2026-09-05 14:20:00,116.25,116.37,116.07,116.09,25841
1788585900,2026-09-05 14:25:00,116.08,116.11,116.03,116.05,31317
1788586200,2026-09-05 14:30:00,116.05,116.16,116.01,116.11,23780
1788586500,2026-09-05 14:35:00,116.11,116.19,116.05,116.05,25869
1788586800,2026-09-05 14:40:00,116.05,116.07,116.01,116.04,16747
1788587100,2026-09-05 14:45:00,116.04,116.06,116,116.01,5638
1788587400,2026-09-05 14:50:00,116.02,116.09,116.01,116.08,23148
1788587700,2026-09-05 14:55:00,116.08,116.19,116.07,116.14,12936
1788588000,2026-09-05 15:00:00,116.14,116.18,116.1,116.14,5094
1788588300,2026-09-05 15:05:00,116.14,116.16,116.08,116.16,20438
1788588600,2026-09-05 15:10:00,116.16,116.19,116.13,116.15,15479
1788588900,2026-09-05 15:15:00,116.15,116.17,116.11,116.15,19914
1788589200,2026-09-05 15:20:00,116.14,116.27,116.14,116.2,9584
1788589500,2026-09-05 15:25:00,116.19,116.25,116.16,116.19,3242
1788589800,2026-09-05 15:30:00,116.2,116.25,116.16,116.23,5300
1788590100,2026-09-05 15:35:00,116.21,116.25,116.16,116.25,3922
1788590400,2026-09-05 15:40:00,116.25,116.35,116.23,116.27,3923
1788590700,2026-09-05 15:45:00,116.26,116.27,116.12,116.23,12726
1788591000,2026-09-05 15:50:00,116.22,116.27,116.21,116.25,7306
1788591300,2026-09-05 15:55:00,116.24,116.35,116.24,116.25,4188
1788591600,2026-09-05 16:00:00,116.26,116.29,116.15,116.2,5667
1788591900,2026-09-05 16:05:00,116.19,116.2,116.16,116.19,3362
1788592200,2026-09-05 16:10:00,116.2,116.22,116.11,116.18,17421
1788592500,2026-09-05 16:15:00,116.19,116.21,116.13,116.2,17246
1788592800,2026-09-05 16:20:00,116.19,116.19,116.07,116.11,7585
1788593100,2026-09-05 16:25:00,116.1,116.16,116.08,116.08,5115
1788593400,2026-09-05 16:30:00,116.08,116.11,116.05,116.1,2941
1788593700,2026-09-05 16:35:00,116.09,116.12,116.07,116.09,8325
1788594000,2026-09-05 16:40:00,116.07,116.1,116.05,116.07,6823
1788594300,2026-09-05 16:45:00,116.06,116.12,116.03,116.12,14586
1788594600,2026-09-05 16:50:00,116.12,116.17,116.07,116.12,8098
1788594900,2026-09-05 16:55:00,116.14,116.16,116.07,116.12,5657
1788595200,2026-09-05 17:00:00,116.12,116.14,116.06,116.1,19759
1788595500,2026-09-05 17:05:00,116.1,116.1,116.05,116.07,10369
1788595800,2026-09-05 17:10:00,116.08,116.1,116.07,116.09,3633
1788596100,2026-09-05 17:15:00,116.09,116.16,116.08,116.11,3236
1788596400,2026-09-05 17:20:00,116.11,116.15,116.1,116.15,3308
1788596700,2026-09-05 17:25:00,116.16,116.18,116.13,116.16,4862
1788597000,2026-09-05 17:30:00,116.15,116.15,116.1,116.12,5658
1788597300,2026-09-05 17:35:00,116.13,116.14,116.12,116.13,3946
1788597600,2026-09-05 17:40:00,116.11,116.12,116.11,116.12,2196
1788597900,2026-09-05 17:45:00,116.13,116.17,116.08,116.15,22667
1788598200,2026-09-05 17:50:00,116.15,116.21,116.14,116.2,11764
1788598500,2026-09-05 17:55:00,116.2,116.23,116.18,116.18,5861
1788598800,2026-09-05 18:00:00,116.18,116.23,116.18,116.22,6897
1788599100,2026-09-05 18:05:00,116.24,116.28,116.22,116.23,6388
1788599400,2026-09-05 18:10:00,116.24,116.24,116.1,116.23,5791
1788599700,2026-09-05 18:15:00,116.23,116.23,116.17,116.19,4668
1788600000,2026-09-05 18:20:00,116.19,116.23,116.13,116.2,3841
1788600300,2026-09-05 18:25:00,116.2,116.32,116.2,116.31,8335
1788600600,2026-09-05 18:30:00,116.3,116.3,116.26,116.29,14493
1788600900,2026-09-05 18:35:00,116.28,116.31,116.26,116.29,20163
1788601200,2026-09-05 18:40:00,116.32,116.39,116.28,116.29,15723
1788601500,2026-09-05 18:45:00,116.29,116.34,116.27,116.29,6995
1788601800,2026-09-05 18:50:00,116.29,116.37,116.23,116.23,4315
1788602100,2026-09-05 18:55:00,116.24,116.28,116.23,116.25,3568
1788602400,2026-09-05 19:00:00,116.24,116.28,116.23,116.27,3234
1788602700,2026-09-05 19:05:00,116.25,116.27,116.22,116.26,3403
1788603000,2026-09-05 19:10:00,116.26,116.26,116.25,116.26,3020
1788603300,2026-09-05 19:15:00,116.26,116.29,116.2,116.21,7074
1788603600,2026-09-05 19:20:00,116.21,116.27,116.2,116.22,8199
1788603900,2026-09-05 19:25:00,116.23,116.26,116.21,116.23,3175
1788604200,2026-09-05 19:30:00,116.21,116.26,116.21,116.23,1816
1788604500,2026-09-05 19:35:00,116.23,116.27,116.2,116.26,1043
1788604800,2026-09-05 19:40:00,116.26,116.28,116.26,116.26,751
1788605100,2026-09-05 19:45:00,116.26,116.28,116.26,116.28,625
1788605400,2026-09-05 19:50:00,116.27,116.28,116.24,116.24,440
1788605700,2026-09-05 19:55:00,116.26,116.26,116.24,116.26,385
1788606000,2026-09-05 20:00:00,116.25,116.26,116.23,116.26,448
1788606300,2026-09-05 20:05:00,116.23,116.26,116.23,116.26,554
1788606600,2026-09-05 20:10:00,116.25,116.27,116.22,116.24,810
1788606900,2026-09-05 20:15:00,116.23,116.27,116.22,116.25,2590
1788607200,2026-09-05 20:20:00,116.26,116.37,116.24,116.35,7959
1788607500,2026-09-05 20:25:00,116.34,116.4,116.24,116.26,4106
1788607800,2026-09-05 20:30:00,116.25,116.3,116.06,116.19,12202
1788608100,2026-09-05 20:35:00,116.19,116.2,116.11,116.16,13358
1788608400,2026-09-05 20:40:00,116.16,116.2,116.14,116.19,14636
1788608700,2026-09-05 20:45:00,116.19,116.23,116.14,116.16,14621
1788609000,2026-09-05 20:50:00,116.17,116.18,116.13,116.15,13281
1788609300,2026-09-05 20:55:00,116.17,116.22,116.15,116.2,10470
1788609600,2026-09-05 21:00:00,116.21,116.22,116.18,116.2,5647
1788609900,2026-09-05 21:05:00,116.18,116.22,116.15,116.19,3432
1788610200,2026-09-05 21:10:00,116.19,116.31,116.17,116.31,4009
1788610500,2026-09-05 21:15:00,116.31,116.39,116.27,116.28,16762
1788610800,2026-09-05 21:20:00,116.28,116.29,116.24,116.25,37253
1788611100,2026-09-05 21:25:00,116.24,116.29,116.24,116.27,19770
1788611400,2026-09-05 21:30:00,116.27,116.38,116.24,116.37,9594
1788611700,2026-09-05 21:35:00,116.36,116.37,116.29,116.36,7161
1788612000,2026-09-05 21:40:00,116.36,116.38,116.32,116.36,4959
1788612300,2026-09-05 21:45:00,116.36,116.36,116.3,116.3,5310
1788612600,2026-09-05 21:50:00,116.31,116.31,116.26,116.29,24059
1788612900,2026-09-05 21:55:00,116.29,116.3,116.25,116.26,8543
1788613200,2026-09-05 22:00:00,116.27,116.34,116.27,116.33,4806
1788613500,2026-09-05 22:05:00,116.32,116.33,116.27,116.28,3763
1788613800,2026-09-05 22:10:00,116.28,116.31,116.26,116.3,2802
1788614100,2026-09-05 22:15:00,116.29,116.31,116.27,116.29,1887
1788614400,2026-09-05 22:20:00,116.29,116.33,116.29,116.31,1539
1788614700,2026-09-05 22:25:00,116.3,116.35,116.29,116.35,1447
1788615000,2026-09-05 22:30:00,116.35,116.41,116.31,116.36,33484
1788615300,2026-09-05 22:35:00,116.34,116.4,116.33,116.39,43805
1788615600,2026-09-05 22:40:00,116.38,116.41,116.29,116.29,46493
1788615900,2026-09-05 22:45:00,116.3,116.3,116.21,116.22,91289
1788616200,2026-09-05 22:50:00,116.22,116.25,116.08,116.23,321195
1788616500,2026-09-05 22:55:00,116.23,116.26,116.14,116.19,69388
1788616800,2026-09-05 23:00:00,116.22,116.23,116.17,116.19,51246
1788617100,2026-09-05 23:05:00,116.19,116.24,116.18,116.19,34532
1788617400,2026-09-05 23:10:00,116.2,116.21,116.17,116.21,20388
1788617700,2026-09-05 23:15:00,116.21,116.21,116.17,116.17,11516
1788618000,2026-09-05 23:20:00,116.17,116.17,116.13,116.16,5951
1788618300,2026-09-05 23:25:00,116.16,116.18,116.12,116.16,8210
1788618600,2026-09-05 23:30:00,116.16,116.17,116.12,116.12,8186
1788618900,2026-09-05 23:35:00,116.12,116.12,116.1,116.12,4705
1788619200,2026-09-05 23:40:00,116.12,116.12,116.09,116.1,2787
1788619500,2026-09-05 23:45:00,116.1,116.14,116.08,116.14,1987
1788619800,2026-09-05 23:50:00,116.15,116.17,116.12,116.15,4790
1788620100,2026-09-05 23:55:00,116.15,116.2,116.15,116.19,2969
1788620400,2026-09-06 00:00:00,116.19,116.23,116.18,116.22,2473
1788620700,2026-09-06 00:05:00,116.25,116.27,116.19,116.23,2397
1788621000,2026-09-06 00:10:00,116.22,116.28,116.22,116.27,3333
1788621300,2026-09-06 00:15:00,116.27,116.28,116.25,116.25,1960
1788621600,2026-09-06 00:20:00,116.26,116.27,116.16,116.16,4541
1788621900,2026-09-06 00:25:00,116.17,116.22,116.17,116.21,4878
1788622200,2026-09-06 00:30:00,116.21,116.22,116.21,116.21,2222
1788622500,2026-09-06 00:35:00,116.21,116.26,116.19,116.24,6440
1788622800,2026-09-06 00:40:00,116.23,116.25,116.18,116.21,13185
1788623100,2026-09-06 00:45:00,116.2,116.23,116.2,116.22,10921
1788623400,2026-09-06 00:50:00,116.22,116.22,116.21,116.22,3213
1788623700,2026-09-06 00:55:00,116.22,116.26,116.18,116.26,6092
1788624000,2026-09-06 01:00:00,116.26,116.27,116.16,116.19,27466
1788624300,2026-09-06 01:05:00,116.2,116.23,116.17,116.23,28696
1788624600,2026-09-06 01:10:00,116.23,116.24,116.2,116.2,7527
1788624900,2026-09-06 01:15:00,116.19,116.21,116.18,116.19,2716
1788625200,2026-09-06 01:20:00,116.2,116.23,116.2,116.2,3337
1788625500,2026-09-06 01:25:00,116.2,116.21,116.17,116.18,2488
1788625800,2026-09-06 01:30:00,116.19,116.2,116.14,116.19,30724
1788626100,2026-09-06 01:35:00,116.19,116.25,116.17,116.25,32824
1788626400,2026-09-06 01:40:00,116.24,116.25,116.19,116.19,17879
1788626700,2026-09-06 01:45:00,116.2,116.2,116.15,116.16,12859
1788627000,2026-09-06 01:50:00,116.15,116.19,116.15,116.17,11500
1788627300,2026-09-06 01:55:00,116.17,116.18,116.14,116.16,8095
1788627600,2026-09-06 02:00:00,116.14,116.2,116.14,116.17,4021
1788627900,2026-09-06 02:05:00,116.17,116.18,116.13,116.17,4715
1788628200,2026-09-06 02:10:00,116.16,116.17,116.14,116.15,1595
1788628500,2026-09-06 02:15:00,116.14,116.19,116.14,116.17,3699
1788628800,2026-09-06 02:20:00,116.17,116.19,116.15,116.16,5294
1788629100,2026-09-06 02:25:00,116.17,116.22,116.17,116.22,6227
1788629400,2026-09-06 02:30:00,116.21,116.24,116.14,116.21,10134
1788629700,2026-09-06 02:35:00,116.21,116.22,116.2,116.22,5409
1788630000,2026-09-06 02:40:00,116.22,116.29,116.21,116.23,3608
1788630300,2026-09-06 02:45:00,116.22,116.24,116.12,116.18,7570
1788630600,2026-09-06 02:50:00,116.18,116.2,116.14,116.17,6681
1788630900,2026-09-06 02:55:00,116.17,116.18,116.14,116.16,1479
1788631200,2026-09-06 03:00:00,116.15,116.18,116.14,116.16,2546
1788631500,2026-09-06 03:05:00,116.16,116.19,116.15,116.17,1569
1788631800,2026-09-06 03:10:00,116.16,116.18,116.15,116.18,1094
1788632100,2026-09-06 03:15:00,116.18,116.2,116.17,116.19,979
1788632400,2026-09-06 03:20:00,116.2,116.2,116.15,116.18,2875
1788632700,2026-09-06 03:25:00,116.19,116.24,116.18,116.22,3182
1788633000,2026-09-06 03:30:00,116.22,116.25,116.16,116.19,2379
1788633300,2026-09-06 03:35:00,116.18,116.2,116.16,116.18,1375
1788633600,2026-09-06 03:40:00,116.17,116.18,116.15,116.18,1027
1788633900,2026-09-06 03:45:00,116.18,116.21,116.18,116.21,937
1788634200,2026-09-06 03:50:00,116.2,116.25,116.2,116.23,3810
1788634500,2026-09-06 03:55:00,116.23,116.27,116.23,116.27,2603
1788634800,2026-09-06 04:00:00,116.27,116.29,116.26,116.29,903
1788635100,2026-09-06 04:05:00,116.29,116.3,116.28,116.3,702
1788635400,2026-09-06 04:10:00,116.31,116.32,116.29,116.3,2412
1788635700,2026-09-06 04:15:00,116.29,116.34,116.29,116.3,1594
1788636000,2026-09-06 04:20:00,116.3,116.3,116.25,116.27,1741
1788636300,2026-09-06 04:25:00,116.27,116.27,116.11,116.17,6926
1788636600,2026-09-06 04:30:00,116.16,116.2,116.16,116.18,10615
1788636900,2026-09-06 04:35:00,116.18,116.2,116.17,116.17,4779
1788637200,2026-09-06 04:40:00,116.17,116.21,116.14,116.2,6684
1788637500,2026-09-06 04:45:00,116.2,116.21,116.17,116.19,6677
1788637800,2026-09-06 04:50:00,116.2,116.25,116.2,116.25,2792
1788638100,2026-09-06 04:55:00,116.25,116.29,116.25,116.28,1795
1788638400,2026-09-06 05:00:00,116.3,117.11,116.29,117.08,42762
1788638700,2026-09-06 05:05:00,117.1,118.23,117.09,118.14,156955
1788639000,2026-09-06 05:10:00,118.14,118.46,117.79,117.79,95655
1788639300,2026-09-06 05:15:00,117.81,117.81,117.52,117.53,46815
1788639600,2026-09-06 05:20:00,117.54,117.54,117.38,117.39,28746
1788639900,2026-09-06 05:25:00,117.38,117.52,117.3,117.31,55395
1788640200,2026-09-06 05:30:00,117.31,117.43,117.3,117.37,48941
1788640500,2026-09-06 05:35:00,117.37,117.41,117.25,117.32,33490
1788640800,2026-09-06 05:40:00,117.32,117.37,117.32,117.35,22220
1788641100,2026-09-06 05:45:00,117.35,117.42,117.25,117.3,38782
1788641400,2026-09-06 05:50:00,117.3,117.34,117.22,117.29,27488
1788641700,2026-09-06 05:55:00,117.29,117.34,117.28,117.33,19385
1788642000,2026-09-06 06:00:00,117.33,117.34,117.33,117.34,10306
1788642300,2026-09-06 06:05:00,117.34,117.36,117.31,117.36,6505
1788642600,2026-09-06 06:10:00,117.4,117.7,117.39,117.64,45152
1788642900,2026-09-06 06:15:00,117.64,117.65,117.53,117.53,27943
1788643200,2026-09-06 06:20:00,117.49,117.62,117.43,117.59,18498
1788643500,2026-09-06 06:25:00,117.59,117.62,117.41,117.55,39603
1788643800,2026-09-06 06:30:00,117.53,117.54,117.47,117.51,46175
1788644100,2026-09-06 06:35:00,117.51,117.7,117.51,117.65,50676
1788644400,2026-09-06 06:40:00,117.65,117.66,117.51,117.61,27751
1788644700,2026-09-06 06:45:00,117.62,117.64,117.57,117.61,39895
1788645000,2026-09-06 06:50:00,117.6,117.68,117.6,117.67,39713
1788645300,2026-09-06 06:55:00,117.68,117.68,117.61,117.64,32500
1788645600,2026-09-06 07:00:00,117.64,117.68,117.53,117.65,55332
1788645900,2026-09-06 07:05:00,117.66,117.68,117.6,117.66,69943
1788646200,2026-09-06 07:10:00,117.7,117.74,117.64,117.73,32796
1788646500,2026-09-06 07:15:00,117.73,117.77,117.65,117.67,24003
1788646800,2026-09-06 07:20:00,117.67,117.76,117.65,117.75,43173
1788647100,2026-09-06 07:25:00,117.77,117.88,117.71,117.84,78250
1788647400,2026-09-06 07:30:00,117.82,118.09,117.82,118.09,64319
1788647700,2026-09-06 07:35:00,118.07,118.11,118.01,118.02,45508
1788648000,2026-09-06 07:40:00,118.02,118.12,117.98,117.98,44177
1788648300,2026-09-06 07:45:00,117.98,118.02,117.98,118,98755
1788648600,2026-09-06 07:50:00,118,118.07,117.99,118.05,61054
1788648900,2026-09-06 07:55:00,118.02,118.09,118.01,118.06,75496
1788649200,2026-09-06 08:00:00,118.09,118.12,118.01,118.02,59307
1788649500,2026-09-06 08:05:00,118.02,118.02,117.96,118.01,33635
1788649800,2026-09-06 08:10:00,118.02,118.14,117.98,118.14,37165
1788650100,2026-09-06 08:15:00,118.11,118.11,118,118.04,38422
1788650400,2026-09-06 08:20:00,118.04,118.05,117.96,117.98,29637
1788650700,2026-09-06 08:25:00,117.98,118,117.88,117.89,40836
1788651000,2026-09-06 08:30:00,117.95,117.95,117.85,117.86,69283
1788651300,2026-09-06 08:35:00,117.85,117.9,117.81,117.83,38215
1788651600,2026-09-06 08:40:00,117.85,117.9,117.84,117.88,20906
1788651900,2026-09-06 08:45:00,117.87,117.99,117.87,117.95,7670
1788652200,2026-09-06 08:50:00,117.92,118.07,117.91,118.03,6114
1788652500,2026-09-06 08:55:00,118.05,118.06,117.96,117.97,3982
1788652800,2026-09-06 09:00:00,117.97,118.02,117.94,118.02,9451
1788653100,2026-09-06 09:05:00,118.01,118.16,118,118.16,27623
1788653400,2026-09-06 09:10:00,118.16,118.36,118.16,118.35,92480
1788653700,2026-09-06 09:15:00,118.32,118.32,118.12,118.12,58972
1788654000,2026-09-06 09:20:00,118.12,118.23,118.12,118.22,17038
1788654300,2026-09-06 09:25:00,118.23,118.23,118.15,118.17,11019
1788654600,2026-09-06 09:30:00,118.14,118.18,118.08,118.12,10971
1788654900,2026-09-06 09:35:00,118.09,118.15,118.03,118.09,158935
1788655200,2026-09-06 09:40:00,118.08,118.1,118,118.02,66069
1788655500,2026-09-06 09:45:00,118,118.07,118,118,61149
1788655800,2026-09-06 09:50:00,118,118.17,118,118.15,30078
1788656100,2026-09-06 09:55:00,118.15,118.15,118.02,118.11,41608
1788656400,2026-09-06 10:00:00,118.11,118.19,118.06,118.13,39586
1788656700,2026-09-06 10:05:00,118.14,118.2,118.01,118.01,29218
1788657000,2026-09-06 10:10:00,118,118.02,117.84,117.86,37737
1788657300,2026-09-06 10:15:00,117.89,117.91,117.86,117.86,35632
1788657600,2026-09-06 10:20:00,117.88,117.89,117.82,117.85,29831
1788657900,2026-09-06 10:25:00,117.85,117.92,117.77,117.81,22473
1788658200,2026-09-06 10:30:00,117.8,117.9,117.8,117.82,20896
1788658500,2026-09-06 10:35:00,117.83,117.83,117.75,117.8,53112
1788658800,2026-09-06 10:40:00,117.8,117.84,117.74,117.77,61444
1788659100,2026-09-06 10:45:00,117.76,117.8,117.74,117.77,45164
1788659400,2026-09-06 10:50:00,117.77,117.79,117.74,117.74,12273
1788659700,2026-09-06 10:55:00,117.75,117.79,117.75,117.77,12625
1788660000,2026-09-06 11:00:00,117.76,117.79,117.71,117.79,61478
1788660300,2026-09-06 11:05:00,117.76,117.8,117.72,117.77,29121
1788660600,2026-09-06 11:10:00,117.76,117.82,117.74,117.8,31130
1788660900,2026-09-06 11:15:00,117.79,117.86,117.79,117.84,28275
1788661200,2026-09-06 11:20:00,117.84,117.86,117.79,117.81,17559
1788661500,2026-09-06 11:25:00,117.82,117.87,117.78,117.87,6329
1788661800,2026-09-06 11:30:00,117.86,117.97,117.83,117.83,8425
1788662100,2026-09-06 11:35:00,117.84,117.9,117.84,117.9,12716
1788662400,2026-09-06 11:40:00,117.89,117.9,117.84,117.89,7473
1788662700,2026-09-06 11:45:00,117.89,118.05,117.89,118.05,6662
1788663000,2026-09-06 11:50:00,118.05,118.05,117.94,117.94,1416
1788663300,2026-09-06 11:55:00,117.94,117.99,117.89,117.91,6781
1788663600,2026-09-06 12:00:00,117.9,117.97,117.84,117.91,11599
1788663900,2026-09-06 12:05:00,117.94,118.04,117.89,118.03,28259
1788664200,2026-09-06 12:10:00,118.04,118.04,117.96,118.01,20579
1788664500,2026-09-06 12:15:00,118.01,118.03,117.95,117.95,11499
1788664800,2026-09-06 12:20:00,117.96,118,117.95,117.99,10822
1788665100,2026-09-06 12:25:00,117.99,118.14,117.99,118.12,9068
1788665400,2026-09-06 12:30:00,118.12,118.14,117.96,118,23378
1788665700,2026-09-06 12:35:00,118,118.01,117.94,117.97,32331
1788666000,2026-09-06 12:40:00,117.96,117.98,117.75,117.78,46525
1788666300,2026-09-06 12:45:00,117.76,117.76,117.6,117.6,49655
1788666600,2026-09-06 12:50:00,117.61,117.61,117.53,117.53,51490
1788666900,2026-09-06 12:55:00,117.53,117.54,117.48,117.48,62846
1788667200,2026-09-06 13:00:00,117.47,117.69,117.33,117.69,82514
1788667500,2026-09-06 13:05:00,117.69,117.69,117.54,117.59,71493
1788667800,2026-09-06 13:10:00,117.61,117.61,117.4,117.53,73308
1788668100,2026-09-06 13:15:00,117.51,117.64,117.49,117.57,100937
1788668400,2026-09-06 13:20:00,117.57,117.67,117.49,117.57,113297
1788668700,2026-09-06 13:25:00,117.52,117.83,117.52,117.83,89500
1788669000,2026-09-06 13:30:00,117.74,117.88,117.69,117.78,106385
1788669300,2026-09-06 13:35:00,117.79,117.82,117.72,117.75,90297
1788669600,2026-09-06 13:40:00,117.75,117.77,117.61,117.64,47850
1788669900,2026-09-06 13:45:00,117.62,117.76,117.61,117.72,42675
1788670200,2026-09-06 13:50:00,117.71,117.91,117.65,117.86,49138
1788670500,2026-09-06 13:55:00,117.86,118,117.84,117.9,51502
1788670800,2026-09-06 14:00:00,117.88,118.01,117.86,117.97,45600
1788671100,2026-09-06 14:05:00,117.97,118.07,117.96,118.04,37494
1788671400,2026-09-06 14:10:00,118.06,118.18,118.06,118.17,35680
1788671700,2026-09-06 14:15:00,118.17,118.31,118.13,118.27,40499
1788672000,2026-09-06 14:20:00,118.28,118.32,118.18,118.26,40205
1788672300,2026-09-06 14:25:00,118.26,118.28,118.09,118.24,26716
1788672600,2026-09-06 14:30:00,118.2,118.21,118.06,118.08,20569
1788672900,2026-09-06 14:35:00,118.07,118.41,118.06,118.41,27235
1788673200,2026-09-06 14:40:00,118.43,118.48,118.31,118.33,72958
1788673500,2026-09-06 14:45:00,118.34,118.4,118.24,118.39,58158
1788673800,2026-09-06 14:50:00,118.39,118.43,118.3,118.37,48787
1788674100,2026-09-06 14:55:00,118.36,118.43,118.3,118.33,35149
1788674400,2026-09-06 15:00:00,118.33,118.71,118.32,118.57,140992
1788674700,2026-09-06 15:05:00,118.56,118.83,118.53,118.61,127982
1788675000,2026-09-06 15:10:00,118.61,118.72,118.58,118.71,76963
1788675300,2026-09-06 15:15:00,118.71,119.03,118.69,119.03,206205
1788675600,2026-09-06 15:20:00,119.04,119.05,118.81,118.89,66637
1788675900,2026-09-06 15:25:00,118.91,119.04,118.76,118.77,66737
1788676200,2026-09-06 15:30:00,118.75,119.07,118.74,119.01,90123
1788676500,2026-09-06 15:35:00,119,119.21,118.89,119.17,106964
1788676800,2026-09-06 15:40:00,119.17,119.28,119.13,119.24,172915
1788677100,2026-09-06 15:45:00,119.24,119.34,119.08,119.09,222546
1788677400,2026-09-06 15:50:00,119.1,119.25,119.01,119.23,99313
1788677700,2026-09-06 15:55:00,119.21,119.34,119.12,119.21,74475
1788678000,2026-09-06 16:00:00,119.2,119.31,119.13,119.14,82909
1788678300,2026-09-06 16:05:00,119.14,119.27,119.14,119.25,46401
1788678600,2026-09-06 16:10:00,119.25,119.26,118.92,119.04,89236
1788678900,2026-09-06 16:15:00,119.04,119.25,119,119.21,65030
1788679200,2026-09-06 16:20:00,119.2,119.37,119.17,119.2,77538
1788679500,2026-09-06 16:25:00,119.21,119.23,119.12,119.2,72068
1788679800,2026-09-06 16:30:00,119.2,119.26,119.13,119.17,47002
1788680100,2026-09-06 16:35:00,119.17,119.21,119.15,119.18,38975
1788680400,2026-09-06 16:40:00,119.21,119.42,119.21,119.34,46347
1788680700,2026-09-06 16:45:00,119.34,119.38,119.27,119.36,44868
1788681000,2026-09-06 16:50:00,119.36,119.4,119.23,119.35,42883
1788681300,2026-09-06 16:55:00,119.36,119.4,119.33,119.4,49541
1788681600,2026-09-06 17:00:00,119.39,119.48,119.12,119.23,81126
1788681900,2026-09-06 17:05:00,119.22,119.66,119.18,119.51,87784
1788682200,2026-09-06 17:10:00,119.52,119.55,119.38,119.51,82809
1788682500,2026-09-06 17:15:00,119.51,119.61,119.5,119.53,46415
1788682800,2026-09-06 17:20:00,119.59,119.66,119.5,119.5,20451
1788683100,2026-09-06 17:25:00,119.5,119.54,119.34,119.42,50687
1788683400,2026-09-06 17:30:00,119.43,119.6,119.43,119.52,56734
1788683700,2026-09-06 17:35:00,119.56,119.69,119.55,119.64,52320
1788684000,2026-09-06 17:40:00,119.64,119.68,119.61,119.64,45062
1788684300,2026-09-06 17:45:00,119.63,119.71,119.6,119.71,40471
1788684600,2026-09-06 17:50:00,119.69,119.73,119.67,119.71,71084
1788684900,2026-09-06 17:55:00,119.72,119.76,119.7,119.76,42707
1788685200,2026-09-06 18:00:00,119.76,119.76,119.62,119.75,29349
1788685500,2026-09-06 18:05:00,119.74,119.75,119.65,119.65,42802
1788685800,2026-09-06 18:10:00,119.65,119.8,119.63,119.8,49739
1788686100,2026-09-06 18:15:00,119.81,119.81,119.71,119.75,54685
1788686400,2026-09-06 18:20:00,119.77,119.85,119.75,119.82,51959
1788686700,2026-09-06 18:25:00,119.82,120.11,119.82,120.11,72648
1788687000,2026-09-06 18:30:00,120.12,120.13,119.98,120.01,64010
1788687300,2026-09-06 18:35:00,120.05,120.3,120.05,120.27,58786
1788687600,2026-09-06 18:40:00,120.28,120.36,120.02,120.04,113236
1788687900,2026-09-06 18:45:00,120.06,120.2,120.02,120.12,70981
1788688200,2026-09-06 18:50:00,120.14,120.36,120.11,120.33,55856
1788688500,2026-09-06 18:55:00,120.33,120.55,120.26,120.54,77190
1788688800,2026-09-06 19:00:00,120.55,120.6,120.5,120.59,141485
1788689100,2026-09-06 19:05:00,120.59,120.61,120.25,120.27,89626
1788689400,2026-09-06 19:10:00,120.28,120.35,120.19,120.31,62755
1788689700,2026-09-06 19:15:00,120.31,120.43,120.3,120.42,14231
1788690000,2026-09-06 19:20:00,120.43,120.43,120.12,120.2,29052
1788690300,2026-09-06 19:25:00,120.19,120.29,120.16,120.28,58349
1788690600,2026-09-06 19:30:00,120.28,120.53,120.19,120.36,64003
1788690900,2026-09-06 19:35:00,120.37,120.57,120.36,120.53,69829
1788691200,2026-09-06 19:40:00,120.53,120.63,120.51,120.55,57210
1788691500,2026-09-06 19:45:00,120.56,120.76,120.56,120.68,63234
1788691800,2026-09-06 19:50:00,120.71,120.78,120.66,120.71,63916
1788692100,2026-09-06 19:55:00,120.69,120.73,120.53,120.54,59011
1788692400,2026-09-06 20:00:00,120.53,120.68,120.5,120.66,38944
1788692700,2026-09-06 20:05:00,120.66,120.73,120.56,120.6,51182
1788693000,2026-09-06 20:10:00,120.61,120.65,120.51,120.61,41966
1788693300,2026-09-06 20:15:00,120.61,120.77,120.57,120.71,40255
1788693600,2026-09-06 20:20:00,120.71,120.75,120.63,120.73,43049
1788693900,2026-09-06 20:25:00,120.73,120.75,120.47,120.61,151733
1788694200,2026-09-06 20:30:00,120.62,120.68,120.6,120.62,49424
1788694500,2026-09-06 20:35:00,120.62,120.66,120.48,120.55,40887
1788694800,2026-09-06 20:40:00,120.56,120.62,120.42,120.53,53818
1788695100,2026-09-06 20:45:00,120.53,120.72,120.52,120.61,49542
1788695400,2026-09-06 20:50:00,120.6,120.72,120.59,120.67,40648
1788695700,2026-09-06 20:55:00,120.66,120.75,120.59,120.75,38625
1788696000,2026-09-06 21:00:00,120.74,120.78,120.73,120.77,24986
1788696300,2026-09-06 21:05:00,120.77,120.81,120.67,120.78,15938
1788696600,2026-09-06 21:10:00,120.78,120.88,120.72,120.88,57596
1788696900,2026-09-06 21:15:00,120.87,120.91,120.84,120.91,34674
1788697200,2026-09-06 21:20:00,120.9,121.1,120.84,121.09,42770
1788697500,2026-09-06 21:25:00,121.09,121.15,121.06,121.09,85306
1788697800,2026-09-06 21:30:00,121.1,121.12,120.96,121.03,74888
1788698100,2026-09-06 21:35:00,121.01,121.41,120.99,121.31,91521
1788698400,2026-09-06 21:40:00,121.31,121.5,121.21,121.43,66551
1788698700,2026-09-06 21:45:00,121.43,121.48,121.34,121.35,36594
1788699000,2026-09-06 21:50:00,121.35,121.54,121.34,121.51,77874
1788699300,2026-09-06 21:55:00,121.5,121.6,121.27,121.59,66971
1788699600,2026-09-06 22:00:00,121.59,121.64,121.15,121.24,138453
1788699900,2026-09-06 22:05:00,121.23,121.31,121,121.07,131111
1788700200,2026-09-06 22:10:00,121.07,121.07,119.93,120.35,287329
1788700500,2026-09-06 22:15:00,120.35,120.53,120.33,120.46,127862
1788700800,2026-09-06 22:20:00,120.45,120.9,120.39,120.9,92697
1788701100,2026-09-06 22:25:00,120.9,121.15,120.76,120.99,105723
1788701400,2026-09-06 22:30:00,120.99,121.14,120.99,121.07,59844
1788701700,2026-09-06 22:35:00,121.06,121.19,121.01,121.18,58880
1788702000,2026-09-06 22:40:00,121.18,121.46,121.17,121.45,69815
1788702300,2026-09-06 22:45:00,121.43,121.46,121.25,121.26,56227
1788702600,2026-09-06 22:50:00,121.23,121.26,121.05,121.05,38780
1788702900,2026-09-06 22:55:00,121.05,121.06,120.93,121,31647
1788703200,2026-09-06 23:00:00,120.98,120.98,120.15,120.51,125908
1788703500,2026-09-06 23:05:00,120.52,120.57,120.39,120.44,66752
1788703800,2026-09-06 23:10:00,120.46,120.49,120.02,120.18,77929
1788704100,2026-09-06 23:15:00,120.19,120.87,120.19,120.83,101431
1788704400,2026-09-06 23:20:00,120.83,120.86,120.45,120.52,36796
1788704700,2026-09-06 23:25:00,120.53,120.57,120.32,120.39,61984
1788705000,2026-09-06 23:30:00,120.48,120.74,120.03,120.67,162588
1788705300,2026-09-06 23:35:00,120.6,121.14,120.6,121.1,111581
1788705600,2026-09-06 23:40:00,121.11,121.17,121.03,121.08,49239
1788705900,2026-09-06 23:45:00,121.08,121.17,120.98,120.98,50924
1788706200,2026-09-06 23:50:00,120.99,121.46,120.96,121.28,82966
1788706500,2026-09-06 23:55:00,121.26,121.28,121.15,121.17,52778
1788706800,2026-09-07 00:00:00,121.17,121.17,120.96,121.01,40496
1788707100,2026-09-07 00:05:00,121.03,121.2,121.03,121.1,33459
1788707400,2026-09-07 00:10:00,121.13,121.2,121.1,121.2,32034
1788707700,2026-09-07 00:15:00,121.2,121.4,121.19,121.28,28434
1788708000,2026-09-07 00:20:00,121.27,121.38,121.22,121.29,35488
1788708300,2026-09-07 00:25:00,121.28,121.41,121.27,121.4,26961
1788708600,2026-09-07 00:30:00,121.4,121.4,121.2,121.27,93731
1788708900,2026-09-07 00:35:00,121.27,121.32,121.22,121.31,40396
1788709200,2026-09-07 00:40:00,121.32,121.44,121.32,121.36,33407
1788709500,2026-09-07 00:45:00,121.37,121.43,121.29,121.39,23458
1788709800,2026-09-07 00:50:00,121.37,121.56,121.37,121.47,38010
1788710100,2026-09-07 00:55:00,121.48,121.53,121.43,121.45,75066
1788710400,2026-09-07 01:00:00,121.45,121.5,121.37,121.49,22910
1788710700,2026-09-07 01:05:00,121.49,121.74,121.49,121.5,41611
1788711000,2026-09-07 01:10:00,121.5,121.87,121.48,121.85,96824
1788711300,2026-09-07 01:15:00,121.84,121.87,121.67,121.76,81487
1788711600,2026-09-07 01:20:00,121.76,121.83,121.67,121.77,19900
1788711900,2026-09-07 01:25:00,121.76,121.84,121.63,121.79,29452
1788712200,2026-09-07 01:30:00,121.76,121.89,121.7,121.87,27818
1788712500,2026-09-07 01:35:00,121.87,121.87,121.75,121.85,52559
1788712800,2026-09-07 01:40:00,121.85,122.1,121.81,122.07,83030
1788713100,2026-09-07 01:45:00,122.07,122.17,122.06,122.12,60406
1788713400,2026-09-07 01:50:00,122.12,122.36,121.95,122.32,87761
1788713700,2026-09-07 01:55:00,122.32,123.15,122.26,123.02,200859
1788714000,2026-09-07 02:00:00,123.02,123.77,122.93,123.76,429218
1788714300,2026-09-07 02:05:00,123.76,123.96,123.34,123.34,343181
1788714600,2026-09-07 02:10:00,123.35,123.64,123.17,123.62,158498
1788714900,2026-09-07 02:15:00,123.62,124.02,123.5,123.51,183862
1788715200,2026-09-07 02:20:00,123.52,123.57,123.14,123.31,127489
1788715500,2026-09-07 02:25:00,123.31,123.4,123.11,123.11,62536
1788715800,2026-09-07 02:30:00,123.12,123.59,123.11,123.47,65726
1788716100,2026-09-07 02:35:00,123.48,123.48,123.25,123.25,49352
1788716400,2026-09-07 02:40:00,123.26,123.5,123.21,123.5,43020
1788716700,2026-09-07 02:45:00,123.5,123.63,123.41,123.56,51807
1788717000,2026-09-07 02:50:00,123.55,123.76,123.54,123.69,103225
1788717300,2026-09-07 02:55:00,123.71,123.94,123.7,123.85,85768
1788717600,2026-09-07 03:00:00,123.85,123.97,123.81,123.9,89862
1788717900,2026-09-07 03:05:00,123.92,124.06,123.79,123.93,61030
1788718200,2026-09-07 03:10:00,123.93,123.99,123.78,123.78,92277
1788718500,2026-09-07 03:15:00,123.75,123.77,123.6,123.63,77030
1788718800,2026-09-07 03:20:00,123.62,123.77,123.53,123.73,60167
1788719100,2026-09-07 03:25:00,123.73,123.8,123.6,123.66,41774
1788719400,2026-09-07 03:30:00,123.63,123.79,123.56,123.68,37207
1788719700,2026-09-07 03:35:00,123.68,123.94,123.68,123.82,118080
1788720000,2026-09-07 03:40:00,123.82,123.94,123.76,123.93,133808
1788720300,2026-09-07 03:45:00,123.93,123.99,123.63,123.74,37032
1788720600,2026-09-07 03:50:00,123.75,123.89,123.72,123.89,31626
1788720900,2026-09-07 03:55:00,123.89,124.23,123.89,124.13,71061
1788721200,2026-09-07 04:00:00,124.13,124.64,124.13,124.46,45486
1788721500,2026-09-07 04:05:00,124.45,124.55,124.4,124.49,48993
1788721800,2026-09-07 04:10:00,124.49,124.52,124.23,124.35,47749
1788722100,2026-09-07 04:15:00,124.35,124.59,124.27,124.59,34344
1788722400,2026-09-07 04:20:00,124.59,124.82,124.58,124.77,78851
1788722700,2026-09-07 04:25:00,124.77,124.77,124.29,124.55,91648
1788723000,2026-09-07 04:30:00,124.55,124.64,124.53,124.62,42184
1788723300,2026-09-07 04:35:00,124.62,124.76,124.5,124.76,31716
1788723600,2026-09-07 04:40:00,124.76,124.9,124.72,124.8,54062
1788723900,2026-09-07 04:45:00,124.82,124.96,124.73,124.96,33447
1788724200,2026-09-07 04:50:00,124.93,124.97,124.79,124.79,48780
1788724500,2026-09-07 04:55:00,124.82,124.88,124.65,124.81,54188
1788724800,2026-09-07 05:00:00,124.83,124.96,124.72,124.91,41539
1788725100,2026-09-07 05:05:00,124.92,124.99,124.64,124.74,48982
1788725400,2026-09-07 05:10:00,124.73,124.81,124.51,124.66,44554
1788725700,2026-09-07 05:15:00,124.71,124.71,124.24,124.36,70310
1788726000,2026-09-07 05:20:00,124.36,124.52,124.28,124.28,47443
1788726300,2026-09-07 05:25:00,124.3,124.43,124.27,124.31,39757
1788726600,2026-09-07 05:30:00,124.31,124.37,123.97,123.97,44571
1788726900,2026-09-07 05:35:00,123.98,124.25,123.81,124.15,63343
1788727200,2026-09-07 05:40:00,124.16,124.38,124.15,124.37,55201
1788727500,2026-09-07 05:45:00,124.37,124.51,124.32,124.36,39536
1788727800,2026-09-07 05:50:00,124.36,124.37,124.14,124.21,47457
1788728100,2026-09-07 05:55:00,124.21,124.42,124.2,124.41,45873
1788728400,2026-09-07 06:00:00,124.44,124.97,124.38,124.96,65750
1788728700,2026-09-07 06:05:00,124.97,124.98,124.64,124.72,49640
1788729000,2026-09-07 06:10:00,124.68,124.73,124.64,124.7,36086
1788729300,2026-09-07 06:15:00,124.7,124.7,124.32,124.32,23618
1788729600,2026-09-07 06:20:00,124.35,124.41,123.83,123.93,25469
1788729900,2026-09-07 06:25:00,123.98,124.06,123.83,124.03,35210
1788730200,2026-09-07 06:30:00,124.04,124.2,124.04,124.19,20731
1788730500,2026-09-07 06:35:00,124.19,124.44,124.19,124.44,18772
1788730800,2026-09-07 06:40:00,124.37,124.53,124.32,124.33,10701
1788731100,2026-09-07 06:45:00,124.33,124.55,124.33,124.52,26156
1788731400,2026-09-07 06:50:00,124.52,124.66,124.52,124.65,15915
1788731700,2026-09-07 06:55:00,124.62,124.66,124.38,124.49,16509
1788732000,2026-09-07 07:00:00,124.44,124.46,123.99,124.1,36732
1788732300,2026-09-07 07:05:00,124.14,124.51,124.14,124.46,66371
1788732600,2026-09-07 07:10:00,124.47,124.58,124.38,124.55,39118
1788732900,2026-09-07 07:15:00,124.54,124.68,124.31,124.4,19922
1788733200,2026-09-07 07:20:00,124.41,124.49,124.34,124.43,22981
1788733500,2026-09-07 07:25:00,124.44,124.46,124.27,124.33,35669
1788733800,2026-09-07 07:30:00,124.35,124.4,124.25,124.33,17065
1788734100,2026-09-07 07:35:00,124.31,124.4,124.24,124.36,44154
1788734400,2026-09-07 07:40:00,124.38,124.46,124.36,124.45,50752
1788734700,2026-09-07 07:45:00,124.45,124.76,124.45,124.64,20339
1788735000,2026-09-07 07:50:00,124.64,124.79,124.63,124.7,16782
1788735300,2026-09-07 07:55:00,124.7,124.7,124.58,124.59,16983
1788735600,2026-09-07 08:00:00,124.58,124.6,124.36,124.39,15288
1788735900,2026-09-07 08:05:00,124.39,124.58,124.36,124.58,14552
1788736200,2026-09-07 08:10:00,124.58,124.62,124.28,124.28,12171
1788736500,2026-09-07 08:15:00,124.29,124.41,124.12,124.37,36647
1788736800,2026-09-07 08:20:00,124.35,124.35,123.25,123.41,61850
1788737100,2026-09-07 08:25:00,123.43,123.68,123.43,123.54,86922
1788737400,2026-09-07 08:30:00,123.54,123.67,123.49,123.51,25720
1788737700,2026-09-07 08:35:00,123.5,123.63,123.37,123.42,14378
1788738000,2026-09-07 08:40:00,123.41,123.78,123.32,123.71,13355
1788738300,2026-09-07 08:45:00,123.64,123.67,123.4,123.42,8879
1788738600,2026-09-07 08:50:00,123.41,123.64,123.25,123.64,14413
1788738900,2026-09-07 08:55:00,123.64,123.74,123.5,123.69,15370
1788739200,2026-09-07 09:00:00,123.68,124.11,123.45,123.74,44160
1788739500,2026-09-07 09:05:00,123.75,124.18,123.72,124.12,35493
1788739800,2026-09-07 09:10:00,124.14,124.27,124,124.05,20650
1788740100,2026-09-07 09:15:00,124.04,124.28,123.98,124.04,38739
1788740400,2026-09-07 09:20:00,124.07,124.12,123.84,123.86,17925
1788740700,2026-09-07 09:25:00,123.84,124.32,123.84,124.3,16760
1788741000,2026-09-07 09:30:00,124.3,124.4,124.21,124.36,32843
1788741300,2026-09-07 09:35:00,124.36,124.51,124.02,124.12,36365
1788741600,2026-09-07 09:40:00,124.12,124.4,124.09,124.33,20729
1788741900,2026-09-07 09:45:00,124.3,124.54,124.3,124.38,82008
1788742200,2026-09-07 09:50:00,124.38,124.47,124.19,124.3,24272
1788742500,2026-09-07 09:55:00,124.29,124.34,124.01,124.17,22134
1788742800,2026-09-07 10:00:00,124.18,124.53,124.03,124.51,51305
1788743100,2026-09-07 10:05:00,124.5,124.57,124.07,124.23,93641
1788743400,2026-09-07 10:10:00,124.21,124.28,124.09,124.22,20882
1788743700,2026-09-07 10:15:00,124.21,124.28,123.95,124.09,33031
1788744000,2026-09-07 10:20:00,124.1,124.25,123.91,124.23,9595
1788744300,2026-09-07 10:25:00,124.23,124.49,124.18,124.43,8402
1788744600,2026-09-07 10:30:00,124.41,124.43,124.03,124.09,10150
1788744900,2026-09-07 10:35:00,124.15,124.31,124.04,124.31,6461
1788745200,2026-09-07 10:40:00,124.28,124.34,123.93,123.97,10621
1788745500,2026-09-07 10:45:00,123.97,124.25,123.97,124.23,9851
1788745800,2026-09-07 10:50:00,124.23,124.84,124.2,124.83,29273
1788746100,2026-09-07 10:55:00,124.84,127.1,124.83,125.58,678268
1788746400,2026-09-07 11:00:00,125.58,125.77,125.41,125.74,178350
1788746700,2026-09-07 11:05:00,125.74,126.71,125.66,126.43,95408
1788747000,2026-09-07 11:10:00,126.44,126.64,126.03,126.2,89540
1788747300,2026-09-07 11:15:00,126.21,126.26,125.14,125.23,118536
1788747600,2026-09-07 11:20:00,125.23,125.31,125.02,125.14,51329
1788747900,2026-09-07 11:25:00,125.14,125.49,125.12,125.36,54311
1788748200,2026-09-07 11:30:00,125.37,125.49,125.29,125.37,34232
1788748500,2026-09-07 11:35:00,125.41,125.51,125.24,125.39,22605
1788748800,2026-09-07 11:40:00,125.37,125.53,125.27,125.44,20981
1788749100,2026-09-07 11:45:00,125.44,125.67,125.4,125.67,16807
1788749400,2026-09-07 11:50:00,125.7,125.71,125.46,125.53,25282
1788749700,2026-09-07 11:55:00,125.58,125.6,125.27,125.33,28218
1788750000,2026-09-07 12:00:00,125.3,125.32,124.8,125.31,83031
1788750300,2026-09-07 12:05:00,125.31,125.34,125.12,125.25,43616
1788750600,2026-09-07 12:10:00,125.23,125.39,125.11,125.38,43198
1788750900,2026-09-07 12:15:00,125.38,125.49,125.3,125.46,32713
1788751200,2026-09-07 12:20:00,125.45,125.72,125.45,125.66,37448
1788751500,2026-09-07 12:25:00,125.64,125.73,125.56,125.71,18675
1788751800,2026-09-07 12:30:00,125.69,125.97,125.65,125.97,17610
1788752100,2026-09-07 12:35:00,125.97,125.97,125.75,125.8,19862
1788752400,2026-09-07 12:40:00,125.8,125.95,125.7,125.7,10895
1788752700,2026-09-07 12:45:00,125.73,125.91,125.7,125.86,8030
1788753000,2026-09-07 12:50:00,125.86,126.01,125.85,126.01,56817
1788753300,2026-09-07 12:55:00,126,126.02,125.76,125.85,90839
1788753600,2026-09-07 13:00:00,125.84,126.48,125.84,126.46,28857
1788753900,2026-09-07 13:05:00,126.45,126.95,126.4,126.95,38788
1788754200,2026-09-07 13:10:00,126.95,126.96,126.72,126.83,103644
1788754500,2026-09-07 13:15:00,126.83,127.24,126.78,127.14,77151
1788754800,2026-09-07 13:20:00,127.14,127.24,126.83,126.97,42582
1788755100,2026-09-07 13:25:00,126.98,127.82,126.98,127.72,137492
1788755400,2026-09-07 13:30:00,127.72,127.73,127.36,127.46,89896
1788755700,2026-09-07 13:35:00,127.48,127.48,126.99,127.01,99942
1788756000,2026-09-07 13:40:00,127.05,127.05,126.84,126.94,39877
1788756300,2026-09-07 13:45:00,126.93,127.28,126.92,127.19,76480
1788756600,2026-09-07 13:50:00,127.21,127.41,127.19,127.29,53531
1788756900,2026-09-07 13:55:00,127.28,127.61,127.26,127.44,84245
1788757200,2026-09-07 14:00:00,127.44,128.76,127.37,128.69,136036
1788757500,2026-09-07 14:05:00,128.71,128.95,128.41,128.84,119082
1788757800,2026-09-07 14:10:00,128.8,129.05,128.54,128.87,168545
1788758100,2026-09-07 14:15:00,128.88,128.96,128.72,128.89,131828
1788758400,2026-09-07 14:20:00,128.89,128.89,128.4,128.6,115729
1788758700,2026-09-07 14:25:00,128.61,128.75,128.52,128.63,83436
1788759000,2026-09-07 14:30:00,128.62,128.7,128.46,128.53,104510
1788759300,2026-09-07 14:35:00,128.53,128.82,128.52,128.75,73886
1788759600,2026-09-07 14:40:00,128.72,129,128.71,128.98,100547
1788759900,2026-09-07 14:45:00,128.95,129,128.61,128.69,88587
1788760200,2026-09-07 14:50:00,128.69,128.72,128.25,128.3,62259
1788760500,2026-09-07 14:55:00,128.3,128.3,127.57,128.05,51560
1788760800,2026-09-07 15:00:00,128.05,128.56,128.05,128.42,61343
1788761100,2026-09-07 15:05:00,128.46,128.66,128.3,128.44,41481
1788761400,2026-09-07 15:10:00,128.44,128.6,128.25,128.47,34917
1788761700,2026-09-07 15:15:00,128.45,128.45,128.1,128.23,35009
1788762000,2026-09-07 15:20:00,128.22,128.4,128.07,128.25,40697
1788762300,2026-09-07 15:25:00,128.23,128.23,127.76,127.96,42377
1788762600,2026-09-07 15:30:00,127.96,128.1,127.87,128.1,31429
1788762900,2026-09-07 15:35:00,128.09,128.09,127.8,127.82,21359
1788763200,2026-09-07 15:40:00,127.82,128.09,127.82,128.05,43414
1788763500,2026-09-07 15:45:00,128.07,128.18,128.01,128.09,20218
1788763800,2026-09-07 15:50:00,128.09,128.26,128.08,128.25,16447
1788764100,2026-09-07 15:55:00,128.27,128.28,127.96,128.07,12105
1788764400,2026-09-07 16:00:00,128.03,128.06,127.51,127.62,35574
1788764700,2026-09-07 16:05:00,127.58,127.74,126.61,126.95,35087
1788765000,2026-09-07 16:10:00,127.02,127.21,126.95,126.96,159329
1788765300,2026-09-07 16:15:00,126.92,127.33,126.91,127.29,49195
1788765600,2026-09-07 16:20:00,127.29,127.41,127.14,127.37,38124
1788765900,2026-09-07 16:25:00,127.38,127.38,126.83,126.83,45819
1788766200,2026-09-07 16:30:00,126.84,127.13,126.7,126.7,48827
1788766500,2026-09-07 16:35:00,126.72,126.82,126.12,126.16,112634
1788766800,2026-09-07 16:40:00,126.18,126.2,125.58,125.75,216295
1788767100,2026-09-07 16:45:00,125.75,125.86,125.43,125.65,193940
1788767400,2026-09-07 16:50:00,125.65,125.76,125.21,125.23,165653
1788767700,2026-09-07 16:55:00,125.24,125.5,125.21,125.43,91203
1788768000,2026-09-07 17:00:00,125.43,126.34,125.35,126.11,189480
1788768300,2026-09-07 17:05:00,126.14,126.54,125.97,126.54,155978
1788768600,2026-09-07 17:10:00,126.53,126.96,126.35,126.72,192650
1788768900,2026-09-07 17:15:00,126.76,127.56,126.7,127.51,105340
1788769200,2026-09-07 17:20:00,127.51,127.56,127.35,127.43,81440
1788769500,2026-09-07 17:25:00,127.43,128.7,127.33,128.56,158787
1788769800,2026-09-07 17:30:00,128.6,128.79,128.1,128.33,214425
1788770100,2026-09-07 17:35:00,128.33,128.33,127.8,127.85,103233
1788770400,2026-09-07 17:40:00,127.85,128.17,127.81,127.96,126892
1788770700,2026-09-07 17:45:00,127.96,128.05,127.65,127.66,58832
1788771000,2026-09-07 17:50:00,127.66,127.75,127.54,127.67,76652
1788771300,2026-09-07 17:55:00,127.67,127.87,127.59,127.87,30763
1788771600,2026-09-07 18:00:00,127.87,127.89,127.72,127.84,64158
1788771900,2026-09-07 18:05:00,127.83,127.87,127.71,127.71,26449
1788772200,2026-09-07 18:10:00,127.72,127.72,127.55,127.56,38627
1788772500,2026-09-07 18:15:00,127.55,127.57,127.31,127.4,23513
1788772800,2026-09-07 18:20:00,127.39,127.51,127.34,127.4,23113
1788773100,2026-09-07 18:25:00,127.41,127.7,127.29,127.41,37672
1788773400,2026-09-07 18:30:00,127.4,127.48,127.31,127.42,33018
1788773700,2026-09-07 18:35:00,127.42,127.65,127.33,127.65,26817
1788774000,2026-09-07 18:40:00,127.67,127.69,127.5,127.63,20085
1788774300,2026-09-07 18:45:00,127.63,127.72,127.51,127.53,32236
1788774600,2026-09-07 18:50:00,127.54,127.77,127.5,127.77,19096
1788774900,2026-09-07 18:55:00,127.76,127.8,127.08,127.09,27117
1788775200,2026-09-07 19:00:00,127.1,127.27,127.09,127.24,22371
1788775500,2026-09-07 19:05:00,127.2,127.28,126.61,126.8,55336
1788775800,2026-09-07 19:10:00,126.81,126.9,126.73,126.73,12226
1788776100,2026-09-07 19:15:00,126.74,127.32,126.73,127.25,50708
1788776400,2026-09-07 19:20:00,127.25,127.28,127.1,127.14,35657
1788776700,2026-09-07 19:25:00,127.14,127.18,126.78,126.81,82521
1788777000,2026-09-07 19:30:00,126.81,127.1,126.7,126.74,44644
1788777300,2026-09-07 19:35:00,126.72,126.81,126.68,126.76,43738
1788777600,2026-09-07 19:40:00,126.83,126.98,126.74,126.87,66710
1788777900,2026-09-07 19:45:00,126.87,127,126.74,126.96,67968
1788778200,2026-09-07 19:50:00,126.95,127.05,126.76,126.77,61246
1788778500,2026-09-07 19:55:00,126.78,126.8,126.27,126.74,75807
1788778800,2026-09-07 20:00:00,126.75,126.79,126.5,126.75,27785
1788779100,2026-09-07 20:05:00,126.71,126.78,126.46,126.48,47029
1788779400,2026-09-07 20:10:00,126.49,126.69,126.46,126.65,32337
1788779700,2026-09-07 20:15:00,126.64,126.69,126.46,126.51,24522
1788780000,2026-09-07 20:20:00,126.51,126.51,126.07,126.09,24945
1788780300,2026-09-07 20:25:00,126.07,126.41,125.93,126.34,60959
1788780600,2026-09-07 20:30:00,126.33,126.42,125.88,126.26,64960
1788780900,2026-09-07 20:35:00,126.25,126.65,126.13,126.6,43786
1788781200,2026-09-07 20:40:00,126.58,126.66,126.46,126.55,37791
1788781500,2026-09-07 20:45:00,126.61,126.66,126.51,126.52,34210
1788781800,2026-09-07 20:50:00,126.53,126.61,126.46,126.47,53558
1788782100,2026-09-07 20:55:00,126.49,126.56,126.32,126.37,32640
1788782400,2026-09-07 21:00:00,126.36,126.45,126.12,126.12,20949
1788782700,2026-09-07 21:05:00,126.12,126.41,126.08,126.36,38326
1788783000,2026-09-07 21:10:00,126.35,126.35,126.14,126.24,39860
1788783300,2026-09-07 21:15:00,126.22,126.23,126.1,126.17,42540
1788783600,2026-09-07 21:20:00,126.13,126.17,125.9,126.02,45781
1788783900,2026-09-07 21:25:00,126.03,126.09,125.97,126.05,113544
1788784200,2026-09-07 21:30:00,126.05,126.25,125.92,125.95,52669
1788784500,2026-09-07 21:35:00,125.93,126.31,125.86,126.25,100800
1788784800,2026-09-07 21:40:00,126.24,126.26,126.06,126.14,93323
1788785100,2026-09-07 21:45:00,126.13,126.52,126.11,126.39,199055
1788785400,2026-09-07 21:50:00,126.39,126.85,126.36,126.72,52214
1788785700,2026-09-07 21:55:00,126.72,126.73,126.46,126.53,27955
1788786000,2026-09-07 22:00:00,126.53,126.53,126.39,126.42,24719
1788786300,2026-09-07 22:05:00,126.45,126.71,126.41,126.52,25316
1788786600,2026-09-07 22:10:00,126.53,126.67,126.48,126.55,38674
1788786900,2026-09-07 22:15:00,126.53,126.53,126.17,126.23,85802
1788787200,2026-09-07 22:20:00,126.23,126.29,126.15,126.2,33602
1788787500,2026-09-07 22:25:00,126.2,126.32,125.84,126.32,58800
1788787800,2026-09-07 22:30:00,126.32,126.6,126.26,126.33,71680
1788788100,2026-09-07 22:35:00,126.33,126.35,126.13,126.24,83291
1788788400,2026-09-07 22:40:00,126.25,126.54,126.21,126.4,63456
1788788700,2026-09-07 22:45:00,126.4,126.51,126.25,126.33,75231
1788789000,2026-09-07 22:50:00,126.28,126.31,126.11,126.16,128316
1788789300,2026-09-07 22:55:00,126.17,126.32,126.03,126.2,117402
1788789600,2026-09-07 23:00:00,126.22,126.34,125.9,125.9,85743
1788789900,2026-09-07 23:05:00,125.9,126.06,125.82,126.02,75044
1788790200,2026-09-07 23:10:00,126.02,126.04,125.86,125.89,46777
1788790500,2026-09-07 23:15:00,125.88,126.04,125.88,125.92,43987
1788790800,2026-09-07 23:20:00,125.93,126.14,125.9,126.01,47275
1788791100,2026-09-07 23:25:00,126.05,126.36,126.03,126.17,35574
1788791400,2026-09-07 23:30:00,126.17,126.31,126.11,126.24,42264
1788791700,2026-09-07 23:35:00,126.22,126.46,126.19,126.29,33770
1788792000,2026-09-07 23:40:00,126.27,126.38,126.1,126.37,57017
1788792300,2026-09-07 23:45:00,126.36,126.36,126.11,126.28,26624
1788792600,2026-09-07 23:50:00,126.26,126.48,126.12,126.4,19349
1788792900,2026-09-07 23:55:00,126.41,126.42,126.18,126.21,22738
1788793200,2026-09-08 00:00:00,126.17,126.46,126.17,126.36,33832
1788793500,2026-09-08 00:05:00,126.34,126.38,126.18,126.27,11717
1788793800,2026-09-08 00:10:00,126.23,126.29,126.18,126.24,9903
1788794100,2026-09-08 00:15:00,126.24,126.3,126.04,126.26,14265
1788794400,2026-09-08 00:20:00,126.21,126.25,126.04,126.05,15123
1788794700,2026-09-08 00:25:00,126.04,126.08,125.95,125.95,12860
1788795000,2026-09-08 00:30:00,125.92,126,125.76,125.86,42759
1788795300,2026-09-08 00:35:00,125.87,126.12,125.83,126.03,17234
1788795600,2026-09-08 00:40:00,126.03,126.1,125.93,125.97,10845
1788795900,2026-09-08 00:45:00,125.97,125.98,125.82,125.9,41955
1788796200,2026-09-08 00:50:00,125.89,125.96,125.82,125.85,24602
1788796500,2026-09-08 00:55:00,125.85,125.85,125.64,125.72,19676
1788796800,2026-09-08 01:00:00,125.74,125.83,125.64,125.65,16634
1788797100,2026-09-08 01:05:00,125.64,125.66,125.43,125.55,29945
1788797400,2026-09-08 01:10:00,125.55,125.88,125.51,125.79,46182
1788797700,2026-09-08 01:15:00,125.83,125.88,125.75,125.81,26841
1788798000,2026-09-08 01:20:00,125.78,125.83,125.77,125.79,6994
1788798300,2026-09-08 01:25:00,125.81,125.84,125.75,125.77,3512
1788798600,2026-09-08 01:30:00,125.78,125.82,125.75,125.77,3985
1788798900,2026-09-08 01:35:00,125.71,125.74,125.59,125.6,8183
1788799200,2026-09-08 01:40:00,125.6,125.65,125.53,125.59,4694
1788799500,2026-09-08 01:45:00,125.58,125.61,125.43,125.44,14817
1788799800,2026-09-08 01:50:00,125.44,125.72,125.44,125.69,26435
1788800100,2026-09-08 01:55:00,125.69,125.71,125.54,125.61,73510
1788800400,2026-09-08 02:00:00,125.61,125.91,125.6,125.91,34058
1788800700,2026-09-08 02:05:00,125.91,126.04,125.84,125.89,15877
1788801000,2026-09-08 02:10:00,125.88,125.92,125.77,125.91,13049
1788801300,2026-09-08 02:15:00,126.02,126.07,125.76,125.85,18181
1788801600,2026-09-08 02:20:00,125.85,125.88,125.64,125.73,74649
1788801900,2026-09-08 02:25:00,125.73,125.9,125.7,125.89,24706
1788802200,2026-09-08 02:30:00,125.89,125.95,125.76,125.81,10130
1788802500,2026-09-08 02:35:00,125.82,125.92,125.77,125.85,8111
1788802800,2026-09-08 02:40:00,125.85,125.97,125.82,125.93,13597
1788803100,2026-09-08 02:45:00,125.97,126.14,125.88,126.14,15347
1788803400,2026-09-08 02:50:00,126.17,126.32,126.17,126.21,34202
1788803700,2026-09-08 02:55:00,126.19,126.35,126.19,126.35,13831
1788804000,2026-09-08 03:00:00,126.35,126.4,126.27,126.28,9998
1788804300,2026-09-08 03:05:00,126.26,126.43,126.19,126.43,4346
1788804600,2026-09-08 03:10:00,126.44,126.44,126.3,126.36,15820
1788804900,2026-09-08 03:15:00,126.35,126.38,126.28,126.32,10152
1788805200,2026-09-08 03:20:00,126.32,126.4,126.3,126.35,3126
1788805500,2026-09-08 03:25:00,126.4,126.41,126.3,126.37,3269
1788805800,2026-09-08 03:30:00,126.37,126.6,126.31,126.57,11514
1788806100,2026-09-08 03:35:00,126.58,126.65,126.53,126.65,17303
1788806400,2026-09-08 03:40:00,126.64,126.65,126.51,126.6,37583
1788806700,2026-09-08 03:45:00,126.59,126.64,126.46,126.62,22652
1788807000,2026-09-08 03:50:00,126.6,126.74,126.57,126.71,38331
1788807300,2026-09-08 03:55:00,126.71,126.74,126.69,126.72,21122
1788807600,2026-09-08 04:00:00,126.72,126.8,126.4,126.44,21778
1788807900,2026-09-08 04:05:00,126.44,126.64,126.44,126.51,19339
1788808200,2026-09-08 04:10:00,126.47,126.57,126.46,126.5,33111
1788808500,2026-09-08 04:15:00,126.53,126.57,126.46,126.5,16332
1788808800,2026-09-08 04:20:00,126.48,126.65,126.48,126.6,8988
1788809100,2026-09-08 04:25:00,126.6,126.74,126.6,126.71,4493
1788809400,2026-09-08 04:30:00,126.74,126.76,126.63,126.63,5706
1788809700,2026-09-08 04:35:00,126.6,126.69,126.52,126.57,6529
1788810000,2026-09-08 04:40:00,126.57,126.61,126.5,126.56,4844
1788810300,2026-09-08 04:45:00,126.56,126.56,126.42,126.42,5941
1788810600,2026-09-08 04:50:00,126.44,126.45,126.36,126.36,2926
1788810900,2026-09-08 04:55:00,126.37,126.51,126.33,126.36,6076
1788811200,2026-09-08 05:00:00,126.37,126.43,126.33,126.34,10230
1788811500,2026-09-08 05:05:00,126.34,126.45,126.24,126.38,7931
1788811800,2026-09-08 05:10:00,126.38,126.38,126.21,126.23,20459
1788812100,2026-09-08 05:15:00,126.19,126.6,126.19,126.46,43759
1788812400,2026-09-08 05:20:00,126.46,126.58,126.42,126.49,25213
1788812700,2026-09-08 05:25:00,126.49,126.52,126.39,126.43,8376
1788813000,2026-09-08 05:30:00,126.41,126.45,126.39,126.43,3887
1788813300,2026-09-08 05:35:00,126.43,126.48,126.42,126.47,1863
1788813600,2026-09-08 05:40:00,126.47,126.55,126.43,126.49,6372
1788813900,2026-09-08 05:45:00,126.49,126.53,126.46,126.49,2406
1788814200,2026-09-08 05:50:00,126.48,126.54,126.46,126.51,5554
1788814500,2026-09-08 05:55:00,126.51,126.57,126.5,126.54,8028
1788814800,2026-09-08 06:00:00,126.55,126.6,126.49,126.6,4785
1788815100,2026-09-08 06:05:00,126.6,126.65,126.47,126.51,7305
1788815400,2026-09-08 06:10:00,126.51,126.65,126.47,126.58,6479
1788815700,2026-09-08 06:15:00,126.58,126.88,126.58,126.88,8824
1788816000,2026-09-08 06:20:00,126.86,126.92,126.84,126.9,6199
1788816300,2026-09-08 06:25:00,126.88,126.99,126.83,126.93,7323
1788816600,2026-09-08 06:30:00,126.91,126.95,126.82,126.89,38259
1788816900,2026-09-08 06:35:00,126.89,126.89,126.77,126.84,18495
1788817200,2026-09-08 06:40:00,126.81,126.89,126.64,126.7,18710
1788817500,2026-09-08 06:45:00,126.7,126.87,126.7,126.86,18331
1788817800,2026-09-08 06:50:00,126.87,127.08,126.86,127.06,21273
1788818100,2026-09-08 06:55:00,127.06,127.13,126.97,127.12,17460
1788818400,2026-09-08 07:00:00,127.13,127.17,126.41,126.45,49796
1788818700,2026-09-08 07:05:00,126.42,126.75,126.34,126.41,39591
1788819000,2026-09-08 07:10:00,126.45,126.61,126.33,126.42,40740
1788819300,2026-09-08 07:15:00,126.43,126.46,126.21,126.35,42988
1788819600,2026-09-08 07:20:00,126.3,126.41,126.25,126.41,8366
1788819900,2026-09-08 07:25:00,126.38,126.41,126.09,126.14,54969
1788820200,2026-09-08 07:30:00,126.13,126.14,125.9,125.97,22588
1788820500,2026-09-08 07:35:00,125.98,126.05,125.82,125.83,15391
1788820800,2026-09-08 07:40:00,125.87,125.9,125.74,125.74,16295
1788821100,2026-09-08 07:45:00,125.74,125.85,125.64,125.83,9710
1788821400,2026-09-08 07:50:00,125.83,125.95,125.67,125.94,11327
1788821700,2026-09-08 07:55:00,125.93,126,125.65,125.7,8653
1788822000,2026-09-08 08:00:00,125.7,125.75,125.28,125.47,31172
1788822300,2026-09-08 08:05:00,125.48,125.51,125.16,125.22,50720
1788822600,2026-09-08 08:10:00,125.2,125.36,125.17,125.29,17569
1788822900,2026-09-08 08:15:00,125.27,125.34,124.63,125.08,177212
1788823200,2026-09-08 08:20:00,125.08,125.17,124.55,124.7,38643
1788823500,2026-09-08 08:25:00,124.73,125.11,124.69,125.07,26172
1788823800,2026-09-08 08:30:00,125.08,125.41,125.04,125.28,60790
1788824100,2026-09-08 08:35:00,125.31,125.48,125.1,125.2,36329
1788824400,2026-09-08 08:40:00,125.2,125.37,125.15,125.29,29398
1788824700,2026-09-08 08:45:00,125.29,126.18,125.29,126.11,54256
1788825000,2026-09-08 08:50:00,126.1,126.1,125.4,125.4,34463
1788825300,2026-09-08 08:55:00,125.4,125.41,125.04,125.04,29518
1788825600,2026-09-08 09:00:00,125.02,125.02,121.92,121.97,1408674
1788825900,2026-09-08 09:05:00,121.97,123,121.88,122.99,549237
1788826200,2026-09-08 09:10:00,122.99,123.03,122.43,122.75,173932
1788826500,2026-09-08 09:15:00,122.76,123.85,122.54,123.8,162027
1788826800,2026-09-08 09:20:00,123.8,124.15,123.21,123.6,299208
1788827100,2026-09-08 09:25:00,123.6,124.21,123.45,124.13,129615
1788827400,2026-09-08 09:30:00,124.14,124.43,123.96,124.3,203808
1788827700,2026-09-08 09:35:00,124.3,124.37,123.84,123.92,170459
1788828000,2026-09-08 09:40:00,123.91,124.13,123.74,124.13,100567
1788828300,2026-09-08 09:45:00,124.12,124.4,124.09,124.35,128756
1788828600,2026-09-08 09:50:00,124.34,124.36,124.2,124.36,60763
1788828900,2026-09-08 09:55:00,124.36,124.61,124.27,124.5,117572
1788829200,2026-09-08 10:00:00,124.51,124.51,124.1,124.14,99214
1788829500,2026-09-08 10:05:00,124.12,124.77,124.12,124.76,56083
1788829800,2026-09-08 10:10:00,124.76,125.07,124.76,125,105541
1788830100,2026-09-08 10:15:00,125.08,125.08,124.83,124.86,149048
1788830400,2026-09-08 10:20:00,124.86,124.91,124.63,124.72,111329
1788830700,2026-09-08 10:25:00,124.67,124.85,124.29,124.64,116786
1788831000,2026-09-08 10:30:00,124.66,124.82,124.53,124.67,159457
1788831300,2026-09-08 10:35:00,124.65,124.94,124.45,124.88,91707
1788831600,2026-09-08 10:40:00,124.88,125.14,124.88,125.11,78928
1788831900,2026-09-08 10:45:00,125.12,125.16,125,125.15,56512
1788832200,2026-09-08 10:50:00,125.14,125.39,125.05,125.39,104406
1788832500,2026-09-08 10:55:00,125.39,125.62,125.26,125.36,228554
1788832800,2026-09-08 11:00:00,125.29,125.82,125.24,125.6,188694
1788833100,2026-09-08 11:05:00,125.57,125.66,125.34,125.4,88788
1788833400,2026-09-08 11:10:00,125.4,125.9,125.39,125.85,87032
1788833700,2026-09-08 11:15:00,125.84,125.95,125.67,125.73,66617
1788834000,2026-09-08 11:20:00,125.74,125.9,125.62,125.9,37036
1788834300,2026-09-08 11:25:00,125.93,126.13,125.86,126.07,52982
1788834600,2026-09-08 11:30:00,126.08,126.12,125.75,125.77,52397
1788834900,2026-09-08 11:35:00,125.75,125.98,125.74,125.8,43898
1788835200,2026-09-08 11:40:00,125.83,125.83,125.15,125.15,69776
1788835500,2026-09-08 11:45:00,125.17,125.45,125.17,125.41,74972
1788835800,2026-09-08 11:50:00,125.41,125.52,124.88,124.96,87332
1788836100,2026-09-08 11:55:00,124.97,125.14,124.85,124.85,50697
1788836400,2026-09-08 12:00:00,124.86,125.18,124.86,125.09,37149
1788836700,2026-09-08 12:05:00,125.12,125.5,125.07,125.5,28141
1788837000,2026-09-08 12:10:00,125.52,125.73,125.5,125.65,31517
1788837300,2026-09-08 12:15:00,125.66,125.88,125.59,125.88,48478
1788837600,2026-09-08 12:20:00,125.85,125.99,125.58,125.76,59303
1788837900,2026-09-08 12:25:00,125.76,126.23,125.68,126.14,55453
1788838200,2026-09-08 12:30:00,126.18,126.27,125.92,126,120003
1788838500,2026-09-08 12:35:00,126.01,126.18,125.93,126.1,41413
1788838800,2026-09-08 12:40:00,126.11,126.29,126.07,126.09,42638
1788839100,2026-09-08 12:45:00,126.11,126.23,126.04,126.16,50722
1788839400,2026-09-08 12:50:00,126.11,126.25,126.06,126.17,50756
1788839700,2026-09-08 12:55:00,126.21,126.36,126.07,126.28,91200
1788840000,2026-09-08 13:00:00,126.29,126.38,126.18,126.37,54160
1788840300,2026-09-08 13:05:00,126.37,126.68,126.37,126.53,38974
1788840600,2026-09-08 13:10:00,126.52,126.64,126.4,126.4,37250
1788840900,2026-09-08 13:15:00,126.36,126.54,126.14,126.41,72964
1788841200,2026-09-08 13:20:00,126.4,126.57,126.3,126.46,31477
1788841500,2026-09-08 13:25:00,126.42,126.58,126.28,126.35,65025
1788841800,2026-09-08 13:30:00,126.36,126.4,126.06,126.13,49285
1788842100,2026-09-08 13:35:00,126.11,126.52,125.92,126.52,53022
1788842400,2026-09-08 13:40:00,126.53,126.54,126.25,126.34,27586
1788842700,2026-09-08 13:45:00,126.34,126.54,126.33,126.45,33539
1788843000,2026-09-08 13:50:00,126.47,126.49,126.02,126.04,32652
1788843300,2026-09-08 13:55:00,126.04,126.2,125.78,125.81,140543
1788843600,2026-09-08 14:00:00,125.8,125.81,125.45,125.45,85898
1788843900,2026-09-08 14:05:00,125.43,125.47,124.64,124.84,188852
1788844200,2026-09-08 14:10:00,124.83,125.15,124.59,124.93,116055
1788844500,2026-09-08 14:15:00,124.89,125.62,124.78,125.52,79215
1788844800,2026-09-08 14:20:00,125.55,125.67,125.14,125.26,52498
1788845100,2026-09-08 14:25:00,125.19,125.3,124.52,124.61,61229
1788845400,2026-09-08 14:30:00,124.53,124.57,124.13,124.15,132943
1788845700,2026-09-08 14:35:00,124.19,124.92,124.13,124.91,171327
1788846000,2026-09-08 14:40:00,124.92,124.92,124.02,124.16,126970
1788846300,2026-09-08 14:45:00,124.13,124.15,123.71,124.08,118900
1788846600,2026-09-08 14:50:00,124.08,124.08,123.25,123.28,106745
1788846900,2026-09-08 14:55:00,123.26,123.61,123.13,123.15,67844
1788847200,2026-09-08 15:00:00,123.16,123.54,123.01,123.09,199217
1788847500,2026-09-08 15:05:00,123.07,123.32,122.76,122.89,265189
1788847800,2026-09-08 15:10:00,122.89,122.95,122.52,122.8,157213
1788848100,2026-09-08 15:15:00,122.79,122.79,121.87,121.87,182348
1788848400,2026-09-08 15:20:00,121.91,122.44,121.86,122.28,145546
1788848700,2026-09-08 15:25:00,122.27,122.52,122.1,122.15,85026
1788849000,2026-09-08 15:30:00,122.12,122.42,121.97,122.27,171867
1788849300,2026-09-08 15:35:00,122.24,123.06,122.04,123.05,157611
1788849600,2026-09-08 15:40:00,123.06,123.48,123.01,123.21,220897
1788849900,2026-09-08 15:45:00,123.19,123.53,123.16,123.2,61404
1788850200,2026-09-08 15:50:00,123.2,123.39,122.7,122.81,146911
1788850500,2026-09-08 15:55:00,122.8,123.11,122.7,122.79,82228
1788850800,2026-09-08 16:00:00,122.81,123.38,122.6,123.38,56214
1788851100,2026-09-08 16:05:00,123.34,124.02,123.34,123.4,134475
1788851400,2026-09-08 16:10:00,123.4,123.69,123.3,123.49,87552
1788851700,2026-09-08 16:15:00,123.5,123.73,123.28,123.7,50042
1788852000,2026-09-08 16:20:00,123.71,123.84,123.31,123.84,42021
1788852300,2026-09-08 16:25:00,123.83,124.04,123.68,123.94,24407
1788852600,2026-09-08 16:30:00,123.94,123.98,123.07,123.17,38319
1788852900,2026-09-08 16:35:00,123.16,123.24,122.39,122.47,98642
1788853200,2026-09-08 16:40:00,122.52,123,122.41,122.68,55856
1788853500,2026-09-08 16:45:00,122.7,122.76,122.44,122.67,41927
1788853800,2026-09-08 16:50:00,122.68,122.75,122.13,122.32,64627
1788854100,2026-09-08 16:55:00,122.31,122.54,122.26,122.29,65934
1788854400,2026-09-08 17:00:00,122.31,122.32,119.36,119.59,892732
1788854700,2026-09-08 17:05:00,119.58,120.64,119.07,119.33,837030
1788855000,2026-09-08 17:10:00,119.4,120.24,118.72,120.17,378174
1788855300,2026-09-08 17:15:00,120.19,120.49,119.88,120.09,418818
1788855600,2026-09-08 17:20:00,120.09,120.58,119.96,120.49,96167
1788855900,2026-09-08 17:25:00,120.47,120.89,120.23,120.23,113211
1788856200,2026-09-08 17:30:00,120.19,120.69,119.91,120.59,184120
1788856500,2026-09-08 17:35:00,120.58,120.59,119.96,120.17,62533
1788856800,2026-09-08 17:40:00,120.25,120.51,120.06,120.21,76621
1788857100,2026-09-08 17:45:00,120.21,120.97,119.92,120.47,151976
1788857400,2026-09-08 17:50:00,120.45,120.55,120.08,120.3,33297
1788857700,2026-09-08 17:55:00,120.4,120.44,120.07,120.35,47486
1788858000,2026-09-08 18:00:00,120.3,120.45,119.74,120.39,55937
1788858300,2026-09-08 18:05:00,120.35,120.94,120.35,120.89,120622
1788858600,2026-09-08 18:10:00,120.91,121.49,120.84,121.46,137982
1788858900,2026-09-08 18:15:00,121.46,121.58,120.95,120.95,65888
1788859200,2026-09-08 18:20:00,120.97,121.23,120.91,121.23,53106
1788859500,2026-09-08 18:25:00,121.22,121.49,120.98,121.49,37864
1788859800,2026-09-08 18:30:00,121.5,121.93,121.35,121.9,89557
1788860100,2026-09-08 18:35:00,121.93,122.47,121.8,122.41,102530
1788860400,2026-09-08 18:40:00,122.44,122.6,121.93,122.1,167649
1788860700,2026-09-08 18:45:00,122.13,122.43,122.12,122.41,39214
1788861000,2026-09-08 18:50:00,122.38,122.56,122.3,122.51,76486
1788861300,2026-09-08 18:55:00,122.52,122.65,122.43,122.65,89128
1788861600,2026-09-08 19:00:00,122.62,122.64,122.24,122.3,118921
1788861900,2026-09-08 19:05:00,122.33,122.38,122.13,122.17,34132
1788862200,2026-09-08 19:10:00,122.16,122.26,121.94,122.23,58821
1788862500,2026-09-08 19:15:00,122.25,122.67,122.2,122.67,39413
1788862800,2026-09-08 19:20:00,122.68,123.42,122.63,122.92,164307
1788863100,2026-09-08 19:25:00,122.94,123.17,122.84,123,63348
1788863400,2026-09-08 19:30:00,123.03,123.13,122.46,122.62,46102
1788863700,2026-09-08 19:35:00,122.6,123.02,122.54,122.98,37017
1788864000,2026-09-08 19:40:00,122.98,123.07,122.8,122.98,55443
1788864300,2026-09-08 19:45:00,122.97,123.06,122.44,122.5,56052
1788864600,2026-09-08 19:50:00,122.45,122.65,122.13,122.44,62526
1788864900,2026-09-08 19:55:00,122.44,122.81,122.44,122.51,56471
1788865200,2026-09-08 20:00:00,122.51,122.82,121.96,122.39,95903
1788865500,2026-09-08 20:05:00,122.37,122.42,121.42,121.84,288157
1788865800,2026-09-08 20:10:00,121.88,121.89,121.2,121.51,93894
1788866100,2026-09-08 20:15:00,121.48,122.17,121.48,122.17,274201
1788866400,2026-09-08 20:20:00,122.17,122.21,121.64,121.98,123014
1788866700,2026-09-08 20:25:00,121.97,122.19,121.75,121.85,163946
1788867000,2026-09-08 20:30:00,121.85,122.17,121.74,122.02,153270
1788867300,2026-09-08 20:35:00,122.01,122.12,121.64,121.7,82724
1788867600,2026-09-08 20:40:00,121.65,121.74,121.41,121.43,65329
1788867900,2026-09-08 20:45:00,121.48,121.65,121.38,121.55,51221
1788868200,2026-09-08 20:50:00,121.53,122.12,121.53,122.07,69253
1788868500,2026-09-08 20:55:00,122.1,123.28,122.07,123.26,442787
1788868800,2026-09-08 21:00:00,123.2,123.21,122.4,122.74,288244
1788869100,2026-09-08 21:05:00,122.72,123.15,122.44,123.1,82460
1788869400,2026-09-08 21:10:00,123.05,123.12,122.22,122.31,184031
1788869700,2026-09-08 21:15:00,122.39,122.91,122.21,122.8,141860
1788870000,2026-09-08 21:20:00,122.81,123.17,122.62,122.96,37088
1788870300,2026-09-08 21:25:00,123.08,123.46,123,123.3,234309
1788870600,2026-09-08 21:30:00,123.36,124.03,123.2,124,139731
1788870900,2026-09-08 21:35:00,123.95,124.11,123.65,123.99,49842
1788871200,2026-09-08 21:40:00,124.02,124.03,123.6,123.9,128761
1788871500,2026-09-08 21:45:00,123.9,124.38,123.7,124.27,81600
1788871800,2026-09-08 21:50:00,124.29,124.59,124.25,124.59,125179
1788872100,2026-09-08 21:55:00,124.59,125.51,124.5,125.34,216488
1788872400,2026-09-08 22:00:00,125.32,125.61,124.92,125.23,251858
1788872700,2026-09-08 22:05:00,125.22,125.47,124.78,124.9,106750
1788873000,2026-09-08 22:10:00,124.94,125.32,124.8,125.02,59628
1788873300,2026-09-08 22:15:00,125.03,125.43,125.03,125.42,114470
1788873600,2026-09-08 22:20:00,125.42,125.6,125.26,125.34,105140
1788873900,2026-09-08 22:25:00,125.33,125.52,124.89,125.14,131828
1788874200,2026-09-08 22:30:00,125.14,126.69,124.18,125.3,1303235
1788874500,2026-09-08 22:35:00,125.32,125.73,123.66,124.97,710338
1788874800,2026-09-08 22:40:00,124.99,125.14,121.75,121.91,673424
1788875100,2026-09-08 22:45:00,121.95,124.39,121.95,124.29,532979
1788875400,2026-09-08 22:50:00,124.3,124.3,122.17,122.92,443667
1788875700,2026-09-08 22:55:00,122.93,123.71,122.47,123.11,332189
1788876000,2026-09-08 23:00:00,123.07,123.27,122.16,122.95,301976
1788876300,2026-09-08 23:05:00,122.96,123.03,122.09,122.36,176242
1788876600,2026-09-08 23:10:00,122.32,123.19,121.98,123.05,271815
1788876900,2026-09-08 23:15:00,123.04,123.81,123.03,123.19,587462
1788877200,2026-09-08 23:20:00,123.15,124.77,123.12,124.75,158102
1788877500,2026-09-08 23:25:00,124.72,125.17,123.87,125.13,208874
1788877800,2026-09-08 23:30:00,125.14,125.14,124.26,124.71,114892
1788878100,2026-09-08 23:35:00,124.67,124.67,123.82,124.09,144536
1788878400,2026-09-08 23:40:00,124.14,124.66,124.06,124.49,137327
1788878700,2026-09-08 23:45:00,124.5,124.61,124.11,124.44,118456
1788879000,2026-09-08 23:50:00,124.5,125.2,124.36,125.16,136761
1788879300,2026-09-08 23:55:00,125.2,126.22,125.2,126.18,365488
1788879600,2026-09-09 00:00:00,126.18,126.22,125.11,125.2,264442
1788879900,2026-09-09 00:05:00,125.23,125.59,125.12,125.47,259463
1788880200,2026-09-09 00:10:00,125.48,126.63,125.41,126.46,318770
1788880500,2026-09-09 00:15:00,126.45,127.4,126.18,127.27,493034
1788880800,2026-09-09 00:20:00,127.27,127.27,126.56,127.16,228612
1788881100,2026-09-09 00:25:00,127.1,127.32,126.72,126.81,254866
1788881400,2026-09-09 00:30:00,126.85,127.02,126.37,126.6,114503
1788881700,2026-09-09 00:35:00,126.61,126.73,126.22,126.72,56422
1788882000,2026-09-09 00:40:00,126.71,127.57,126.62,127.55,310751
1788882300,2026-09-09 00:45:00,127.55,127.58,126.58,126.71,226827
1788882600,2026-09-09 00:50:00,126.76,126.9,126.4,126.69,80554
1788882900,2026-09-09 00:55:00,126.68,126.99,126.34,126.83,66403
1788883200,2026-09-09 01:00:00,126.82,127.08,126.74,127.01,100901
1788883500,2026-09-09 01:05:00,127.06,127.06,126.25,126.26,42780
1788883800,2026-09-09 01:10:00,126.28,126.41,125.82,126.01,58141
1788884100,2026-09-09 01:15:00,126.03,126.03,125.53,125.64,83877
1788884400,2026-09-09 01:20:00,125.65,126.04,125.51,126.04,55310
1788884700,2026-09-09 01:25:00,126.08,126.18,124.97,124.97,117842
1788885000,2026-09-09 01:30:00,125,125.07,124.78,124.92,96859
1788885300,2026-09-09 01:35:00,124.92,125.11,124.6,124.65,50909
1788885600,2026-09-09 01:40:00,124.73,124.79,124.39,124.42,58895
1788885900,2026-09-09 01:45:00,124.43,125,124.29,124.92,42315
1788886200,2026-09-09 01:50:00,124.92,125.21,124.74,125,55943
1788886500,2026-09-09 01:55:00,125.01,125.02,124.12,124.47,160465
1788886800,2026-09-09 02:00:00,124.43,125.75,124.42,125.75,68092
1788887100,2026-09-09 02:05:00,125.76,125.87,125.42,125.61,28915
1788887400,2026-09-09 02:10:00,125.59,125.96,125.52,125.85,56361
1788887700,2026-09-09 02:15:00,125.87,126.24,125.79,126.13,63932
1788888000,2026-09-09 02:20:00,126.13,126.17,125.76,125.86,25913
1788888300,2026-09-09 02:25:00,125.88,125.93,125.56,125.69,37302
1788888600,2026-09-09 02:30:00,125.74,125.87,125.49,125.84,35129
1788888900,2026-09-09 02:35:00,125.86,125.91,125.56,125.56,44788
1788889200,2026-09-09 02:40:00,125.56,125.56,125.06,125.19,63601
1788889500,2026-09-09 02:45:00,125.24,125.34,125.09,125.14,25423
1788889800,2026-09-09 02:50:00,125.14,125.14,124.83,124.98,44375
1788890100,2026-09-09 02:55:00,125.01,125.16,124.88,124.95,13193
1788890400,2026-09-09 03:00:00,124.91,125.07,124.8,124.99,16349
1788890700,2026-09-09 03:05:00,125.06,125.47,124.99,125.35,9714
1788891000,2026-09-09 03:10:00,125.36,125.57,125.28,125.33,30868
1788891300,2026-09-09 03:15:00,125.34,125.68,125.33,125.67,18896
1788891600,2026-09-09 03:20:00,125.66,125.76,125.34,125.34,12798
1788891900,2026-09-09 03:25:00,125.32,125.46,125.24,125.33,16109
1788892200,2026-09-09 03:30:00,125.35,125.48,125.23,125.23,24852
1788892500,2026-09-09 03:35:00,125.21,125.4,124.88,125.26,46960
1788892800,2026-09-09 03:40:00,125.26,125.42,125.06,125.27,20754
1788893100,2026-09-09 03:45:00,125.28,125.65,124.3,124.57,110332
1788893400,2026-09-09 03:50:00,124.58,124.94,123.83,124.54,324038
1788893700,2026-09-09 03:55:00,124.57,124.71,124.44,124.6,37463
1788894000,2026-09-09 04:00:00,124.6,124.66,124.02,124.23,41118
1788894300,2026-09-09 04:05:00,124.22,124.5,123.94,123.97,27091
1788894600,2026-09-09 04:10:00,123.95,124.49,123.94,124.45,44694
1788894900,2026-09-09 04:15:00,124.46,124.64,124.31,124.31,24016
1788895200,2026-09-09 04:20:00,124.28,124.42,123.84,123.93,30168
1788895500,2026-09-09 04:25:00,123.94,124.12,123.66,123.97,42805
1788895800,2026-09-09 04:30:00,123.86,124.03,123.38,123.79,140866
1788896100,2026-09-09 04:35:00,123.82,123.82,123.5,123.54,29001
1788896400,2026-09-09 04:40:00,123.57,123.63,123.15,123.31,68549
1788896700,2026-09-09 04:45:00,123.32,123.45,122.88,123.3,78031
1788897000,2026-09-09 04:50:00,123.31,123.88,122.38,122.65,202039
1788897300,2026-09-09 04:55:00,122.63,123.51,122.45,123.49,125172
1788897600,2026-09-09 05:00:00,123.5,123.66,123.18,123.42,46186
1788897900,2026-09-09 05:05:00,123.4,123.95,123.4,123.8,57895
1788898200,2026-09-09 05:10:00,123.81,123.97,123.76,123.86,64665
1788898500,2026-09-09 05:15:00,123.86,123.93,123.53,123.58,41763
1788898800,2026-09-09 05:20:00,123.61,123.8,123.53,123.79,23046
1788899100,2026-09-09 05:25:00,123.8,123.89,123.34,123.42,257669
1788899400,2026-09-09 05:30:00,123.4,123.48,123.32,123.42,19534
1788899700,2026-09-09 05:35:00,123.53,123.56,123.41,123.46,15737
1788900000,2026-09-09 05:40:00,123.43,123.63,123.42,123.57,14520
1788900300,2026-09-09 05:45:00,123.57,123.69,123.55,123.66,8740
1788900600,2026-09-09 05:50:00,123.66,123.73,123.55,123.61,13467
1788900900,2026-09-09 05:55:00,123.66,123.66,123.57,123.6,10585
1788901200,2026-09-09 06:00:00,123.66,123.74,123.65,123.67,6049
1788901500,2026-09-09 06:05:00,123.68,123.69,123.62,123.67,4012
1788901800,2026-09-09 06:10:00,123.69,123.72,123.47,123.57,30883
1788902100,2026-09-09 06:15:00,123.57,123.66,123.54,123.59,31082
1788902400,2026-09-09 06:20:00,123.62,123.68,123.5,123.59,13793
1788902700,2026-09-09 06:25:00,123.58,123.65,123.53,123.53,15889
1788903000,2026-09-09 06:30:00,123.55,123.69,123.55,123.64,7000
1788903300,2026-09-09 06:35:00,123.67,123.68,123.63,123.68,2186
1788903600,2026-09-09 06:40:00,123.7,123.93,123.69,123.9,10438
1788903900,2026-09-09 06:45:00,123.86,123.9,123.72,123.72,7042
1788904200,2026-09-09 06:50:00,123.73,123.73,123.5,123.56,15672
1788904500,2026-09-09 06:55:00,123.56,123.62,123.46,123.56,26720
1788904800,2026-09-09 07:00:00,123.57,123.68,123.27,123.67,45246
1788905100,2026-09-09 07:05:00,123.66,123.68,123.42,123.43,25293
1788905400,2026-09-09 07:10:00,123.43,123.51,123.4,123.46,75196
1788905700,2026-09-09 07:15:00,123.46,123.67,123.43,123.66,36063
1788906000,2026-09-09 07:20:00,123.66,123.74,123.49,123.54,18253
1788906300,2026-09-09 07:25:00,123.54,123.72,123.53,123.68,11907
1788906600,2026-09-09 07:30:00,123.66,123.66,123.52,123.56,5069
1788906900,2026-09-09 07:35:00,123.57,123.61,123.54,123.57,2468
1788907200,2026-09-09 07:40:00,123.59,123.83,123.58,123.67,2421
1788907500,2026-09-09 07:45:00,123.69,123.76,123.59,123.72,8587
1788907800,2026-09-09 07:50:00,123.7,123.77,123.63,123.66,25467
1788908100,2026-09-09 07:55:00,123.65,123.91,123.61,123.89,13475
1788908400,2026-09-09 08:00:00,123.86,124.01,123.85,123.9,14318
1788908700,2026-09-09 08:05:00,123.89,123.96,123.86,123.88,12513
1788909000,2026-09-09 08:10:00,123.88,123.89,123.8,123.81,13616
1788909300,2026-09-09 08:15:00,123.8,123.8,123.64,123.76,15442
1788909600,2026-09-09 08:20:00,123.77,123.8,123.72,123.77,6048
1788909900,2026-09-09 08:25:00,123.8,123.8,123.65,123.66,2690
1788910200,2026-09-09 08:30:00,123.65,123.69,123.5,123.5,5060
1788910500,2026-09-09 08:35:00,123.51,123.51,123.21,123.28,27856
1788910800,2026-09-09 08:40:00,123.26,123.26,123.12,123.14,10214
1788911100,2026-09-09 08:45:00,123.12,123.16,123,123.08,17776
1788911400,2026-09-09 08:50:00,123.05,123.16,123,123,12452
1788911700,2026-09-09 08:55:00,123.01,123.19,123.01,123.03,17052
1788912000,2026-09-09 09:00:00,123.03,123.76,123.02,123.76,39369
1788912300,2026-09-09 09:05:00,123.75,124.39,123.73,123.82,52901
1788912600,2026-09-09 09:10:00,123.81,124.14,123.66,123.94,37199
1788912900,2026-09-09 09:15:00,123.94,123.97,123.38,123.97,32324
1788913200,2026-09-09 09:20:00,123.93,124,123.6,123.6,43491
1788913500,2026-09-09 09:25:00,123.6,123.6,123.28,123.48,31211
1788913800,2026-09-09 09:30:00,123.53,123.53,123.13,123.28,171889
1788914100,2026-09-09 09:35:00,123.28,123.57,123.03,123.57,14893
1788914400,2026-09-09 09:40:00,123.59,123.91,123.28,123.8,30044
1788914700,2026-09-09 09:45:00,123.85,123.93,123.68,123.82,19216
1788915000,2026-09-09 09:50:00,123.8,124.29,123.8,124.26,41440
1788915300,2026-09-09 09:55:00,124.25,124.28,124,124.17,33525
1788915600,2026-09-09 10:00:00,124.18,124.53,124.12,124.52,35663
1788915900,2026-09-09 10:05:00,124.5,124.87,124.36,124.87,54096
1788916200,2026-09-09 10:10:00,124.86,124.99,124.67,124.84,23673
1788916500,2026-09-09 10:15:00,124.84,124.95,124.71,124.9,28807
1788916800,2026-09-09 10:20:00,124.91,125.09,124.7,125.05,38266
1788917100,2026-09-09 10:25:00,125.1,125.45,125.09,125.24,32625
1788917400,2026-09-09 10:30:00,125.25,125.3,125.06,125.29,81325
1788917700,2026-09-09 10:35:00,125.3,125.59,125.29,125.52,43224
1788918000,2026-09-09 10:40:00,125.54,125.54,125.06,125.08,32345
1788918300,2026-09-09 10:45:00,125.07,125.38,125.06,125.3,37322
1788918600,2026-09-09 10:50:00,125.29,125.29,124.74,124.98,32225
1788918900,2026-09-09 10:55:00,124.97,125.18,124.89,125.16,32430
1788919200,2026-09-09 11:00:00,125.17,125.49,125.16,125.49,38788
1788919500,2026-09-09 11:05:00,125.48,125.55,125.22,125.47,27518
1788919800,2026-09-09 11:10:00,125.51,125.57,125.16,125.21,17162
1788920100,2026-09-09 11:15:00,125.17,125.25,124.99,125.24,31962
1788920400,2026-09-09 11:20:00,125.21,125.38,125.01,125.34,6483
1788920700,2026-09-09 11:25:00,125.34,125.41,125.22,125.28,4920
1788921000,2026-09-09 11:30:00,125.28,125.48,125.26,125.45,7639
1788921300,2026-09-09 11:35:00,125.44,125.51,125.27,125.49,23202
1788921600,2026-09-09 11:40:00,125.49,126.25,125.47,126.21,37111
1788921900,2026-09-09 11:45:00,126.22,126.34,125.96,126.05,81501
1788922200,2026-09-09 11:50:00,126.04,126.12,125.88,125.92,28912
1788922500,2026-09-09 11:55:00,125.91,125.91,125.7,125.7,44666
1788922800,2026-09-09 12:00:00,125.7,125.9,125.22,125.22,48198
1788923100,2026-09-09 12:05:00,125.23,125.29,125.04,125.1,58863
1788923400,2026-09-09 12:10:00,125.15,125.43,125.03,125.07,31172
1788923700,2026-09-09 12:15:00,125.12,125.54,125.12,125.33,63827
1788924000,2026-09-09 12:20:00,125.36,125.39,125.17,125.26,15180
1788924300,2026-09-09 12:25:00,125.25,125.36,125.14,125.34,9136
1788924600,2026-09-09 12:30:00,125.33,125.43,125.17,125.19,43868
1788924900,2026-09-09 12:35:00,125.18,125.33,125.17,125.27,18149
1788925200,2026-09-09 12:40:00,125.28,125.28,125.12,125.12,18781
1788925500,2026-09-09 12:45:00,125.11,125.13,124.75,124.75,33457
1788925800,2026-09-09 12:50:00,124.74,124.84,124.57,124.57,23863
1788926100,2026-09-09 12:55:00,124.57,124.77,124.5,124.53,116779
1788926400,2026-09-09 13:00:00,124.54,124.94,124.52,124.87,34199
1788926700,2026-09-09 13:05:00,124.87,124.92,124.68,124.68,17111
1788927000,2026-09-09 13:10:00,124.64,124.7,124.03,124.05,91774
1788927300,2026-09-09 13:15:00,124.05,124.19,123.82,123.95,65520
1788927600,2026-09-09 13:20:00,123.95,124.77,123.93,124.72,40560
1788927900,2026-09-09 13:25:00,124.71,124.94,124.52,124.74,40044
1788928200,2026-09-09 13:30:00,124.76,125.02,124.46,124.99,142998
1788928500,2026-09-09 13:35:00,124.94,125.33,124.94,125.06,68249
1788928800,2026-09-09 13:40:00,125.02,125.32,124.98,125.27,44937
1788929100,2026-09-09 13:45:00,125.27,125.28,125.13,125.23,33816
1788929400,2026-09-09 13:50:00,125.31,125.38,125.01,125.37,45755
1788929700,2026-09-09 13:55:00,125.36,125.54,125.35,125.49,37317
1788930000,2026-09-09 14:00:00,125.5,125.5,125.19,125.32,37991
1788930300,2026-09-09 14:05:00,125.32,125.39,125.17,125.39,55351
1788930600,2026-09-09 14:10:00,125.41,125.47,125.25,125.36,20816
1788930900,2026-09-09 14:15:00,125.29,125.31,124.6,124.61,25298
1788931200,2026-09-09 14:20:00,124.59,124.63,124.34,124.55,29208
1788931500,2026-09-09 14:25:00,124.56,124.71,124.42,124.51,219637
1788931800,2026-09-09 14:30:00,124.5,124.7,124.03,124.42,103687
1788932100,2026-09-09 14:35:00,124.42,124.55,124.27,124.34,38059
1788932400,2026-09-09 14:40:00,124.39,124.63,124.22,124.52,25798
1788932700,2026-09-09 14:45:00,124.57,124.62,124.36,124.5,15480
1788933000,2026-09-09 14:50:00,124.5,124.9,124.49,124.89,10458
1788933300,2026-09-09 14:55:00,124.88,125.25,124.84,125.25,47037
1788933600,2026-09-09 15:00:00,125.26,125.54,125.22,125.53,30438
1788933900,2026-09-09 15:05:00,125.53,125.54,125.18,125.2,28493
1788934200,2026-09-09 15:10:00,125.18,125.93,125.14,125.93,22253
1788934500,2026-09-09 15:15:00,125.91,126,125.74,125.95,183817
1788934800,2026-09-09 15:20:00,125.94,126.02,125.71,125.85,259318
1788935100,2026-09-09 15:25:00,125.84,125.85,125.18,125.36,58982
1788935400,2026-09-09 15:30:00,125.39,125.51,125.26,125.49,37624
1788935700,2026-09-09 15:35:00,125.45,125.63,125.45,125.53,25422
1788936000,2026-09-09 15:40:00,125.48,125.58,125.41,125.56,20467
1788936300,2026-09-09 15:45:00,125.56,125.59,125.11,125.18,31838
1788936600,2026-09-09 15:50:00,125.19,125.4,125.06,125.07,128831
1788936900,2026-09-09 15:55:00,125.07,125.11,124.87,124.9,33781
1788937200,2026-09-09 16:00:00,124.9,125.12,124.66,125.05,58472
1788937500,2026-09-09 16:05:00,125.07,125.5,125.07,125.34,217083
1788937800,2026-09-09 16:10:00,125.33,125.43,124.54,124.54,50356
1788938100,2026-09-09 16:15:00,124.5,124.59,124.29,124.37,83617
1788938400,2026-09-09 16:20:00,124.42,124.94,124.42,124.79,50530
1788938700,2026-09-09 16:25:00,124.8,125.21,124.74,125.19,23939
1788939000,2026-09-09 16:30:00,125.22,125.36,125.06,125.06,69220
1788939300,2026-09-09 16:35:00,125.12,125.38,125.03,125.14,32921
1788939600,2026-09-09 16:40:00,125.18,125.2,125.07,125.08,19270
1788939900,2026-09-09 16:45:00,125.2,125.23,124.68,124.68,55281
1788940200,2026-09-09 16:50:00,124.7,124.73,124.51,124.63,57923
1788940500,2026-09-09 16:55:00,124.67,124.97,124.67,124.92,38819
1788940800,2026-09-09 17:00:00,124.88,125.61,124.71,125.55,135182
1788941100,2026-09-09 17:05:00,125.53,125.77,125.11,125.34,92534
1788941400,2026-09-09 17:10:00,125.36,125.73,125.21,125.3,35160
1788941700,2026-09-09 17:15:00,125.36,125.6,125.31,125.55,27067
1788942000,2026-09-09 17:20:00,125.54,125.67,125.02,125.07,16543
1788942300,2026-09-09 17:25:00,125.05,125.56,125.01,125.45,26451
1788942600,2026-09-09 17:30:00,125.35,125.62,125.29,125.31,25343
1788942900,2026-09-09 17:35:00,125.29,125.3,124.75,124.76,39404
1788943200,2026-09-09 17:40:00,124.75,125.1,124.6,124.6,62794
1788943500,2026-09-09 17:45:00,124.6,124.73,124.5,124.59,27251
1788943800,2026-09-09 17:50:00,124.57,124.99,124.57,124.85,34196
1788944100,2026-09-09 17:55:00,124.86,124.95,124.74,124.81,22955
1788944400,2026-09-09 18:00:00,124.81,124.95,124.5,124.72,24053
1788944700,2026-09-09 18:05:00,124.73,124.77,124.04,124.09,73650
1788945000,2026-09-09 18:10:00,124.09,124.32,123.86,124.29,46236
1788945300,2026-09-09 18:15:00,124.28,124.39,123.96,124.01,28852
1788945600,2026-09-09 18:20:00,124.01,124.07,123.32,123.4,33174
1788945900,2026-09-09 18:25:00,123.36,123.63,123.36,123.53,37282
1788946200,2026-09-09 18:30:00,123.54,123.71,122.67,122.67,349755
1788946500,2026-09-09 18:35:00,122.66,122.71,121.9,122.16,562374
1788946800,2026-09-09 18:40:00,122.14,122.19,121.52,121.76,105125
1788947100,2026-09-09 18:45:00,121.77,121.97,121.21,121.35,133962
1788947400,2026-09-09 18:50:00,121.32,121.53,120.2,120.2,348796
1788947700,2026-09-09 18:55:00,120.18,120.33,119.44,119.73,720369
1788948000,2026-09-09 19:00:00,119.73,120.13,118.88,119.81,590488
1788948300,2026-09-09 19:05:00,119.8,120.08,118.82,118.91,906310
1788948600,2026-09-09 19:10:00,118.91,119.71,118.82,119.32,641880
1788948900,2026-09-09 19:15:00,119.25,119.78,118.89,119.75,138102
1788949200,2026-09-09 19:20:00,119.76,120.02,119.51,119.69,88059
1788949500,2026-09-09 19:25:00,119.7,119.87,119.5,119.78,39866
1788949800,2026-09-09 19:30:00,119.79,120.33,119.64,120.15,591580
1788950100,2026-09-09 19:35:00,120.16,120.43,120.02,120.02,59430
1788950400,2026-09-09 19:40:00,120.06,120.15,119.4,119.68,203629
1788950700,2026-09-09 19:45:00,119.66,119.83,119.3,119.46,68425
1788951000,2026-09-09 19:50:00,119.44,119.6,119.03,119.5,121880
1788951300,2026-09-09 19:55:00,119.43,119.85,119.41,119.72,55385
1788951600,2026-09-09 20:00:00,119.75,119.94,119.42,119.79,89360
1788951900,2026-09-09 20:05:00,119.74,120.07,119.54,120.02,71915
1788952200,2026-09-09 20:10:00,120.03,120.33,119.68,119.68,82038
1788952500,2026-09-09 20:15:00,119.73,119.75,119.27,119.56,83217
1788952800,2026-09-09 20:20:00,119.6,120.24,119.42,120.21,44749
1788953100,2026-09-09 20:25:00,120.21,120.21,119.88,120.02,47723
1788953400,2026-09-09 20:30:00,120,120,119.48,119.59,48850
1788953700,2026-09-09 20:35:00,119.56,119.78,119.46,119.78,66836
1788954000,2026-09-09 20:40:00,119.76,119.85,119.5,119.56,29245
1788954300,2026-09-09 20:45:00,119.54,120.67,119.52,120.63,80209
1788954600,2026-09-09 20:50:00,120.57,120.84,120.14,120.14,137157
1788954900,2026-09-09 20:55:00,120.11,120.28,119.83,120,96620
1788955200,2026-09-09 21:00:00,120.04,120.06,119.09,119.12,102318
1788955500,2026-09-09 21:05:00,119.13,119.32,118.81,119.06,99656
1788955800,2026-09-09 21:10:00,119.04,119.09,118.41,118.5,115253
1788956100,2026-09-09 21:15:00,118.5,118.97,118.4,118.71,74046
1788956400,2026-09-09 21:20:00,118.71,119.34,118.71,119.19,43008
1788956700,2026-09-09 21:25:00,119.22,119.3,118.9,119,32486
1788957000,2026-09-09 21:30:00,118.94,119.48,118.71,119.4,78766
1788957300,2026-09-09 21:35:00,119.39,119.54,119.12,119.31,56950
1788957600,2026-09-09 21:40:00,119.31,119.43,119.1,119.43,58495
1788957900,2026-09-09 21:45:00,119.44,119.9,119.43,119.84,69586
1788958200,2026-09-09 21:50:00,119.83,119.87,119.3,119.34,53005
1788958500,2026-09-09 21:55:00,119.31,119.56,119.27,119.39,88260
1788958800,2026-09-09 22:00:00,119.35,119.78,119.22,119.65,81224
1788959100,2026-09-09 22:05:00,119.66,119.75,119.51,119.55,35480
1788959400,2026-09-09 22:10:00,119.57,119.8,119.42,119.76,35174
1788959700,2026-09-09 22:15:00,119.78,120.24,119.67,120.24,46564
1788960000,2026-09-09 22:20:00,120.24,120.38,119.97,120.16,96556
1788960300,2026-09-09 22:25:00,120.23,121.45,120.23,121.45,213586
1788960600,2026-09-09 22:30:00,121.47,125.58,121.47,125.17,1981515
1788960900,2026-09-09 22:35:00,125.15,125.85,124.71,124.84,1177479
1788961200,2026-09-09 22:40:00,124.88,125.4,124.14,124.7,549738
1788961500,2026-09-09 22:45:00,124.69,125.2,123.21,124.79,1019531
1788961800,2026-09-09 22:50:00,124.81,125.96,124.44,125.95,651014
1788962100,2026-09-09 22:55:00,125.99,127.5,125.89,127.34,670530
1788962400,2026-09-09 23:00:00,127.31,128.3,126.64,127.92,480201
1788962700,2026-09-09 23:05:00,127.9,128.47,127.5,127.85,830443
1788963000,2026-09-09 23:10:00,127.86,128.25,127.39,128.19,297901
1788963300,2026-09-09 23:15:00,128.14,128.15,126.32,126.69,828391
1788963600,2026-09-09 23:20:00,126.69,126.86,125.7,125.99,476346
1788963900,2026-09-09 23:25:00,126.02,127.22,125.98,127.22,629217
1788964200,2026-09-09 23:30:00,127.2,127.28,126.6,126.9,204414
1788964500,2026-09-09 23:35:00,126.93,127,125.95,126.69,439929
1788964800,2026-09-09 23:40:00,126.64,126.93,126.32,126.69,173495
1788965100,2026-09-09 23:45:00,126.7,126.73,126.2,126.61,123442
1788965400,2026-09-09 23:50:00,126.6,126.89,125.84,125.86,180728
1788965700,2026-09-09 23:55:00,125.94,126.9,125.94,126.75,151930
1788966000,2026-09-10 00:00:00,126.78,127.42,126.37,126.76,1045142
1788966300,2026-09-10 00:05:00,126.75,126.96,124.7,124.88,591289
1788966600,2026-09-10 00:10:00,124.86,125.18,123.76,124.39,1144999
1788966900,2026-09-10 00:15:00,124.39,125.06,124.14,124.99,731541
1788967200,2026-09-10 00:20:00,124.95,125.29,123.03,123.25,392502
1788967500,2026-09-10 00:25:00,123.27,123.93,123.16,123.92,401857
1788967800,2026-09-10 00:30:00,123.94,124.89,123.92,124.89,597334
1788968100,2026-09-10 00:35:00,124.89,125.56,124.2,125.45,684790
1788968400,2026-09-10 00:40:00,125.38,125.75,124.83,125.38,636237
1788968700,2026-09-10 00:45:00,125.38,125.69,125.06,125.58,160324
1788969000,2026-09-10 00:50:00,125.58,126.28,125.58,126.2,472407
1788969300,2026-09-10 00:55:00,126.21,126.21,125.27,125.72,178603
1788969600,2026-09-10 01:00:00,125.73,126.04,125.55,125.9,91320
1788969900,2026-09-10 01:05:00,125.84,125.9,125.14,125.14,118526
1788970200,2026-09-10 01:10:00,125.09,125.28,124.7,124.79,173172
1788970500,2026-09-10 01:15:00,124.79,124.87,124.5,124.7,77638
1788970800,2026-09-10 01:20:00,124.7,124.95,124.5,124.95,55062
1788971100,2026-09-10 01:25:00,125,125.08,124.19,124.54,109480
1788971400,2026-09-10 01:30:00,124.56,125.63,124.47,125.63,57059
1788971700,2026-09-10 01:35:00,125.64,125.97,125.49,125.96,42891
1788972000,2026-09-10 01:40:00,125.94,126.11,125.85,126.11,37097
1788972300,2026-09-10 01:45:00,126.11,126.2,125.75,126.06,157277
1788972600,2026-09-10 01:50:00,126.07,126.54,126.02,126.02,85482
1788972900,2026-09-10 01:55:00,126.03,126.22,125.81,125.89,48459
1788973200,2026-09-10 02:00:00,125.88,126.36,125.56,125.92,151031
1788973500,2026-09-10 02:05:00,125.98,126.42,125.97,126.14,48138
1788973800,2026-09-10 02:10:00,126.14,126.55,126,126.45,35122
1788974100,2026-09-10 02:15:00,126.46,126.51,126.06,126.07,53975
1788974400,2026-09-10 02:20:00,126.05,126.13,125.84,125.84,43949
1788974700,2026-09-10 02:25:00,125.87,125.9,125.58,125.58,27871
1788975000,2026-09-10 02:30:00,125.59,125.68,125.21,125.58,39303
1788975300,2026-09-10 02:35:00,125.56,125.68,125.1,125.15,36293
1788975600,2026-09-10 02:40:00,125.19,125.54,125.18,125.52,35005
1788975900,2026-09-10 02:45:00,125.54,126.03,125.5,126.03,36716
1788976200,2026-09-10 02:50:00,125.98,126.16,125.83,126.16,28180
1788976500,2026-09-10 02:55:00,126.09,126.11,125.83,125.86,25169
1788976800,2026-09-10 03:00:00,125.82,126.07,125.8,125.95,83695
1788977100,2026-09-10 03:05:00,125.94,126.01,125.76,125.83,51488
1788977400,2026-09-10 03:10:00,125.83,125.98,125.58,125.76,29727
1788977700,2026-09-10 03:15:00,125.8,125.94,125.71,125.81,25470
1788978000,2026-09-10 03:20:00,125.76,125.79,125.48,125.53,9920
1788978300,2026-09-10 03:25:00,125.62,125.84,125.47,125.62,29046
1788978600,2026-09-10 03:30:00,125.64,125.93,125.59,125.78,28973
1788978900,2026-09-10 03:35:00,125.76,125.94,125.76,125.78,11351
1788979200,2026-09-10 03:40:00,125.84,125.86,125.58,125.72,8689
1788979500,2026-09-10 03:45:00,125.73,125.83,125.55,125.58,22451
1788979800,2026-09-10 03:50:00,125.59,125.62,125.18,125.35,58730
1788980100,2026-09-10 03:55:00,125.37,125.4,124.88,124.9,30637
1788980400,2026-09-10 04:00:00,124.95,125.25,124.82,125.06,33299
1788980700,2026-09-10 04:05:00,125.02,125.59,125,125.58,26991
1788981000,2026-09-10 04:10:00,125.54,125.56,125.34,125.49,16037
1788981300,2026-09-10 04:15:00,125.5,125.93,125.5,125.88,63333
1788981600,2026-09-10 04:20:00,125.86,126.07,125.71,125.74,33564
1788981900,2026-09-10 04:25:00,125.76,125.76,125.22,125.22,47051
1788982200,2026-09-10 04:30:00,125.23,125.45,125.19,125.33,41740
1788982500,2026-09-10 04:35:00,125.31,125.43,125.18,125.27,21533
1788982800,2026-09-10 04:40:00,125.25,125.37,125.18,125.3,11466
1788983100,2026-09-10 04:45:00,125.32,125.48,125.23,125.36,11656
1788983400,2026-09-10 04:50:00,125.37,125.64,125.16,125.32,68507
1788983700,2026-09-10 04:55:00,125.32,126.02,125,125.97,109316
1788984000,2026-09-10 05:00:00,125.93,126.02,125.75,125.93,132389
1788984300,2026-09-10 05:05:00,125.93,126.06,125.91,126.01,29266
1788984600,2026-09-10 05:10:00,126.02,126.08,125.86,125.89,83420
1788984900,2026-09-10 05:15:00,125.88,125.93,125.77,125.83,42129
1788985200,2026-09-10 05:20:00,125.85,125.98,125.81,125.98,40290
1788985500,2026-09-10 05:25:00,125.98,126.16,125.96,126.01,43194
1788985800,2026-09-10 05:30:00,126,126.11,125.93,126.01,13747
1788986100,2026-09-10 05:35:00,126.01,126.11,125.96,125.97,20897
1788986400,2026-09-10 05:40:00,125.97,126.14,125.93,126.05,17667
1788986700,2026-09-10 05:45:00,126.07,126.21,126.05,126.16,14002
1788987000,2026-09-10 05:50:00,126.16,126.18,126.06,126.09,12211
1788987300,2026-09-10 05:55:00,126.09,126.16,126.08,126.11,7541
1788987600,2026-09-10 06:00:00,126.11,126.19,126.06,126.08,6624
1788987900,2026-09-10 06:05:00,126.08,126.08,125.95,125.95,7818
1788988200,2026-09-10 06:10:00,125.95,125.96,125.82,125.83,104038
1788988500,2026-09-10 06:15:00,125.85,125.92,125.85,125.89,63283
1788988800,2026-09-10 06:20:00,125.89,125.9,125.75,125.78,7737
1788989100,2026-09-10 06:25:00,125.8,125.81,125.68,125.8,17624
1788989400,2026-09-10 06:30:00,125.8,125.86,125.76,125.76,17714
1788989700,2026-09-10 06:35:00,125.76,125.77,125.68,125.69,14306
1788990000,2026-09-10 06:40:00,125.7,125.72,125.6,125.64,31805
1788990300,2026-09-10 06:45:00,125.65,125.65,125.54,125.55,11146
1788990600,2026-09-10 06:50:00,125.55,125.7,125.54,125.7,6930
1788990900,2026-09-10 06:55:00,125.7,125.81,125.66,125.76,9374
1788991200,2026-09-10 07:00:00,125.8,125.94,125.56,125.56,26440
1788991500,2026-09-10 07:05:00,125.55,125.59,125.29,125.47,32991
1788991800,2026-09-10 07:10:00,125.46,125.56,125.3,125.31,35843
1788992100,2026-09-10 07:15:00,125.33,125.39,125.22,125.27,23602
1788992400,2026-09-10 07:20:00,125.27,125.34,125.22,125.24,4965
1788992700,2026-09-10 07:25:00,125.29,125.36,125.24,125.24,17174
1788993000,2026-09-10 07:30:00,125.28,125.35,125.26,125.33,15291
1788993300,2026-09-10 07:35:00,125.33,125.41,125.29,125.34,23201
1788993600,2026-09-10 07:40:00,125.34,125.45,125.34,125.44,10426
1788993900,2026-09-10 07:45:00,125.44,125.45,125.32,125.32,9253
1788994200,2026-09-10 07:50:00,125.3,125.32,125.26,125.27,9234
1788994500,2026-09-10 07:55:00,125.27,125.28,125.16,125.2,5452
1788994800,2026-09-10 08:00:00,125.19,125.34,125.17,125.32,10974
1788995100,2026-09-10 08:05:00,125.33,125.34,125.15,125.15,27871
1788995400,2026-09-10 08:10:00,125.14,125.15,125.08,125.09,45047
1788995700,2026-09-10 08:15:00,125.08,125.19,124.99,125.07,22442
1788996000,2026-09-10 08:20:00,125.08,125.2,125.05,125.09,25863
1788996300,2026-09-10 08:25:00,125.13,125.14,125,125.08,38129
1788996600,2026-09-10 08:30:00,125.08,125.17,125.02,125.15,24442
1788996900,2026-09-10 08:35:00,125.15,125.2,125.07,125.11,32745
1788997200,2026-09-10 08:40:00,125.11,125.29,125.07,125.29,20001
1788997500,2026-09-10 08:45:00,125.25,125.25,125.06,125.16,39962
1788997800,2026-09-10 08:50:00,125.15,125.62,125.12,125.57,18878
1788998100,2026-09-10 08:55:00,125.57,125.74,125.56,125.63,31128
1788998400,2026-09-10 09:00:00,125.62,125.79,125.46,125.69,63243
1788998700,2026-09-10 09:05:00,125.71,126.02,125.65,126,30073
1788999000,2026-09-10 09:10:00,125.97,125.97,125.08,125.18,60849
1788999300,2026-09-10 09:15:00,125.15,125.48,125.12,125.13,27941
1788999600,2026-09-10 09:20:00,125.17,125.52,125.04,125.33,28341
1788999900,2026-09-10 09:25:00,125.35,125.53,125.1,125.43,19822
1789000200,2026-09-10 09:30:00,125.4,125.42,125.02,125.04,41418
1789000500,2026-09-10 09:35:00,125.04,125.16,124.88,125.05,66901
1789000800,2026-09-10 09:40:00,125.04,125.04,124.63,124.85,62996
1789001100,2026-09-10 09:45:00,124.84,124.89,124.46,124.56,61454
1789001400,2026-09-10 09:50:00,124.54,124.6,124.18,124.29,32038
1789001700,2026-09-10 09:55:00,124.29,124.31,123.64,123.73,92179
1789002000,2026-09-10 10:00:00,123.75,124.02,123.59,123.74,135093
1789002300,2026-09-10 10:05:00,123.74,123.87,123.48,123.58,148300
1789002600,2026-09-10 10:10:00,123.55,123.65,123.11,123.2,105827
1789002900,2026-09-10 10:15:00,123.14,123.5,123.01,123.5,72798
1789003200,2026-09-10 10:20:00,123.53,123.53,122.74,122.87,49001
1789003500,2026-09-10 10:25:00,122.87,122.95,122.41,122.42,92334
1789003800,2026-09-10 10:30:00,122.43,122.71,122.33,122.39,96434
1789004100,2026-09-10 10:35:00,122.38,122.39,122.1,122.37,75998
1789004400,2026-09-10 10:40:00,122.37,123.23,122.35,123.15,106661
1789004700,2026-09-10 10:45:00,123.15,123.5,123.01,123.38,38279
1789005000,2026-09-10 10:50:00,123.35,123.38,122.56,122.62,182701
1789005300,2026-09-10 10:55:00,122.62,123.36,122.61,123.32,90834
1789005600,2026-09-10 11:00:00,123.34,123.36,123.08,123.21,68051
1789005900,2026-09-10 11:05:00,123.19,123.47,123.08,123.1,35840
1789006200,2026-09-10 11:10:00,123.17,123.21,122.68,123.17,39607
1789006500,2026-09-10 11:15:00,123.17,123.18,122.58,122.7,47198
1789006800,2026-09-10 11:20:00,122.76,123,122.74,123,38711
1789007100,2026-09-10 11:25:00,122.98,123,122.68,122.77,52009
1789007400,2026-09-10 11:30:00,122.78,123,122.63,122.83,55488
1789007700,2026-09-10 11:35:00,122.8,123.49,122.8,123.4,44373
1789008000,2026-09-10 11:40:00,123.43,123.54,123.3,123.51,58148
1789008300,2026-09-10 11:45:00,123.49,123.53,123.2,123.25,25097
1789008600,2026-09-10 11:50:00,123.27,123.67,123.27,123.67,28148
1789008900,2026-09-10 11:55:00,123.64,123.68,123.32,123.41,14089
1789009200,2026-09-10 12:00:00,123.4,123.83,123.36,123.81,130395
1789009500,2026-09-10 12:05:00,123.82,123.86,123.59,123.78,17851
1789009800,2026-09-10 12:10:00,123.8,123.97,123.49,123.5,37458
1789010100,2026-09-10 12:15:00,123.52,123.54,123.37,123.49,30996
1789010400,2026-09-10 12:20:00,123.51,123.72,122.96,122.99,36365
1789010700,2026-09-10 12:25:00,122.99,123.12,122.72,122.99,31631
1789011000,2026-09-10 12:30:00,122.96,123.24,122.88,123.1,32806
1789011300,2026-09-10 12:35:00,123.08,123.08,122.79,122.99,24718
1789011600,2026-09-10 12:40:00,122.96,123.25,122.94,123.21,18030
1789011900,2026-09-10 12:45:00,123.18,123.68,123.14,123.53,17798
1789012200,2026-09-10 12:50:00,123.52,123.52,123.21,123.33,9740
1789012500,2026-09-10 12:55:00,123.33,123.45,123.24,123.45,4293
1789012800,2026-09-10 13:00:00,123.44,123.57,123.38,123.53,6322
1789013100,2026-09-10 13:05:00,123.51,123.64,123.4,123.44,21710
1789013400,2026-09-10 13:10:00,123.45,123.64,123.43,123.58,10545
1789013700,2026-09-10 13:15:00,123.61,123.69,123.55,123.69,8706
1789014000,2026-09-10 13:20:00,123.65,123.71,123.6,123.61,2800
1789014300,2026-09-10 13:25:00,123.67,123.86,123.64,123.83,4889
1789014600,2026-09-10 13:30:00,123.83,124,123.77,124,16428
1789014900,2026-09-10 13:35:00,124,124.25,123.89,124.24,27531
1789015200,2026-09-10 13:40:00,124.25,124.29,123.93,123.99,26260
1789015500,2026-09-10 13:45:00,123.99,124.18,123.95,124.18,46135
1789015800,2026-09-10 13:50:00,124.13,124.6,124.13,124.49,28750
1789016100,2026-09-10 13:55:00,124.5,124.6,124.39,124.55,21437
1789016400,2026-09-10 14:00:00,124.6,124.83,124.29,124.29,24225
1789016700,2026-09-10 14:05:00,124.33,124.33,124.1,124.21,23291
1789017000,2026-09-10 14:10:00,124.19,124.36,124.1,124.32,37439
1789017300,2026-09-10 14:15:00,124.3,124.3,124.18,124.23,17370
1789017600,2026-09-10 14:20:00,124.28,124.53,124.2,124.46,49355
1789017900,2026-09-10 14:25:00,124.44,125.02,124.44,124.94,48963
1789018200,2026-09-10 14:30:00,124.98,125.21,124.86,125.21,76028
1789018500,2026-09-10 14:35:00,125.22,125.38,124.99,124.99,42720
1789018800,2026-09-10 14:40:00,125.01,125.31,124.98,125.11,90142
1789019100,2026-09-10 14:45:00,125.11,125.6,125.11,125.36,66261
1789019400,2026-09-10 14:50:00,125.34,125.34,124.33,124.59,54950
1789019700,2026-09-10 14:55:00,124.64,124.93,124.47,124.93,56427
1789020000,2026-09-10 15:00:00,124.79,125.01,124.64,124.66,39386
1789020300,2026-09-10 15:05:00,124.68,124.68,124.2,124.21,14305
1789020600,2026-09-10 15:10:00,124.21,124.32,123.96,124.01,23626
1789020900,2026-09-10 15:15:00,124.05,124.13,123.8,123.81,39593
1789021200,2026-09-10 15:20:00,123.87,124.04,123.71,123.96,33568
1789021500,2026-09-10 15:25:00,123.95,124.47,123.85,124.47,28437
1789021800,2026-09-10 15:30:00,124.48,124.67,124.39,124.43,41638
1789022100,2026-09-10 15:35:00,124.43,124.9,124.36,124.9,21155
1789022400,2026-09-10 15:40:00,124.89,124.93,124.4,124.42,32053
1789022700,2026-09-10 15:45:00,124.4,124.61,124.39,124.61,35957
1789023000,2026-09-10 15:50:00,124.61,124.79,124.36,124.49,50419
1789023300,2026-09-10 15:55:00,124.47,124.5,124.3,124.5,20592
1789023600,2026-09-10 16:00:00,124.54,124.58,124.1,124.1,20957
1789023900,2026-09-10 16:05:00,124.14,124.47,124.11,124.39,49326
1789024200,2026-09-10 16:10:00,124.37,124.7,124.32,124.44,24089
1789024500,2026-09-10 16:15:00,124.53,124.6,124.38,124.55,28066
1789024800,2026-09-10 16:20:00,124.55,124.62,124.33,124.36,25206
1789025100,2026-09-10 16:25:00,124.39,124.42,123.93,123.93,38623
1789025400,2026-09-10 16:30:00,123.93,124.01,123.51,123.57,52532
1789025700,2026-09-10 16:35:00,123.56,124.01,123.54,123.65,41817
1789026000,2026-09-10 16:40:00,123.63,123.96,123.59,123.93,26159
1789026300,2026-09-10 16:45:00,123.92,123.98,123.8,123.9,18838
1789026600,2026-09-10 16:50:00,123.9,124.09,123.88,123.99,27152
1789026900,2026-09-10 16:55:00,123.97,124.06,123.88,123.93,11059
1789027200,2026-09-10 17:00:00,123.85,124.39,123.5,123.69,80570
1789027500,2026-09-10 17:05:00,123.71,124.1,123.58,123.69,79428
1789027800,2026-09-10 17:10:00,123.79,124.01,123.16,123.23,76592
1789028100,2026-09-10 17:15:00,123.24,123.47,122.98,123.47,137008
1789028400,2026-09-10 17:20:00,123.45,123.99,123.39,123.76,68007
1789028700,2026-09-10 17:25:00,123.76,123.88,123.52,123.81,54276
1789029000,2026-09-10 17:30:00,123.83,123.98,123.2,123.36,87472
1789029300,2026-09-10 17:35:00,123.3,123.66,123.3,123.49,64603
1789029600,2026-09-10 17:40:00,123.47,123.55,122.98,123.11,39884
1789029900,2026-09-10 17:45:00,123.12,123.29,122.94,122.96,39826
1789030200,2026-09-10 17:50:00,122.97,123.3,122.75,123.22,64641
1789030500,2026-09-10 17:55:00,123.2,123.21,122.86,122.99,31955
1789030800,2026-09-10 18:00:00,122.98,123.45,122.81,123.4,29501
1789031100,2026-09-10 18:05:00,123.35,123.4,122.94,123.04,15570
1789031400,2026-09-10 18:10:00,123.01,123.29,123,123.22,15827
1789031700,2026-09-10 18:15:00,123.2,123.24,122.96,123.09,23988
1789032000,2026-09-10 18:20:00,123.1,123.16,122.88,122.88,29452
1789032300,2026-09-10 18:25:00,122.93,123.01,122.68,122.78,35724
1789032600,2026-09-10 18:30:00,122.72,122.72,122.14,122.43,54546
1789032900,2026-09-10 18:35:00,122.42,122.42,122.12,122.18,36090
1789033200,2026-09-10 18:40:00,122.17,122.44,121.85,122.37,55234
1789033500,2026-09-10 18:45:00,122.37,122.68,122.36,122.54,37512
1789033800,2026-09-10 18:50:00,122.49,122.91,122.45,122.78,34340
1789034100,2026-09-10 18:55:00,122.81,122.91,122.51,122.58,35061
1789034400,2026-09-10 19:00:00,122.57,122.95,122.28,122.72,28218
1789034700,2026-09-10 19:05:00,122.73,122.75,122.31,122.4,10786
1789035000,2026-09-10 19:10:00,122.43,122.68,122.32,122.6,6949
1789035300,2026-09-10 19:15:00,122.53,122.76,122.53,122.66,6759
1789035600,2026-09-10 19:20:00,122.65,122.7,122.49,122.61,3535
1789035900,2026-09-10 19:25:00,122.61,122.87,122.4,122.52,20358
1789036200,2026-09-10 19:30:00,122.5,122.52,122.02,122.17,48150
1789036500,2026-09-10 19:35:00,122.18,122.6,122.14,122.51,38392
1789036800,2026-09-10 19:40:00,122.51,122.68,122.45,122.51,37670
1789037100,2026-09-10 19:45:00,122.48,122.52,122.27,122.45,52150
1789037400,2026-09-10 19:50:00,122.45,122.5,122.07,122.07,36030
1789037700,2026-09-10 19:55:00,122.05,122.99,121.94,122.16,136285
1789038000,2026-09-10 20:00:00,122.17,122.17,121.13,121.35,157578
1789038300,2026-09-10 20:05:00,121.34,121.47,121.07,121.23,82226
1789038600,2026-09-10 20:10:00,121.3,121.47,121.02,121.35,62231
1789038900,2026-09-10 20:15:00,121.41,121.51,121.08,121.2,79880
1789039200,2026-09-10 20:20:00,121.18,121.4,121.06,121.38,48454
1789039500,2026-09-10 20:25:00,121.36,121.4,121.18,121.22,40242
1789039800,2026-09-10 20:30:00,121.24,121.74,121.19,121.66,56478
1789040100,2026-09-10 20:35:00,121.67,121.84,121.52,121.66,95999
1789040400,2026-09-10 20:40:00,121.63,121.63,121.26,121.4,59902
1789040700,2026-09-10 20:45:00,121.35,121.51,120.65,120.65,208224
1789041000,2026-09-10 20:50:00,120.66,120.7,120.22,120.46,108665
1789041300,2026-09-10 20:55:00,120.37,120.4,119.66,119.71,137989
1789041600,2026-09-10 21:00:00,119.7,119.96,118.74,118.76,366539
1789041900,2026-09-10 21:05:00,118.84,119.22,118.67,118.71,204724
1789042200,2026-09-10 21:10:00,118.7,119.02,118.34,118.78,217438
1789042500,2026-09-10 21:15:00,118.76,119.02,118.33,118.6,125862
1789042800,2026-09-10 21:20:00,118.59,118.64,117.92,118.06,199337
1789043100,2026-09-10 21:25:00,118.05,119.07,117.82,118.96,327755
1789043400,2026-09-10 21:30:00,118.99,119.43,115.95,116,1543802
1789043700,2026-09-10 21:35:00,115.97,116.47,115.45,115.68,954387
1789044000,2026-09-10 21:40:00,115.7,116.39,115.36,116.35,595615
1789044300,2026-09-10 21:45:00,116.32,116.35,115.61,116.04,518196
1789044600,2026-09-10 21:50:00,116.05,116.13,114.73,115.09,348863
1789044900,2026-09-10 21:55:00,115.05,115.09,114.25,114.89,914384
1789045200,2026-09-10 22:00:00,114.89,115.59,114.68,115.52,671968
1789045500,2026-09-10 22:05:00,115.53,115.55,114.64,114.94,228032
1789045800,2026-09-10 22:10:00,114.96,115.48,114.88,114.91,195409
1789046100,2026-09-10 22:15:00,114.95,115.16,114.38,114.85,314751
1789046400,2026-09-10 22:20:00,114.82,114.96,114.47,114.57,181987
1789046700,2026-09-10 22:25:00,114.63,116.42,114.46,116.41,671078
1789047000,2026-09-10 22:30:00,116.42,118.14,114.68,115.21,1463738
1789047300,2026-09-10 22:35:00,115.28,117.3,115.23,117.15,642042
1789047600,2026-09-10 22:40:00,117.13,118,115.73,115.79,771463
1789047900,2026-09-10 22:45:00,115.84,116.58,115.13,116.03,808370
1789048200,2026-09-10 22:50:00,116.01,116.04,113.69,113.92,958527
1789048500,2026-09-10 22:55:00,113.92,114.62,113.67,113.96,393661
1789048800,2026-09-10 23:00:00,113.97,116.34,113.93,115.67,464312
1789049100,2026-09-10 23:05:00,115.67,115.93,114.99,115.86,388926
1789049400,2026-09-10 23:10:00,115.86,116.35,115.24,115.36,401581
1789049700,2026-09-10 23:15:00,115.33,115.77,114.72,115.66,172281
1789050000,2026-09-10 23:20:00,115.64,117.69,115.58,117.33,300685
1789050300,2026-09-10 23:25:00,117.29,117.98,116.56,117.11,560667
1789050600,2026-09-10 23:30:00,117.09,117.75,116.88,117.4,296329
1789050900,2026-09-10 23:35:00,117.47,119,117.47,118.39,656753
1789051200,2026-09-10 23:40:00,118.35,118.59,117.57,117.77,279585
1789051500,2026-09-10 23:45:00,117.7,118.15,117.28,117.8,217180
1789051800,2026-09-10 23:50:00,117.8,118.44,117.46,118.44,126556
1789052100,2026-09-10 23:55:00,118.44,118.79,117.98,118.79,148229
1789052400,2026-09-11 00:00:00,118.81,118.87,117.88,118.25,213934
1789052700,2026-09-11 00:05:00,118.3,119,118.3,118.36,210851
1789053000,2026-09-11 00:10:00,118.39,119.24,118.39,119.01,110876
1789053300,2026-09-11 00:15:00,119,119.08,117.78,118.14,180093
1789053600,2026-09-11 00:20:00,118.2,118.4,117.8,118.28,125073
1789053900,2026-09-11 00:25:00,118.25,118.92,118.18,118.5,164374
1789054200,2026-09-11 00:30:00,118.52,118.65,118.06,118.65,240741
1789054500,2026-09-11 00:35:00,118.65,118.84,118.24,118.5,74011
1789054800,2026-09-11 00:40:00,118.45,118.96,118.18,118.93,110689
1789055100,2026-09-11 00:45:00,118.93,119,118.32,118.7,83238
1789055400,2026-09-11 00:50:00,118.65,119.04,118.39,118.48,31266
1789055700,2026-09-11 00:55:00,118.46,118.69,117.92,118.53,81324
1789056000,2026-09-11 01:00:00,118.5,118.78,118.16,118.19,49816
1789056300,2026-09-11 01:05:00,118.2,118.48,117.73,117.8,84968
1789056600,2026-09-11 01:10:00,117.76,118.03,117.19,117.41,165115
1789056900,2026-09-11 01:15:00,117.44,117.78,116.86,117.08,149430
1789057200,2026-09-11 01:20:00,117.14,117.46,117.13,117.29,57045
1789057500,2026-09-11 01:25:00,117.29,117.32,116.52,116.84,181537
1789057800,2026-09-11 01:30:00,116.83,117.21,116.3,116.3,1045953
1789058100,2026-09-11 01:35:00,116.34,116.61,115.86,116.44,320594
1789058400,2026-09-11 01:40:00,116.45,117.15,116.45,117.1,93091
1789058700,2026-09-11 01:45:00,117.11,117.71,117.11,117.29,71434
1789059000,2026-09-11 01:50:00,117.28,118.05,117.28,118.03,69780
1789059300,2026-09-11 01:55:00,118.03,118.23,117.87,118.06,43734
1789059600,2026-09-11 02:00:00,118.02,118.78,117.85,118.15,244999
1789059900,2026-09-11 02:05:00,118.15,118.58,118.06,118.28,100520
1789060200,2026-09-11 02:10:00,118.25,118.61,117.95,117.98,52007
1789060500,2026-09-11 02:15:00,118,118.09,117.9,118.01,28984
1789060800,2026-09-11 02:20:00,118.04,118.04,117.59,117.72,1607214
1789061100,2026-09-11 02:25:00,117.73,117.81,117.47,117.65,173199
1789061400,2026-09-11 02:30:00,117.64,117.79,117.33,117.45,108243
1789061700,2026-09-11 02:35:00,117.45,117.69,117.01,117.03,80335
1789062000,2026-09-11 02:40:00,117.01,117.48,117.01,117.47,65991
1789062300,2026-09-11 02:45:00,117.47,117.49,117.19,117.23,19898
1789062600,2026-09-11 02:50:00,117.22,117.5,117.11,117.49,42205
1789062900,2026-09-11 02:55:00,117.5,117.69,117.25,117.55,32864
1789063200,2026-09-11 03:00:00,117.54,117.87,117.05,117.12,99124
1789063500,2026-09-11 03:05:00,117.15,117.44,116.87,116.97,107514
1789063800,2026-09-11 03:10:00,116.97,117.29,116.83,117.21,35002
1789064100,2026-09-11 03:15:00,117.17,117.22,116.98,117.22,22946
1789064400,2026-09-11 03:20:00,117.21,117.55,117.16,117.16,15974
1789064700,2026-09-11 03:25:00,117.2,117.29,116.95,117.07,21938
1789065000,2026-09-11 03:30:00,117,117.14,116.92,117.13,30796
1789065300,2026-09-11 03:35:00,117.14,117.29,117,117.28,40365
1789065600,2026-09-11 03:40:00,117.22,117.26,117,117.19,32493
1789065900,2026-09-11 03:45:00,117.17,117.25,116.72,116.9,87267
1789066200,2026-09-11 03:50:00,116.86,117.6,116.68,117.26,140592
1789066500,2026-09-11 03:55:00,117.26,117.5,117.21,117.45,28788
1789066800,2026-09-11 04:00:00,117.4,117.72,116.93,117.05,76255
1789067100,2026-09-11 04:05:00,117.02,117.16,116.26,116.67,110550
1789067400,2026-09-11 04:10:00,116.63,116.8,116.19,116.56,63364
1789067700,2026-09-11 04:15:00,116.53,116.8,116.36,116.64,83002
1789068000,2026-09-11 04:20:00,116.59,117.02,116.57,116.99,89677
1789068300,2026-09-11 04:25:00,116.97,117.38,116.97,117.28,108112
1789068600,2026-09-11 04:30:00,117.29,117.6,117.01,117.35,511092
1789068900,2026-09-11 04:35:00,117.32,117.36,116.81,117.07,491906
1789069200,2026-09-11 04:40:00,117.11,117.29,116.83,116.83,32358
1789069500,2026-09-11 04:45:00,116.84,117.15,116.73,116.93,92411
1789069800,2026-09-11 04:50:00,116.9,116.99,116.02,116.22,279991
1789070100,2026-09-11 04:55:00,116.1,116.38,115.54,115.71,212620
1789070400,2026-09-11 05:00:00,115.73,115.98,115.68,115.73,88143
1789070700,2026-09-11 05:05:00,115.72,115.78,115.55,115.63,59982
1789071000,2026-09-11 05:10:00,115.67,115.96,115.55,115.86,43853
1789071300,2026-09-11 05:15:00,115.87,115.99,115.75,115.85,120615
1789071600,2026-09-11 05:20:00,115.85,115.98,115.83,115.93,33791
1789071900,2026-09-11 05:25:00,115.93,115.96,115.6,115.6,39580
1789072200,2026-09-11 05:30:00,115.66,115.7,115.51,115.65,27797
1789072500,2026-09-11 05:35:00,115.66,115.71,115.59,115.66,23459
1789072800,2026-09-11 05:40:00,115.63,115.86,115.62,115.82,65405
1789073100,2026-09-11 05:45:00,115.83,115.85,115.68,115.74,17629
1789073400,2026-09-11 05:50:00,115.73,115.8,115.69,115.69,8898
1789073700,2026-09-11 05:55:00,115.7,115.73,115.43,115.56,6674
1789074000,2026-09-11 06:00:00,115.58,116.35,115.55,115.93,129890
1789074300,2026-09-11 06:05:00,115.92,116.37,115.92,116.37,43201
1789074600,2026-09-11 06:10:00,116.38,116.41,116.07,116.17,40133
1789074900,2026-09-11 06:15:00,116.16,116.18,115.93,116.1,19532
1789075200,2026-09-11 06:20:00,115.99,116.05,115.86,115.92,10701
1789075500,2026-09-11 06:25:00,115.93,116,115.74,115.79,10568
1789075800,2026-09-11 06:30:00,115.78,115.88,115.74,115.83,19189
1789076100,2026-09-11 06:35:00,115.84,115.84,115.5,115.6,64943
1789076400,2026-09-11 06:40:00,115.66,115.66,115.38,115.51,72834
1789076700,2026-09-11 06:45:00,115.49,115.7,115.44,115.66,44016
1789077000,2026-09-11 06:50:00,115.65,115.78,115.63,115.76,12303
1789077300,2026-09-11 06:55:00,115.74,115.92,115.71,115.85,51390
1789077600,2026-09-11 07:00:00,115.78,116,115.77,115.89,69088
1789077900,2026-09-11 07:05:00,115.87,115.88,115.6,115.8,31312
1789078200,2026-09-11 07:10:00,115.8,115.86,115.68,115.7,25737
1789078500,2026-09-11 07:15:00,115.72,115.84,115.68,115.84,23068
1789078800,2026-09-11 07:20:00,115.83,115.99,115.78,115.78,11218
1789079100,2026-09-11 07:25:00,115.8,115.84,115.3,115.3,37374
1789079400,2026-09-11 07:30:00,115.32,115.43,115.09,115.19,40793
1789079700,2026-09-11 07:35:00,115.18,115.21,114.99,114.99,28593
1789080000,2026-09-11 07:40:00,115.02,115.09,114.22,114.77,101713
1789080300,2026-09-11 07:45:00,114.79,114.99,114.56,114.97,67978
1789080600,2026-09-11 07:50:00,114.96,114.98,114.65,114.7,44414
1789080900,2026-09-11 07:55:00,114.73,114.82,114.69,114.78,27210
1789081200,2026-09-11 08:00:00,114.81,114.84,114.6,114.62,44453
1789081500,2026-09-11 08:05:00,114.69,114.94,114.65,114.94,134529
1789081800,2026-09-11 08:10:00,114.94,115.06,114.88,114.97,70362
1789082100,2026-09-11 08:15:00,114.98,114.99,114.85,114.86,42125
1789082400,2026-09-11 08:20:00,114.87,114.89,114.45,114.45,42975
1789082700,2026-09-11 08:25:00,114.44,114.86,114.4,114.8,46767
1789083000,2026-09-11 08:30:00,114.87,115.05,114.68,114.73,36785
1789083300,2026-09-11 08:35:00,114.71,114.77,114.61,114.68,44226
1789083600,2026-09-11 08:40:00,114.72,114.75,114.51,114.6,31774
1789083900,2026-09-11 08:45:00,114.6,114.61,114.28,114.31,43033
1789084200,2026-09-11 08:50:00,114.31,114.4,114.09,114.09,44166
1789084500,2026-09-11 08:55:00,114.16,114.16,113.99,114.12,43549
1789084800,2026-09-11 09:00:00,114.02,114.92,113.88,114.71,97405
1789085100,2026-09-11 09:05:00,114.74,115.33,114.64,114.86,62728
1789085400,2026-09-11 09:10:00,114.85,114.98,114.58,114.66,45025
1789085700,2026-09-11 09:15:00,114.66,114.79,114.38,114.51,36002
1789086000,2026-09-11 09:20:00,114.5,115.28,114.14,115.11,68267
1789086300,2026-09-11 09:25:00,115.12,115.63,114.98,115.39,49390
1789086600,2026-09-11 09:30:00,115.38,115.4,114.94,115.3,51497
1789086900,2026-09-11 09:35:00,115.25,115.72,115.18,115.33,36858
1789087200,2026-09-11 09:40:00,115.38,115.4,114.84,114.93,28058
1789087500,2026-09-11 09:45:00,114.89,115.15,114.85,115.09,33683
1789087800,2026-09-11 09:50:00,115.09,115.43,115.07,115.34,21546
1789088100,2026-09-11 09:55:00,115.3,115.68,115.23,115.61,22560
1789088400,2026-09-11 10:00:00,115.59,115.98,115.44,115.76,52667
1789088700,2026-09-11 10:05:00,115.8,115.84,115.62,115.75,45081
1789089000,2026-09-11 10:10:00,115.75,115.92,115.42,115.46,53331
1789089300,2026-09-11 10:15:00,115.49,115.51,115.22,115.37,67908
1789089600,2026-09-11 10:20:00,115.37,115.42,114.97,115.19,30641
1789089900,2026-09-11 10:25:00,115.18,115.28,114.9,114.9,31102
1789090200,2026-09-11 10:30:00,114.91,115.2,114.86,115.03,109530
1789090500,2026-09-11 10:35:00,115.06,115.4,114.73,114.81,58813
1789090800,2026-09-11 10:40:00,114.8,114.81,114.41,114.61,57193
1789091100,2026-09-11 10:45:00,114.59,114.59,114.27,114.41,18773
1789091400,2026-09-11 10:50:00,114.42,114.54,114.28,114.31,10866
1789091700,2026-09-11 10:55:00,114.33,114.75,114.29,114.75,36373
1789092000,2026-09-11 11:00:00,114.74,114.83,114.46,114.63,28676
1789092300,2026-09-11 11:05:00,114.64,114.8,114.54,114.65,28635
1789092600,2026-09-11 11:10:00,114.67,114.95,114.67,114.81,11658
1789092900,2026-09-11 11:15:00,114.83,114.83,114.3,114.51,52887
1789093200,2026-09-11 11:20:00,114.5,114.68,114.33,114.35,41885
1789093500,2026-09-11 11:25:00,114.35,114.37,114.12,114.37,64214
1789093800,2026-09-11 11:30:00,114.3,114.37,113.83,113.98,99694
1789094100,2026-09-11 11:35:00,113.98,114.4,113.93,114.29,71036
1789094400,2026-09-11 11:40:00,114.27,114.39,113.77,113.91,39253
1789094700,2026-09-11 11:45:00,113.91,114.36,113.86,114.25,42191
1789095000,2026-09-11 11:50:00,114.28,114.29,113.81,113.88,48756
1789095300,2026-09-11 11:55:00,113.83,114.04,113.77,113.97,33489
1789095600,2026-09-11 12:00:00,113.91,114.2,113.8,114.03,17694
1789095900,2026-09-11 12:05:00,114.01,114.01,113.58,113.66,75620
1789096200,2026-09-11 12:10:00,113.66,113.78,113.36,113.66,71059
1789096500,2026-09-11 12:15:00,113.68,113.84,113.61,113.68,31493
1789096800,2026-09-11 12:20:00,113.66,113.72,113.22,113.3,56198
1789097100,2026-09-11 12:25:00,113.28,113.42,113.13,113.31,45201
1789097400,2026-09-11 12:30:00,113.19,113.27,112.8,113.16,86362
1789097700,2026-09-11 12:35:00,113.16,113.4,113.09,113.23,37353
1789098000,2026-09-11 12:40:00,113.23,113.95,113.23,113.9,38984
1789098300,2026-09-11 12:45:00,113.95,113.96,113.18,113.24,50368
1789098600,2026-09-11 12:50:00,113.16,113.28,113.06,113.21,59306
1789098900,2026-09-11 12:55:00,113.21,113.42,113.17,113.26,49710
1789099200,2026-09-11 13:00:00,113.25,113.55,112.86,113.35,112824
1789099500,2026-09-11 13:05:00,113.39,113.6,113.3,113.52,50884
1789099800,2026-09-11 13:10:00,113.52,113.7,113.06,113.69,38753
1789100100,2026-09-11 13:15:00,113.7,114.15,113.6,114.09,72091
1789100400,2026-09-11 13:20:00,114.11,114.44,114.02,114.34,41439
1789100700,2026-09-11 13:25:00,114.33,114.54,114.32,114.53,85275
1789101000,2026-09-11 13:30:00,114.54,114.67,114.45,114.51,51321
1789101300,2026-09-11 13:35:00,114.52,115,114.51,114.94,58286
1789101600,2026-09-11 13:40:00,114.95,115.09,114.66,114.92,64119
1789101900,2026-09-11 13:45:00,114.95,115.04,114.79,114.93,58338
1789102200,2026-09-11 13:50:00,114.95,115.19,114.64,114.75,21036
1789102500,2026-09-11 13:55:00,114.77,114.9,114.41,114.45,37912
1789102800,2026-09-11 14:00:00,114.48,114.61,114.36,114.47,26132
1789103100,2026-09-11 14:05:00,114.46,114.92,114.44,114.84,30220
1789103400,2026-09-11 14:10:00,114.84,115.23,114.73,115.23,23169
1789103700,2026-09-11 14:15:00,115.22,115.3,114.94,114.94,30068
1789104000,2026-09-11 14:20:00,114.94,115.25,114.79,115.07,31200
1789104300,2026-09-11 14:25:00,115.08,115.08,114.77,114.8,28960
1789104600,2026-09-11 14:30:00,114.86,115.25,114.86,115.24,19881
1789104900,2026-09-11 14:35:00,115.21,115.58,115.17,115.58,28722
1789105200,2026-09-11 14:40:00,115.58,116.08,115.52,115.97,73426
1789105500,2026-09-11 14:45:00,115.98,116.19,115.72,116.18,187786
1789105800,2026-09-11 14:50:00,116.18,117.1,115.99,117.05,142012
1789106100,2026-09-11 14:55:00,117.09,117.35,116.83,116.84,231856
1789106400,2026-09-11 15:00:00,116.86,117.1,116.59,116.71,101854
1789106700,2026-09-11 15:05:00,116.69,117.34,116.64,117.07,111596
1789107000,2026-09-11 15:10:00,117.03,117.25,116.86,117.15,113724
1789107300,2026-09-11 15:15:00,117.19,117.3,116.81,116.95,130233
1789107600,2026-09-11 15:20:00,116.95,117,116.76,116.88,50228
1789107900,2026-09-11 15:25:00,116.88,116.89,116.66,116.71,38075
1789108200,2026-09-11 15:30:00,116.75,116.76,116.38,116.44,58332
1789108500,2026-09-11 15:35:00,116.47,116.93,116.47,116.86,36563
1789108800,2026-09-11 15:40:00,116.78,117.08,116.6,117.08,42250
1789109100,2026-09-11 15:45:00,117.05,117.68,117.05,117.48,36411
1789109400,2026-09-11 15:50:00,117.47,117.57,117.26,117.33,70997
1789109700,2026-09-11 15:55:00,117.34,117.47,117.25,117.4,26317
1789110000,2026-09-11 16:00:00,117.34,117.78,117.3,117.78,273776
1789110300,2026-09-11 16:05:00,117.7,117.9,117.43,117.56,86489
1789110600,2026-09-11 16:10:00,117.57,117.77,117.4,117.5,29328
1789110900,2026-09-11 16:15:00,117.55,117.58,117.35,117.36,40629
1789111200,2026-09-11 16:20:00,117.37,117.5,117.05,117.22,45674
1789111500,2026-09-11 16:25:00,117.21,117.21,116.72,116.74,41332
1789111800,2026-09-11 16:30:00,116.8,116.96,116.78,116.8,49051
1789112100,2026-09-11 16:35:00,116.82,117.13,116.81,116.84,21629
1789112400,2026-09-11 16:40:00,116.82,117.08,116.82,117,17960
1789112700,2026-09-11 16:45:00,116.97,117.06,116.86,116.88,13262
1789113000,2026-09-11 16:50:00,116.93,117.06,116.83,117.02,32147
1789113300,2026-09-11 16:55:00,117.04,117.11,116.94,116.94,18031
1789113600,2026-09-11 17:00:00,116.96,117.78,116.9,117.2,94006
1789113900,2026-09-11 17:05:00,117.22,117.22,116.8,116.8,37295
1789114200,2026-09-11 17:10:00,116.89,117.45,116.73,117.18,75174
1789114500,2026-09-11 17:15:00,117.17,117.66,117.08,117.37,43108
1789114800,2026-09-11 17:20:00,117.37,118.56,117.32,118.12,205666
1789115100,2026-09-11 17:25:00,118.2,118.31,117.81,117.94,338165
1789115400,2026-09-11 17:30:00,117.96,118.76,117.94,118.57,174207
1789115700,2026-09-11 17:35:00,118.57,118.69,118.27,118.27,245208
1789116000,2026-09-11 17:40:00,118.28,118.58,118.2,118.28,182655
1789116300,2026-09-11 17:45:00,118.26,118.63,118.2,118.52,61482
1789116600,2026-09-11 17:50:00,118.53,118.81,118.41,118.62,226778
1789116900,2026-09-11 17:55:00,118.57,118.78,118.55,118.66,41115
1789117200,2026-09-11 18:00:00,118.7,118.94,118.5,118.59,81824
1789117500,2026-09-11 18:05:00,118.57,118.64,118.22,118.23,118086
1789117800,2026-09-11 18:10:00,118.26,118.31,118.01,118.04,78927
1789118100,2026-09-11 18:15:00,118.05,118.48,117.94,118.46,56736
1789118400,2026-09-11 18:20:00,118.41,118.58,118.3,118.33,47281
1789118700,2026-09-11 18:25:00,118.33,118.45,118.26,118.32,41880
1789119000,2026-09-11 18:30:00,118.35,118.47,118.2,118.36,23792
1789119300,2026-09-11 18:35:00,118.35,118.47,118.32,118.42,40659
1789119600,2026-09-11 18:40:00,118.39,118.47,118.19,118.22,25325
1789119900,2026-09-11 18:45:00,118.22,118.33,118.12,118.23,49334
1789120200,2026-09-11 18:50:00,118.19,118.29,118.14,118.23,31073
1789120500,2026-09-11 18:55:00,118.25,118.5,118.19,118.34,45168
1789120800,2026-09-11 19:00:00,118.34,118.82,117.89,118.71,53422
1789121100,2026-09-11 19:05:00,118.76,118.82,118.62,118.69,24764
1789121400,2026-09-11 19:10:00,118.69,118.76,118.49,118.65,25637
1789121700,2026-09-11 19:15:00,118.67,118.67,118.53,118.58,17589
1789122000,2026-09-11 19:20:00,118.61,118.61,118.38,118.52,19458
1789122300,2026-09-11 19:25:00,118.52,118.57,118.28,118.36,13543
1789122600,2026-09-11 19:30:00,118.38,118.51,118.3,118.48,9589
1789122900,2026-09-11 19:35:00,118.49,118.59,118.35,118.37,5888
1789123200,2026-09-11 19:40:00,118.41,118.42,118.27,118.28,4664
1789123500,2026-09-11 19:45:00,118.3,118.34,118.16,118.3,11745
1789123800,2026-09-11 19:50:00,118.31,118.49,118.27,118.32,8214
1789124100,2026-09-11 19:55:00,118.35,118.4,118.2,118.2,16711
1789124400,2026-09-11 20:00:00,118.23,118.31,117.94,117.94,27591
1789124700,2026-09-11 20:05:00,117.92,118.06,117.68,117.8,220879
1789125000,2026-09-11 20:10:00,117.8,118.01,117.68,117.88,85433
1789125300,2026-09-11 20:15:00,117.91,118.19,117.81,118.16,43714
1789125600,2026-09-11 20:20:00,118.17,118.25,117.96,118.25,28650
1789125900,2026-09-11 20:25:00,118.23,118.63,118.23,118.46,41927
1789126200,2026-09-11 20:30:00,118.46,118.71,118.35,118.38,30551
1789126500,2026-09-11 20:35:00,118.37,118.72,118.28,118.69,21270
1789126800,2026-09-11 20:40:00,118.66,119.32,118.65,119.21,105008
1789127100,2026-09-11 20:45:00,119.2,119.59,119.06,119.57,155755
1789127400,2026-09-11 20:50:00,119.55,119.56,119.14,119.17,185301
1789127700,2026-09-11 20:55:00,119.16,119.23,118.9,118.95,95249
1789128000,2026-09-11 21:00:00,118.96,119.06,118.79,118.82,56868
1789128300,2026-09-11 21:05:00,118.85,119.08,118.81,119.06,200610
1789128600,2026-09-11 21:10:00,119.08,119.34,118.78,118.92,48651
1789128900,2026-09-11 21:15:00,118.93,119.43,118.79,119.24,104172
1789129200,2026-09-11 21:20:00,119.25,119.31,118.9,119,42325
1789129500,2026-09-11 21:25:00,118.97,120.16,118.93,119.81,198962
1789129800,2026-09-11 21:30:00,119.82,119.96,116.25,119.16,1322697
1789130100,2026-09-11 21:35:00,119.21,120.62,118.73,120.52,418697
1789130400,2026-09-11 21:40:00,120.56,120.95,119.57,119.87,486643
1789130700,2026-09-11 21:45:00,119.9,120.72,119.43,120.63,183795
1789131000,2026-09-11 21:50:00,120.67,121.54,120.63,121.33,301043
1789131300,2026-09-11 21:55:00,121.34,121.94,121.23,121.69,148226
1789131600,2026-09-11 22:00:00,121.68,122.36,121.67,121.87,197462
1789131900,2026-09-11 22:05:00,121.84,122.11,121.18,121.31,338807
1789132200,2026-09-11 22:10:00,121.27,121.61,121.23,121.61,98380
1789132500,2026-09-11 22:15:00,121.64,121.7,121.1,121.28,84915
1789132800,2026-09-11 22:20:00,121.28,121.44,120.87,121.03,137356
1789133100,2026-09-11 22:25:00,121.09,121.37,120.54,120.61,238518
1789133400,2026-09-11 22:30:00,120.63,120.64,118.76,119.92,1097012
1789133700,2026-09-11 22:35:00,119.88,120.33,117.91,120.33,800853
1789134000,2026-09-11 22:40:00,120.34,122.1,119.52,121.97,1317628
1789134300,2026-09-11 22:45:00,121.99,123.16,121.36,122.3,731594
1789134600,2026-09-11 22:50:00,122.28,122.44,120.28,121.31,426740
1789134900,2026-09-11 22:55:00,121.35,121.8,120.55,121.76,287837
1789135200,2026-09-11 23:00:00,121.68,121.79,119.17,119.25,730049
1789135500,2026-09-11 23:05:00,119.28,120.1,118.99,119.82,411538
1789135800,2026-09-11 23:10:00,119.83,121.01,119.83,120.92,191271
1789136100,2026-09-11 23:15:00,120.96,122,120.62,121.85,342574
1789136400,2026-09-11 23:20:00,121.91,122.31,121.68,121.78,318678
1789136700,2026-09-11 23:25:00,121.79,122.76,121.79,122.32,199723
1789137000,2026-09-11 23:30:00,122.37,122.39,121.43,121.81,291877
1789137300,2026-09-11 23:35:00,121.84,121.85,120.75,121.14,445176
1789137600,2026-09-11 23:40:00,121.18,121.55,120.34,120.73,234648
1789137900,2026-09-11 23:45:00,120.79,121.62,120.1,121.62,385409
1789138200,2026-09-11 23:50:00,121.63,121.66,120.94,121.11,128847
1789138500,2026-09-11 23:55:00,121.14,121.85,120.82,121.71,94157
1789138800,2026-09-12 00:00:00,121.66,122.1,121.39,122.1,145300
1789139100,2026-09-12 00:05:00,122.12,122.66,121.96,122.51,162051
1789139400,2026-09-12 00:10:00,122.51,122.76,121.46,121.79,106406
1789139700,2026-09-12 00:15:00,121.83,123.05,121.83,122.58,136075
1789140000,2026-09-12 00:20:00,122.72,123.37,122.63,123.37,147420
1789140300,2026-09-12 00:25:00,123.38,123.96,123.31,123.76,439196
1789140600,2026-09-12 00:30:00,123.79,124.36,123.55,124.19,80558
1789140900,2026-09-12 00:35:00,124.19,124.21,123.42,123.74,132259
1789141200,2026-09-12 00:40:00,123.68,123.76,123.26,123.66,84472
1789141500,2026-09-12 00:45:00,123.63,123.9,123.33,123.83,71578
1789141800,2026-09-12 00:50:00,123.83,123.84,123.01,123.16,56981
1789142100,2026-09-12 00:55:00,123.16,123.56,122.94,123.47,261968
1789142400,2026-09-12 01:00:00,123.44,123.89,123.41,123.88,54705
1789142700,2026-09-12 01:05:00,123.88,123.94,123.42,123.5,56743
1789143000,2026-09-12 01:10:00,123.52,123.56,123.02,123.23,52739
1789143300,2026-09-12 01:15:00,123.23,123.24,122.8,122.92,55682
1789143600,2026-09-12 01:20:00,122.96,122.96,122.46,122.61,63700
1789143900,2026-09-12 01:25:00,122.62,122.94,122.11,122.11,112854
1789144200,2026-09-12 01:30:00,122.17,122.91,122.07,122.5,140089
1789144500,2026-09-12 01:35:00,122.51,122.53,121.89,121.91,69453
1789144800,2026-09-12 01:40:00,121.92,122.87,121.79,122.85,54378
1789145100,2026-09-12 01:45:00,122.82,122.86,122.4,122.43,24249
1789145400,2026-09-12 01:50:00,122.42,123.16,122.39,123.15,58789
1789145700,2026-09-12 01:55:00,123.15,123.42,123.1,123.4,62587
1789146000,2026-09-12 02:00:00,123.4,123.56,123.32,123.4,48441
1789146300,2026-09-12 02:05:00,123.4,123.78,123.39,123.6,99564
1789146600,2026-09-12 02:10:00,123.61,123.7,123.1,123.11,54838
1789146900,2026-09-12 02:15:00,123.11,123.59,123.11,123.53,36081
1789147200,2026-09-12 02:20:00,123.51,123.8,123.42,123.79,32739
1789147500,2026-09-12 02:25:00,123.83,123.88,123.67,123.75,33650
1789147800,2026-09-12 02:30:00,123.77,123.99,123.63,123.71,22877
1789148100,2026-09-12 02:35:00,123.73,124.06,123.73,124.01,73155
1789148400,2026-09-12 02:40:00,123.98,124.26,123.91,124.08,37356
1789148700,2026-09-12 02:45:00,124.12,124.22,123.96,124.14,32593
1789149000,2026-09-12 02:50:00,124.16,124.4,124.12,124.19,21723
1789149300,2026-09-12 02:55:00,124.19,124.23,123.82,123.87,32894
1789149600,2026-09-12 03:00:00,123.87,123.93,123.65,123.8,21405
1789149900,2026-09-12 03:05:00,123.73,123.92,123.59,123.79,29964
1789150200,2026-09-12 03:10:00,123.76,123.79,123.44,123.51,27958
1789150500,2026-09-12 03:15:00,123.52,123.69,123.42,123.6,24093
1789150800,2026-09-12 03:20:00,123.67,123.67,123.14,123.3,67130
1789151100,2026-09-12 03:25:00,123.36,123.5,123.24,123.45,19751
1789151400,2026-09-12 03:30:00,123.42,123.8,123.24,123.75,204604
1789151700,2026-09-12 03:35:00,123.75,123.77,123.43,123.54,15123
1789152000,2026-09-12 03:40:00,123.54,123.66,123.34,123.42,10195
1789152300,2026-09-12 03:45:00,123.42,123.52,123.17,123.21,12468
1789152600,2026-09-12 03:50:00,123.17,123.27,122.86,122.89,9178
1789152900,2026-09-12 03:55:00,122.9,123.32,122.9,122.96,18847
1789153200,2026-09-12 04:00:00,122.94,122.97,122.34,122.4,68810
1789153500,2026-09-12 04:05:00,122.39,122.58,122.3,122.35,56660
1789153800,2026-09-12 04:10:00,122.33,122.41,121.96,122.04,272299
1789154100,2026-09-12 04:15:00,122.05,122.34,122.02,122.12,42840
1789154400,2026-09-12 04:20:00,122.18,122.19,121.73,121.93,118159
1789154700,2026-09-12 04:25:00,121.9,122.07,121.57,121.72,125526
1789155000,2026-09-12 04:30:00,121.7,121.93,121.53,121.77,82318
1789155300,2026-09-12 04:35:00,121.74,121.79,121.46,121.66,50978
1789155600,2026-09-12 04:40:00,121.63,121.83,121.61,121.73,22895
1789155900,2026-09-12 04:45:00,121.74,122,121.55,121.67,26200
1789156200,2026-09-12 04:50:00,121.62,122.03,121.43,121.8,72491
1789156500,2026-09-12 04:55:00,121.77,121.95,121.27,121.82,58137
1789156800,2026-09-12 05:00:00,121.78,121.81,121.5,121.57,19305
1789157100,2026-09-12 05:05:00,121.55,121.82,121.55,121.79,17414
1789157400,2026-09-12 05:10:00,121.79,121.8,121.38,121.4,21281
1789157700,2026-09-12 05:15:00,121.4,121.51,121.36,121.48,32243
1789158000,2026-09-12 05:20:00,121.52,121.68,121.5,121.57,10977
1789158300,2026-09-12 05:25:00,121.58,121.8,121.56,121.72,13476
1789158600,2026-09-12 05:30:00,121.72,121.79,121.64,121.77,8791
1789158900,2026-09-12 05:35:00,121.74,121.84,121.74,121.82,5035
1789159200,2026-09-12 05:40:00,121.8,121.84,121.7,121.77,5899
1789159500,2026-09-12 05:45:00,121.74,121.78,121.69,121.72,6127
1789159800,2026-09-12 05:50:00,121.72,121.79,121.68,121.77,6674
1789160100,2026-09-12 05:55:00,121.78,121.91,121.76,121.88,13326
1789160400,2026-09-12 06:00:00,121.84,121.91,121.71,121.84,24123
1789160700,2026-09-12 06:05:00,121.84,121.86,121.78,121.84,8931
1789161000,2026-09-12 06:10:00,121.84,121.92,121.82,121.89,25520
1789161300,2026-09-12 06:15:00,121.89,121.89,121.73,121.76,13232
1789161600,2026-09-12 06:20:00,121.76,121.88,121.76,121.84,6655
1789161900,2026-09-12 06:25:00,121.84,121.87,121.8,121.84,4189
1789162200,2026-09-12 06:30:00,121.84,121.89,121.84,121.87,4228
1789162500,2026-09-12 06:35:00,121.87,121.9,121.84,121.87,2906
1789162800,2026-09-12 06:40:00,121.89,121.94,121.79,121.8,8079
1789163100,2026-09-12 06:45:00,121.8,121.83,121.77,121.78,4169
1789163400,2026-09-12 06:50:00,121.78,121.79,121.7,121.71,51197
1789163700,2026-09-12 06:55:00,121.71,121.78,121.58,121.77,27612
1789164000,2026-09-12 07:00:00,121.73,121.78,121.6,121.78,19928
1789164300,2026-09-12 07:05:00,121.78,121.81,121.68,121.77,45696
1789164600,2026-09-12 07:10:00,121.77,121.87,121.75,121.87,20788
1789164900,2026-09-12 07:15:00,121.87,121.93,121.83,121.88,129568
1789165200,2026-09-12 07:20:00,121.88,121.89,121.82,121.83,25842
1789165500,2026-09-12 07:25:00,121.83,121.84,121.77,121.78,14273
1789165800,2026-09-12 07:30:00,121.8,121.85,121.75,121.84,12253
1789166100,2026-09-12 07:35:00,121.86,121.86,121.71,121.73,20939
1789166400,2026-09-12 07:40:00,121.74,121.74,121.64,121.66,14688
1789166700,2026-09-12 07:45:00,121.66,121.73,121.64,121.69,32789
1789167000,2026-09-12 07:50:00,121.69,121.78,121.66,121.76,27687
1789167300,2026-09-12 07:55:00,121.76,121.84,121.73,121.8,11642
1789167600,2026-09-12 08:00:00,121.79,121.84,121.77,121.84,8094
1789167900,2026-09-12 08:05:00,121.84,121.86,121.72,121.79,12287
1789168200,2026-09-12 08:10:00,121.8,121.86,121.76,121.85,10924
1789168500,2026-09-12 08:15:00,121.86,121.88,121.81,121.87,25151
1789168800,2026-09-12 08:20:00,121.87,122.01,121.87,122.01,34698
1789169100,2026-09-12 08:25:00,122.01,122.05,121.98,122.01,37408
1789169400,2026-09-12 08:30:00,122.01,122.04,121.96,121.98,28996
1789169700,2026-09-12 08:35:00,121.98,122,121.74,121.85,31791
1789170000,2026-09-12 08:40:00,121.86,121.93,121.84,121.9,16086
1789170300,2026-09-12 08:45:00,121.91,121.96,121.89,121.93,41762
1789170600,2026-09-12 08:50:00,121.93,122.16,121.93,122.14,25532
1789170900,2026-09-12 08:55:00,122.15,122.3,122.13,122.26,26457
1789171200,2026-09-12 09:00:00,122.28,122.53,122.2,122.25,18309
1789171500,2026-09-12 09:05:00,122.23,122.3,122.23,122.25,3579
1789171800,2026-09-12 09:10:00,122.25,122.4,122.2,122.4,3826
1789172100,2026-09-12 09:15:00,122.45,122.45,122.32,122.38,4379
1789172400,2026-09-12 09:20:00,122.37,122.41,122.29,122.36,10270
1789172700,2026-09-12 09:25:00,122.36,122.5,122.35,122.48,37322
1789173000,2026-09-12 09:30:00,122.48,122.79,122.48,122.74,58687
1789173300,2026-09-12 09:35:00,122.74,122.84,122.68,122.76,20472
1789173600,2026-09-12 09:40:00,122.76,123.02,122.76,122.94,7679
1789173900,2026-09-12 09:45:00,122.92,123.05,122.91,122.98,10287
1789174200,2026-09-12 09:50:00,122.98,123.2,122.87,122.96,13596
1789174500,2026-09-12 09:55:00,122.95,123.31,122.88,123.18,17174
1789174800,2026-09-12 10:00:00,123.18,123.42,123.01,123.41,39380
1789175100,2026-09-12 10:05:00,123.41,123.44,123.19,123.3,16408
1789175400,2026-09-12 10:10:00,123.39,123.46,123.27,123.31,17079
1789175700,2026-09-12 10:15:00,123.31,123.39,123.27,123.33,13879
1789176000,2026-09-12 10:20:00,123.35,123.45,123.33,123.35,11615
1789176300,2026-09-12 10:25:00,123.35,123.76,123.35,123.75,22786
1789176600,2026-09-12 10:30:00,123.73,123.81,123.6,123.81,20128
1789176900,2026-09-12 10:35:00,123.79,123.95,123.77,123.82,24424
1789177200,2026-09-12 10:40:00,123.82,123.92,123.81,123.85,21630
1789177500,2026-09-12 10:45:00,123.81,124.05,123.81,124.05,51229
1789177800,2026-09-12 10:50:00,124.03,124.07,123.75,123.82,46799
1789178100,2026-09-12 10:55:00,123.82,123.87,122.94,123.27,43475
1789178400,2026-09-12 11:00:00,123.26,123.52,123.26,123.49,21511
1789178700,2026-09-12 11:05:00,123.52,123.56,123.33,123.49,9415
1789179000,2026-09-12 11:10:00,123.49,123.6,123.46,123.56,4679
1789179300,2026-09-12 11:15:00,123.56,123.61,123.46,123.5,28180
1789179600,2026-09-12 11:20:00,123.48,123.56,123.42,123.49,6257
1789179900,2026-09-12 11:25:00,123.52,123.61,123.51,123.6,4969
1789180200,2026-09-12 11:30:00,123.61,123.62,122.92,123.36,63676
1789180500,2026-09-12 11:35:00,123.37,123.53,123.36,123.51,22497
1789180800,2026-09-12 11:40:00,123.52,123.56,123.39,123.48,13069
1789181100,2026-09-12 11:45:00,123.46,123.55,123.31,123.42,66345
1789181400,2026-09-12 11:50:00,123.4,123.5,123.4,123.5,32361
1789181700,2026-09-12 11:55:00,123.5,123.52,123.24,123.37,24275
1789182000,2026-09-12 12:00:00,123.36,123.39,123.19,123.24,15122
1789182300,2026-09-12 12:05:00,123.24,123.25,123.14,123.17,9413
1789182600,2026-09-12 12:10:00,123.17,123.29,123.13,123.2,8378
1789182900,2026-09-12 12:15:00,123.21,123.25,123.11,123.18,14765
1789183200,2026-09-12 12:20:00,123.17,123.28,123.17,123.24,10744
1789183500,2026-09-12 12:25:00,123.21,123.22,123.11,123.12,14413
1789183800,2026-09-12 12:30:00,123.12,123.14,123.04,123.05,24737
1789184100,2026-09-12 12:35:00,123.04,123.05,122.98,122.99,15958
1789184400,2026-09-12 12:40:00,122.99,123.02,122.99,122.99,19911
1789184700,2026-09-12 12:45:00,122.98,123.18,122.98,123.04,51289
1789185000,2026-09-12 12:50:00,123.04,123.15,123.02,123.1,30533
1789185300,2026-09-12 12:55:00,123.1,123.1,123.05,123.1,10408
1789185600,2026-09-12 13:00:00,123.1,123.19,123.02,123.02,12623
1789185900,2026-09-12 13:05:00,123.03,123.03,122.89,122.91,44685
1789186200,2026-09-12 13:10:00,122.92,123.01,122.92,122.96,11814
1789186500,2026-09-12 13:15:00,122.95,123.01,122.89,122.97,4357
1789186800,2026-09-12 13:20:00,122.95,122.95,122.89,122.89,4203
1789187100,2026-09-12 13:25:00,122.89,123.08,122.89,122.99,4953
1789187400,2026-09-12 13:30:00,123,123.01,122.93,122.96,4561
1789187700,2026-09-12 13:35:00,122.95,123.08,122.94,123,2260
1789188000,2026-09-12 13:40:00,122.98,123.03,122.96,123.03,1259
1789188300,2026-09-12 13:45:00,123.02,123.15,123,123.13,5058
1789188600,2026-09-12 13:50:00,123.11,123.19,123.09,123.18,7884
1789188900,2026-09-12 13:55:00,123.18,123.22,123.13,123.22,7182
1789189200,2026-09-12 14:00:00,123.19,123.27,123.15,123.19,2913
1789189500,2026-09-12 14:05:00,123.2,123.32,123.19,123.32,1310
1789189800,2026-09-12 14:10:00,123.33,123.4,123.3,123.33,3238
1789190100,2026-09-12 14:15:00,123.33,123.41,123.33,123.41,2732
1789190400,2026-09-12 14:20:00,123.38,123.41,123.28,123.32,15993
1789190700,2026-09-12 14:25:00,123.32,123.34,123.27,123.28,9564
1789191000,2026-09-12 14:30:00,123.28,123.32,123.19,123.31,17111
1789191300,2026-09-12 14:35:00,123.31,123.35,123.25,123.28,9925
1789191600,2026-09-12 14:40:00,123.28,123.3,123.1,123.11,85087
1789191900,2026-09-12 14:45:00,123.11,123.2,123.1,123.18,14738
1789192200,2026-09-12 14:50:00,123.18,123.19,123.12,123.14,4241
1789192500,2026-09-12 14:55:00,123.14,123.24,123.1,123.2,4507
1789192800,2026-09-12 15:00:00,123.2,123.2,123,123.04,7776
1789193100,2026-09-12 15:05:00,123.02,123.04,122.92,122.93,21103
1789193400,2026-09-12 15:10:00,122.93,122.99,122.84,122.86,15450
1789193700,2026-09-12 15:15:00,122.86,122.94,122.84,122.86,11234
1789194000,2026-09-12 15:20:00,122.84,122.99,122.84,122.97,105205
1789194300,2026-09-12 15:25:00,122.97,122.99,122.9,122.95,47566
1789194600,2026-09-12 15:30:00,122.95,123.03,122.91,122.92,18916
1789194900,2026-09-12 15:35:00,122.92,122.95,122.87,122.9,6447
1789195200,2026-09-12 15:40:00,122.9,122.9,122.79,122.8,3796
1789195500,2026-09-12 15:45:00,122.8,122.8,122.5,122.51,16803
1789195800,2026-09-12 15:50:00,122.51,122.55,122.46,122.46,51219
1789196100,2026-09-12 15:55:00,122.46,122.52,122.45,122.48,21441
1789196400,2026-09-12 16:00:00,122.47,122.49,122.05,122.08,66284
1789196700,2026-09-12 16:05:00,122.12,122.14,122.04,122.12,20684
1789197000,2026-09-12 16:10:00,122.11,122.39,122.09,122.35,32616
1789197300,2026-09-12 16:15:00,122.35,122.39,122.26,122.36,14321
1789197600,2026-09-12 16:20:00,122.36,122.37,122.26,122.29,7135
1789197900,2026-09-12 16:25:00,122.29,122.32,122.12,122.18,21566
1789198200,2026-09-12 16:30:00,122.2,122.35,122.2,122.34,9019
1789198500,2026-09-12 16:35:00,122.33,122.39,122.32,122.36,2467
1789198800,2026-09-12 16:40:00,122.37,122.4,122.3,122.4,11238
1789199100,2026-09-12 16:45:00,122.4,122.48,122.37,122.48,8729
1789199400,2026-09-12 16:50:00,122.48,122.54,122.46,122.51,7099
1789199700,2026-09-12 16:55:00,122.49,122.49,122.41,122.45,4972
1789200000,2026-09-12 17:00:00,122.47,122.47,122.4,122.46,3569
1789200300,2026-09-12 17:05:00,122.46,122.47,122.26,122.26,2602
1789200600,2026-09-12 17:10:00,122.26,122.26,122.17,122.24,11513
1789200900,2026-09-12 17:15:00,122.21,122.24,122.14,122.14,6489
1789201200,2026-09-12 17:20:00,122.12,122.2,122.12,122.19,5439
1789201500,2026-09-12 17:25:00,122.19,122.22,122.16,122.16,1132
1789201800,2026-09-12 17:30:00,122.13,122.2,122.12,122.18,997
1789202100,2026-09-12 17:35:00,122.19,122.23,122.18,122.22,1032
1789202400,2026-09-12 17:40:00,122.23,122.23,122.19,122.2,2535
1789202700,2026-09-12 17:45:00,122.2,122.31,122.14,122.25,21220
1789203000,2026-09-12 17:50:00,122.26,122.26,122.12,122.14,16686
1789203300,2026-09-12 17:55:00,122.14,122.22,122.13,122.21,13122
1789203600,2026-09-12 18:00:00,122.2,122.35,122.2,122.32,6156
1789203900,2026-09-12 18:05:00,122.35,122.39,122.32,122.36,4667
1789204200,2026-09-12 18:10:00,122.33,122.33,122.25,122.31,3530
1789204500,2026-09-12 18:15:00,122.31,122.32,122.2,122.26,3182
1789204800,2026-09-12 18:20:00,122.25,122.27,122.21,122.25,2436
1789205100,2026-09-12 18:25:00,122.28,122.39,122.27,122.39,12822
1789205400,2026-09-12 18:30:00,122.38,122.46,122.26,122.43,17731
1789205700,2026-09-12 18:35:00,122.41,122.41,121.9,122,33770
1789206000,2026-09-12 18:40:00,121.98,122,121.9,121.97,9324
1789206300,2026-09-12 18:45:00,121.97,122.01,121.93,121.98,3907
1789206600,2026-09-12 18:50:00,121.92,122.14,121.92,122.14,1888
1789206900,2026-09-12 18:55:00,122.14,122.18,122.12,122.18,1187
1789207200,2026-09-12 19:00:00,122.2,122.23,122.12,122.16,23394
1789207500,2026-09-12 19:05:00,122.17,122.2,122.12,122.17,9186
1789207800,2026-09-12 19:10:00,122.17,122.17,122.06,122.1,5223
1789208100,2026-09-12 19:15:00,122.1,122.13,122.05,122.08,2347
1789208400,2026-09-12 19:20:00,122.08,122.08,122.06,122.07,640
1789208700,2026-09-12 19:25:00,122.08,122.13,122.08,122.11,4608
1789209000,2026-09-12 19:30:00,122.09,122.12,122.07,122.08,11471
1789209300,2026-09-12 19:35:00,122.08,122.16,122.08,122.11,7864
1789209600,2026-09-12 19:40:00,122.1,122.16,121.99,122.08,3903
1789209900,2026-09-12 19:45:00,122.08,122.11,122,122.02,2226
1789210200,2026-09-12 19:50:00,122.03,122.09,121.98,122.07,1984
1789210500,2026-09-12 19:55:00,122.02,122.11,121.98,122.09,1335
1789210800,2026-09-12 20:00:00,122.09,122.1,122.02,122.1,898
1789211100,2026-09-12 20:05:00,122.1,122.15,122.1,122.13,12509
1789211400,2026-09-12 20:10:00,122.13,122.19,122.08,122.19,10521
1789211700,2026-09-12 20:15:00,122.19,122.24,122.17,122.19,2637
1789212000,2026-09-12 20:20:00,122.19,122.24,122.18,122.24,1075
1789212300,2026-09-12 20:25:00,122.24,122.37,122.23,122.37,138861
1789212600,2026-09-12 20:30:00,122.37,122.37,122.3,122.33,26446
1789212900,2026-09-12 20:35:00,122.35,122.44,122.32,122.33,9099
1789213200,2026-09-12 20:40:00,122.32,122.39,122.32,122.39,3143
1789213500,2026-09-12 20:45:00,122.39,122.4,122.34,122.34,1822
1789213800,2026-09-12 20:50:00,122.33,122.38,122.3,122.3,918
1789214100,2026-09-12 20:55:00,122.28,122.4,122.26,122.38,1358
1789214400,2026-09-12 21:00:00,122.34,122.37,122.32,122.36,1006
1789214700,2026-09-12 21:05:00,122.37,122.42,122.31,122.41,9365
1789215000,2026-09-12 21:10:00,122.41,122.47,122.41,122.46,7724
1789215300,2026-09-12 21:15:00,122.44,122.44,122.37,122.37,4125
1789215600,2026-09-12 21:20:00,122.36,122.42,122.35,122.42,1848
1789215900,2026-09-12 21:25:00,122.47,122.63,122.46,122.63,91516
1789216200,2026-09-12 21:30:00,122.63,122.73,122.57,122.67,57164
1789216500,2026-09-12 21:35:00,122.67,122.72,122.58,122.71,24758
1789216800,2026-09-12 21:40:00,122.7,122.75,122.65,122.65,12729
1789217100,2026-09-12 21:45:00,122.68,122.75,122.68,122.68,4317
1789217400,2026-09-12 21:50:00,122.69,122.74,122.62,122.66,8460
1789217700,2026-09-12 21:55:00,122.69,122.69,122.61,122.69,6582
1789218000,2026-09-12 22:00:00,122.66,122.69,122.58,122.63,4552
1789218300,2026-09-12 22:05:00,122.63,122.63,122.31,122.31,4851
1789218600,2026-09-12 22:10:00,122.31,122.31,122.19,122.22,6340
1789218900,2026-09-12 22:15:00,122.2,122.23,122.07,122.07,7472
1789219200,2026-09-12 22:20:00,122.09,122.13,122.05,122.13,3423
1789219500,2026-09-12 22:25:00,122.11,122.13,122.05,122.08,1649
1789219800,2026-09-12 22:30:00,122.08,122.16,122.06,122.14,996
1789220100,2026-09-12 22:35:00,122.17,122.17,122.08,122.13,655
1789220400,2026-09-12 22:40:00,122.09,122.11,122.05,122.05,977
1789220700,2026-09-12 22:45:00,122.1,122.2,122.09,122.17,7483
1789221000,2026-09-12 22:50:00,122.17,122.32,122.17,122.32,25039
1789221300,2026-09-12 22:55:00,122.32,122.36,122.19,122.27,19011
1789221600,2026-09-12 23:00:00,122.28,122.28,122.15,122.25,4607
1789221900,2026-09-12 23:05:00,122.21,122.24,122.16,122.2,4005
1789222200,2026-09-12 23:10:00,122.21,122.21,122.16,122.16,2508
1789222500,2026-09-12 23:15:00,122.16,122.29,122.16,122.26,3948
1789222800,2026-09-12 23:20:00,122.25,122.32,122.23,122.24,13792
1789223100,2026-09-12 23:25:00,122.26,122.36,122.24,122.36,7658
1789223400,2026-09-12 23:30:00,122.35,122.36,122.2,122.22,8773
1789223700,2026-09-12 23:35:00,122.2,122.23,122.19,122.2,15830
1789224000,2026-09-12 23:40:00,122.2,122.25,122.15,122.2,5256
1789224300,2026-09-12 23:45:00,122.2,122.29,122.18,122.27,6032
1789224600,2026-09-12 23:50:00,122.27,122.36,122.26,122.28,4997
1789224900,2026-09-12 23:55:00,122.29,122.3,122.26,122.28,1933
1789225200,2026-09-13 00:00:00,122.28,122.28,122.21,122.22,953
1789225500,2026-09-13 00:05:00,122.22,122.34,122.22,122.29,2653
1789225800,2026-09-13 00:10:00,122.31,122.38,122.3,122.34,1633
1789226100,2026-09-13 00:15:00,122.34,122.43,122.34,122.42,1484
1789226400,2026-09-13 00:20:00,122.39,122.42,122.33,122.42,1940
1789226700,2026-09-13 00:25:00,122.4,122.47,122.4,122.45,938
1789227000,2026-09-13 00:30:00,122.45,122.49,122.42,122.44,1167
1789227300,2026-09-13 00:35:00,122.45,122.51,122.41,122.46,3605
1789227600,2026-09-13 00:40:00,122.49,122.83,122.49,122.75,9578
1789227900,2026-09-13 00:45:00,122.75,122.8,122.69,122.78,10598
1789228200,2026-09-13 00:50:00,122.78,122.85,122.58,122.66,17271
1789228500,2026-09-13 00:55:00,122.66,122.68,122.6,122.61,35052
1789228800,2026-09-13 01:00:00,122.62,122.73,122.62,122.68,12289
1789229100,2026-09-13 01:05:00,122.68,122.73,122.68,122.73,7116
1789229400,2026-09-13 01:10:00,122.73,122.77,122.73,122.76,3290
1789229700,2026-09-13 01:15:00,122.76,122.85,122.75,122.77,2843
1789230000,2026-09-13 01:20:00,122.78,122.83,122.71,122.81,756
1789230300,2026-09-13 01:25:00,122.83,122.93,122.82,122.92,2728
1789230600,2026-09-13 01:30:00,122.89,122.93,122.84,122.84,83031
1789230900,2026-09-13 01:35:00,122.81,122.82,122.76,122.77,221542
1789231200,2026-09-13 01:40:00,122.77,122.91,122.75,122.88,27132
1789231500,2026-09-13 01:45:00,122.88,122.96,122.73,122.85,106224
1789231800,2026-09-13 01:50:00,122.88,123.03,122.87,122.9,47302
1789232100,2026-09-13 01:55:00,122.92,122.99,122.9,122.92,24960
1789232400,2026-09-13 02:00:00,122.9,123.01,122.82,122.82,10235
1789232700,2026-09-13 02:05:00,122.82,122.91,122.82,122.82,3366
1789233000,2026-09-13 02:10:00,122.77,122.88,122.75,122.76,263702
1789233300,2026-09-13 02:15:00,122.76,122.79,122.76,122.77,12348
1789233600,2026-09-13 02:20:00,122.75,122.76,122.7,122.75,6924
1789233900,2026-09-13 02:25:00,122.74,122.77,122.7,122.7,4727
1789234200,2026-09-13 02:30:00,122.7,122.74,122.57,122.63,4457
1789234500,2026-09-13 02:35:00,122.63,122.69,122.61,122.65,2770
1789234800,2026-09-13 02:40:00,122.69,122.72,122.63,122.64,1219
1789235100,2026-09-13 02:45:00,122.64,122.7,122.62,122.64,36627
1789235400,2026-09-13 02:50:00,122.64,122.68,122.58,122.6,15240
1789235700,2026-09-13 02:55:00,122.62,122.71,122.6,122.67,3810
1789236000,2026-09-13 03:00:00,122.65,122.68,122.54,122.54,2538
1789236300,2026-09-13 03:05:00,122.54,122.54,122.43,122.43,3100
1789236600,2026-09-13 03:10:00,122.42,122.44,122.32,122.32,5599
1789236900,2026-09-13 03:15:00,122.33,122.34,122.31,122.31,5569
1789237200,2026-09-13 03:20:00,122.31,122.35,122.31,122.33,32187
1789237500,2026-09-13 03:25:00,122.33,122.33,122.15,122.25,38209
1789237800,2026-09-13 03:30:00,122.25,122.36,122.25,122.36,16191
1789238100,2026-09-13 03:35:00,122.36,122.47,122.32,122.36,13188
1789238400,2026-09-13 03:40:00,122.36,122.41,122.35,122.39,3802
1789238700,2026-09-13 03:45:00,122.4,122.42,122.35,122.4,1577
1789239000,2026-09-13 03:50:00,122.41,122.41,122.36,122.38,1269
1789239300,2026-09-13 03:55:00,122.42,122.5,122.42,122.47,2483
1789239600,2026-09-13 04:00:00,122.49,122.51,122.38,122.39,4248
1789239900,2026-09-13 04:05:00,122.39,122.4,122.38,122.38,2021
1789240200,2026-09-13 04:10:00,122.39,122.39,122.32,122.34,1169
1789240500,2026-09-13 04:15:00,122.32,122.33,122.14,122.14,4745
1789240800,2026-09-13 04:20:00,122.14,122.15,122.14,122.15,2610
1789241100,2026-09-13 04:25:00,122.15,122.15,122.08,122.14,16746
1789241400,2026-09-13 04:30:00,122.13,122.14,121.92,121.96,32627
1789241700,2026-09-13 04:35:00,121.96,121.96,121.46,121.71,41323
1789242000,2026-09-13 04:40:00,121.64,121.67,121.42,121.59,31423
1789242300,2026-09-13 04:45:00,121.61,121.63,121.51,121.54,15775
1789242600,2026-09-13 04:50:00,121.53,121.77,121.52,121.7,12429
1789242900,2026-09-13 04:55:00,121.71,121.77,121.56,121.64,4736
1789243200,2026-09-13 05:00:00,121.62,121.62,121.43,121.48,4187
1789243500,2026-09-13 05:05:00,121.46,121.47,121.34,121.39,3392
1789243800,2026-09-13 05:10:00,121.53,121.67,121.51,121.61,3869
1789244100,2026-09-13 05:15:00,121.61,121.73,121.6,121.66,4277
1789244400,2026-09-13 05:20:00,121.66,121.7,121.62,121.66,1064
1789244700,2026-09-13 05:25:00,121.63,121.64,121.5,121.55,1691
1789245000,2026-09-13 05:30:00,121.45,121.61,121.43,121.5,8318
1789245300,2026-09-13 05:35:00,121.5,121.54,121.34,121.4,9611
1789245600,2026-09-13 05:40:00,121.41,121.56,121.4,121.53,4989
1789245900,2026-09-13 05:45:00,121.53,121.62,121.46,121.62,4312
1789246200,2026-09-13 05:50:00,121.62,121.66,121.57,121.58,8349
1789246500,2026-09-13 05:55:00,121.58,121.64,121.52,121.55,10991
1789246800,2026-09-13 06:00:00,121.52,121.53,121.45,121.51,7288
1789247100,2026-09-13 06:05:00,121.51,121.51,121.36,121.5,10050
1789247400,2026-09-13 06:10:00,121.53,121.53,121.41,121.44,6793
1789247700,2026-09-13 06:15:00,121.44,121.49,121.44,121.46,2276
1789248000,2026-09-13 06:20:00,121.43,121.5,121.39,121.5,6618
1789248300,2026-09-13 06:25:00,121.5,121.58,121.45,121.47,5716
1789248600,2026-09-13 06:30:00,121.44,121.51,121.42,121.46,3127
1789248900,2026-09-13 06:35:00,121.47,121.51,121.47,121.48,1617
1789249200,2026-09-13 06:40:00,121.46,121.47,121.36,121.47,1567
1789249500,2026-09-13 06:45:00,121.46,121.46,121.32,121.32,7614
1789249800,2026-09-13 06:50:00,121.32,121.32,121.16,121.16,10554
1789250100,2026-09-13 06:55:00,121.16,121.33,121.1,121.2,15706
1789250400,2026-09-13 07:00:00,121.21,121.22,121.15,121.19,6320
1789250700,2026-09-13 07:05:00,121.19,121.33,121.19,121.21,29890
1789251000,2026-09-13 07:10:00,121.21,121.31,121.17,121.3,13415
1789251300,2026-09-13 07:15:00,121.28,121.28,121.15,121.21,4537
1789251600,2026-09-13 07:20:00,121.21,121.24,121.21,121.21,1000
1789251900,2026-09-13 07:25:00,121.21,121.23,121.13,121.16,2597
1789252200,2026-09-13 07:30:00,121.16,121.21,121.14,121.17,8147
1789252500,2026-09-13 07:35:00,121.17,121.17,121.14,121.15,2696
1789252800,2026-09-13 07:40:00,121.17,121.34,121.16,121.29,13250
1789253100,2026-09-13 07:45:00,121.31,121.31,121.27,121.29,6633
1789253400,2026-09-13 07:50:00,121.29,121.29,121.2,121.21,2505
1789253700,2026-09-13 07:55:00,121.18,121.2,121.13,121.16,1926
1789254000,2026-09-13 08:00:00,121.16,121.25,121.15,121.19,3808
1789254300,2026-09-13 08:05:00,121.16,121.24,121.16,121.19,3813
1789254600,2026-09-13 08:10:00,121.15,121.26,121.12,121.25,5163
1789254900,2026-09-13 08:15:00,121.23,121.23,121.15,121.23,3189
1789255200,2026-09-13 08:20:00,121.22,121.34,121.22,121.26,4478
1789255500,2026-09-13 08:25:00,121.26,121.3,121.24,121.27,2031
1789255800,2026-09-13 08:30:00,121.27,121.34,121.26,121.34,1417
1789256100,2026-09-13 08:35:00,121.34,121.36,121.3,121.36,1534
1789256400,2026-09-13 08:40:00,121.37,121.53,121.31,121.53,3316
1789256700,2026-09-13 08:45:00,121.49,121.57,121.43,121.47,3050
1789257000,2026-09-13 08:50:00,121.46,121.46,121.35,121.36,1545
1789257300,2026-09-13 08:55:00,121.3,121.41,121.28,121.41,1559
1789257600,2026-09-13 09:00:00,121.35,121.42,121.28,121.34,1644
1789257900,2026-09-13 09:05:00,121.35,121.43,121.35,121.39,1408
1789258200,2026-09-13 09:10:00,121.39,121.43,121.28,121.28,4756
1789258500,2026-09-13 09:15:00,121.29,121.33,121.25,121.26,3607
1789258800,2026-09-13 09:20:00,121.25,121.27,121.2,121.21,1373
1789259100,2026-09-13 09:25:00,121.22,121.25,121.17,121.17,1786
1789259400,2026-09-13 09:30:00,121.16,121.17,121.12,121.14,2231
1789259700,2026-09-13 09:35:00,121.14,121.19,121.08,121.15,208433
1789260000,2026-09-13 09:40:00,121.15,121.21,121.09,121.15,6733
1789260300,2026-09-13 09:45:00,121.14,121.23,121.14,121.18,3704
1789260600,2026-09-13 09:50:00,121.2,121.26,121.17,121.22,4100
1789260900,2026-09-13 09:55:00,121.22,121.35,121.22,121.26,3730
1789261200,2026-09-13 10:00:00,121.25,121.28,121.22,121.27,1725
1789261500,2026-09-13 10:05:00,121.27,121.47,121.27,121.35,7890
1789261800,2026-09-13 10:10:00,121.35,121.5,121.34,121.49,7307
1789262100,2026-09-13 10:15:00,121.49,121.56,121.44,121.56,4626
1789262400,2026-09-13 10:20:00,121.6,121.81,121.57,121.61,4920
1789262700,2026-09-13 10:25:00,121.62,121.71,121.61,121.67,2848
1789263000,2026-09-13 10:30:00,121.65,121.66,121.56,121.59,2114
1789263300,2026-09-13 10:35:00,121.56,121.65,121.56,121.59,2370
1789263600,2026-09-13 10:40:00,121.62,121.65,121.44,121.45,2782
1789263900,2026-09-13 10:45:00,121.44,121.44,121.31,121.39,4335
1789264200,2026-09-13 10:50:00,121.38,121.44,121.33,121.39,7119
1789264500,2026-09-13 10:55:00,121.4,121.5,121.33,121.47,6477
1789264800,2026-09-13 11:00:00,121.47,121.49,121.42,121.43,3004
1789265100,2026-09-13 11:05:00,121.44,121.52,121.4,121.48,2292
1789265400,2026-09-13 11:10:00,121.48,121.54,121.46,121.51,17646
1789265700,2026-09-13 11:15:00,121.53,121.56,121.47,121.56,25847
1789266000,2026-09-13 11:20:00,121.55,121.56,121.25,121.28,6942
1789266300,2026-09-13 11:25:00,121.27,121.27,121.19,121.22,4597
1789266600,2026-09-13 11:30:00,121.2,121.28,121.18,121.28,18710
1789266900,2026-09-13 11:35:00,121.28,121.34,121.21,121.23,8486
1789267200,2026-09-13 11:40:00,121.23,121.25,121.19,121.22,3834
1789267500,2026-09-13 11:45:00,121.2,121.2,121.15,121.2,11420
1789267800,2026-09-13 11:50:00,121.18,121.2,121.1,121.11,2825
1789268100,2026-09-13 11:55:00,121.11,121.15,121.1,121.12,1398
1789268400,2026-09-13 12:00:00,121.11,121.19,121.1,121.16,1866
1789268700,2026-09-13 12:05:00,121.15,121.26,121.15,121.25,3442
1789269000,2026-09-13 12:10:00,121.25,121.27,121.14,121.14,4092
1789269300,2026-09-13 12:15:00,121.15,121.21,121.11,121.15,30372
1789269600,2026-09-13 12:20:00,121.15,121.21,121.11,121.16,12147
1789269900,2026-09-13 12:25:00,121.16,121.18,121.09,121.12,5504
1789270200,2026-09-13 12:30:00,121.12,121.27,121.12,121.27,9405
1789270500,2026-09-13 12:35:00,121.28,121.31,121.27,121.29,15242
1789270800,2026-09-13 12:40:00,121.32,121.34,121.22,121.33,8089
1789271100,2026-09-13 12:45:00,121.32,121.34,121.17,121.26,6402
1789271400,2026-09-13 12:50:00,121.27,121.28,121.18,121.25,6145
1789271700,2026-09-13 12:55:00,121.26,121.26,121.09,121.13,2494
1789272000,2026-09-13 13:00:00,121.11,121.11,121.02,121.1,3001
1789272300,2026-09-13 13:05:00,121.1,121.1,121.05,121.07,2640
1789272600,2026-09-13 13:10:00,121.08,121.09,120.98,121,23491
1789272900,2026-09-13 13:15:00,121,121.02,120.99,121.02,21721
1789273200,2026-09-13 13:20:00,121.02,121.07,120.99,121.07,3651
1789273500,2026-09-13 13:25:00,121.06,121.06,121,121,578
1789273800,2026-09-13 13:30:00,121,121.08,120.99,121.07,5659
1789274100,2026-09-13 13:35:00,121.07,121.12,121.07,121.11,22118
1789274400,2026-09-13 13:40:00,121.11,121.12,121.08,121.1,5018
1789274700,2026-09-13 13:45:00,121.1,121.1,121.03,121.05,1950
1789275000,2026-09-13 13:50:00,120.98,121.14,120.98,121.14,1231
1789275300,2026-09-13 13:55:00,121.09,121.12,121.07,121.1,943
1789275600,2026-09-13 14:00:00,121.06,121.11,121.05,121.11,3675
1789275900,2026-09-13 14:05:00,121.12,121.12,121.06,121.06,1891
1789276200,2026-09-13 14:10:00,121.07,121.1,121.05,121.07,1138
1789276500,2026-09-13 14:15:00,121.08,121.1,121.03,121.05,637
1789276800,2026-09-13 14:20:00,121.06,121.06,120.81,120.84,28527
1789277100,2026-09-13 14:25:00,120.84,120.98,120.45,120.76,32637
1789277400,2026-09-13 14:30:00,120.72,120.8,120.65,120.75,25548
1789277700,2026-09-13 14:35:00,120.73,120.81,120.58,120.73,56590
1789278000,2026-09-13 14:40:00,120.72,120.79,120.68,120.68,12327
1789278300,2026-09-13 14:45:00,120.71,120.71,120.5,120.6,10512
1789278600,2026-09-13 14:50:00,120.61,120.61,120.47,120.52,20353
1789278900,2026-09-13 14:55:00,120.53,120.63,120.41,120.46,14727
1789279200,2026-09-13 15:00:00,120.45,120.52,120.39,120.39,23597
1789279500,2026-09-13 15:05:00,120.39,120.41,120.09,120.21,46543
1789279800,2026-09-13 15:10:00,120.21,120.25,120.05,120.08,33960
1789280100,2026-09-13 15:15:00,120.1,120.13,120,120.09,44327
1789280400,2026-09-13 15:20:00,120.1,120.26,119.72,119.89,40583
1789280700,2026-09-13 15:25:00,119.9,119.95,119.83,119.86,31431
1789281000,2026-09-13 15:30:00,119.84,119.93,119.79,119.83,15630
1789281300,2026-09-13 15:35:00,119.81,119.93,119.72,119.8,14156
1789281600,2026-09-13 15:40:00,119.83,119.86,119.62,119.71,36193
1789281900,2026-09-13 15:45:00,119.73,119.83,119.66,119.79,29050
1789282200,2026-09-13 15:50:00,119.76,119.8,119.65,119.68,22869
1789282500,2026-09-13 15:55:00,119.65,119.81,119.61,119.7,53292
1789282800,2026-09-13 16:00:00,119.72,119.77,119.51,119.68,47366
1789283100,2026-09-13 16:05:00,119.68,119.81,119.43,119.5,47900
1789283400,2026-09-13 16:10:00,119.5,119.58,119.41,119.52,97624
1789283700,2026-09-13 16:15:00,119.52,119.59,119.39,119.5,71511
1789284000,2026-09-13 16:20:00,119.5,119.6,119.43,119.54,60514
1789284300,2026-09-13 16:25:00,119.55,119.55,119.41,119.45,29267
1789284600,2026-09-13 16:30:00,119.45,119.45,119.35,119.38,37872
1789284900,2026-09-13 16:35:00,119.38,119.42,119.35,119.41,52669
1789285200,2026-09-13 16:40:00,119.41,119.49,119.38,119.41,34466
1789285500,2026-09-13 16:45:00,119.41,119.72,119.31,119.66,52655
1789285800,2026-09-13 16:50:00,119.62,119.75,119.54,119.66,31008
1789286100,2026-09-13 16:55:00,119.65,119.88,119.65,119.86,48230
1789286400,2026-09-13 17:00:00,119.88,119.88,119.58,119.6,38930
1789286700,2026-09-13 17:05:00,119.6,119.65,119.29,119.3,38409
1789287000,2026-09-13 17:10:00,119.31,119.45,119.1,119.27,98404
1789287300,2026-09-13 17:15:00,119.28,119.36,119.02,119.18,78864
1789287600,2026-09-13 17:20:00,119.19,119.19,118.82,118.88,60178
1789287900,2026-09-13 17:25:00,118.92,118.98,118.62,118.63,47695
1789288200,2026-09-13 17:30:00,118.63,118.75,118.3,118.33,128475
1789288500,2026-09-13 17:35:00,118.32,118.56,118.27,118.42,58003
1789288800,2026-09-13 17:40:00,118.42,118.51,118.11,118.15,121671
1789289100,2026-09-13 17:45:00,118.11,118.16,117.83,118.07,87611
1789289400,2026-09-13 17:50:00,118.12,118.24,117.8,117.96,44417
1789289700,2026-09-13 17:55:00,117.91,117.92,117.58,117.6,124882
1789290000,2026-09-13 18:00:00,117.6,117.63,116.89,117.26,136082
1789290300,2026-09-13 18:05:00,117.24,117.71,117.16,117.33,334088
1789290600,2026-09-13 18:10:00,117.34,117.41,116.64,116.89,141707
1789290900,2026-09-13 18:15:00,116.89,117.46,116.86,117.4,266647
1789291200,2026-09-13 18:20:00,117.4,117.56,117.02,117.13,54368
1789291500,2026-09-13 18:25:00,117.17,117.53,116.74,116.78,63463
1789291800,2026-09-13 18:30:00,116.77,116.88,116.3,116.59,115992
1789292100,2026-09-13 18:35:00,116.58,117.39,116.58,117.16,114364
1789292400,2026-09-13 18:40:00,117.22,117.29,116.93,116.93,79426
1789292700,2026-09-13 18:45:00,116.92,117.15,116.92,116.99,20745
1789293000,2026-09-13 18:50:00,117.04,117.1,116.96,117.04,19048
1789293300,2026-09-13 18:55:00,117.03,117.07,116.81,116.9,56191
1789293600,2026-09-13 19:00:00,116.92,116.92,116.7,116.71,38841
1789293900,2026-09-13 19:05:00,116.74,116.91,116.71,116.87,33866
1789294200,2026-09-13 19:10:00,116.87,117.08,116.69,116.74,564955
1789294500,2026-09-13 19:15:00,116.73,116.79,116.57,116.59,341870
1789294800,2026-09-13 19:20:00,116.58,116.73,116.57,116.62,242468
1789295100,2026-09-13 19:25:00,116.62,116.63,116.4,116.51,345534
1789295400,2026-09-13 19:30:00,116.51,116.62,116.46,116.54,76204
1789295700,2026-09-13 19:35:00,116.54,116.54,115.32,115.43,313566
1789296000,2026-09-13 19:40:00,115.4,115.6,115.16,115.4,229064
1789296300,2026-09-13 19:45:00,115.41,115.69,115.02,115.41,220507
1789296600,2026-09-13 19:50:00,115.35,115.56,115.19,115.46,106266
1789296900,2026-09-13 19:55:00,115.48,115.53,115.35,115.52,78002
1789297200,2026-09-13 20:00:00,115.51,115.59,115.34,115.44,97898
1789297500,2026-09-13 20:05:00,115.44,115.44,114.94,115.12,153250
1789297800,2026-09-13 20:10:00,115.13,115.15,114.84,114.86,313507
1789298100,2026-09-13 20:15:00,114.86,115.22,114.85,115.16,198839
1789298400,2026-09-13 20:20:00,115.16,115.17,115.04,115.1,100795
1789298700,2026-09-13 20:25:00,115.1,115.1,114.84,114.87,77747
1789299000,2026-09-13 20:30:00,114.87,115.02,114.87,114.93,93625
1789299300,2026-09-13 20:35:00,114.9,115,114.81,114.84,97278
1789299600,2026-09-13 20:40:00,114.84,114.93,114.03,114.22,382553
1789299900,2026-09-13 20:45:00,114.17,114.67,114.15,114.46,394924
1789300200,2026-09-13 20:50:00,114.46,114.88,114.41,114.75,196799
1789300500,2026-09-13 20:55:00,114.74,114.74,114.41,114.41,255332
1789300800,2026-09-13 21:00:00,114.41,114.55,114.3,114.43,140320
1789301100,2026-09-13 21:05:00,114.43,114.53,114.32,114.39,88746
1789301400,2026-09-13 21:10:00,114.4,114.7,114.1,114.24,86554
1789301700,2026-09-13 21:15:00,114.23,114.75,113.92,114.71,223432
1789302000,2026-09-13 21:20:00,114.77,114.77,114.25,114.25,56617
1789302300,2026-09-13 21:25:00,114.25,114.25,113.89,113.92,88100
1789302600,2026-09-13 21:30:00,113.91,114.17,113.91,114.08,50128
1789302900,2026-09-13 21:35:00,114.09,114.14,113.94,113.96,68695
1789303200,2026-09-13 21:40:00,113.98,114.09,113.95,114.03,86018
1789303500,2026-09-13 21:45:00,114.03,114.08,113.97,113.98,69163
1789303800,2026-09-13 21:50:00,113.98,114.1,113.88,113.94,119868
1789304100,2026-09-13 21:55:00,113.94,114.14,113.57,113.81,406299
1789304400,2026-09-13 22:00:00,113.82,114.06,113.66,113.94,100258
1789304700,2026-09-13 22:05:00,113.95,113.99,113.79,113.84,57825
1789305000,2026-09-13 22:10:00,113.84,114.01,113.67,113.96,72059
1789305300,2026-09-13 22:15:00,113.96,113.97,113.75,113.84,106311
1789305600,2026-09-13 22:20:00,113.84,114.05,113.66,113.76,120802
1789305900,2026-09-13 22:25:00,113.79,114.07,113.64,113.99,144983
1789306200,2026-09-13 22:30:00,114.01,114.17,113.92,114.14,71487
1789306500,2026-09-13 22:35:00,114.14,115.95,114,115.3,727976
1789306800,2026-09-13 22:40:00,115.28,117.44,115.06,117.38,696949
1789307100,2026-09-13 22:45:00,117.38,118.12,116.8,117.94,950749
1789307400,2026-09-13 22:50:00,117.94,118,117.45,117.72,465736
1789307700,2026-09-13 22:55:00,117.72,117.72,116.95,117.07,622826
1789308000,2026-09-13 23:00:00,117.07,117.34,116.84,117.33,317054
1789308300,2026-09-13 23:05:00,117.34,117.5,117.15,117.23,139607
1789308600,2026-09-13 23:10:00,117.27,117.44,116.98,117.03,109594
1789308900,2026-09-13 23:15:00,117.02,117.52,116.94,117.09,125695
1789309200,2026-09-13 23:20:00,117.09,117.15,116.99,117.06,21808
1789309500,2026-09-13 23:25:00,117.07,117.07,116.94,117.01,58636
1789309800,2026-09-13 23:30:00,116.99,117.01,116.86,117,118996
1789310100,2026-09-13 23:35:00,117,118.09,117,117.62,232723
1789310400,2026-09-13 23:40:00,117.62,117.63,117.43,117.52,66544
1789310700,2026-09-13 23:45:00,117.53,117.56,117.18,117.33,64098
1789311000,2026-09-13 23:50:00,117.31,117.34,117,117.07,97599
1789311300,2026-09-13 23:55:00,117.08,117.43,117.05,117.38,42181
1789311600,2026-09-14 00:00:00,117.4,117.47,117.14,117.17,144893
1789311900,2026-09-14 00:05:00,117.17,117.23,117.04,117.04,66762
1789312200,2026-09-14 00:10:00,117.1,117.36,117.07,117.34,29106
1789312500,2026-09-14 00:15:00,117.34,117.34,116.99,116.99,32440
1789312800,2026-09-14 00:20:00,117,117.1,116.98,117.07,20618
1789313100,2026-09-14 00:25:00,117.06,117.1,116.98,116.99,9051
1789313400,2026-09-14 00:30:00,116.98,117.04,116.94,117,30343
1789313700,2026-09-14 00:35:00,117.03,117.14,116.96,117,55294
1789314000,2026-09-14 00:40:00,116.99,117.01,116.94,116.94,13853
1789314300,2026-09-14 00:45:00,116.95,116.95,116.36,116.44,128179
1789314600,2026-09-14 00:50:00,116.44,116.63,116.41,116.56,59830
1789314900,2026-09-14 00:55:00,116.57,116.9,116.55,116.89,43616
1789315200,2026-09-14 01:00:00,116.91,117.36,116.85,117.22,103655
1789315500,2026-09-14 01:05:00,117.23,117.61,117,117.6,113260
1789315800,2026-09-14 01:10:00,117.61,117.63,117.38,117.6,46795
1789316100,2026-09-14 01:15:00,117.6,117.68,117.5,117.63,48336
1789316400,2026-09-14 01:20:00,117.6,117.84,117.59,117.84,13501
1789316700,2026-09-14 01:25:00,117.84,117.89,117.46,117.52,25629
1789317000,2026-09-14 01:30:00,117.51,117.53,117.31,117.46,24183
1789317300,2026-09-14 01:35:00,117.45,117.5,117.35,117.5,29047
1789317600,2026-09-14 01:40:00,117.51,117.55,117.47,117.53,40169
1789317900,2026-09-14 01:45:00,117.52,117.53,117.39,117.44,16848
1789318200,2026-09-14 01:50:00,117.44,117.56,117.32,117.32,13226
1789318500,2026-09-14 01:55:00,117.36,117.43,117.27,117.41,12111
1789318800,2026-09-14 02:00:00,117.4,117.54,117.33,117.51,14540
1789319100,2026-09-14 02:05:00,117.5,117.57,117.42,117.44,25675
1789319400,2026-09-14 02:10:00,117.53,117.55,117.45,117.47,20928
1789319700,2026-09-14 02:15:00,117.46,117.54,117.41,117.54,21788
1789320000,2026-09-14 02:20:00,117.53,117.58,117.52,117.54,10911
1789320300,2026-09-14 02:25:00,117.54,117.69,117.51,117.56,10802
1789320600,2026-09-14 02:30:00,117.56,117.69,117.55,117.69,20179
1789320900,2026-09-14 02:35:00,117.69,117.78,117.62,117.72,30301
1789321200,2026-09-14 02:40:00,117.78,117.87,117.74,117.76,51702
1789321500,2026-09-14 02:45:00,117.77,117.88,117.76,117.84,62225
1789321800,2026-09-14 02:50:00,117.83,117.84,117.7,117.7,19337
1789322100,2026-09-14 02:55:00,117.7,117.7,117.61,117.61,10989
1789322400,2026-09-14 03:00:00,117.56,117.62,117.53,117.55,29024
1789322700,2026-09-14 03:05:00,117.6,117.6,117.44,117.47,34095
1789323000,2026-09-14 03:10:00,117.47,117.61,117.46,117.55,16383
1789323300,2026-09-14 03:15:00,117.55,117.56,117.5,117.52,9793
1789323600,2026-09-14 03:20:00,117.52,117.57,117.39,117.5,4303
1789323900,2026-09-14 03:25:00,117.51,117.63,117.5,117.57,12861
1789324200,2026-09-14 03:30:00,117.57,117.63,117.5,117.57,13102
1789324500,2026-09-14 03:35:00,117.58,117.61,117.51,117.51,7398
1789324800,2026-09-14 03:40:00,117.5,117.67,117.49,117.64,35646
1789325100,2026-09-14 03:45:00,117.62,117.67,117.6,117.6,16116
1789325400,2026-09-14 03:50:00,117.6,117.64,117.52,117.57,30261
1789325700,2026-09-14 03:55:00,117.57,117.69,117.56,117.68,21411
1789326000,2026-09-14 04:00:00,117.68,117.78,117.62,117.72,14419
1789326300,2026-09-14 04:05:00,117.71,117.81,117.57,117.59,21720
1789326600,2026-09-14 04:10:00,117.59,117.59,117.4,117.44,15505
1789326900,2026-09-14 04:15:00,117.44,117.56,117.44,117.5,36538
1789327200,2026-09-14 04:20:00,117.5,117.53,117.35,117.35,32788
1789327500,2026-09-14 04:25:00,117.39,117.44,117.18,117.24,58022
1789327800,2026-09-14 04:30:00,117.25,117.27,116.98,117.07,40826
1789328100,2026-09-14 04:35:00,117.11,117.12,116.98,117.03,36126
1789328400,2026-09-14 04:40:00,117.06,117.19,117.02,117.16,18254
1789328700,2026-09-14 04:45:00,117.17,117.29,117.09,117.09,35717
1789329000,2026-09-14 04:50:00,117.11,117.5,117.11,117.33,56375
1789329300,2026-09-14 04:55:00,117.33,117.61,117.33,117.57,45621
1789329600,2026-09-14 05:00:00,117.56,117.59,117.43,117.5,22803
1789329900,2026-09-14 05:05:00,117.5,117.64,117.42,117.44,20970
1789330200,2026-09-14 05:10:00,117.45,117.5,117.38,117.45,13266
1789330500,2026-09-14 05:15:00,117.45,117.46,117.42,117.44,7315
1789330800,2026-09-14 05:20:00,117.45,117.52,117.37,117.4,2751
1789331100,2026-09-14 05:25:00,117.39,117.4,117.31,117.37,3162
1789331400,2026-09-14 05:30:00,117.33,117.42,117.28,117.3,4293
1789331700,2026-09-14 05:35:00,117.29,117.37,117.22,117.24,3842
1789332000,2026-09-14 05:40:00,117.23,117.25,117.17,117.21,10898
1789332300,2026-09-14 05:45:00,117.21,117.24,117.18,117.18,26649
1789332600,2026-09-14 05:50:00,117.18,117.24,117.16,117.17,34675
1789332900,2026-09-14 05:55:00,117.19,117.46,117.19,117.39,35077
1789333200,2026-09-14 06:00:00,117.39,117.54,117.3,117.54,33847
1789333500,2026-09-14 06:05:00,117.53,117.53,117.4,117.45,12421
1789333800,2026-09-14 06:10:00,117.44,117.47,117.35,117.38,13820
1789334100,2026-09-14 06:15:00,117.37,117.47,117.37,117.4,8862
1789334400,2026-09-14 06:20:00,117.48,117.48,117.33,117.35,3583
1789334700,2026-09-14 06:25:00,117.35,117.49,117.32,117.4,15696
1789335000,2026-09-14 06:30:00,117.4,117.42,117.39,117.41,7409
1789335300,2026-09-14 06:35:00,117.41,117.41,117.27,117.36,8418
1789335600,2026-09-14 06:40:00,117.39,117.47,117.28,117.35,16930
1789335900,2026-09-14 06:45:00,117.35,117.46,117.35,117.46,12658
1789336200,2026-09-14 06:50:00,117.47,117.5,117.45,117.48,6066
1789336500,2026-09-14 06:55:00,117.48,117.65,117.33,117.48,33365
1789336800,2026-09-14 07:00:00,117.45,117.45,116.49,116.54,316175
1789337100,2026-09-14 07:05:00,116.59,116.88,116.29,116.57,152933
1789337400,2026-09-14 07:10:00,116.61,116.66,115.73,115.81,92204
1789337700,2026-09-14 07:15:00,115.86,116.01,115.48,116.01,66512
1789338000,2026-09-14 07:20:00,115.99,116.11,115.48,115.68,34384
1789338300,2026-09-14 07:25:00,115.69,115.8,115.51,115.75,75519
1789338600,2026-09-14 07:30:00,115.68,115.87,115.44,115.58,81795
1789338900,2026-09-14 07:35:00,115.58,115.78,115.5,115.78,100631
1789339200,2026-09-14 07:40:00,115.79,115.8,115.43,115.53,44429
1789339500,2026-09-14 07:45:00,115.51,115.76,115.5,115.52,51817
1789339800,2026-09-14 07:50:00,115.5,115.57,115.41,115.52,71919
1789340100,2026-09-14 07:55:00,115.52,115.61,115.39,115.42,32674
1789340400,2026-09-14 08:00:00,115.41,116.08,115.41,116.03,74047
1789340700,2026-09-14 08:05:00,116.02,116.23,115.88,116.19,62305
1789341000,2026-09-14 08:10:00,116.21,116.24,115.97,115.97,44070
1789341300,2026-09-14 08:15:00,115.96,116.03,115.79,115.96,37172
1789341600,2026-09-14 08:20:00,116.01,116.12,115.66,115.93,49726
1789341900,2026-09-14 08:25:00,115.93,116.02,115.67,115.8,31283
1789342200,2026-09-14 08:30:00,115.79,115.91,115.52,115.53,29719
1789342500,2026-09-14 08:35:00,115.54,115.57,115.26,115.35,106700
1789342800,2026-09-14 08:40:00,115.36,115.4,115.29,115.34,60885
1789343100,2026-09-14 08:45:00,115.29,115.37,114.87,114.92,151517
1789343400,2026-09-14 08:50:00,114.87,115.03,114.66,114.77,59330
1789343700,2026-09-14 08:55:00,114.77,114.91,114.5,114.52,53495
1789344000,2026-09-14 09:00:00,114.52,115.78,113.8,114.26,555149
1789344300,2026-09-14 09:05:00,114.3,115.68,114.3,115.07,157779
1789344600,2026-09-14 09:10:00,115.08,115.27,114.61,114.78,519600
1789344900,2026-09-14 09:15:00,114.78,114.87,114.25,114.29,58885
1789345200,2026-09-14 09:20:00,114.25,114.45,114.04,114.42,87509
1789345500,2026-09-14 09:25:00,114.45,114.49,113.97,114.1,92465
1789345800,2026-09-14 09:30:00,114.11,114.4,114.08,114.16,54278
1789346100,2026-09-14 09:35:00,114.17,114.28,113.95,114.01,85834
1789346400,2026-09-14 09:40:00,113.99,114.24,113.75,114.08,125974
1789346700,2026-09-14 09:45:00,114.08,114.32,113.95,114.2,111383
1789347000,2026-09-14 09:50:00,114.19,114.29,113.9,114.17,271920
1789347300,2026-09-14 09:55:00,114.17,114.23,113.58,113.59,292504
1789347600,2026-09-14 10:00:00,113.59,113.69,111.76,111.92,508109
1789347900,2026-09-14 10:05:00,111.91,112.43,111.84,112.23,122473
1789348200,2026-09-14 10:10:00,112.25,112.32,111.59,111.61,161738
1789348500,2026-09-14 10:15:00,111.65,111.88,111.48,111.65,105006
1789348800,2026-09-14 10:20:00,111.65,111.77,111.31,111.72,196404
1789349100,2026-09-14 10:25:00,111.69,111.84,111.48,111.75,74524
1789349400,2026-09-14 10:30:00,111.74,111.75,111.22,111.27,104246
1789349700,2026-09-14 10:35:00,111.22,112.17,111.21,112.1,200911
1789350000,2026-09-14 10:40:00,112.13,112.33,111.9,112.06,85580
1789350300,2026-09-14 10:45:00,112.06,112.55,112.03,112.48,50785
1789350600,2026-09-14 10:50:00,112.44,112.62,112.25,112.54,67053
1789350900,2026-09-14 10:55:00,112.52,113.26,112.48,113.24,49175
1789351200,2026-09-14 11:00:00,113.21,113.49,112.93,113,86906
1789351500,2026-09-14 11:05:00,113,113.7,112.99,113.55,91789
1789351800,2026-09-14 11:10:00,113.53,113.65,113.33,113.55,63339
1789352100,2026-09-14 11:15:00,113.55,113.55,113.15,113.47,48788
1789352400,2026-09-14 11:20:00,113.44,113.55,113.33,113.39,31962
1789352700,2026-09-14 11:25:00,113.42,113.51,113.31,113.36,30757
1789353000,2026-09-14 11:30:00,113.38,113.53,113.1,113.14,45687
1789353300,2026-09-14 11:35:00,113.16,113.19,112.93,112.95,109994
1789353600,2026-09-14 11:40:00,112.96,113.01,112.45,112.79,67906
1789353900,2026-09-14 11:45:00,112.79,113.15,112.78,113.08,88377
1789354200,2026-09-14 11:50:00,113.08,113.39,113.08,113.3,42729
1789354500,2026-09-14 11:55:00,113.22,113.33,113,113.05,43164
1789354800,2026-09-14 12:00:00,113.04,113.19,112.96,113.05,42860
1789355100,2026-09-14 12:05:00,113.05,113.24,113.02,113.11,39824
1789355400,2026-09-14 12:10:00,113.11,113.12,112.64,112.68,68920
1789355700,2026-09-14 12:15:00,112.73,112.73,112.17,112.37,72746
1789356000,2026-09-14 12:20:00,112.37,112.51,112.17,112.34,52316
1789356300,2026-09-14 12:25:00,112.33,112.5,112.11,112.46,38064
1789356600,2026-09-14 12:30:00,112.5,112.51,112.12,112.23,39036
1789356900,2026-09-14 12:35:00,112.22,112.43,112.05,112.17,49363
1789357200,2026-09-14 12:40:00,112.17,112.25,111.95,112.18,47596
1789357500,2026-09-14 12:45:00,112.18,112.28,111.96,112.14,54236
1789357800,2026-09-14 12:50:00,112.1,112.23,111.99,112.17,17397
1789358100,2026-09-14 12:55:00,112.1,112.18,111.94,112.03,132849
1789358400,2026-09-14 13:00:00,112.03,112.4,111.92,112.37,41683
1789358700,2026-09-14 13:05:00,112.4,112.57,112.21,112.31,45770
1789359000,2026-09-14 13:10:00,112.3,112.3,111.84,111.86,41968
1789359300,2026-09-14 13:15:00,111.86,112.34,111.73,112.17,190251
1789359600,2026-09-14 13:20:00,112.16,112.32,112.03,112.32,50266
1789359900,2026-09-14 13:25:00,112.31,112.43,112.18,112.21,40892
1789360200,2026-09-14 13:30:00,112.23,112.43,111.93,111.98,104983
1789360500,2026-09-14 13:35:00,112.01,112.3,111.93,112.25,76070
1789360800,2026-09-14 13:40:00,112.23,112.35,111.98,111.98,42836
1789361100,2026-09-14 13:45:00,112.06,112.43,112.01,112.43,27994
1789361400,2026-09-14 13:50:00,112.46,112.62,112.11,112.18,76140
1789361700,2026-09-14 13:55:00,112.24,112.45,112.23,112.41,71449
1789362000,2026-09-14 14:00:00,112.41,112.51,112.3,112.4,74506
1789362300,2026-09-14 14:05:00,112.39,112.46,112.29,112.29,48671
1789362600,2026-09-14 14:10:00,112.28,112.34,112.05,112.26,99409
1789362900,2026-09-14 14:15:00,112.27,112.37,112.02,112.22,182730
1789363200,2026-09-14 14:20:00,112.21,112.26,111.81,111.85,95532
1789363500,2026-09-14 14:25:00,111.85,111.93,111.69,111.84,81319
1789363800,2026-09-14 14:30:00,111.83,111.91,111.66,111.76,551351
1789364100,2026-09-14 14:35:00,111.73,111.92,111.62,111.68,206360
1789364400,2026-09-14 14:40:00,111.68,111.75,111.28,111.44,209242
1789364700,2026-09-14 14:45:00,111.45,111.79,111.38,111.45,108976
1789365000,2026-09-14 14:50:00,111.43,111.5,111.24,111.26,212984
1789365300,2026-09-14 14:55:00,111.27,111.44,111.05,111.43,179345
1789365600,2026-09-14 15:00:00,111.48,111.84,111.22,111.82,107059
1789365900,2026-09-14 15:05:00,111.81,111.85,111.61,111.61,110916
1789366200,2026-09-14 15:10:00,111.57,111.85,111.51,111.51,104824
1789366500,2026-09-14 15:15:00,111.53,111.63,111.44,111.51,295114
1789366800,2026-09-14 15:20:00,111.5,111.69,111.28,111.51,84617
1789367100,2026-09-14 15:25:00,111.55,111.81,111.44,111.74,31039
1789367400,2026-09-14 15:30:00,111.68,111.9,111.28,111.29,59398
1789367700,2026-09-14 15:35:00,111.31,111.44,111.21,111.36,108001
1789368000,2026-09-14 15:40:00,111.37,111.6,111.27,111.59,68101
1789368300,2026-09-14 15:45:00,111.59,111.64,111.3,111.3,47116
1789368600,2026-09-14 15:50:00,111.32,111.48,111.23,111.39,57275
1789368900,2026-09-14 15:55:00,111.38,111.39,110.9,110.95,230426
1789369200,2026-09-14 16:00:00,110.94,110.98,110.1,110.4,436568
1789369500,2026-09-14 16:05:00,110.36,110.53,110.04,110.11,108841
1789369800,2026-09-14 16:10:00,110.09,110.33,109.68,110.25,318920
1789370100,2026-09-14 16:15:00,110.21,110.31,110.02,110.05,99618
1789370400,2026-09-14 16:20:00,110.05,110.39,109.91,110.31,77025
1789370700,2026-09-14 16:25:00,110.31,110.32,109.3,109.36,206341
1789371000,2026-09-14 16:30:00,109.31,109.55,109.02,109.36,261645
1789371300,2026-09-14 16:35:00,109.36,109.37,109.04,109.15,160227
1789371600,2026-09-14 16:40:00,109.17,109.28,108.62,108.62,231126
1789371900,2026-09-14 16:45:00,108.64,109,108.36,108.97,216356
1789372200,2026-09-14 16:50:00,108.97,109,108.12,108.31,226206
1789372500,2026-09-14 16:55:00,108.31,108.68,108.28,108.61,53719
1789372800,2026-09-14 17:00:00,108.65,109.15,107.01,107.05,1026234
1789373100,2026-09-14 17:05:00,107.01,107.82,106.83,107.52,396826
1789373400,2026-09-14 17:10:00,107.5,107.53,107.1,107.3,235880
1789373700,2026-09-14 17:15:00,107.3,107.33,106.3,106.35,476021
1789374000,2026-09-14 17:20:00,106.32,106.75,105.91,106.04,302914
1789374300,2026-09-14 17:25:00,106.08,106.17,105.35,105.39,228705
1789374600,2026-09-14 17:30:00,105.38,105.99,105.15,105.75,369410
1789374900,2026-09-14 17:35:00,105.79,106.3,105.77,106.3,159800
1789375200,2026-09-14 17:40:00,106.3,106.34,105.91,105.98,72636
1789375500,2026-09-14 17:45:00,105.93,106.04,104.95,105.15,305244
1789375800,2026-09-14 17:50:00,105.13,105.75,105.13,105.27,209988
1789376100,2026-09-14 17:55:00,105.31,105.54,104.82,105.53,272111
1789376400,2026-09-14 18:00:00,105.53,105.78,105.4,105.61,155659
1789376700,2026-09-14 18:05:00,105.71,106.05,105.54,105.91,198195
1789377000,2026-09-14 18:10:00,105.93,106.07,104.84,105.07,311722
1789377300,2026-09-14 18:15:00,105.04,105.18,104.74,105.01,129000
1789377600,2026-09-14 18:20:00,105,105.18,104.13,104.2,233651
1789377900,2026-09-14 18:25:00,104.26,104.98,104.09,104.83,276532
1789378200,2026-09-14 18:30:00,104.8,105.13,104.75,105.03,195837
1789378500,2026-09-14 18:35:00,105.01,105.08,104.76,104.9,109455
1789378800,2026-09-14 18:40:00,104.9,105.33,104.85,104.98,207116
1789379100,2026-09-14 18:45:00,105.03,105.15,104.86,104.96,108097
1789379400,2026-09-14 18:50:00,104.95,105.09,104.67,105.02,67782
1789379700,2026-09-14 18:55:00,105.02,105.12,104.71,104.9,64132
1789380000,2026-09-14 19:00:00,104.86,105.04,104.72,104.95,60969
1789380300,2026-09-14 19:05:00,104.96,105.17,104.7,104.72,85844
1789380600,2026-09-14 19:10:00,104.71,105.37,104.66,105.19,134445
1789380900,2026-09-14 19:15:00,105.2,105.24,104.8,105.04,233718
1789381200,2026-09-14 19:20:00,105,105.84,105,105.76,223422
1789381500,2026-09-14 19:25:00,105.8,106.09,105.7,105.98,229829
1789381800,2026-09-14 19:30:00,105.95,106.13,105.7,105.83,109456
1789382100,2026-09-14 19:35:00,105.84,106.07,105.65,105.67,78172
1789382400,2026-09-14 19:40:00,105.66,106.02,105.42,105.9,90434
1789382700,2026-09-14 19:45:00,105.92,105.96,105.51,105.56,142112
1789383000,2026-09-14 19:50:00,105.58,105.58,105.03,105.04,95352
1789383300,2026-09-14 19:55:00,105.05,105.37,104.85,105.27,95848
1789383600,2026-09-14 20:00:00,105.29,105.36,104.82,105.07,98134
1789383900,2026-09-14 20:05:00,105.01,105.02,104.64,104.64,74919
1789384200,2026-09-14 20:10:00,104.63,104.75,104.25,104.61,179422
1789384500,2026-09-14 20:15:00,104.62,104.69,103.96,103.96,203989
1789384800,2026-09-14 20:20:00,103.95,104.41,103.84,104.39,957518
1789385100,2026-09-14 20:25:00,104.38,105.14,104.32,105.14,1081184
1789385400,2026-09-14 20:30:00,105.14,105.16,104.62,104.75,182540
1789385700,2026-09-14 20:35:00,104.72,104.73,104.01,104.38,182241
1789386000,2026-09-14 20:40:00,104.37,104.37,103.76,103.87,263146
1789386300,2026-09-14 20:45:00,103.88,104.06,103.61,103.87,210137
1789386600,2026-09-14 20:50:00,103.85,103.85,102.81,102.99,1373585
1789386900,2026-09-14 20:55:00,102.99,103.33,102.94,103,381174
1789387200,2026-09-14 21:00:00,102.94,102.95,102.01,102.27,411076
1789387500,2026-09-14 21:05:00,102.23,102.37,101.81,102.2,647883
1789387800,2026-09-14 21:10:00,102.23,102.46,101.79,102.08,182028
1789388100,2026-09-14 21:15:00,102.11,102.87,102.04,102.79,725593
1789388400,2026-09-14 21:20:00,102.77,102.97,102.34,102.51,387797
1789388700,2026-09-14 21:25:00,102.51,102.54,102.1,102.46,170280
1789389000,2026-09-14 21:30:00,102.43,103.06,102.26,102.64,453655
1789389300,2026-09-14 21:35:00,102.62,102.66,101.71,102.1,1286365
1789389600,2026-09-14 21:40:00,102.07,102.83,101.9,102.67,714678
1789389900,2026-09-14 21:45:00,102.67,102.73,101.95,102.12,239804
1789390200,2026-09-14 21:50:00,102.1,102.14,101.38,101.39,298966
1789390500,2026-09-14 21:55:00,101.4,101.87,101.4,101.78,148893
1789390800,2026-09-14 22:00:00,101.78,101.79,100.97,101.21,559812
1789391100,2026-09-14 22:05:00,101.24,101.27,100.85,101.26,453313
1789391400,2026-09-14 22:10:00,101.26,102.13,101.13,102.12,443522
1789391700,2026-09-14 22:15:00,102.15,102.59,102.11,102.35,239914
1789392000,2026-09-14 22:20:00,102.36,102.75,102.32,102.4,293288
1789392300,2026-09-14 22:25:00,102.43,102.51,101.22,101.6,480550
1789392600,2026-09-14 22:30:00,101.59,102.47,100.22,100.39,1983626
1789392900,2026-09-14 22:35:00,100.4,100.86,100.13,100.25,865222
1789393200,2026-09-14 22:40:00,100.24,102.41,99.87,102.28,1376828
1789393500,2026-09-14 22:45:00,102.28,104.99,102.17,104.65,1730717
1789393800,2026-09-14 22:50:00,104.65,104.82,102.41,102.86,2000753
1789394100,2026-09-14 22:55:00,102.86,103.49,102.26,102.68,592356
1789394400,2026-09-14 23:00:00,102.61,103.7,102.48,102.89,308926
1789394700,2026-09-14 23:05:00,102.85,104.25,102.85,104.11,375587
1789395000,2026-09-14 23:10:00,104.16,105.37,104.16,104.47,1070571
1789395300,2026-09-14 23:15:00,104.46,105,103.75,104.4,324944
1789395600,2026-09-14 23:20:00,104.33,104.37,103.02,103.68,336304
1789395900,2026-09-14 23:25:00,103.62,103.95,102.93,103.25,125488
1789396200,2026-09-14 23:30:00,103.22,103.65,102.71,103.29,246578
1789396500,2026-09-14 23:35:00,103.23,103.23,101.47,101.83,620057
1789396800,2026-09-14 23:40:00,101.82,102.21,101.54,102.2,300171
1789397100,2026-09-14 23:45:00,102.16,102.59,101.56,101.79,378299
1789397400,2026-09-14 23:50:00,101.78,101.87,100.86,100.99,484303
1789397700,2026-09-14 23:55:00,100.99,101.52,100.86,101.27,237813
1789398000,2026-09-15 00:00:00,101.31,101.65,100.67,100.74,260138
1789398300,2026-09-15 00:05:00,100.72,102.56,100.72,100.91,1342692
1789398600,2026-09-15 00:10:00,100.96,101.14,100.52,100.58,275085
1789398900,2026-09-15 00:15:00,100.59,101.7,100.53,101.51,317223
1789399200,2026-09-15 00:20:00,101.52,101.98,101.24,101.9,195136
1789399500,2026-09-15 00:25:00,101.85,102.4,101.82,102.2,744050
1789399800,2026-09-15 00:30:00,102.2,103.94,102.12,103.7,842070
1789400100,2026-09-15 00:35:00,103.74,103.96,103.19,103.78,455779
1789400400,2026-09-15 00:40:00,103.72,104.49,103.59,104.03,475517
1789400700,2026-09-15 00:45:00,104.06,104.11,103.24,103.27,387637
1789401000,2026-09-15 00:50:00,103.24,103.59,103.02,103.33,266911
1789401300,2026-09-15 00:55:00,103.34,103.5,103.08,103.34,138358
1789401600,2026-09-15 01:00:00,103.32,103.37,102.35,102.44,303475
1789401900,2026-09-15 01:05:00,102.39,102.62,101.93,101.95,257593
1789402200,2026-09-15 01:10:00,101.92,102.45,101.92,102.22,139294
1789402500,2026-09-15 01:15:00,102.3,103.87,102.3,103.71,477400
1789402800,2026-09-15 01:20:00,103.73,104.04,103.22,103.84,192720
1789403100,2026-09-15 01:25:00,103.86,103.89,103.2,103.32,94953
1789403400,2026-09-15 01:30:00,103.28,103.4,102.98,103.11,121616
1789403700,2026-09-15 01:35:00,103.11,103.26,102.8,103.15,59936
1789404000,2026-09-15 01:40:00,103.11,103.8,102.8,103.8,123284
1789404300,2026-09-15 01:45:00,103.81,104.71,103.54,104.17,376782
1789404600,2026-09-15 01:50:00,104.2,104.62,103.92,104.01,466688
1789404900,2026-09-15 01:55:00,104,104.27,103.73,104.06,78677
1789405200,2026-09-15 02:00:00,104.01,104.33,103.7,103.95,142648
1789405500,2026-09-15 02:05:00,103.94,104.14,103.75,104.03,79008
1789405800,2026-09-15 02:10:00,104.06,104.55,104.01,104.03,51433
1789406100,2026-09-15 02:15:00,104.02,104.13,103.38,103.62,60111
1789406400,2026-09-15 02:20:00,103.66,103.97,103.66,103.88,53585
1789406700,2026-09-15 02:25:00,103.89,103.97,103.51,103.91,30879
1789407000,2026-09-15 02:30:00,103.95,104.01,103.66,103.79,42558
1789407300,2026-09-15 02:35:00,103.78,103.88,103.5,103.88,28836
1789407600,2026-09-15 02:40:00,103.89,103.97,103.69,103.93,28050
1789407900,2026-09-15 02:45:00,103.97,104.24,103.94,104.1,62679
1789408200,2026-09-15 02:50:00,104.1,104.4,104.03,104.28,76456
1789408500,2026-09-15 02:55:00,104.3,104.58,104.25,104.34,116981
1789408800,2026-09-15 03:00:00,104.38,104.79,104.12,104.26,177429
1789409100,2026-09-15 03:05:00,104.25,104.49,104.1,104.36,59487
1789409400,2026-09-15 03:10:00,104.39,104.5,104.15,104.43,47374
1789409700,2026-09-15 03:15:00,104.47,104.68,104.4,104.56,42777
1789410000,2026-09-15 03:20:00,104.56,104.74,104.27,104.44,68601
1789410300,2026-09-15 03:25:00,104.45,104.53,104.03,104.22,34256
1789410600,2026-09-15 03:30:00,104.18,104.56,104.18,104.47,67714
1789410900,2026-09-15 03:35:00,104.47,104.68,104.44,104.59,37390
1789411200,2026-09-15 03:40:00,104.58,105.03,104.46,104.88,61683
1789411500,2026-09-15 03:45:00,104.88,105.01,104.56,104.87,70781
1789411800,2026-09-15 03:50:00,104.86,105.13,104.75,105.08,43724
1789412100,2026-09-15 03:55:00,105.06,105.25,104.95,105.21,58056
1789412400,2026-09-15 04:00:00,105.2,105.47,105.14,105.28,116457
1789412700,2026-09-15 04:05:00,105.28,105.38,104.38,104.71,61787
1789413000,2026-09-15 04:10:00,104.71,104.78,103.92,104.07,62915
1789413300,2026-09-15 04:15:00,104.08,104.08,103.72,104.04,110801
1789413600,2026-09-15 04:20:00,104.06,104.11,103.64,103.94,60100
1789413900,2026-09-15 04:25:00,103.92,104.09,103.7,103.72,55336
1789414200,2026-09-15 04:30:00,103.77,103.92,102.79,103.01,359982
1789414500,2026-09-15 04:35:00,103,103.01,102.31,102.43,162340
1789414800,2026-09-15 04:40:00,102.43,102.83,102.38,102.68,219734
1789415100,2026-09-15 04:45:00,102.69,102.86,102.36,102.79,63579
1789415400,2026-09-15 04:50:00,102.72,102.72,101.78,102.3,348159
1789415700,2026-09-15 04:55:00,102.31,102.31,101.17,101.27,244122
1789416000,2026-09-15 05:00:00,101.33,101.49,101.17,101.38,70784
1789416300,2026-09-15 05:05:00,101.39,101.84,101.38,101.74,97321
1789416600,2026-09-15 05:10:00,101.73,101.96,101.72,101.89,97082
1789416900,2026-09-15 05:15:00,101.9,102.03,101.79,102.02,77434
1789417200,2026-09-15 05:20:00,102.01,102.24,101.97,102.18,71937
1789417500,2026-09-15 05:25:00,102.21,102.3,102.13,102.22,93179
1789417800,2026-09-15 05:30:00,102.23,102.48,102.19,102.41,45405
1789418100,2026-09-15 05:35:00,102.42,102.58,102.4,102.58,59849
1789418400,2026-09-15 05:40:00,102.59,102.69,102.57,102.68,90825
1789418700,2026-09-15 05:45:00,102.68,102.71,102.35,102.57,132167
1789419000,2026-09-15 05:50:00,102.55,102.66,102.52,102.59,48831
1789419300,2026-09-15 05:55:00,102.59,102.59,102.41,102.55,45416
1789419600,2026-09-15 06:00:00,102.54,102.56,102.43,102.5,39264
1789419900,2026-09-15 06:05:00,102.49,102.56,102.37,102.41,32606
1789420200,2026-09-15 06:10:00,102.43,102.54,102.37,102.4,53453
1789420500,2026-09-15 06:15:00,102.4,102.61,102.4,102.56,34900
1789420800,2026-09-15 06:20:00,102.56,102.67,102.51,102.63,89690
1789421100,2026-09-15 06:25:00,102.64,102.79,102.57,102.77,59642
1789421400,2026-09-15 06:30:00,102.77,102.78,102.75,102.76,47073
1789421700,2026-09-15 06:35:00,102.76,102.82,102.7,102.72,109307
1789422000,2026-09-15 06:40:00,102.74,102.91,102.71,102.82,94325
1789422300,2026-09-15 06:45:00,102.81,102.88,102.79,102.85,99794
1789422600,2026-09-15 06:50:00,102.86,102.95,102.68,102.94,59406
1789422900,2026-09-15 06:55:00,102.94,102.96,102.75,102.88,54688
1789423200,2026-09-15 07:00:00,102.87,103,102.83,102.98,69857
1789423500,2026-09-15 07:05:00,103,103,102.8,102.82,116001
1789423800,2026-09-15 07:10:00,102.82,102.85,102.74,102.83,54122
1789424100,2026-09-15 07:15:00,102.82,102.95,102.75,102.81,118894
1789424400,2026-09-15 07:20:00,102.81,102.91,102.81,102.87,26501
1789424700,2026-09-15 07:25:00,102.9,102.93,102.78,102.84,109285
1789425000,2026-09-15 07:30:00,102.84,102.85,102.42,102.47,119613
1789425300,2026-09-15 07:35:00,102.44,102.68,102.42,102.68,118898
1789425600,2026-09-15 07:40:00,102.65,102.69,102.56,102.6,50437
1789425900,2026-09-15 07:45:00,102.58,102.86,102.58,102.84,76264
1789426200,2026-09-15 07:50:00,102.83,102.93,102.83,102.9,44499
1789426500,2026-09-15 07:55:00,102.9,102.98,102.88,102.91,43216
1789426800,2026-09-15 08:00:00,102.91,102.96,102.66,102.79,89764
1789427100,2026-09-15 08:05:00,102.79,103.05,102.79,103.04,114813
1789427400,2026-09-15 08:10:00,103.04,103.18,102.97,103.11,279985
1789427700,2026-09-15 08:15:00,103.11,103.13,102.95,103.05,132630
1789428000,2026-09-15 08:20:00,103.05,103.11,103,103.08,181259
1789428300,2026-09-15 08:25:00,103.08,103.08,102.9,102.93,115850
1789428600,2026-09-15 08:30:00,102.9,103.05,102.9,103.04,105065
1789428900,2026-09-15 08:35:00,103.04,103.18,103.04,103.17,196378
1789429200,2026-09-15 08:40:00,103.16,103.25,103.11,103.21,205157
1789429500,2026-09-15 08:45:00,103.23,103.27,103.06,103.08,102254
1789429800,2026-09-15 08:50:00,103.05,103.15,102.81,102.86,100739
1789430100,2026-09-15 08:55:00,102.85,102.98,102.78,102.95,90520
1789430400,2026-09-15 09:00:00,102.95,103.56,102.81,103.34,211140
1789430700,2026-09-15 09:05:00,103.36,103.37,102.06,102.98,432038
1789431000,2026-09-15 09:10:00,103.01,103.01,102.52,102.82,140244
1789431300,2026-09-15 09:15:00,102.82,102.95,102.15,102.42,77453
1789431600,2026-09-15 09:20:00,102.38,103.06,102.24,103.02,245295
1789431900,2026-09-15 09:25:00,103.04,103.34,102.8,102.8,92847
1789432200,2026-09-15 09:30:00,102.79,103.13,102.77,103.11,59034
1789432500,2026-09-15 09:35:00,103.07,103.47,103.07,103.4,93243
1789432800,2026-09-15 09:40:00,103.46,103.71,103.46,103.63,89821
1789433100,2026-09-15 09:45:00,103.64,103.72,103.08,103.19,91570
1789433400,2026-09-15 09:50:00,103.17,103.45,103.08,103.1,73778
1789433700,2026-09-15 09:55:00,103.1,103.14,102.69,102.88,97641
1789434000,2026-09-15 10:00:00,102.86,103.4,102.68,103.3,104416
1789434300,2026-09-15 10:05:00,103.26,103.42,103.07,103.27,56283
1789434600,2026-09-15 10:10:00,103.27,103.54,103.26,103.43,51114
1789434900,2026-09-15 10:15:00,103.43,103.68,103.4,103.49,72758
1789435200,2026-09-15 10:20:00,103.45,103.63,103.28,103.28,63790
1789435500,2026-09-15 10:25:00,103.25,103.41,102.98,102.99,103785
1789435800,2026-09-15 10:30:00,103,103.23,102.62,102.66,89275
1789436100,2026-09-15 10:35:00,102.66,102.71,102.38,102.65,91536
1789436400,2026-09-15 10:40:00,102.61,102.61,102.08,102.25,119766
1789436700,2026-09-15 10:45:00,102.2,102.67,102.01,102.67,128114
1789437000,2026-09-15 10:50:00,102.64,102.74,102.24,102.56,39629
1789437300,2026-09-15 10:55:00,102.57,102.75,102.47,102.67,64367
1789437600,2026-09-15 11:00:00,102.7,103.04,102.63,102.79,46417
1789437900,2026-09-15 11:05:00,102.81,102.88,102.59,102.7,61847
1789438200,2026-09-15 11:10:00,102.73,102.93,102.63,102.9,34800
1789438500,2026-09-15 11:15:00,102.93,102.94,102.68,102.71,75382
1789438800,2026-09-15 11:20:00,102.74,103.15,102.72,103.15,38484
1789439100,2026-09-15 11:25:00,103.16,103.32,103.1,103.24,49749
1789439400,2026-09-15 11:30:00,103.27,103.46,103.2,103.36,38996
1789439700,2026-09-15 11:35:00,103.38,103.45,103.17,103.31,118635
1789440000,2026-09-15 11:40:00,103.31,103.43,103.08,103.31,70577
1789440300,2026-09-15 11:45:00,103.32,103.65,103.23,103.6,56783
1789440600,2026-09-15 11:50:00,103.59,103.75,103.51,103.67,193495
1789440900,2026-09-15 11:55:00,103.68,103.82,103.56,103.56,52717
1789441200,2026-09-15 12:00:00,103.57,103.68,103.44,103.53,170105
1789441500,2026-09-15 12:05:00,103.55,103.61,103.4,103.44,128132
1789441800,2026-09-15 12:10:00,103.43,103.44,103.17,103.25,70770
1789442100,2026-09-15 12:15:00,103.26,103.3,103.01,103.12,219957
1789442400,2026-09-15 12:20:00,103.13,103.21,103.07,103.11,61005
1789442700,2026-09-15 12:25:00,103.13,103.2,102.93,103.17,60887
1789443000,2026-09-15 12:30:00,103.16,103.39,103.08,103.32,72784
1789443300,2026-09-15 12:35:00,103.32,103.41,103.07,103.12,56587
1789443600,2026-09-15 12:40:00,103.12,103.34,103.08,103.34,27390
1789443900,2026-09-15 12:45:00,103.36,103.44,103.08,103.08,58323
1789444200,2026-09-15 12:50:00,103.09,103.11,102.75,102.75,50067
1789444500,2026-09-15 12:55:00,102.76,102.81,102.31,102.34,164781
1789444800,2026-09-15 13:00:00,102.36,102.68,102.32,102.67,76563
1789445100,2026-09-15 13:05:00,102.67,102.79,102.45,102.55,20971
1789445400,2026-09-15 13:10:00,102.59,102.69,102.41,102.43,15801
1789445700,2026-09-15 13:15:00,102.47,102.55,102.16,102.22,39224
1789446000,2026-09-15 13:20:00,102.22,102.26,101.75,101.76,89339
1789446300,2026-09-15 13:25:00,101.76,101.85,101.45,101.67,150352
1789446600,2026-09-15 13:30:00,101.67,101.85,101.6,101.85,51231
1789446900,2026-09-15 13:35:00,101.85,101.88,101.44,101.56,328534
1789447200,2026-09-15 13:40:00,101.56,101.98,101.48,101.88,65974
1789447500,2026-09-15 13:45:00,101.89,102.17,101.73,101.99,57688
1789447800,2026-09-15 13:50:00,101.99,102.04,101.57,101.73,126320
1789448100,2026-09-15 13:55:00,101.75,101.75,101.26,101.28,118318
1789448400,2026-09-15 14:00:00,101.28,101.59,101.23,101.33,94450
1789448700,2026-09-15 14:05:00,101.33,101.4,100.8,100.8,225046
1789449000,2026-09-15 14:10:00,100.78,100.82,100.47,100.56,225240
1789449300,2026-09-15 14:15:00,100.55,100.68,100.2,100.54,201507
1789449600,2026-09-15 14:20:00,100.55,100.76,100.5,100.57,189680
1789449900,2026-09-15 14:25:00,100.55,101.05,100.46,100.9,82908
1789450200,2026-09-15 14:30:00,100.84,101.2,100.66,101.2,35084
1789450500,2026-09-15 14:35:00,101.24,101.3,100.84,101.28,127983
1789450800,2026-09-15 14:40:00,101.31,102.25,101.21,102.08,1014548
1789451100,2026-09-15 14:45:00,102.07,102.33,101.94,102,86687
1789451400,2026-09-15 14:50:00,101.98,102.28,101.88,102.2,62919
1789451700,2026-09-15 14:55:00,102.18,102.18,101.57,101.64,81166
1789452000,2026-09-15 15:00:00,101.63,101.87,101.62,101.74,41906
1789452300,2026-09-15 15:05:00,101.7,101.86,101.36,101.62,61717
1789452600,2026-09-15 15:10:00,101.65,102.17,101.48,102.09,241090
1789452900,2026-09-15 15:15:00,102.08,102.43,102.07,102.32,207028
1789453200,2026-09-15 15:20:00,102.28,102.39,102,102.04,67176
1789453500,2026-09-15 15:25:00,102.08,102.1,101.65,101.7,79622
1789453800,2026-09-15 15:30:00,101.68,101.87,101.5,101.62,101318
1789454100,2026-09-15 15:35:00,101.63,101.94,101.51,101.7,44150
1789454400,2026-09-15 15:40:00,101.69,102,101.53,101.53,296982
1789454700,2026-09-15 15:45:00,101.57,101.94,101.5,101.87,67442
1789455000,2026-09-15 15:50:00,101.87,101.93,101.63,101.67,34070
1789455300,2026-09-15 15:55:00,101.6,101.86,101.45,101.79,95572
1789455600,2026-09-15 16:00:00,101.77,102.45,101.44,102.32,109773
1789455900,2026-09-15 16:05:00,102.32,102.41,101.94,102.28,65207
1789456200,2026-09-15 16:10:00,102.32,102.36,101.48,101.57,49144
1789456500,2026-09-15 16:15:00,101.53,102.08,101.53,102.08,74940
1789456800,2026-09-15 16:20:00,102.03,102.47,102.01,102.46,59621
1789457100,2026-09-15 16:25:00,102.48,102.62,102.07,102.29,42341
1789457400,2026-09-15 16:30:00,102.28,102.38,102.1,102.17,26415
1789457700,2026-09-15 16:35:00,102.14,102.4,102.06,102.09,52951
1789458000,2026-09-15 16:40:00,102.11,102.37,101.66,101.77,72538
1789458300,2026-09-15 16:45:00,101.79,101.96,101.63,101.66,53634
1789458600,2026-09-15 16:50:00,101.69,101.77,101.24,101.4,154230
1789458900,2026-09-15 16:55:00,101.42,101.42,101.17,101.27,179190
1789459200,2026-09-15 17:00:00,101.28,101.56,100.87,101.05,465138
1789459500,2026-09-15 17:05:00,101.06,101.14,100.23,100.28,469063
1789459800,2026-09-15 17:10:00,100.25,100.87,100.17,100.76,548200
1789460100,2026-09-15 17:15:00,100.75,101.23,100.72,101.19,277029
1789460400,2026-09-15 17:20:00,101.2,101.43,101.1,101.16,132062
1789460700,2026-09-15 17:25:00,101.16,101.31,100.72,100.97,210164
1789461000,2026-09-15 17:30:00,100.97,101.06,100.67,100.76,113716
1789461300,2026-09-15 17:35:00,100.74,101.15,100.69,101.07,82918
1789461600,2026-09-15 17:40:00,101.02,101.27,100.86,101.06,66860
1789461900,2026-09-15 17:45:00,101.06,101.16,101,101.06,38514
1789462200,2026-09-15 17:50:00,101.04,101.23,101.04,101.07,26729
1789462500,2026-09-15 17:55:00,101.08,101.29,100.71,100.85,45218
1789462800,2026-09-15 18:00:00,100.81,100.87,100.44,100.71,349168
1789463100,2026-09-15 18:05:00,100.71,101.05,100.63,100.66,72682
1789463400,2026-09-15 18:10:00,100.67,100.88,100.54,100.7,69385
1789463700,2026-09-15 18:15:00,100.63,100.8,100.5,100.54,46925
1789464000,2026-09-15 18:20:00,100.55,100.92,100.47,100.61,88099
1789464300,2026-09-15 18:25:00,100.67,101.11,100.65,100.97,54170
1789464600,2026-09-15 18:30:00,100.97,101.06,100.85,101.05,42016
1789464900,2026-09-15 18:35:00,101.05,101.36,101.02,101.31,119748
1789465200,2026-09-15 18:40:00,101.3,101.5,101.29,101.45,159075
1789465500,2026-09-15 18:45:00,101.46,102.23,101.45,102.23,92202
1789465800,2026-09-15 18:50:00,102.23,102.86,102.2,102.81,215839
1789466100,2026-09-15 18:55:00,102.8,102.82,102.34,102.41,142885
1789466400,2026-09-15 19:00:00,102.44,102.76,102.42,102.49,137425
1789466700,2026-09-15 19:05:00,102.5,102.71,102.45,102.7,41416
1789467000,2026-09-15 19:10:00,102.69,103.08,102.68,102.92,292442
1789467300,2026-09-15 19:15:00,102.92,103.1,102.78,103.1,138539
1789467600,2026-09-15 19:20:00,103.1,103.28,102.74,103,280954
1789467900,2026-09-15 19:25:00,103.03,103.15,102.88,103.15,191904
1789468200,2026-09-15 19:30:00,103.12,103.4,103.1,103.27,111731
1789468500,2026-09-15 19:35:00,103.23,103.39,103.2,103.29,61999
1789468800,2026-09-15 19:40:00,103.28,103.28,102.83,102.99,327751
1789469100,2026-09-15 19:45:00,102.97,103.09,102.79,103.09,46072
1789469400,2026-09-15 19:50:00,103.06,103.34,102.99,103.29,60722
1789469700,2026-09-15 19:55:00,103.29,103.56,103.25,103.52,105908
1789470000,2026-09-15 20:00:00,103.51,104.14,103.5,103.94,197402
1789470300,2026-09-15 20:05:00,103.94,104.43,103.79,104.42,273497
1789470600,2026-09-15 20:10:00,104.42,104.59,104.41,104.55,175321
1789470900,2026-09-15 20:15:00,104.53,104.54,104.01,104.31,165725
1789471200,2026-09-15 20:20:00,104.29,104.35,103.92,104.04,171784
1789471500,2026-09-15 20:25:00,104.03,104.1,103.75,103.97,226107
1789471800,2026-09-15 20:30:00,103.95,103.97,103.5,103.8,137322
1789472100,2026-09-15 20:35:00,103.78,104,103.77,103.82,85374
1789472400,2026-09-15 20:40:00,103.81,104.02,103.64,103.96,86461
1789472700,2026-09-15 20:45:00,103.95,104.19,103.87,103.93,64803
1789473000,2026-09-15 20:50:00,103.93,104.35,103.91,104.03,123332
1789473300,2026-09-15 20:55:00,104.02,104.27,104,104.13,72559
1789473600,2026-09-15 21:00:00,104.08,104.22,103.7,104,94683
1789473900,2026-09-15 21:05:00,104.05,104.23,103.92,104.18,60739
1789474200,2026-09-15 21:10:00,104.17,104.52,104.15,104.35,62671
1789474500,2026-09-15 21:15:00,104.35,104.48,104.19,104.38,42939
1789474800,2026-09-15 21:20:00,104.39,104.41,103.93,104.06,163146
1789475100,2026-09-15 21:25:00,104.04,104.38,104.04,104.25,140371
1789475400,2026-09-15 21:30:00,104.23,104.29,103.84,104.22,92093
1789475700,2026-09-15 21:35:00,104.27,104.32,104.06,104.21,162425
1789476000,2026-09-15 21:40:00,104.21,104.38,104.1,104.24,43538
1789476300,2026-09-15 21:45:00,104.21,104.88,104.13,104.85,147048
1789476600,2026-09-15 21:50:00,104.83,105.08,104.66,105.08,215984
1789476900,2026-09-15 21:55:00,105.06,105.23,104.43,104.55,869846
1789477200,2026-09-15 22:00:00,104.53,104.63,104.13,104.47,430813
1789477500,2026-09-15 22:05:00,104.48,104.48,104.18,104.38,50607
1789477800,2026-09-15 22:10:00,104.41,104.52,104.2,104.26,34865
1789478100,2026-09-15 22:15:00,104.25,104.35,103.71,103.86,122190
1789478400,2026-09-15 22:20:00,103.84,103.88,103.48,103.51,123563
1789478700,2026-09-15 22:25:00,103.53,104.56,103.53,104.55,453077
1789479000,2026-09-15 22:30:00,104.56,105.8,103.65,104.95,1419859
1789479300,2026-09-15 22:35:00,104.92,105.1,103.35,103.52,1357714
1789479600,2026-09-15 22:40:00,103.52,104.67,103.12,104.43,1673158
1789479900,2026-09-15 22:45:00,104.44,105.23,104.28,104.83,1388581
1789480200,2026-09-15 22:50:00,104.81,105.53,104.48,105.36,574034
1789480500,2026-09-15 22:55:00,105.35,105.69,105.11,105.29,508327
1789480800,2026-09-15 23:00:00,105.26,105.97,105.14,105.43,801151
1789481100,2026-09-15 23:05:00,105.4,105.94,105.16,105.28,489669
1789481400,2026-09-15 23:10:00,105.28,105.28,104.1,104.33,266900
1789481700,2026-09-15 23:15:00,104.29,104.9,104.27,104.78,210522
1789482000,2026-09-15 23:20:00,104.78,104.85,103.7,104.37,387867
1789482300,2026-09-15 23:25:00,104.35,104.5,104.05,104.3,187595
1789482600,2026-09-15 23:30:00,104.28,104.76,103.89,103.92,366395
1789482900,2026-09-15 23:35:00,103.93,104.01,103.09,103.26,182693
1789483200,2026-09-15 23:40:00,103.29,103.61,102.82,103.61,266614
1789483500,2026-09-15 23:45:00,103.64,104.11,103.11,103.11,442758
1789483800,2026-09-15 23:50:00,103.08,103.09,101.92,102.58,689190
1789484100,2026-09-15 23:55:00,102.57,102.77,102.22,102.42,439527
1789484400,2026-09-16 00:00:00,102.46,103.05,102.25,103.03,688630
1789484700,2026-09-16 00:05:00,103.05,103.14,102.49,102.54,412924
1789485000,2026-09-16 00:10:00,102.55,102.72,102.02,102.5,211508
1789485300,2026-09-16 00:15:00,102.48,102.84,102.45,102.69,966757
1789485600,2026-09-16 00:20:00,102.7,103.13,102.49,102.86,934315
1789485900,2026-09-16 00:25:00,102.85,103.53,102.82,103.35,278563
1789486200,2026-09-16 00:30:00,103.31,103.33,102.72,102.96,113987
1789486500,2026-09-16 00:35:00,102.98,103.09,102.66,102.68,70881
1789486800,2026-09-16 00:40:00,102.67,102.9,102.59,102.72,110301
1789487100,2026-09-16 00:45:00,102.72,102.75,102.3,102.35,605414
1789487400,2026-09-16 00:50:00,102.39,103.03,102.38,102.44,318696
1789487700,2026-09-16 00:55:00,102.43,102.66,101.65,101.67,383566
1789488000,2026-09-16 01:00:00,101.65,102.18,101.63,101.89,172289
1789488300,2026-09-16 01:05:00,101.86,102,101.39,101.46,125995
1789488600,2026-09-16 01:10:00,101.47,101.52,101.22,101.41,262599
1789488900,2026-09-16 01:15:00,101.43,101.95,101.34,101.91,233186
1789489200,2026-09-16 01:20:00,101.91,102.33,101.88,102.2,152624
1789489500,2026-09-16 01:25:00,102.21,102.27,101.93,102.02,91426
1789489800,2026-09-16 01:30:00,101.98,101.99,101.54,101.71,111299
1789490100,2026-09-16 01:35:00,101.71,101.84,101.48,101.68,88218
1789490400,2026-09-16 01:40:00,101.68,101.96,101.65,101.85,63319
1789490700,2026-09-16 01:45:00,101.91,102.13,101.66,101.84,52347
1789491000,2026-09-16 01:50:00,101.84,102.24,101.82,102.12,56520
1789491300,2026-09-16 01:55:00,102.14,102.17,101.62,101.71,593260
1789491600,2026-09-16 02:00:00,101.68,101.81,101.3,101.3,94670
1789491900,2026-09-16 02:05:00,101.27,101.54,101.06,101.35,1504407
1789492200,2026-09-16 02:10:00,101.37,101.62,101.37,101.44,383802
1789492500,2026-09-16 02:15:00,101.44,101.68,101.43,101.68,186702
1789492800,2026-09-16 02:20:00,101.7,101.82,101.45,101.45,151385
1789493100,2026-09-16 02:25:00,101.45,101.79,101.45,101.79,63322
1789493400,2026-09-16 02:30:00,101.8,102,101.72,101.74,85215
1789493700,2026-09-16 02:35:00,101.74,101.88,101.54,101.57,78559
1789494000,2026-09-16 02:40:00,101.56,101.66,101.24,101.47,95947
1789494300,2026-09-16 02:45:00,101.48,101.61,101.44,101.54,58164
1789494600,2026-09-16 02:50:00,101.53,101.96,101.48,101.9,28933
1789494900,2026-09-16 02:55:00,101.92,102.13,101.83,102.11,156114
1789495200,2026-09-16 03:00:00,102.12,102.28,101.91,102.19,90093
1789495500,2026-09-16 03:05:00,102.19,102.44,102.05,102.42,81169
1789495800,2026-09-16 03:10:00,102.4,102.4,102.12,102.15,93371
1789496100,2026-09-16 03:15:00,102.17,102.22,101.9,101.95,134385
1789496400,2026-09-16 03:20:00,101.96,102.22,101.96,102.14,92569
1789496700,2026-09-16 03:25:00,102.16,102.43,102.15,102.33,117939
1789497000,2026-09-16 03:30:00,102.3,102.31,101.88,101.91,98884
1789497300,2026-09-16 03:35:00,101.93,101.99,101.45,101.8,250365
1789497600,2026-09-16 03:40:00,101.79,101.84,101.45,101.59,248730
1789497900,2026-09-16 03:45:00,101.62,101.64,101.31,101.4,147429
1789498200,2026-09-16 03:50:00,101.4,101.68,101.35,101.68,57350
1789498500,2026-09-16 03:55:00,101.68,101.88,101.64,101.84,80330
1789498800,2026-09-16 04:00:00,101.87,102.05,101.75,101.92,92159
1789499100,2026-09-16 04:05:00,101.95,102.22,101.89,102.22,66113
1789499400,2026-09-16 04:10:00,102.2,102.29,101.94,101.98,73554
1789499700,2026-09-16 04:15:00,102,102.25,101.91,102.23,70687
1789500000,2026-09-16 04:20:00,102.23,102.24,101.97,102.01,81327
1789500300,2026-09-16 04:25:00,102.01,102.45,102,102.27,81347
1789500600,2026-09-16 04:30:00,102.24,102.32,102,102.12,77329
1789500900,2026-09-16 04:35:00,102.08,102.21,101.97,102.16,42766
1789501200,2026-09-16 04:40:00,102.16,102.5,102.16,102.38,45538
1789501500,2026-09-16 04:45:00,102.36,102.66,102.23,102.34,47459
1789501800,2026-09-16 04:50:00,102.27,102.34,102.12,102.3,96633
1789502100,2026-09-16 04:55:00,102.3,102.48,102.16,102.48,88782
1789502400,2026-09-16 05:00:00,102.48,102.81,102.39,102.48,161189
1789502700,2026-09-16 05:05:00,102.49,102.5,102.41,102.44,41537
1789503000,2026-09-16 05:10:00,102.49,102.7,102.48,102.67,95686
1789503300,2026-09-16 05:15:00,102.68,102.77,102.65,102.69,61380
1789503600,2026-09-16 05:20:00,102.69,102.73,102.64,102.67,60057
1789503900,2026-09-16 05:25:00,102.67,102.69,102.48,102.57,66875
1789504200,2026-09-16 05:30:00,102.57,102.71,102.54,102.68,100152
1789504500,2026-09-16 05:35:00,102.7,102.78,102.68,102.77,43888
1789504800,2026-09-16 05:40:00,102.78,102.85,102.76,102.83,32186
1789505100,2026-09-16 05:45:00,102.83,102.92,102.83,102.91,19031
1789505400,2026-09-16 05:50:00,102.88,102.91,102.8,102.86,46394
1789505700,2026-09-16 05:55:00,102.86,103.02,102.85,102.87,58647
1789506000,2026-09-16 06:00:00,102.85,102.93,102.8,102.88,69043
1789506300,2026-09-16 06:05:00,102.89,102.93,102.87,102.88,20978
1789506600,2026-09-16 06:10:00,102.88,102.92,102.82,102.87,38902
1789506900,2026-09-16 06:15:00,102.87,102.9,102.81,102.89,31130
1789507200,2026-09-16 06:20:00,102.87,102.9,102.7,102.72,27947
1789507500,2026-09-16 06:25:00,102.73,102.79,102.71,102.74,26419
1789507800,2026-09-16 06:30:00,102.75,102.76,102.72,102.73,15819
1789508100,2026-09-16 06:35:00,102.75,102.76,102.66,102.68,33451
1789508400,2026-09-16 06:40:00,102.7,102.73,102.58,102.64,46334
1789508700,2026-09-16 06:45:00,102.64,102.67,102.61,102.67,34888
1789509000,2026-09-16 06:50:00,102.64,102.7,102.62,102.69,19402
1789509300,2026-09-16 06:55:00,102.68,102.78,102.62,102.7,16113
1789509600,2026-09-16 07:00:00,102.71,102.85,102.64,102.76,54625
1789509900,2026-09-16 07:05:00,102.79,102.82,102.69,102.73,27817
1789510200,2026-09-16 07:10:00,102.72,102.74,102.64,102.67,17570
1789510500,2026-09-16 07:15:00,102.69,102.74,102.66,102.68,16478
1789510800,2026-09-16 07:20:00,102.66,102.83,102.66,102.79,39811
1789511100,2026-09-16 07:25:00,102.78,102.84,102.7,102.7,27252
1789511400,2026-09-16 07:30:00,102.71,102.79,102.7,102.75,16462
1789511700,2026-09-16 07:35:00,102.76,102.87,102.74,102.83,16465
1789512000,2026-09-16 07:40:00,102.85,102.88,102.81,102.88,8457
1789512300,2026-09-16 07:45:00,102.87,102.9,102.76,102.77,35396
1789512600,2026-09-16 07:50:00,102.78,102.85,102.75,102.82,36030
1789512900,2026-09-16 07:55:00,102.83,102.86,102.7,102.73,47387
1789513200,2026-09-16 08:00:00,102.68,102.8,102.68,102.73,269231
1789513500,2026-09-16 08:05:00,102.73,102.78,102.66,102.66,57660
1789513800,2026-09-16 08:10:00,102.66,102.7,102.61,102.62,33969
1789514100,2026-09-16 08:15:00,102.63,102.7,102.59,102.6,45415
1789514400,2026-09-16 08:20:00,102.6,102.63,102.57,102.58,22251
1789514700,2026-09-16 08:25:00,102.58,102.7,102.57,102.68,14284
1789515000,2026-09-16 08:30:00,102.64,102.71,102.62,102.62,12448
1789515300,2026-09-16 08:35:00,102.61,102.7,102.57,102.7,9936
1789515600,2026-09-16 08:40:00,102.7,102.76,102.69,102.7,9474
1789515900,2026-09-16 08:45:00,102.7,102.71,102.59,102.6,26628
1789516200,2026-09-16 08:50:00,102.62,102.64,102.54,102.62,20808
1789516500,2026-09-16 08:55:00,102.62,102.62,102.54,102.56,10392
1789516800,2026-09-16 09:00:00,102.62,102.88,102.53,102.73,63687
1789517100,2026-09-16 09:05:00,102.74,102.86,102.41,102.41,56740
1789517400,2026-09-16 09:10:00,102.4,102.59,102.26,102.53,75439
1789517700,2026-09-16 09:15:00,102.56,102.85,102.45,102.72,30653
1789518000,2026-09-16 09:20:00,102.76,102.84,102.67,102.67,16046
1789518300,2026-09-16 09:25:00,102.66,102.78,102.55,102.73,61289
1789518600,2026-09-16 09:30:00,102.74,102.89,102.67,102.73,67347
1789518900,2026-09-16 09:35:00,102.74,103.04,102.6,103,57378
1789519200,2026-09-16 09:40:00,102.97,103.06,102.89,103,42378
1789519500,2026-09-16 09:45:00,102.99,103.12,102.83,103.05,58710
1789519800,2026-09-16 09:50:00,103.05,103.07,102.79,102.83,35394
1789520100,2026-09-16 09:55:00,102.81,102.91,102.72,102.75,36242
1789520400,2026-09-16 10:00:00,102.76,102.86,102.61,102.76,40365
1789520700,2026-09-16 10:05:00,102.77,102.77,102.41,102.46,47905
1789521000,2026-09-16 10:10:00,102.42,102.87,102.36,102.87,60515
1789521300,2026-09-16 10:15:00,102.88,102.91,102.73,102.77,25492
1789521600,2026-09-16 10:20:00,102.76,102.84,102.69,102.81,10535
1789521900,2026-09-16 10:25:00,102.85,102.89,102.57,102.6,7424
1789522200,2026-09-16 10:30:00,102.61,102.71,102.5,102.67,31571
1789522500,2026-09-16 10:35:00,102.67,102.72,102.11,102.23,70569
1789522800,2026-09-16 10:40:00,102.21,102.21,101.85,102.02,211399
1789523100,2026-09-16 10:45:00,102,102.21,101.9,101.94,190079
1789523400,2026-09-16 10:50:00,101.91,101.96,101.64,101.68,76403
1789523700,2026-09-16 10:55:00,101.69,101.84,101.52,101.67,57123
1789524000,2026-09-16 11:00:00,101.66,102.25,101.65,102.15,81504
1789524300,2026-09-16 11:05:00,102.14,102.17,101.86,102.05,38335
1789524600,2026-09-16 11:10:00,102,102.17,101.74,101.85,26324
1789524900,2026-09-16 11:15:00,101.9,102.17,101.87,102.16,21439
1789525200,2026-09-16 11:20:00,102.12,102.45,102.01,102.45,17159
1789525500,2026-09-16 11:25:00,102.46,102.71,102.45,102.71,55843
1789525800,2026-09-16 11:30:00,102.71,102.94,102.67,102.9,104393
1789526100,2026-09-16 11:35:00,102.91,103.04,102.78,102.83,119185
1789526400,2026-09-16 11:40:00,102.81,102.87,102.6,102.66,47527
1789526700,2026-09-16 11:45:00,102.66,102.88,102.61,102.87,47103
1789527000,2026-09-16 11:50:00,102.85,103.03,102.81,102.89,18984
1789527300,2026-09-16 11:55:00,102.9,103.01,102.86,103.01,30877
1789527600,2026-09-16 12:00:00,102.98,103.48,102.98,103.45,40259
1789527900,2026-09-16 12:05:00,103.43,103.69,103.43,103.5,56772
1789528200,2026-09-16 12:10:00,103.56,104.08,103.52,104.08,52696
1789528500,2026-09-16 12:15:00,104.11,104.42,104.07,104.33,97158
1789528800,2026-09-16 12:20:00,104.35,104.67,104.2,104.45,133824
1789529100,2026-09-16 12:25:00,104.45,104.5,104.04,104.08,61723
1789529400,2026-09-16 12:30:00,104.09,104.17,103.97,104.07,60492
1789529700,2026-09-16 12:35:00,104.07,104.07,103.72,104.03,63644
1789530000,2026-09-16 12:40:00,104.03,104.34,103.97,104.31,41838
1789530300,2026-09-16 12:45:00,104.29,104.57,104.27,104.36,118833
1789530600,2026-09-16 12:50:00,104.38,104.62,104.32,104.42,26580
1789530900,2026-09-16 12:55:00,104.43,104.53,104.37,104.51,38069
1789531200,2026-09-16 13:00:00,104.53,104.81,104.49,104.8,62492
1789531500,2026-09-16 13:05:00,104.82,104.82,104.5,104.68,55113
1789531800,2026-09-16 13:10:00,104.65,104.82,104.62,104.69,93206
1789532100,2026-09-16 13:15:00,104.68,104.72,104.38,104.44,41456
1789532400,2026-09-16 13:20:00,104.47,104.82,104.47,104.66,56533
1789532700,2026-09-16 13:25:00,104.66,104.7,104.44,104.51,31844
1789533000,2026-09-16 13:30:00,104.48,104.5,103.96,104.07,81759
1789533300,2026-09-16 13:35:00,104.07,104.38,104,104.35,76274
1789533600,2026-09-16 13:40:00,104.33,104.51,104.22,104.28,38313
1789533900,2026-09-16 13:45:00,104.28,104.5,104.21,104.36,36577
1789534200,2026-09-16 13:50:00,104.42,104.44,104.16,104.16,40860
1789534500,2026-09-16 13:55:00,104.17,104.19,103.92,104.03,33316
1789534800,2026-09-16 14:00:00,103.99,104.15,103.72,104.01,44962
1789535100,2026-09-16 14:05:00,104.01,104.23,103.89,104.22,46515
1789535400,2026-09-16 14:10:00,104.22,104.3,104.06,104.24,31105
1789535700,2026-09-16 14:15:00,104.27,104.47,104.22,104.38,33632
1789536000,2026-09-16 14:20:00,104.38,104.53,104.28,104.46,39982
1789536300,2026-09-16 14:25:00,104.45,104.53,104.16,104.45,41534
1789536600,2026-09-16 14:30:00,104.45,104.65,104.34,104.6,53048
1789536900,2026-09-16 14:35:00,104.62,104.77,104.48,104.72,50668
1789537200,2026-09-16 14:40:00,104.71,104.86,104.7,104.8,50875
1789537500,2026-09-16 14:45:00,104.86,105.11,104.72,104.74,76543
1789537800,2026-09-16 14:50:00,104.78,104.86,104.6,104.86,75511
1789538100,2026-09-16 14:55:00,104.86,105.03,104.8,104.96,59228
1789538400,2026-09-16 15:00:00,104.96,105.29,104.78,104.87,59508
1789538700,2026-09-16 15:05:00,104.93,105.45,104.93,105.35,52578
1789539000,2026-09-16 15:10:00,105.32,105.61,105.28,105.36,81147
1789539300,2026-09-16 15:15:00,105.37,105.49,105.18,105.49,79522
1789539600,2026-09-16 15:20:00,105.48,105.53,105.09,105.13,60972
1789539900,2026-09-16 15:25:00,105.15,105.16,104.77,104.98,55544
1789540200,2026-09-16 15:30:00,104.96,105.09,104.81,104.96,29987
1789540500,2026-09-16 15:35:00,104.93,105.36,104.88,105.32,48622
1789540800,2026-09-16 15:40:00,105.33,105.39,105.11,105.38,84524
1789541100,2026-09-16 15:45:00,105.39,105.48,105.18,105.35,60722
1789541400,2026-09-16 15:50:00,105.4,105.6,105.35,105.4,50826
1789541700,2026-09-16 15:55:00,105.45,105.71,105.38,105.65,97230
1789542000,2026-09-16 16:00:00,105.65,106.34,105.6,106.23,215985
1789542300,2026-09-16 16:05:00,106.23,106.58,106.16,106.48,177263
1789542600,2026-09-16 16:10:00,106.48,106.67,106.25,106.49,140928
1789542900,2026-09-16 16:15:00,106.48,106.56,106.16,106.19,105936
1789543200,2026-09-16 16:20:00,106.18,106.8,106.18,106.7,78484
1789543500,2026-09-16 16:25:00,106.65,106.83,106.57,106.62,96186
1789543800,2026-09-16 16:30:00,106.63,106.9,106.6,106.68,92726
1789544100,2026-09-16 16:35:00,106.68,106.75,106.56,106.57,67801
1789544400,2026-09-16 16:40:00,106.57,106.67,106.36,106.43,63637
1789544700,2026-09-16 16:45:00,106.46,106.6,106.37,106.53,63755
1789545000,2026-09-16 16:50:00,106.55,106.55,106.3,106.3,55237
1789545300,2026-09-16 16:55:00,106.3,106.6,106.3,106.59,30909
1789545600,2026-09-16 17:00:00,106.54,107.22,106.31,106.43,200955
1789545900,2026-09-16 17:05:00,106.42,106.75,106.05,106.31,210654
1789546200,2026-09-16 17:10:00,106.32,106.35,105.87,106.25,151856
1789546500,2026-09-16 17:15:00,106.23,106.85,106.2,106.55,348137
1789546800,2026-09-16 17:20:00,106.54,106.69,106.19,106.32,152990
1789547100,2026-09-16 17:25:00,106.34,106.35,106.1,106.31,71970
1789547400,2026-09-16 17:30:00,106.29,106.61,106.2,106.38,69959
1789547700,2026-09-16 17:35:00,106.39,106.45,105.94,105.94,74237
1789548000,2026-09-16 17:40:00,105.97,106.21,105.77,106.17,140834
1789548300,2026-09-16 17:45:00,106.16,106.24,106.02,106.08,63053
1789548600,2026-09-16 17:50:00,106.08,106.44,106.04,106.4,59483
1789548900,2026-09-16 17:55:00,106.38,106.57,106.28,106.57,56980
1789549200,2026-09-16 18:00:00,106.56,106.68,106.46,106.56,60002
1789549500,2026-09-16 18:05:00,106.57,106.65,106.35,106.51,52934
1789549800,2026-09-16 18:10:00,106.49,106.58,106.24,106.31,53072
1789550100,2026-09-16 18:15:00,106.31,106.33,106.05,106.05,49718
1789550400,2026-09-16 18:20:00,106.04,106.36,106.04,106.34,25778
1789550700,2026-09-16 18:25:00,106.33,106.9,106.3,106.59,91316
1789551000,2026-09-16 18:30:00,106.6,106.75,106.55,106.69,38867
1789551300,2026-09-16 18:35:00,106.7,106.8,106.65,106.75,50288
1789551600,2026-09-16 18:40:00,106.76,107.04,106.72,106.91,125756
1789551900,2026-09-16 18:45:00,106.93,106.93,106.71,106.87,71203
1789552200,2026-09-16 18:50:00,106.88,106.95,106.79,106.94,22037
1789552500,2026-09-16 18:55:00,106.94,107.07,106.89,106.89,22421
1789552800,2026-09-16 19:00:00,106.91,106.97,106.39,106.39,193705
1789553100,2026-09-16 19:05:00,106.39,106.68,106.31,106.68,88169
1789553400,2026-09-16 19:10:00,106.68,106.71,106.37,106.55,74218
1789553700,2026-09-16 19:15:00,106.55,106.57,106.31,106.46,58365
1789554000,2026-09-16 19:20:00,106.45,106.57,106.35,106.37,90335
1789554300,2026-09-16 19:25:00,106.38,106.52,106.35,106.44,83770
1789554600,2026-09-16 19:30:00,106.46,106.56,106.45,106.48,70859
1789554900,2026-09-16 19:35:00,106.48,106.65,106.47,106.65,28529
1789555200,2026-09-16 19:40:00,106.64,106.65,106.51,106.58,68836
1789555500,2026-09-16 19:45:00,106.58,106.59,106.46,106.5,67614
1789555800,2026-09-16 19:50:00,106.54,106.56,106.32,106.41,96240
1789556100,2026-09-16 19:55:00,106.4,106.78,106.37,106.78,50465
1789556400,2026-09-16 20:00:00,106.79,107.13,106.53,106.7,374073
1789556700,2026-09-16 20:05:00,106.69,106.71,106.3,106.5,249675
1789557000,2026-09-16 20:10:00,106.47,106.6,106.09,106.09,222270
1789557300,2026-09-16 20:15:00,106.11,106.3,105.93,106.3,271244
1789557600,2026-09-16 20:20:00,106.29,106.38,106.15,106.36,117839
1789557900,2026-09-16 20:25:00,106.37,106.72,106.33,106.59,108638
1789558200,2026-09-16 20:30:00,106.62,106.83,106.55,106.72,47191
1789558500,2026-09-16 20:35:00,106.72,106.9,106.61,106.86,49197
1789558800,2026-09-16 20:40:00,106.85,107.22,106.65,107.16,176257
1789559100,2026-09-16 20:45:00,107.21,107.33,107.11,107.12,143938
1789559400,2026-09-16 20:50:00,107.12,107.2,107,107.02,107245
1789559700,2026-09-16 20:55:00,107.04,107.07,106.81,107.07,72921
1789560000,2026-09-16 21:00:00,107.06,107.41,106.92,107.16,283937
1789560300,2026-09-16 21:05:00,107.17,107.4,107.02,107.4,149784
1789560600,2026-09-16 21:10:00,107.36,107.39,107.17,107.25,75353
1789560900,2026-09-16 21:15:00,107.25,107.53,107.19,107.53,77107
1789561200,2026-09-16 21:20:00,107.51,107.64,107.36,107.36,92604
1789561500,2026-09-16 21:25:00,107.44,107.55,107.32,107.45,146053
1789561800,2026-09-16 21:30:00,107.4,107.45,107.09,107.2,94475
1789562100,2026-09-16 21:35:00,107.19,107.28,106.43,106.77,252477
1789562400,2026-09-16 21:40:00,106.78,106.83,106.5,106.57,153044
1789562700,2026-09-16 21:45:00,106.55,106.99,106.44,106.98,153355
1789563000,2026-09-16 21:50:00,106.98,107.1,106.64,106.64,156116
1789563300,2026-09-16 21:55:00,106.6,107.06,106.58,106.98,67657
1789563600,2026-09-16 22:00:00,106.96,107.13,106.39,106.4,124566
1789563900,2026-09-16 22:05:00,106.4,106.72,106.37,106.71,122852
1789564200,2026-09-16 22:10:00,106.71,106.9,106.61,106.88,80368
1789564500,2026-09-16 22:15:00,106.89,106.91,106.71,106.8,134763
1789564800,2026-09-16 22:20:00,106.81,107.22,106.75,107.15,135577
1789565100,2026-09-16 22:25:00,107.17,107.52,107.12,107.51,288341
1789565400,2026-09-16 22:30:00,107.5,107.87,106.35,107.26,525560
1789565700,2026-09-16 22:35:00,107.2,107.72,106.65,107.14,338282
1789566000,2026-09-16 22:40:00,107.16,107.5,106.9,107.13,137930
1789566300,2026-09-16 22:45:00,107.13,108.42,107.13,108.26,279584
1789566600,2026-09-16 22:50:00,108.24,108.39,107.79,108.06,196224
1789566900,2026-09-16 22:55:00,108.05,108.8,108,108.75,217417
1789567200,2026-09-16 23:00:00,108.77,108.95,107.78,107.98,213113
1789567500,2026-09-16 23:05:00,107.95,108.51,107.51,108.11,207789
1789567800,2026-09-16 23:10:00,108.22,108.45,107.61,108.01,156536
1789568100,2026-09-16 23:15:00,108.08,108.54,107.94,108.34,70103
1789568400,2026-09-16 23:20:00,108.3,108.55,108.25,108.38,112377
1789568700,2026-09-16 23:25:00,108.41,108.43,108.02,108.27,66541
1789569000,2026-09-16 23:30:00,108.26,108.3,107.81,107.83,63652
1789569300,2026-09-16 23:35:00,107.83,107.87,107.39,107.68,232064
1789569600,2026-09-16 23:40:00,107.64,107.81,107.42,107.76,70753
1789569900,2026-09-16 23:45:00,107.75,107.88,107.42,107.59,47079
1789570200,2026-09-16 23:50:00,107.62,107.91,107.41,107.76,67418
1789570500,2026-09-16 23:55:00,107.76,108.27,107.58,108.22,147875
1789570800,2026-09-17 00:00:00,108.27,108.36,108.03,108.1,117682
1789571100,2026-09-17 00:05:00,108.06,108.7,107.89,108.45,229136
1789571400,2026-09-17 00:10:00,108.48,108.56,108.1,108.34,106200
1789571700,2026-09-17 00:15:00,108.36,108.36,107.81,107.98,74427
1789572000,2026-09-17 00:20:00,108.03,108.53,107.88,108.53,69640
1789572300,2026-09-17 00:25:00,108.52,108.95,108.44,108.53,167531
1789572600,2026-09-17 00:30:00,108.52,108.56,108.19,108.38,78464
1789572900,2026-09-17 00:35:00,108.34,108.49,108.23,108.24,41260
1789573200,2026-09-17 00:40:00,108.32,108.37,108.04,108.23,44443
1789573500,2026-09-17 00:45:00,108.28,109.34,108.19,108.86,453699
1789573800,2026-09-17 00:50:00,108.87,108.99,108.39,108.39,125737
1789574100,2026-09-17 00:55:00,108.43,108.49,108.2,108.2,114009
1789574400,2026-09-17 01:00:00,108.26,108.29,107.99,107.99,111970
1789574700,2026-09-17 01:05:00,108,108.3,107.98,108.13,113716
1789575000,2026-09-17 01:10:00,108.14,108.34,108.04,108.34,89426
1789575300,2026-09-17 01:15:00,108.3,108.48,108.29,108.44,100031
1789575600,2026-09-17 01:20:00,108.39,108.39,108.05,108.08,51358
1789575900,2026-09-17 01:25:00,108.05,108.3,108.05,108.21,80424
1789576200,2026-09-17 01:30:00,108.21,108.31,107.82,107.84,62534
1789576500,2026-09-17 01:35:00,107.84,108.01,107.75,107.85,146342
1789576800,2026-09-17 01:40:00,107.83,107.9,107.74,107.75,51915
1789577100,2026-09-17 01:45:00,107.76,108.22,107.76,108.05,26100
1789577400,2026-09-17 01:50:00,108.04,108.17,107.86,108.01,43392
1789577700,2026-09-17 01:55:00,107.99,108.04,107.9,107.92,27679
1789578000,2026-09-17 02:00:00,107.93,107.95,107.42,107.55,154740
1789578300,2026-09-17 02:05:00,107.53,107.59,107.44,107.59,67292
1789578600,2026-09-17 02:10:00,107.63,107.76,107.49,107.74,37904
1789578900,2026-09-17 02:15:00,107.71,107.79,107.53,107.55,19541
1789579200,2026-09-17 02:20:00,107.57,107.63,107.18,107.24,244219
1789579500,2026-09-17 02:25:00,107.23,107.36,107.16,107.29,70122
1789579800,2026-09-17 02:30:00,107.31,107.42,107.02,107.11,58679
1789580100,2026-09-17 02:35:00,107.1,107.23,107.01,107.01,81783
1789580400,2026-09-17 02:40:00,107.03,107.03,106.72,106.8,69738
1789580700,2026-09-17 02:45:00,106.82,107.16,106.8,107.08,70396
1789581000,2026-09-17 02:50:00,107.09,107.6,106.94,107.55,68570
1789581300,2026-09-17 02:55:00,107.55,108.34,107.54,108.33,97098
1789581600,2026-09-17 03:00:00,108.33,109.23,106.36,108.47,2016251
1789581900,2026-09-17 03:05:00,108.5,108.86,107.98,108,570558
1789582200,2026-09-17 03:10:00,107.99,108.21,107.43,107.65,266416
1789582500,2026-09-17 03:15:00,107.6,107.62,106.93,107.09,255356
1789582800,2026-09-17 03:20:00,107.07,107.42,106.81,106.95,132552
1789583100,2026-09-17 03:25:00,106.94,107.02,105.92,106.95,226271
1789583400,2026-09-17 03:30:00,106.92,107.24,105.74,106,586718
1789583700,2026-09-17 03:35:00,105.98,106.43,104.87,106.1,1036931
1789584000,2026-09-17 03:40:00,106.02,107.2,105.82,106.15,387487
1789584300,2026-09-17 03:45:00,106.15,106.72,105.05,105.19,544511
1789584600,2026-09-17 03:50:00,105.18,105.52,103.92,103.92,373242
1789584900,2026-09-17 03:55:00,103.97,104.42,102.86,103.39,468957
1789585200,2026-09-17 04:00:00,103.42,104.22,103.28,103.52,283107
1789585500,2026-09-17 04:05:00,103.54,103.54,101.77,102.23,515083
1789585800,2026-09-17 04:10:00,102.23,102.37,101.27,101.69,463164
1789586100,2026-09-17 04:15:00,101.76,102.27,101.44,101.83,278393
1789586400,2026-09-17 04:20:00,101.84,102.12,101.34,101.85,254978
1789586700,2026-09-17 04:25:00,101.86,102.54,101.26,102.49,297737
1789587000,2026-09-17 04:30:00,102.47,103.29,102.34,103.27,356967
1789587300,2026-09-17 04:35:00,103.29,103.34,102.6,103.28,146917
1789587600,2026-09-17 04:40:00,103.26,103.49,102.68,103.04,93714
1789587900,2026-09-17 04:45:00,103.07,103.92,103.01,103.59,209172
1789588200,2026-09-17 04:50:00,103.62,104.05,103.22,103.42,329018
1789588500,2026-09-17 04:55:00,103.44,104.34,103.23,104.2,370360
1789588800,2026-09-17 05:00:00,104.11,104.3,103.98,104.13,253429
1789589100,2026-09-17 05:05:00,104.14,104.31,103.95,104.04,117557
1789589400,2026-09-17 05:10:00,104.03,104.12,103.88,104.05,60189
1789589700,2026-09-17 05:15:00,104.06,104.22,103.99,104.11,72903
1789590000,2026-09-17 05:20:00,104.11,104.22,104.01,104.12,61575
1789590300,2026-09-17 05:25:00,104.1,104.12,103.92,104.04,114079
1789590600,2026-09-17 05:30:00,104.06,104.16,103.94,104.16,72695
1789590900,2026-09-17 05:35:00,104.14,104.28,104.02,104.25,56142
1789591200,2026-09-17 05:40:00,104.28,104.37,104.22,104.3,62604
1789591500,2026-09-17 05:45:00,104.32,104.43,104.25,104.41,64072
1789591800,2026-09-17 05:50:00,104.43,104.72,104.4,104.63,53594
1789592100,2026-09-17 05:55:00,104.67,104.68,104.5,104.56,91112
1789592400,2026-09-17 06:00:00,104.57,104.58,104.44,104.48,45759
1789592700,2026-09-17 06:05:00,104.48,104.54,104.37,104.48,36767
1789593000,2026-09-17 06:10:00,104.5,104.5,104.37,104.42,124309
1789593300,2026-09-17 06:15:00,104.42,104.42,104.31,104.35,59987
1789593600,2026-09-17 06:20:00,104.35,104.4,104.26,104.3,36980
1789593900,2026-09-17 06:25:00,104.3,104.34,104.26,104.29,84076
1789594200,2026-09-17 06:30:00,104.29,104.53,104.27,104.53,47126
1789594500,2026-09-17 06:35:00,104.54,104.68,104.53,104.67,86297
1789594800,2026-09-17 06:40:00,104.69,104.95,104.68,104.94,235238
1789595100,2026-09-17 06:45:00,104.94,105.05,104.85,104.9,71275
1789595400,2026-09-17 06:50:00,104.9,105.03,104.89,104.96,22886
1789595700,2026-09-17 06:55:00,104.96,105.03,104.91,104.92,23539
1789596000,2026-09-17 07:00:00,104.92,104.94,104.48,104.52,37691
1789596300,2026-09-17 07:05:00,104.57,104.9,104.57,104.9,30940
1789596600,2026-09-17 07:10:00,104.91,105.04,104.84,105.03,18098
1789596900,2026-09-17 07:15:00,105.04,105.29,105.01,105.17,122488
1789597200,2026-09-17 07:20:00,105.18,105.52,105.18,105.51,58397
1789597500,2026-09-17 07:25:00,105.51,105.88,105.48,105.65,61152
1789597800,2026-09-17 07:30:00,105.71,106.1,105.66,106.06,65993
1789598100,2026-09-17 07:35:00,106.02,106.26,106,106.26,89041
1789598400,2026-09-17 07:40:00,106.25,106.99,106.25,106.43,467629
1789598700,2026-09-17 07:45:00,106.45,106.62,106.23,106.25,88410
1789599000,2026-09-17 07:50:00,106.3,106.4,106.14,106.17,88075
1789599300,2026-09-17 07:55:00,106.18,106.36,106.08,106.2,63207
1789599600,2026-09-17 08:00:00,106.24,106.39,106.24,106.39,126796
1789599900,2026-09-17 08:05:00,106.39,106.61,106.28,106.58,101137
1789600200,2026-09-17 08:10:00,106.57,106.69,106.48,106.49,51103
1789600500,2026-09-17 08:15:00,106.53,106.95,106.53,106.8,113409
1789600800,2026-09-17 08:20:00,106.79,107,106.79,106.91,57771
1789601100,2026-09-17 08:25:00,106.89,107.23,106.88,107,139614
1789601400,2026-09-17 08:30:00,107.01,107.24,107.01,107.19,760475
1789601700,2026-09-17 08:35:00,107.19,107.19,106.91,107.06,241074
1789602000,2026-09-17 08:40:00,107.05,107.46,107.05,107.45,259047
1789602300,2026-09-17 08:45:00,107.46,107.96,107.42,107.92,131657
1789602600,2026-09-17 08:50:00,107.9,107.99,107.71,107.74,120314
1789602900,2026-09-17 08:55:00,107.74,107.86,107.62,107.68,98105
1789603200,2026-09-17 09:00:00,107.64,108.41,107.41,107.85,181650
1789603500,2026-09-17 09:05:00,107.84,107.93,107.54,107.6,107783
1789603800,2026-09-17 09:10:00,107.61,107.63,106.91,106.91,152173
1789604100,2026-09-17 09:15:00,106.91,107.46,106.82,107.41,96815
1789604400,2026-09-17 09:20:00,107.4,107.46,107.03,107.27,63230
1789604700,2026-09-17 09:25:00,107.25,107.49,107.14,107.19,53321
1789605000,2026-09-17 09:30:00,107.2,107.84,107.17,107.51,92657
1789605300,2026-09-17 09:35:00,107.6,107.86,107.55,107.75,63671
1789605600,2026-09-17 09:40:00,107.74,107.84,107.39,107.4,41777
1789605900,2026-09-17 09:45:00,107.36,107.38,107.03,107.29,33970
1789606200,2026-09-17 09:50:00,107.32,107.35,107.02,107.09,23942
1789606500,2026-09-17 09:55:00,107.12,107.45,107.05,107.17,22706
1789606800,2026-09-17 10:00:00,107.17,107.29,107.04,107.28,16064
1789607100,2026-09-17 10:05:00,107.31,107.63,107.26,107.3,22841
1789607400,2026-09-17 10:10:00,107.27,107.32,107,107.28,24651
1789607700,2026-09-17 10:15:00,107.27,107.33,107.03,107.09,42453
1789608000,2026-09-17 10:20:00,107.11,107.24,107.04,107.12,41728
1789608300,2026-09-17 10:25:00,107.11,107.39,107.04,107.34,33380
1789608600,2026-09-17 10:30:00,107.28,107.65,107.28,107.39,40359
1789608900,2026-09-17 10:35:00,107.43,107.69,107.3,107.3,45670
1789609200,2026-09-17 10:40:00,107.31,107.34,107.11,107.22,48754
1789609500,2026-09-17 10:45:00,107.23,107.26,107.05,107.15,43569
1789609800,2026-09-17 10:50:00,107.15,107.15,106.49,106.69,666571
1789610100,2026-09-17 10:55:00,106.69,106.7,106.41,106.64,541777
1789610400,2026-09-17 11:00:00,106.65,106.81,106.52,106.8,58058
1789610700,2026-09-17 11:05:00,106.81,106.83,106.17,106.17,54018
1789611000,2026-09-17 11:10:00,106.19,106.28,105.94,106.02,177058
1789611300,2026-09-17 11:15:00,106.03,106.24,105.88,106.18,70793
1789611600,2026-09-17 11:20:00,106.23,106.36,106.02,106.18,30947
1789611900,2026-09-17 11:25:00,106.22,106.29,105.96,106.03,44467
1789612200,2026-09-17 11:30:00,106.04,106.62,106.03,106.44,132186
1789612500,2026-09-17 11:35:00,106.48,106.88,106.44,106.73,96863
1789612800,2026-09-17 11:40:00,106.72,106.88,106.66,106.66,33381
1789613100,2026-09-17 11:45:00,106.61,106.68,106.47,106.57,39628
1789613400,2026-09-17 11:50:00,106.62,106.75,106.43,106.47,21667
1789613700,2026-09-17 11:55:00,106.45,106.53,106.17,106.27,29613
1789614000,2026-09-17 12:00:00,106.25,106.61,106.17,106.61,34607
1789614300,2026-09-17 12:05:00,106.63,106.72,106.55,106.62,32818
1789614600,2026-09-17 12:10:00,106.62,106.68,106.44,106.65,26227
1789614900,2026-09-17 12:15:00,106.64,106.66,106.42,106.49,31165
1789615200,2026-09-17 12:20:00,106.48,106.75,106.41,106.75,30547
1789615500,2026-09-17 12:25:00,106.75,106.79,106.66,106.77,16247
1789615800,2026-09-17 12:30:00,106.76,106.95,106.67,106.92,52284
1789616100,2026-09-17 12:35:00,106.91,107.13,106.88,107.13,72027
1789616400,2026-09-17 12:40:00,107.14,107.37,107.07,107.37,50568
1789616700,2026-09-17 12:45:00,107.39,107.43,107.05,107.3,60711
1789617000,2026-09-17 12:50:00,107.31,107.33,107.14,107.3,27129
1789617300,2026-09-17 12:55:00,107.32,107.49,107.32,107.37,31754
1789617600,2026-09-17 13:00:00,107.39,107.56,107.34,107.44,27081
1789617900,2026-09-17 13:05:00,107.45,107.45,107.24,107.24,21581
1789618200,2026-09-17 13:10:00,107.22,107.26,107.08,107.2,26345
1789618500,2026-09-17 13:15:00,107.19,107.31,107.17,107.19,22277
1789618800,2026-09-17 13:20:00,107.16,107.2,106.98,106.99,35011
1789619100,2026-09-17 13:25:00,107.01,107.05,106.83,106.9,30884
1789619400,2026-09-17 13:30:00,106.86,107.03,106.72,106.97,57989
1789619700,2026-09-17 13:35:00,106.99,107.3,106.97,107.25,52183
1789620000,2026-09-17 13:40:00,107.26,107.33,107.09,107.17,36533
1789620300,2026-09-17 13:45:00,107.13,107.49,107.13,107.29,20904
1789620600,2026-09-17 13:50:00,107.28,107.28,107.03,107.14,39999
1789620900,2026-09-17 13:55:00,107.14,107.33,107.11,107.29,48000
1789621200,2026-09-17 14:00:00,107.27,107.33,107.19,107.24,27578
1789621500,2026-09-17 14:05:00,107.23,107.23,107.07,107.16,11533
1789621800,2026-09-17 14:10:00,107.16,107.21,106.98,107.12,9800
1789622100,2026-09-17 14:15:00,107.11,107.12,106.89,106.89,26783
1789622400,2026-09-17 14:20:00,106.9,107.03,106.73,106.98,50481
1789622700,2026-09-17 14:25:00,106.95,107.19,106.95,106.97,44134
1789623000,2026-09-17 14:30:00,106.99,107.02,106.84,106.97,37186
1789623300,2026-09-17 14:35:00,106.98,106.98,106.54,106.7,86988
1789623600,2026-09-17 14:40:00,106.72,106.74,106.37,106.41,41376
1789623900,2026-09-17 14:45:00,106.43,106.62,106.42,106.53,33693
1789624200,2026-09-17 14:50:00,106.51,106.61,106.25,106.3,21199
1789624500,2026-09-17 14:55:00,106.3,106.33,106.14,106.15,30132
1789624800,2026-09-17 15:00:00,106.16,106.66,106.11,106.62,43816
1789625100,2026-09-17 15:05:00,106.6,106.76,106.41,106.54,42351
1789625400,2026-09-17 15:10:00,106.51,106.63,106.35,106.6,75503
1789625700,2026-09-17 15:15:00,106.61,106.61,106.34,106.49,34512
1789626000,2026-09-17 15:20:00,106.51,106.74,106.41,106.74,18764
1789626300,2026-09-17 15:25:00,106.74,107.02,106.68,107.02,44875
1789626600,2026-09-17 15:30:00,107.02,107.06,106.83,106.92,32468
1789626900,2026-09-17 15:35:00,106.9,107.07,106.81,106.84,22091
1789627200,2026-09-17 15:40:00,106.85,107.2,106.8,107.03,48436
1789627500,2026-09-17 15:45:00,107.04,107.07,106.94,106.94,36499
1789627800,2026-09-17 15:50:00,106.94,107.04,106.87,107.01,27956
1789628100,2026-09-17 15:55:00,106.99,107.22,106.93,107.13,61674
1789628400,2026-09-17 16:00:00,107.13,107.52,107,107.52,78782
1789628700,2026-09-17 16:05:00,107.52,107.96,107.48,107.93,120381
1789629000,2026-09-17 16:10:00,107.98,108.03,107.81,107.89,61721
1789629300,2026-09-17 16:15:00,107.89,108.14,107.8,108.01,138093
1789629600,2026-09-17 16:20:00,108.01,108.22,107.81,108.21,147389
1789629900,2026-09-17 16:25:00,108.16,108.45,108.1,108.29,81208
1789630200,2026-09-17 16:30:00,108.33,108.57,108.32,108.37,88455
1789630500,2026-09-17 16:35:00,108.37,108.37,108.05,108.29,50229
1789630800,2026-09-17 16:40:00,108.27,108.36,108.15,108.29,25802
1789631100,2026-09-17 16:45:00,108.23,108.24,108.02,108.02,35570
1789631400,2026-09-17 16:50:00,108,108.11,107.9,107.92,70118
1789631700,2026-09-17 16:55:00,107.95,107.96,107.82,107.91,47454
1789632000,2026-09-17 17:00:00,107.92,108.6,107.92,108.6,105035
1789632300,2026-09-17 17:05:00,108.6,108.77,108.43,108.69,96428
1789632600,2026-09-17 17:10:00,108.59,108.7,108.12,108.22,79052
1789632900,2026-09-17 17:15:00,108.21,108.4,107.93,108.01,35118
1789633200,2026-09-17 17:20:00,107.98,108.35,107.97,108.27,33046
1789633500,2026-09-17 17:25:00,108.26,108.78,108.26,108.72,62740
1789633800,2026-09-17 17:30:00,108.74,108.85,108.52,108.81,56277
1789634100,2026-09-17 17:35:00,108.83,109.16,108.82,109.16,223790
1789634400,2026-09-17 17:40:00,109.15,109.18,108.94,109.11,258114
1789634700,2026-09-17 17:45:00,109.11,109.46,109.07,109.38,161425
1789635000,2026-09-17 17:50:00,109.38,109.73,109.25,109.56,316363
1789635300,2026-09-17 17:55:00,109.6,109.69,109.52,109.6,113957
1789635600,2026-09-17 18:00:00,109.6,110.09,109.6,109.75,329511
1789635900,2026-09-17 18:05:00,109.75,110.08,109.75,110,97901
1789636200,2026-09-17 18:10:00,110.01,110.32,109.78,109.84,179443
1789636500,2026-09-17 18:15:00,109.84,109.94,109.67,109.73,44370
1789636800,2026-09-17 18:20:00,109.71,109.91,109.69,109.8,60317
1789637100,2026-09-17 18:25:00,109.79,109.89,109.71,109.77,88196
1789637400,2026-09-17 18:30:00,109.76,110.11,109.68,110.01,87528
1789637700,2026-09-17 18:35:00,110.01,110.1,109.91,109.91,70720
1789638000,2026-09-17 18:40:00,109.9,110.04,109.87,109.98,59756
1789638300,2026-09-17 18:45:00,109.95,110,109.66,109.73,88972
1789638600,2026-09-17 18:50:00,109.73,110.05,109.73,110.04,45919
1789638900,2026-09-17 18:55:00,110.02,110.23,109.82,109.87,46708
1789639200,2026-09-17 19:00:00,109.88,110.1,109.86,110.03,25410
1789639500,2026-09-17 19:05:00,110.03,110.22,109.99,110.15,99605
1789639800,2026-09-17 19:10:00,110.14,110.44,110.1,110.25,126198
1789640100,2026-09-17 19:15:00,110.27,110.39,110.17,110.21,136310
1789640400,2026-09-17 19:20:00,110.23,110.67,110.2,110.67,56062
1789640700,2026-09-17 19:25:00,110.66,110.72,110.5,110.56,69285
1789641000,2026-09-17 19:30:00,110.58,110.78,110.3,110.34,197344
1789641300,2026-09-17 19:35:00,110.33,110.52,110.31,110.41,141030
1789641600,2026-09-17 19:40:00,110.4,110.44,110.1,110.14,72905
1789641900,2026-09-17 19:45:00,110.14,110.26,110.1,110.14,70312
1789642200,2026-09-17 19:50:00,110.14,110.34,110.11,110.22,74203
1789642500,2026-09-17 19:55:00,110.23,110.46,110.2,110.43,57724
1789642800,2026-09-17 20:00:00,110.44,111.16,110.42,110.97,171249
1789643100,2026-09-17 20:05:00,111.01,111.05,110.68,110.76,89014
1789643400,2026-09-17 20:10:00,110.75,110.94,110.53,110.9,69374
1789643700,2026-09-17 20:15:00,110.92,110.96,110.36,110.49,66186
1789644000,2026-09-17 20:20:00,110.47,110.64,110.39,110.41,74414
1789644300,2026-09-17 20:25:00,110.39,110.77,110.33,110.69,106539
1789644600,2026-09-17 20:30:00,110.68,110.91,110.65,110.79,40470
1789644900,2026-09-17 20:35:00,110.77,110.88,110.65,110.87,27681
1789645200,2026-09-17 20:40:00,110.88,110.88,110.55,110.55,38958
1789645500,2026-09-17 20:45:00,110.56,110.7,110.52,110.58,22452
1789645800,2026-09-17 20:50:00,110.57,110.92,110.45,110.84,53987
1789646100,2026-09-17 20:55:00,110.84,111.52,110.71,111.5,348102
1789646400,2026-09-17 21:00:00,111.45,111.52,111.01,111.43,298138
1789646700,2026-09-17 21:05:00,111.43,112.29,111.35,112.29,291971
1789647000,2026-09-17 21:10:00,112.3,112.59,112.24,112.5,335434
1789647300,2026-09-17 21:15:00,112.53,112.72,112.39,112.72,157957
1789647600,2026-09-17 21:20:00,112.74,112.8,112.54,112.7,107437
1789647900,2026-09-17 21:25:00,112.7,113.44,112.59,113.4,200310
1789648200,2026-09-17 21:30:00,113.4,114.32,113.2,113.99,560076
1789648500,2026-09-17 21:35:00,114,114.1,113.59,113.98,289568
1789648800,2026-09-17 21:40:00,113.98,114.04,113.47,113.52,141911
1789649100,2026-09-17 21:45:00,113.57,113.65,113.42,113.48,147998
1789649400,2026-09-17 21:50:00,113.47,113.79,113.43,113.73,77365
1789649700,2026-09-17 21:55:00,113.72,113.99,113.58,113.81,71323
1789650000,2026-09-17 22:00:00,113.74,114.49,113.69,114.3,508933
1789650300,2026-09-17 22:05:00,114.3,114.6,114.2,114.45,284772
1789650600,2026-09-17 22:10:00,114.44,114.77,114.32,114.7,241850
1789650900,2026-09-17 22:15:00,114.71,114.79,114.42,114.45,184723
1789651200,2026-09-17 22:20:00,114.42,114.51,114.05,114.1,174339
1789651500,2026-09-17 22:25:00,114.2,114.39,113.37,113.53,474838
1789651800,2026-09-17 22:30:00,113.53,114.36,112.97,113.45,663491
1789652100,2026-09-17 22:35:00,113.43,114.06,112.15,112.3,710332
1789652400,2026-09-17 22:40:00,112.27,113.88,112.18,113.73,647462
1789652700,2026-09-17 22:45:00,113.75,114.56,113.44,114.24,551001
1789653000,2026-09-17 22:50:00,114.25,115.56,114.18,115.03,616104
1789653300,2026-09-17 22:55:00,115.02,115.25,114.39,115.06,528427
1789653600,2026-09-17 23:00:00,115.07,115.2,113.94,114.27,347381
1789653900,2026-09-17 23:05:00,114.26,114.54,113.61,113.97,319053
1789654200,2026-09-17 23:10:00,113.97,114.95,113.87,114.85,236715
1789654500,2026-09-17 23:15:00,114.85,115.19,114.42,114.67,289443
1789654800,2026-09-17 23:20:00,114.65,114.69,114.15,114.18,96367
1789655100,2026-09-17 23:25:00,114.2,114.36,113.88,113.99,169098
1789655400,2026-09-17 23:30:00,114.05,114.45,113.59,114.35,373113
1789655700,2026-09-17 23:35:00,114.34,114.46,114.09,114.21,86252
1789656000,2026-09-17 23:40:00,114.22,114.5,114.03,114.19,61589
1789656300,2026-09-17 23:45:00,114.19,114.28,113.85,114.02,50068
1789656600,2026-09-17 23:50:00,114.01,114.14,113.46,113.75,545457
1789656900,2026-09-17 23:55:00,113.72,114.23,113.6,113.98,855161
1789657200,2026-09-18 00:00:00,113.99,114.3,113.66,114.11,68733
1789657500,2026-09-18 00:05:00,114.13,114.63,113.96,114.41,369873
1789657800,2026-09-18 00:10:00,114.41,114.43,113.97,114.16,97864
1789658100,2026-09-18 00:15:00,114.17,114.24,113.95,113.96,65534
1789658400,2026-09-18 00:20:00,113.96,114.14,113.83,114.08,65515
1789658700,2026-09-18 00:25:00,114.09,114.29,114,114.16,21934
1789659000,2026-09-18 00:30:00,114.18,114.3,113.99,114.01,61884
1789659300,2026-09-18 00:35:00,114.06,114.19,114.02,114.1,18691
1789659600,2026-09-18 00:40:00,114.11,114.49,114.11,114.27,466220
1789659900,2026-09-18 00:45:00,114.25,114.46,114.21,114.41,39947
1789660200,2026-09-18 00:50:00,114.47,114.48,114.07,114.15,44132
1789660500,2026-09-18 00:55:00,114.14,114.39,114.14,114.35,29657
1789660800,2026-09-18 01:00:00,114.39,114.56,114.33,114.42,30547
1789661100,2026-09-18 01:05:00,114.43,114.71,114.36,114.71,48009
1789661400,2026-09-18 01:10:00,114.7,114.91,114.66,114.91,59595
1789661700,2026-09-18 01:15:00,114.88,114.96,114.7,114.94,38610
1789662000,2026-09-18 01:20:00,114.95,115.06,114.76,114.99,79647
1789662300,2026-09-18 01:25:00,114.97,115.04,114.79,115.04,79732
1789662600,2026-09-18 01:30:00,115.03,115.14,114.73,114.78,81589
1789662900,2026-09-18 01:35:00,114.8,114.92,114.65,114.76,112081
1789663200,2026-09-18 01:40:00,114.78,115.11,114.73,115.05,103176
1789663500,2026-09-18 01:45:00,115.03,115.19,114.92,115.07,45907
1789663800,2026-09-18 01:50:00,115.04,115.2,114.99,115.14,47354
1789664100,2026-09-18 01:55:00,115.14,115.17,114.62,115.12,372052
1789664400,2026-09-18 02:00:00,115.07,115.44,115.07,115.25,91120
1789664700,2026-09-18 02:05:00,115.26,115.55,115.26,115.39,42986
1789665000,2026-09-18 02:10:00,115.38,115.41,115.1,115.1,29730
1789665300,2026-09-18 02:15:00,115.14,115.43,115.12,115.38,49831
1789665600,2026-09-18 02:20:00,115.37,115.43,115.23,115.28,44180
1789665900,2026-09-18 02:25:00,115.31,115.44,115.25,115.29,19194
1789666200,2026-09-18 02:30:00,115.31,115.31,115.13,115.18,35850
1789666500,2026-09-18 02:35:00,115.18,115.31,115.05,115.05,23394
1789666800,2026-09-18 02:40:00,115.09,115.36,115.05,115.36,31200
1789667100,2026-09-18 02:45:00,115.35,115.44,115.26,115.3,27508
1789667400,2026-09-18 02:50:00,115.3,115.34,115.18,115.2,17261
1789667700,2026-09-18 02:55:00,115.2,115.32,115.16,115.3,15919
1789668000,2026-09-18 03:00:00,115.31,115.39,115.18,115.33,15747
1789668300,2026-09-18 03:05:00,115.31,115.38,115.1,115.12,17259
1789668600,2026-09-18 03:10:00,115.14,115.39,115.11,115.32,16208
1789668900,2026-09-18 03:15:00,115.32,115.38,115.22,115.35,10066
1789669200,2026-09-18 03:20:00,115.33,115.36,115.05,115.14,6042
1789669500,2026-09-18 03:25:00,115.16,115.28,115.13,115.21,15798
1789669800,2026-09-18 03:30:00,115.2,115.4,115.18,115.18,11399
1789670100,2026-09-18 03:35:00,115.21,115.23,114.98,115.01,18929
1789670400,2026-09-18 03:40:00,115.02,115.09,114.94,115.04,27724
1789670700,2026-09-18 03:45:00,115.08,115.16,114.98,114.98,22963
1789671000,2026-09-18 03:50:00,114.98,115.02,114.79,114.85,17644
1789671300,2026-09-18 03:55:00,114.85,115.05,114.82,114.95,17236
1789671600,2026-09-18 04:00:00,115.03,115.09,114.87,114.95,24469
1789671900,2026-09-18 04:05:00,114.94,115.2,114.84,115.06,22092
1789672200,2026-09-18 04:10:00,115.05,115.13,114.95,114.96,33379
1789672500,2026-09-18 04:15:00,114.96,115.17,114.96,115.07,8105
1789672800,2026-09-18 04:20:00,115.05,115.14,114.82,114.83,30643
1789673100,2026-09-18 04:25:00,114.84,114.95,114.7,114.72,25003
1789673400,2026-09-18 04:30:00,114.75,115.37,114.75,115.21,75744
1789673700,2026-09-18 04:35:00,115.22,115.44,115.22,115.43,40849
1789674000,2026-09-18 04:40:00,115.41,115.48,114.92,115.14,42694
1789674300,2026-09-18 04:45:00,115.15,115.2,114.99,115.12,56191
1789674600,2026-09-18 04:50:00,115.14,115.37,114.89,114.94,72249
1789674900,2026-09-18 04:55:00,114.88,115.31,114.77,114.91,61217
1789675200,2026-09-18 05:00:00,114.91,115.02,114.53,114.74,199893
1789675500,2026-09-18 05:05:00,114.73,114.84,114.68,114.75,39990
1789675800,2026-09-18 05:10:00,114.8,114.81,114.48,114.53,43403
1789676100,2026-09-18 05:15:00,114.5,114.67,114.5,114.61,52044
1789676400,2026-09-18 05:20:00,114.59,114.62,114.51,114.52,21911
1789676700,2026-09-18 05:25:00,114.54,114.6,114.46,114.58,14049
1789677000,2026-09-18 05:30:00,114.56,114.7,114.56,114.68,23507
1789677300,2026-09-18 05:35:00,114.68,114.84,114.67,114.84,18968
1789677600,2026-09-18 05:40:00,114.85,114.87,114.78,114.79,11395
1789677900,2026-09-18 05:45:00,114.81,114.83,114.72,114.73,8787
1789678200,2026-09-18 05:50:00,114.74,114.79,114.64,114.77,15811
1789678500,2026-09-18 05:55:00,114.77,114.87,114.74,114.8,24861
1789678800,2026-09-18 06:00:00,114.82,115,114.82,114.98,35292
1789679100,2026-09-18 06:05:00,114.99,115.07,114.98,115.03,19012
1789679400,2026-09-18 06:10:00,115.03,115.2,115.03,115.2,21025
1789679700,2026-09-18 06:15:00,115.2,115.23,115.15,115.2,13218
1789680000,2026-09-18 06:20:00,115.2,115.28,115.15,115.27,10979
1789680300,2026-09-18 06:25:00,115.27,115.31,115.13,115.2,23400
1789680600,2026-09-18 06:30:00,115.19,115.23,115.1,115.1,49274
1789680900,2026-09-18 06:35:00,115.09,115.21,115.07,115.14,42957
1789681200,2026-09-18 06:40:00,115.15,115.25,115.02,115.03,23633
1789681500,2026-09-18 06:45:00,115.03,115.08,115.03,115.08,8897
1789681800,2026-09-18 06:50:00,115.08,115.15,115.03,115.12,3846
1789682100,2026-09-18 06:55:00,115.1,115.22,115.09,115.14,10487
1789682400,2026-09-18 07:00:00,115.12,115.12,114.78,114.8,68037
1789682700,2026-09-18 07:05:00,114.82,114.88,114.57,114.66,38843
1789683000,2026-09-18 07:10:00,114.65,114.76,114.63,114.74,17550
1789683300,2026-09-18 07:15:00,114.75,114.75,114.43,114.48,25575
1789683600,2026-09-18 07:20:00,114.48,114.53,114.25,114.26,79332
1789683900,2026-09-18 07:25:00,114.26,114.3,114.03,114.07,80303
1789684200,2026-09-18 07:30:00,114.09,114.22,114.03,114.09,30748
1789684500,2026-09-18 07:35:00,114.09,114.24,114.05,114.12,40964
1789684800,2026-09-18 07:40:00,114.1,114.14,114.01,114.04,45250
1789685100,2026-09-18 07:45:00,114.03,114.16,114.03,114.11,85162
1789685400,2026-09-18 07:50:00,114.11,114.19,114.05,114.09,60193
1789685700,2026-09-18 07:55:00,114.09,114.39,114.09,114.39,27362
1789686000,2026-09-18 08:00:00,114.39,114.5,114.32,114.42,60036
1789686300,2026-09-18 08:05:00,114.42,114.53,114.41,114.5,26708
1789686600,2026-09-18 08:10:00,114.47,114.59,114.27,114.28,32784
1789686900,2026-09-18 08:15:00,114.26,114.39,114.18,114.37,18528
1789687200,2026-09-18 08:20:00,114.35,114.46,114.33,114.36,31240
1789687500,2026-09-18 08:25:00,114.34,114.35,114.21,114.21,55243
1789687800,2026-09-18 08:30:00,114.22,114.42,114.2,114.42,24549
1789688100,2026-09-18 08:35:00,114.42,114.45,114.35,114.43,8305
1789688400,2026-09-18 08:40:00,114.4,114.55,114.35,114.41,12263
1789688700,2026-09-18 08:45:00,114.38,114.44,114.18,114.44,40999
1789689000,2026-09-18 08:50:00,114.4,114.62,114.4,114.61,22116
1789689300,2026-09-18 08:55:00,114.6,114.65,114.42,114.48,27970
1789689600,2026-09-18 09:00:00,114.43,114.44,113.77,113.83,213479
1789689900,2026-09-18 09:05:00,113.78,114.01,113.56,113.74,112252
1789690200,2026-09-18 09:10:00,113.77,113.91,113.5,113.9,145724
1789690500,2026-09-18 09:15:00,113.91,113.91,113.65,113.77,35128
1789690800,2026-09-18 09:20:00,113.79,113.94,113.66,113.85,15349
1789691100,2026-09-18 09:25:00,113.84,114.07,113.43,113.54,25456
1789691400,2026-09-18 09:30:00,113.58,113.73,113.58,113.68,37503
1789691700,2026-09-18 09:35:00,113.69,113.71,113.16,113.16,78949
1789692000,2026-09-18 09:40:00,113.16,113.16,112.86,113.1,273445
1789692300,2026-09-18 09:45:00,113.1,113.14,112.84,112.84,114697
1789692600,2026-09-18 09:50:00,112.87,113.04,112.79,113.01,121641
1789692900,2026-09-18 09:55:00,113.01,113.06,112.8,112.84,73514
1789693200,2026-09-18 10:00:00,112.88,113.17,112.59,112.64,127256
1789693500,2026-09-18 10:05:00,112.66,113.12,112.64,112.88,45512
1789693800,2026-09-18 10:10:00,112.89,113.02,112.7,112.77,34902
1789694100,2026-09-18 10:15:00,112.75,112.75,112.38,112.61,97087
1789694400,2026-09-18 10:20:00,112.66,112.74,112.49,112.62,42089
1789694700,2026-09-18 10:25:00,112.64,112.75,112.38,112.67,26067
1789695000,2026-09-18 10:30:00,112.67,112.78,112.5,112.74,58818
1789695300,2026-09-18 10:35:00,112.73,112.95,112.66,112.79,92838
1789695600,2026-09-18 10:40:00,112.78,113.19,112.76,112.85,80526
1789695900,2026-09-18 10:45:00,112.88,113.2,112.87,113.13,32424
1789696200,2026-09-18 10:50:00,113.12,113.19,112.94,113.14,39308
1789696500,2026-09-18 10:55:00,113.14,113.21,112.97,113.07,170206
1789696800,2026-09-18 11:00:00,113.09,113.19,113,113.02,49413
1789697100,2026-09-18 11:05:00,113,113.05,112.79,112.85,20579
1789697400,2026-09-18 11:10:00,112.87,112.91,112.7,112.9,29666
1789697700,2026-09-18 11:15:00,112.92,113.06,112.87,113.03,21096
1789698000,2026-09-18 11:20:00,113.03,113.22,112.99,113.12,9673
1789698300,2026-09-18 11:25:00,113.14,113.14,112.99,113.08,16315
1789698600,2026-09-18 11:30:00,113.11,113.25,113.06,113.25,39459
1789698900,2026-09-18 11:35:00,113.22,113.27,113.03,113.1,48210
1789699200,2026-09-18 11:40:00,113.12,113.46,113.11,113.4,160488
1789699500,2026-09-18 11:45:00,113.38,113.55,113.3,113.44,166171
1789699800,2026-09-18 11:50:00,113.45,113.54,113.3,113.35,58600
1789700100,2026-09-18 11:55:00,113.4,113.63,113.19,113.34,30461
1789700400,2026-09-18 12:00:00,113.36,113.65,113.26,113.65,47923
1789700700,2026-09-18 12:05:00,113.65,114.37,113.62,114.22,114563
1789701000,2026-09-18 12:10:00,114.26,114.79,114.24,114.75,147844
1789701300,2026-09-18 12:15:00,114.74,114.77,114.25,114.51,79634
1789701600,2026-09-18 12:20:00,114.54,114.83,114.51,114.65,109709
1789701900,2026-09-18 12:25:00,114.67,114.81,114.6,114.62,48012
1789702200,2026-09-18 12:30:00,114.62,114.71,114.44,114.62,68147
1789702500,2026-09-18 12:35:00,114.65,115.08,114.65,114.96,217264
1789702800,2026-09-18 12:40:00,114.94,115.11,114.93,114.98,42822
1789703100,2026-09-18 12:45:00,115.01,115.42,115.01,115.37,73905
1789703400,2026-09-18 12:50:00,115.33,115.41,115.06,115.11,102409
1789703700,2026-09-18 12:55:00,115.12,115.22,114.95,115.08,55893
1789704000,2026-09-18 13:00:00,115.09,115.27,115.07,115.14,67666
1789704300,2026-09-18 13:05:00,115.19,115.22,114.92,114.93,46170
1789704600,2026-09-18 13:10:00,114.93,115.18,114.93,115.13,30809
1789704900,2026-09-18 13:15:00,115.12,115.24,115.06,115.13,24501
1789705200,2026-09-18 13:20:00,115.15,115.18,115.04,115.06,7743
1789705500,2026-09-18 13:25:00,115.05,115.34,114.96,115.3,10480
1789705800,2026-09-18 13:30:00,115.34,115.64,115.34,115.39,77808
1789706100,2026-09-18 13:35:00,115.38,115.45,115.21,115.22,138588
1789706400,2026-09-18 13:40:00,115.25,115.71,115.15,115.56,101899
1789706700,2026-09-18 13:45:00,115.57,115.61,115.38,115.61,44225
1789707000,2026-09-18 13:50:00,115.61,116.1,115.59,116.01,61039
1789707300,2026-09-18 13:55:00,116.01,116.17,115.9,116.07,50261
1789707600,2026-09-18 14:00:00,116.06,116.2,115.87,116.15,80967
1789707900,2026-09-18 14:05:00,116.14,116.21,115.87,115.96,81485
1789708200,2026-09-18 14:10:00,115.97,116.22,115.91,116.05,42766
1789708500,2026-09-18 14:15:00,116.06,116.12,115.98,116.06,84129
1789708800,2026-09-18 14:20:00,116.06,116.17,115.96,116.14,121552
1789709100,2026-09-18 14:25:00,116.14,116.19,115.72,115.76,46086
1789709400,2026-09-18 14:30:00,115.78,116.02,115.69,115.89,70685
1789709700,2026-09-18 14:35:00,115.91,116.43,115.8,116.37,45276
1789710000,2026-09-18 14:40:00,116.38,116.6,116.22,116.6,51405
1789710300,2026-09-18 14:45:00,116.58,116.68,116.32,116.32,61700
1789710600,2026-09-18 14:50:00,116.3,116.56,116.27,116.36,42937
1789710900,2026-09-18 14:55:00,116.37,116.46,116.2,116.43,27338
1789711200,2026-09-18 15:00:00,116.43,116.9,116.43,116.87,38439
1789711500,2026-09-18 15:05:00,116.89,117.21,116.88,117.18,236606
1789711800,2026-09-18 15:10:00,117.17,117.69,117.1,117.69,80414
1789712100,2026-09-18 15:15:00,117.71,117.78,117.27,117.59,103082
1789712400,2026-09-18 15:20:00,117.58,117.96,117.58,117.83,57799
1789712700,2026-09-18 15:25:00,117.85,118.04,117.67,117.68,97897
1789713000,2026-09-18 15:30:00,117.7,118.43,117.69,118.26,104518
1789713300,2026-09-18 15:35:00,118.26,118.59,118.16,118.54,62290
1789713600,2026-09-18 15:40:00,118.52,118.64,118.01,118.09,66908
1789713900,2026-09-18 15:45:00,118.13,118.21,117.85,118.21,76359
1789714200,2026-09-18 15:50:00,118.21,118.48,118.2,118.34,108185
1789714500,2026-09-18 15:55:00,118.36,118.78,118.35,118.58,125316
1789714800,2026-09-18 16:00:00,118.6,118.99,118.53,118.84,193717
1789715100,2026-09-18 16:05:00,118.81,119.07,118.74,119.04,160170
1789715400,2026-09-18 16:10:00,119.04,119.18,118.82,118.83,215896
1789715700,2026-09-18 16:15:00,118.81,119.07,118.61,118.96,132123
1789716000,2026-09-18 16:20:00,118.97,119.29,118.84,119.25,109879
1789716300,2026-09-18 16:25:00,119.28,119.74,119.22,119.55,110462
1789716600,2026-09-18 16:30:00,119.57,119.67,119.31,119.62,117410
1789716900,2026-09-18 16:35:00,119.6,119.96,119.6,119.86,129770
1789717200,2026-09-18 16:40:00,119.88,119.89,119.32,119.6,83263
1789717500,2026-09-18 16:45:00,119.6,119.65,119.27,119.51,63010
1789717800,2026-09-18 16:50:00,119.54,119.54,119.26,119.44,51423
1789718100,2026-09-18 16:55:00,119.39,119.44,118.75,118.95,119409
1789718400,2026-09-18 17:00:00,118.9,119.77,118.83,119.37,132758
1789718700,2026-09-18 17:05:00,119.38,119.49,118.52,118.59,106223
1789719000,2026-09-18 17:10:00,118.61,118.9,118.4,118.69,164425
1789719300,2026-09-18 17:15:00,118.7,119.23,118.63,119.13,101953
1789719600,2026-09-18 17:20:00,119.14,119.36,118.99,119.11,107335
1789719900,2026-09-18 17:25:00,119.11,119.24,118.6,118.6,79096
1789720200,2026-09-18 17:30:00,118.59,119.03,118.48,119.02,119399
1789720500,2026-09-18 17:35:00,119.04,119.05,118.77,118.78,95342
1789720800,2026-09-18 17:40:00,118.83,118.87,118.7,118.82,54714
1789721100,2026-09-18 17:45:00,118.79,118.95,118.75,118.84,56815
1789721400,2026-09-18 17:50:00,118.85,118.94,118.51,118.51,39912
1789721700,2026-09-18 17:55:00,118.52,118.59,118.3,118.3,52320
1789722000,2026-09-18 18:00:00,118.32,118.33,117.92,118.14,97848
1789722300,2026-09-18 18:05:00,118.14,118.44,118.06,118.37,92082
1789722600,2026-09-18 18:10:00,118.37,118.52,118.23,118.26,63600
1789722900,2026-09-18 18:15:00,118.25,118.64,118.16,118.63,71713
1789723200,2026-09-18 18:20:00,118.62,118.78,118.54,118.58,68317
1789723500,2026-09-18 18:25:00,118.6,118.64,118.1,118.25,82703
1789723800,2026-09-18 18:30:00,118.26,118.32,118.05,118.14,64732
1789724100,2026-09-18 18:35:00,118.13,118.34,117.68,117.77,75679
1789724400,2026-09-18 18:40:00,117.77,117.88,117.39,117.43,101964
1789724700,2026-09-18 18:45:00,117.42,117.81,117.4,117.68,79111
1789725000,2026-09-18 18:50:00,117.67,117.93,117.61,117.87,38361
1789725300,2026-09-18 18:55:00,117.84,117.95,117.58,117.62,65812
1789725600,2026-09-18 19:00:00,117.72,118.08,117.62,118.07,60242
1789725900,2026-09-18 19:05:00,118.04,118.22,117.97,118.11,60793
1789726200,2026-09-18 19:10:00,118.13,118.24,117.95,118.18,43161
1789726500,2026-09-18 19:15:00,118.19,118.53,118.17,118.44,43929
1789726800,2026-09-18 19:20:00,118.45,118.6,118.45,118.55,35767
1789727100,2026-09-18 19:25:00,118.52,118.87,118.43,118.81,170658
1789727400,2026-09-18 19:30:00,118.82,118.97,118.65,118.67,120279
1789727700,2026-09-18 19:35:00,118.69,118.9,118.65,118.82,163204
1789728000,2026-09-18 19:40:00,118.82,118.87,118.57,118.61,113174
1789728300,2026-09-18 19:45:00,118.61,118.66,118.31,118.33,73455
1789728600,2026-09-18 19:50:00,118.36,118.39,118.19,118.22,60735
1789728900,2026-09-18 19:55:00,118.28,118.28,118.08,118.16,121068
1789729200,2026-09-18 20:00:00,118.17,118.59,117.78,118.59,133586
1789729500,2026-09-18 20:05:00,118.54,118.54,117.39,117.73,294876
1789729800,2026-09-18 20:10:00,117.76,117.97,117.04,117.35,77639
1789730100,2026-09-18 20:15:00,117.31,117.39,116.67,116.88,507761
1789730400,2026-09-18 20:20:00,116.89,117.06,116.69,116.73,104888
1789730700,2026-09-18 20:25:00,116.72,116.83,116.32,116.32,140402
1789731000,2026-09-18 20:30:00,116.31,117.07,116.29,116.9,138265
1789731300,2026-09-18 20:35:00,116.9,117.05,116.62,116.65,95618
1789731600,2026-09-18 20:40:00,116.6,116.64,116.12,116.27,203172
1789731900,2026-09-18 20:45:00,116.22,116.55,116.18,116.43,174632
1789732200,2026-09-18 20:50:00,116.44,116.65,116.37,116.62,132637
1789732500,2026-09-18 20:55:00,116.64,116.71,116.44,116.64,80559
1789732800,2026-09-18 21:00:00,116.71,116.72,115.89,116.35,155395
1789733100,2026-09-18 21:05:00,116.38,116.69,115.65,115.75,328219
1789733400,2026-09-18 21:10:00,115.78,115.82,115.56,115.67,128749
1789733700,2026-09-18 21:15:00,115.66,115.91,115.52,115.62,239057
1789734000,2026-09-18 21:20:00,115.61,115.96,115.4,115.51,143920
1789734300,2026-09-18 21:25:00,115.56,115.88,115.49,115.62,168593
1789734600,2026-09-18 21:30:00,115.66,116.05,115.59,115.87,86631
1789734900,2026-09-18 21:35:00,115.85,115.92,115.42,115.66,84598
1789735200,2026-09-18 21:40:00,115.67,115.73,115.45,115.48,132921
1789735500,2026-09-18 21:45:00,115.47,115.66,115.46,115.57,103408
1789735800,2026-09-18 21:50:00,115.52,115.8,115.52,115.64,99078
1789736100,2026-09-18 21:55:00,115.6,115.68,115.26,115.32,113636
1789736400,2026-09-18 22:00:00,115.31,115.56,115.09,115.35,172662
1789736700,2026-09-18 22:05:00,115.37,115.78,115.37,115.74,46336
1789737000,2026-09-18 22:10:00,115.74,115.96,115.68,115.7,91244
1789737300,2026-09-18 22:15:00,115.73,116,115.65,116,151332
1789737600,2026-09-18 22:20:00,115.98,116.16,115.81,115.81,141660
1789737900,2026-09-18 22:25:00,115.8,117.11,115.03,116.97,394271
1789738200,2026-09-18 22:30:00,117.06,118.25,116.84,117.59,683872
1789738500,2026-09-18 22:35:00,117.61,118.81,117.46,118.68,509208
1789738800,2026-09-18 22:40:00,118.68,119.46,118.05,119.07,520156
1789739100,2026-09-18 22:45:00,119.13,119.71,118.49,118.77,503355
1789739400,2026-09-18 22:50:00,118.66,118.88,118.29,118.63,213948
1789739700,2026-09-18 22:55:00,118.6,118.63,117.97,118.52,229473
1789740000,2026-09-18 23:00:00,118.51,118.68,117.48,117.59,411880
1789740300,2026-09-18 23:05:00,117.59,118.39,117.23,118.39,315623
1789740600,2026-09-18 23:10:00,118.39,119.07,118.33,118.91,223252
1789740900,2026-09-18 23:15:00,118.89,118.94,118.38,118.76,136930
1789741200,2026-09-18 23:20:00,118.79,119.13,118.54,119.01,66133
1789741500,2026-09-18 23:25:00,118.98,118.98,118.63,118.68,57070
1789741800,2026-09-18 23:30:00,118.73,118.96,118.51,118.62,60601
1789742100,2026-09-18 23:35:00,118.64,118.87,118.24,118.55,76407
1789742400,2026-09-18 23:40:00,118.54,118.56,117.87,117.97,148215
1789742700,2026-09-18 23:45:00,117.98,118.49,117.86,118.42,96920
1789743000,2026-09-18 23:50:00,118.43,118.73,118.32,118.47,101162
1789743300,2026-09-18 23:55:00,118.5,118.61,118.2,118.39,45974
1789743600,2026-09-19 00:00:00,118.44,118.58,118.08,118.14,83382
1789743900,2026-09-19 00:05:00,118.11,118.5,118.11,118.32,48393
1789744200,2026-09-19 00:10:00,118.32,118.32,117.92,118.25,43265
1789744500,2026-09-19 00:15:00,118.21,118.37,118.1,118.31,45314
1789744800,2026-09-19 00:20:00,118.31,118.46,118.09,118.33,32236
1789745100,2026-09-19 00:25:00,118.37,118.79,118.33,118.73,45784
1789745400,2026-09-19 00:30:00,118.68,118.82,118.36,118.59,104056
1789745700,2026-09-19 00:35:00,118.62,118.69,118.21,118.28,30082
1789746000,2026-09-19 00:40:00,118.25,118.26,117.92,118.13,50336
1789746300,2026-09-19 00:45:00,118.15,118.36,118,118.34,37517
1789746600,2026-09-19 00:50:00,118.32,118.49,118.01,118.05,27214
1789746900,2026-09-19 00:55:00,118.05,118.11,117.77,117.84,71085
1789747200,2026-09-19 01:00:00,117.86,117.86,117.64,117.67,112195
1789747500,2026-09-19 01:05:00,117.68,117.92,117.58,117.66,159917
1789747800,2026-09-19 01:10:00,117.65,117.72,117.46,117.61,211835
1789748100,2026-09-19 01:15:00,117.63,117.89,117.56,117.85,26118
1789748400,2026-09-19 01:20:00,117.88,117.93,117.12,117.12,175408
1789748700,2026-09-19 01:25:00,117.14,117.21,116.76,117.19,183082
1789749000,2026-09-19 01:30:00,117.19,117.72,117.1,117.62,72693
1789749300,2026-09-19 01:35:00,117.65,117.74,117.51,117.55,64087
1789749600,2026-09-19 01:40:00,117.58,117.7,117.39,117.6,34380
1789749900,2026-09-19 01:45:00,117.61,117.63,117.39,117.52,48871
1789750200,2026-09-19 01:50:00,117.51,117.76,117.5,117.68,38332
1789750500,2026-09-19 01:55:00,117.7,117.84,117.53,117.84,44569
1789750800,2026-09-19 02:00:00,117.83,118.06,117.73,117.88,62890
1789751100,2026-09-19 02:05:00,117.9,118.17,117.87,118.12,62894
1789751400,2026-09-19 02:10:00,118.13,118.13,117.92,118.06,36688
1789751700,2026-09-19 02:15:00,118.05,118.19,117.98,118.1,20361
1789752000,2026-09-19 02:20:00,118.11,118.16,118.01,118.06,32758
1789752300,2026-09-19 02:25:00,118.06,118.16,118.01,118.13,13056
1789752600,2026-09-19 02:30:00,118.13,118.16,118,118.09,13416
1789752900,2026-09-19 02:35:00,118.13,118.28,118.1,118.13,18991
1789753200,2026-09-19 02:40:00,118.14,118.28,118.06,118.28,9754
1789753500,2026-09-19 02:45:00,118.27,118.27,118.11,118.22,4128
1789753800,2026-09-19 02:50:00,118.24,118.28,118.14,118.14,4901
1789754100,2026-09-19 02:55:00,118.11,118.25,118.09,118.19,10822
1789754400,2026-09-19 03:00:00,118.24,118.24,117.98,118.06,77720
1789754700,2026-09-19 03:05:00,118.07,118.12,117.84,117.93,169933
1789755000,2026-09-19 03:10:00,117.92,117.96,117.78,117.81,86651
1789755300,2026-09-19 03:15:00,117.83,118.05,117.83,118.02,11286
1789755600,2026-09-19 03:20:00,118.03,118.45,118.03,118.2,56988
1789755900,2026-09-19 03:25:00,118.23,118.26,117.98,118.06,42308
1789756200,2026-09-19 03:30:00,118.08,118.08,117.84,117.98,43638
1789756500,2026-09-19 03:35:00,117.99,117.99,117.74,117.92,25732
1789756800,2026-09-19 03:40:00,117.91,118.04,117.88,118.03,45063
1789757100,2026-09-19 03:45:00,118.02,118.35,118.02,118.27,167422
1789757400,2026-09-19 03:50:00,118.26,118.65,118.26,118.5,43957
1789757700,2026-09-19 03:55:00,118.54,118.71,118.48,118.6,139479
1789758000,2026-09-19 04:00:00,118.6,119.11,118.6,119.05,149691
1789758300,2026-09-19 04:05:00,119.06,119.19,118.86,118.99,96838
1789758600,2026-09-19 04:10:00,118.97,119.3,118.87,118.95,143819
1789758900,2026-09-19 04:15:00,118.99,119.28,118.93,119.24,190285
1789759200,2026-09-19 04:20:00,119.23,119.4,119.12,119.18,155777
1789759500,2026-09-19 04:25:00,119.21,119.23,119.03,119.19,60848
1789759800,2026-09-19 04:30:00,119.2,119.3,118.79,119.3,138602
1789760100,2026-09-19 04:35:00,119.26,119.75,119.24,119.6,153639
1789760400,2026-09-19 04:40:00,119.61,119.94,119.6,119.92,148257
1789760700,2026-09-19 04:45:00,119.91,120,119.72,119.92,147056
1789761000,2026-09-19 04:50:00,119.92,121.82,119.86,121.75,1024511
1789761300,2026-09-19 04:55:00,121.84,123.96,121.84,123.82,1316287
1789761600,2026-09-19 05:00:00,123.85,123.85,123.26,123.73,497411
1789761900,2026-09-19 05:05:00,123.71,123.72,123.43,123.68,119054
1789762200,2026-09-19 05:10:00,123.69,124.43,123.69,123.88,185927
1789762500,2026-09-19 05:15:00,123.88,124.05,123.68,123.71,111935
1789762800,2026-09-19 05:20:00,123.74,123.9,123.7,123.77,82262
1789763100,2026-09-19 05:25:00,123.76,123.78,123.64,123.7,48344
1789763400,2026-09-19 05:30:00,123.72,123.75,123.39,123.5,83605
1789763700,2026-09-19 05:35:00,123.52,123.62,123.32,123.59,39646
1789764000,2026-09-19 05:40:00,123.61,123.78,123.56,123.73,28949
1789764300,2026-09-19 05:45:00,123.73,123.93,123.72,123.92,50137
1789764600,2026-09-19 05:50:00,123.93,124,123.61,123.71,155244
1789764900,2026-09-19 05:55:00,123.69,123.79,123.6,123.67,173778
1789765200,2026-09-19 06:00:00,123.65,123.68,123.29,123.44,55968
1789765500,2026-09-19 06:05:00,123.44,123.73,123.33,123.53,252598
1789765800,2026-09-19 06:10:00,123.53,123.62,123.39,123.48,89331
1789766100,2026-09-19 06:15:00,123.44,123.71,123.44,123.55,45116
1789766400,2026-09-19 06:20:00,123.54,123.69,123.5,123.54,27863
1789766700,2026-09-19 06:25:00,123.53,123.72,123.51,123.53,36022
1789767000,2026-09-19 06:30:00,123.55,123.58,123.43,123.5,35509
1789767300,2026-09-19 06:35:00,123.49,123.52,123.37,123.45,32194
1789767600,2026-09-19 06:40:00,123.48,123.51,123.19,123.37,39454
1789767900,2026-09-19 06:45:00,123.36,123.49,123.36,123.46,30663
1789768200,2026-09-19 06:50:00,123.48,123.48,123.34,123.36,3330
1789768500,2026-09-19 06:55:00,123.36,123.47,123.34,123.42,36775
1789768800,2026-09-19 07:00:00,123.44,123.51,123.42,123.46,32676
1789769100,2026-09-19 07:05:00,123.46,123.57,123.43,123.52,18929
1789769400,2026-09-19 07:10:00,123.52,123.56,123.43,123.43,10114
1789769700,2026-09-19 07:15:00,123.43,123.44,123.35,123.37,29164
1789770000,2026-09-19 07:20:00,123.37,123.44,123.3,123.32,13902
1789770300,2026-09-19 07:25:00,123.34,123.35,123.19,123.26,20328
1789770600,2026-09-19 07:30:00,123.25,123.35,123.2,123.22,61112
1789770900,2026-09-19 07:35:00,123.19,123.21,123.03,123.06,70860
1789771200,2026-09-19 07:40:00,123.06,123.06,122.86,122.94,46704
1789771500,2026-09-19 07:45:00,122.92,122.98,122.84,122.93,30853
1789771800,2026-09-19 07:50:00,122.94,122.98,122.39,122.75,76043
1789772100,2026-09-19 07:55:00,122.76,122.79,122.63,122.67,59310
1789772400,2026-09-19 08:00:00,122.67,123.09,122.66,122.99,124506
1789772700,2026-09-19 08:05:00,122.94,122.97,122.82,122.95,42298
1789773000,2026-09-19 08:10:00,122.95,122.96,122.79,122.79,28311
1789773300,2026-09-19 08:15:00,122.79,122.79,122.64,122.67,39198
1789773600,2026-09-19 08:20:00,122.67,122.87,122.55,122.83,43369
1789773900,2026-09-19 08:25:00,122.83,122.83,122.64,122.71,37401
1789774200,2026-09-19 08:30:00,122.69,123.03,122.69,122.96,31535
1789774500,2026-09-19 08:35:00,122.94,123.07,122.88,122.93,37666
1789774800,2026-09-19 08:40:00,122.93,122.96,122.8,122.85,31062
1789775100,2026-09-19 08:45:00,122.86,123.09,122.85,123.06,39056
1789775400,2026-09-19 08:50:00,123.08,123.16,123.06,123.11,34962
1789775700,2026-09-19 08:55:00,123.1,123.19,123,123.17,27332
1789776000,2026-09-19 09:00:00,123.15,123.2,122.81,122.94,32125
1789776300,2026-09-19 09:05:00,122.94,123.34,122.94,123.27,48196
1789776600,2026-09-19 09:10:00,123.28,123.31,123.14,123.28,32039
1789776900,2026-09-19 09:15:00,123.28,123.36,123.15,123.24,25028
1789777200,2026-09-19 09:20:00,123.23,123.28,122.95,123.01,13497
1789777500,2026-09-19 09:25:00,123.01,123.07,122.71,122.74,20796
1789777800,2026-09-19 09:30:00,122.73,122.88,122.61,122.63,24243
1789778100,2026-09-19 09:35:00,122.62,122.66,122.47,122.56,23802
1789778400,2026-09-19 09:40:00,122.56,122.65,122.36,122.38,84284
1789778700,2026-09-19 09:45:00,122.38,122.51,122.3,122.3,63154
1789779000,2026-09-19 09:50:00,122.31,122.53,122.3,122.41,81500
1789779300,2026-09-19 09:55:00,122.41,122.44,122.12,122.12,79823
1789779600,2026-09-19 10:00:00,122.13,122.38,122.09,122.29,53353
1789779900,2026-09-19 10:05:00,122.25,122.26,121.62,121.78,45030
1789780200,2026-09-19 10:10:00,121.78,121.87,121.72,121.81,56345
1789780500,2026-09-19 10:15:00,121.76,121.76,121.6,121.6,58496
1789780800,2026-09-19 10:20:00,121.59,121.64,121.2,121.32,56934
1789781100,2026-09-19 10:25:00,121.34,121.5,121.34,121.35,43326
1789781400,2026-09-19 10:30:00,121.31,121.68,121.31,121.56,37832
1789781700,2026-09-19 10:35:00,121.56,121.64,121.2,121.33,28284
1789782000,2026-09-19 10:40:00,121.34,121.68,121.34,121.63,33625
1789782300,2026-09-19 10:45:00,121.61,121.88,121.61,121.79,32755
1789782600,2026-09-19 10:50:00,121.75,121.76,121.57,121.65,59423
1789782900,2026-09-19 10:55:00,121.63,121.68,121.53,121.61,50087
1789783200,2026-09-19 11:00:00,121.61,121.77,121.6,121.63,55400
1789783500,2026-09-19 11:05:00,121.65,121.66,121.34,121.55,153714
1789783800,2026-09-19 11:10:00,121.56,121.61,121.53,121.61,148721
1789784100,2026-09-19 11:15:00,121.62,121.71,121.55,121.71,46819
1789784400,2026-09-19 11:20:00,121.73,121.76,121.63,121.66,18178
1789784700,2026-09-19 11:25:00,121.66,121.83,121.64,121.79,23956
1789785000,2026-09-19 11:30:00,121.79,121.83,121.48,121.52,24218
1789785300,2026-09-19 11:35:00,121.49,121.5,121.42,121.42,16547
1789785600,2026-09-19 11:40:00,121.44,121.47,121.26,121.28,11108
1789785900,2026-09-19 11:45:00,121.27,121.41,121.25,121.4,31924
1789786200,2026-09-19 11:50:00,121.41,121.41,121.3,121.31,23252
1789786500,2026-09-19 11:55:00,121.31,121.4,121.26,121.27,18229
1789786800,2026-09-19 12:00:00,121.27,121.42,121.26,121.42,64436
1789787100,2026-09-19 12:05:00,121.41,121.41,121.32,121.34,42747
1789787400,2026-09-19 12:10:00,121.35,121.35,121.13,121.13,33648
1789787700,2026-09-19 12:15:00,121.13,121.25,121.11,121.22,21257
1789788000,2026-09-19 12:20:00,121.22,121.36,121.19,121.33,28457
1789788300,2026-09-19 12:25:00,121.33,121.39,121.23,121.36,33565
1789788600,2026-09-19 12:30:00,121.36,121.47,121.3,121.42,26094
1789788900,2026-09-19 12:35:00,121.42,121.45,121.28,121.32,21330
1789789200,2026-09-19 12:40:00,121.31,121.32,121.16,121.26,40068
1789789500,2026-09-19 12:45:00,121.26,121.29,121.19,121.2,26153
1789789800,2026-09-19 12:50:00,121.22,121.25,121.16,121.22,22266
1789790100,2026-09-19 12:55:00,121.25,121.26,121.17,121.21,42052
1789790400,2026-09-19 13:00:00,121.22,121.23,121.16,121.22,29184
1789790700,2026-09-19 13:05:00,121.24,121.24,121.14,121.15,17156
1789791000,2026-09-19 13:10:00,121.14,121.33,121.07,121.23,16500
1789791300,2026-09-19 13:15:00,121.18,121.18,121.02,121.1,12915
1789791600,2026-09-19 13:20:00,121.08,121.17,121.06,121.09,5636
1789791900,2026-09-19 13:25:00,121.09,121.27,121.08,121.21,3554
1789792200,2026-09-19 13:30:00,121.21,121.35,121.16,121.21,12613
1789792500,2026-09-19 13:35:00,121.22,121.33,121.19,121.26,37327
1789792800,2026-09-19 13:40:00,121.26,121.27,121.2,121.21,45001
1789793100,2026-09-19 13:45:00,121.21,121.3,121.18,121.25,54016
1789793400,2026-09-19 13:50:00,121.25,121.38,121.24,121.27,26250
1789793700,2026-09-19 13:55:00,121.25,121.31,121.22,121.27,14983
1789794000,2026-09-19 14:00:00,121.25,121.26,121.17,121.2,10217
1789794300,2026-09-19 14:05:00,121.21,121.3,121.14,121.27,8322
1789794600,2026-09-19 14:10:00,121.27,121.27,121.15,121.15,7596
1789794900,2026-09-19 14:15:00,121.15,121.18,121.12,121.16,37383
1789795200,2026-09-19 14:20:00,121.16,121.19,121.03,121.14,20119
1789795500,2026-09-19 14:25:00,121.14,121.17,121,121.02,13565
1789795800,2026-09-19 14:30:00,121.03,121.05,120.98,120.99,11068
1789796100,2026-09-19 14:35:00,121,121.04,120.89,120.89,14982
1789796400,2026-09-19 14:40:00,120.89,120.94,120.51,120.66,98107
1789796700,2026-09-19 14:45:00,120.66,120.69,120.5,120.61,62837
1789797000,2026-09-19 14:50:00,120.61,120.69,120.53,120.62,70913
1789797300,2026-09-19 14:55:00,120.62,120.77,120.55,120.65,104804
1789797600,2026-09-19 15:00:00,120.65,120.67,120.5,120.56,54493
1789797900,2026-09-19 15:05:00,120.54,120.61,120.46,120.56,44693
1789798200,2026-09-19 15:10:00,120.57,120.65,120.49,120.5,39560
1789798500,2026-09-19 15:15:00,120.5,120.84,120.5,120.77,40363
1789798800,2026-09-19 15:20:00,120.77,120.88,120.62,120.84,144778
1789799100,2026-09-19 15:25:00,120.83,121.07,120.81,121.02,59784
1789799400,2026-09-19 15:30:00,121.01,121.06,120.96,120.98,37790
1789799700,2026-09-19 15:35:00,120.96,121.02,120.92,120.98,38960
1789800000,2026-09-19 15:40:00,120.98,121.01,120.89,120.99,28459
1789800300,2026-09-19 15:45:00,120.99,121,120.89,120.91,18785
1789800600,2026-09-19 15:50:00,120.91,120.95,120.84,120.91,20158
1789800900,2026-09-19 15:55:00,120.9,120.94,120.86,120.92,14919
1789801200,2026-09-19 16:00:00,120.9,120.95,120.81,120.95,27504
1789801500,2026-09-19 16:05:00,120.93,121.07,120.9,121.04,18800
1789801800,2026-09-19 16:10:00,121.04,121.04,120.82,120.82,37207
1789802100,2026-09-19 16:15:00,120.83,120.83,120.75,120.81,20758
1789802400,2026-09-19 16:20:00,120.79,120.8,120.68,120.68,40806
1789802700,2026-09-19 16:25:00,120.65,120.74,120.64,120.69,13493
1789803000,2026-09-19 16:30:00,120.7,120.76,120.64,120.68,4350
1789803300,2026-09-19 16:35:00,120.68,120.8,120.68,120.73,4169
1789803600,2026-09-19 16:40:00,120.73,120.74,120.61,120.64,3957
1789803900,2026-09-19 16:45:00,120.62,120.78,120.62,120.73,7347
1789804200,2026-09-19 16:50:00,120.73,120.82,120.72,120.82,4241
1789804500,2026-09-19 16:55:00,120.78,120.79,120.69,120.7,9877
1789804800,2026-09-19 17:00:00,120.7,120.7,120.56,120.66,7836
1789805100,2026-09-19 17:05:00,120.63,120.73,120.57,120.69,9142
1789805400,2026-09-19 17:10:00,120.7,120.71,120.54,120.56,5538
1789805700,2026-09-19 17:15:00,120.53,120.53,120.14,120.41,42299
1789806000,2026-09-19 17:20:00,120.39,120.59,120.21,120.27,28635
1789806300,2026-09-19 17:25:00,120.28,120.28,120.07,120.11,42997
1789806600,2026-09-19 17:30:00,120.06,120.28,120.06,120.27,39245
1789806900,2026-09-19 17:35:00,120.27,120.34,120.09,120.16,25346
1789807200,2026-09-19 17:40:00,120.16,120.29,120.06,120.24,23744
1789807500,2026-09-19 17:45:00,120.26,120.27,120.15,120.16,13148
1789807800,2026-09-19 17:50:00,120.15,120.21,120.12,120.2,4532
1789808100,2026-09-19 17:55:00,120.21,120.43,120.12,120.27,34797
1789808400,2026-09-19 18:00:00,120.28,120.38,120.2,120.37,20940
1789808700,2026-09-19 18:05:00,120.36,120.36,120.27,120.28,8511
1789809000,2026-09-19 18:10:00,120.25,120.3,120.17,120.23,4381
1789809300,2026-09-19 18:15:00,120.22,120.22,120.01,120.02,71612
1789809600,2026-09-19 18:20:00,120.02,120.09,119.76,119.81,46847
1789809900,2026-09-19 18:25:00,119.86,119.92,119.72,119.89,40359
1789810200,2026-09-19 18:30:00,119.89,120,119.85,119.94,31252
1789810500,2026-09-19 18:35:00,119.94,120.38,119.89,120.28,62364
1789810800,2026-09-19 18:40:00,120.29,120.31,120.12,120.24,27348
1789811100,2026-09-19 18:45:00,120.25,120.53,120.18,120.38,15332
1789811400,2026-09-19 18:50:00,120.45,120.52,120.37,120.43,57142
1789811700,2026-09-19 18:55:00,120.42,120.46,120.33,120.43,39633
1789812000,2026-09-19 19:00:00,120.41,120.57,120.4,120.53,27729
1789812300,2026-09-19 19:05:00,120.52,120.52,120.4,120.44,16103
1789812600,2026-09-19 19:10:00,120.43,120.55,120.38,120.49,38524
1789812900,2026-09-19 19:15:00,120.49,120.64,120.44,120.6,45588
1789813200,2026-09-19 19:20:00,120.59,120.77,120.59,120.67,69621
1789813500,2026-09-19 19:25:00,120.69,120.87,120.67,120.78,40381
1789813800,2026-09-19 19:30:00,120.77,120.84,120.63,120.64,24811
1789814100,2026-09-19 19:35:00,120.71,120.71,120.52,120.55,21669
1789814400,2026-09-19 19:40:00,120.56,120.57,120.44,120.48,15307
1789814700,2026-09-19 19:45:00,120.48,120.49,120.44,120.45,5065
1789815000,2026-09-19 19:50:00,120.45,120.57,120.43,120.49,27800
1789815300,2026-09-19 19:55:00,120.48,120.48,120.35,120.39,17275
1789815600,2026-09-19 20:00:00,120.39,120.48,120.35,120.35,23622
1789815900,2026-09-19 20:05:00,120.35,120.5,120.3,120.32,8048
1789816200,2026-09-19 20:10:00,120.32,120.38,120.3,120.33,7020
1789816500,2026-09-19 20:15:00,120.33,120.42,120.31,120.36,5937
1789816800,2026-09-19 20:20:00,120.35,120.37,120.22,120.27,10570
1789817100,2026-09-19 20:25:00,120.27,120.27,120.09,120.17,13188
1789817400,2026-09-19 20:30:00,120.12,120.17,120.1,120.12,11420
1789817700,2026-09-19 20:35:00,120.12,120.3,120.11,120.29,25510
1789818000,2026-09-19 20:40:00,120.29,120.3,120.25,120.25,8750
1789818300,2026-09-19 20:45:00,120.25,120.36,120.25,120.27,3611
1789818600,2026-09-19 20:50:00,120.28,120.35,120.25,120.28,1490
1789818900,2026-09-19 20:55:00,120.26,120.29,120.2,120.2,1241
1789819200,2026-09-19 21:00:00,120.17,120.4,120.13,120.32,7529
1789819500,2026-09-19 21:05:00,120.31,120.42,120.28,120.4,15009
1789819800,2026-09-19 21:10:00,120.41,120.45,120.31,120.37,10812
1789820100,2026-09-19 21:15:00,120.36,120.43,120.32,120.38,16989
1789820400,2026-09-19 21:20:00,120.39,120.39,120.24,120.24,4141
1789820700,2026-09-19 21:25:00,120.25,120.3,120.2,120.2,2751
1789821000,2026-09-19 21:30:00,120.2,120.35,120.19,120.26,1862
1789821300,2026-09-19 21:35:00,120.26,120.42,120.26,120.36,3724
1789821600,2026-09-19 21:40:00,120.33,120.35,120.32,120.34,3887
1789821900,2026-09-19 21:45:00,120.34,120.53,120.34,120.46,12626
1789822200,2026-09-19 21:50:00,120.46,120.55,120.37,120.55,26748
1789822500,2026-09-19 21:55:00,120.55,120.59,120.45,120.5,20481
1789822800,2026-09-19 22:00:00,120.5,120.6,120.47,120.59,19823
1789823100,2026-09-19 22:05:00,120.6,120.6,120.42,120.52,22269
1789823400,2026-09-19 22:10:00,120.5,120.54,120.4,120.43,12088
1789823700,2026-09-19 22:15:00,120.42,120.5,120.42,120.48,6497
1789824000,2026-09-19 22:20:00,120.48,120.55,120.47,120.51,4853
1789824300,2026-09-19 22:25:00,120.51,120.57,120.49,120.56,3172
1789824600,2026-09-19 22:30:00,120.56,120.64,120.49,120.52,81582
1789824900,2026-09-19 22:35:00,120.53,120.55,120.46,120.55,35565
1789825200,2026-09-19 22:40:00,120.53,120.57,120.51,120.52,24913
1789825500,2026-09-19 22:45:00,120.53,120.53,120.43,120.48,13567
1789825800,2026-09-19 22:50:00,120.49,120.56,120.47,120.51,5256
1789826100,2026-09-19 22:55:00,120.5,120.5,120.45,120.46,2365
1789826400,2026-09-19 23:00:00,120.46,120.48,120.31,120.37,4535
1789826700,2026-09-19 23:05:00,120.35,120.47,120.35,120.36,12982
1789827000,2026-09-19 23:10:00,120.36,120.49,120.33,120.4,125999
1789827300,2026-09-19 23:15:00,120.41,120.43,120.31,120.32,156316
1789827600,2026-09-19 23:20:00,120.32,120.32,120.25,120.25,34266
1789827900,2026-09-19 23:25:00,120.25,120.26,120.13,120.19,26656
1789828200,2026-09-19 23:30:00,120.18,120.22,120.08,120.15,23456
1789828500,2026-09-19 23:35:00,120.15,120.15,120.06,120.08,8894
1789828800,2026-09-19 23:40:00,120.08,120.23,120.07,120.1,32121
1789829100,2026-09-19 23:45:00,120.11,120.11,119.69,119.92,80646
1789829400,2026-09-19 23:50:00,119.92,120.29,119.85,120.23,53445
1789829700,2026-09-19 23:55:00,120.23,120.23,120.15,120.18,16197
1789830000,2026-09-20 00:00:00,120.18,120.23,119.76,120.06,49917
1789830300,2026-09-20 00:05:00,120.07,120.2,120.07,120.12,32859
1789830600,2026-09-20 00:10:00,120.12,120.12,119.96,119.99,19450
1789830900,2026-09-20 00:15:00,120.02,120.12,119.95,120.07,29710
1789831200,2026-09-20 00:20:00,120.06,120.12,120.04,120.09,23000
1789831500,2026-09-20 00:25:00,120.09,120.16,120.05,120.15,12501
1789831800,2026-09-20 00:30:00,120.16,120.18,120.06,120.09,6241
1789832100,2026-09-20 00:35:00,120.1,120.21,120.09,120.2,16365
1789832400,2026-09-20 00:40:00,120.19,120.3,120.18,120.3,30745
1789832700,2026-09-20 00:45:00,120.3,120.31,120.14,120.21,25993
1789833000,2026-09-20 00:50:00,120.21,120.28,120.1,120.11,11332
1789833300,2026-09-20 00:55:00,120.08,120.11,120.03,120.07,6291
1789833600,2026-09-20 01:00:00,120.07,120.12,119.98,119.99,9265
1789833900,2026-09-20 01:05:00,119.97,120.02,119.92,120,20114
1789834200,2026-09-20 01:10:00,119.99,120.08,119.94,120.06,12033
1789834500,2026-09-20 01:15:00,120.06,120.06,119.85,119.87,28539
1789834800,2026-09-20 01:20:00,119.87,119.98,119.84,119.91,14357
1789835100,2026-09-20 01:25:00,119.94,119.94,119.84,119.84,7066
1789835400,2026-09-20 01:30:00,119.87,119.87,119.62,119.82,73218
1789835700,2026-09-20 01:35:00,119.84,119.87,119.75,119.78,50939
1789836000,2026-09-20 01:40:00,119.79,119.86,119.67,119.84,21810
1789836300,2026-09-20 01:45:00,119.84,119.88,119.77,119.85,18404
1789836600,2026-09-20 01:50:00,119.88,119.93,119.88,119.91,10691
1789836900,2026-09-20 01:55:00,119.91,119.96,119.68,119.68,28667
1789837200,2026-09-20 02:00:00,119.66,119.99,119.63,119.97,54443
1789837500,2026-09-20 02:05:00,119.98,120.16,119.97,120.12,63308
1789837800,2026-09-20 02:10:00,120.11,120.16,120.08,120.1,58804
1789838100,2026-09-20 02:15:00,120.07,120.16,120.02,120.06,41815
1789838400,2026-09-20 02:20:00,120.06,120.07,120.02,120.03,27229
1789838700,2026-09-20 02:25:00,120.02,120.06,119.91,119.91,16500
1789839000,2026-09-20 02:30:00,119.89,119.94,119.86,119.87,14929
1789839300,2026-09-20 02:35:00,119.89,120,119.85,119.98,23523
1789839600,2026-09-20 02:40:00,120.02,120.11,120.02,120.1,17247
1789839900,2026-09-20 02:45:00,120.1,120.13,120.05,120.13,12273
1789840200,2026-09-20 02:50:00,120.12,120.17,120.11,120.15,10960
1789840500,2026-09-20 02:55:00,120.16,120.34,120.15,120.25,14957
1789840800,2026-09-20 03:00:00,120.28,120.35,120.21,120.24,32231
1789841100,2026-09-20 03:05:00,120.24,120.43,120.23,120.38,31009
1789841400,2026-09-20 03:10:00,120.4,120.46,120.34,120.39,29336
1789841700,2026-09-20 03:15:00,120.41,120.48,120.39,120.43,16271
1789842000,2026-09-20 03:20:00,120.42,120.49,120.37,120.37,1765
1789842300,2026-09-20 03:25:00,120.38,120.38,120.34,120.34,729
1789842600,2026-09-20 03:30:00,120.36,120.5,120.31,120.49,6720
1789842900,2026-09-20 03:35:00,120.48,120.5,120.45,120.49,4197
1789843200,2026-09-20 03:40:00,120.49,120.54,120.45,120.47,5619
1789843500,2026-09-20 03:45:00,120.47,120.54,120.39,120.53,3057
1789843800,2026-09-20 03:50:00,120.54,120.54,120.46,120.5,1885
1789844100,2026-09-20 03:55:00,120.44,120.54,120.44,120.54,3699
1789844400,2026-09-20 04:00:00,120.54,120.58,120.44,120.52,18593
1789844700,2026-09-20 04:05:00,120.52,120.6,120.46,120.6,10524
1789845000,2026-09-20 04:10:00,120.61,120.7,120.55,120.62,21013
1789845300,2026-09-20 04:15:00,120.63,120.72,120.55,120.59,25540
1789845600,2026-09-20 04:20:00,120.6,120.81,120.6,120.77,16960
1789845900,2026-09-20 04:25:00,120.77,120.83,120.77,120.82,19685
1789846200,2026-09-20 04:30:00,120.82,120.82,120.7,120.81,10868
1789846500,2026-09-20 04:35:00,120.81,120.86,120.73,120.76,9827
1789846800,2026-09-20 04:40:00,120.77,120.8,120.74,120.79,8006
1789847100,2026-09-20 04:45:00,120.79,120.86,120.75,120.83,6069
1789847400,2026-09-20 04:50:00,120.81,120.84,120.74,120.82,7317
1789847700,2026-09-20 04:55:00,120.81,120.88,120.79,120.88,4459
1789848000,2026-09-20 05:00:00,120.87,120.95,120.78,120.82,31773
1789848300,2026-09-20 05:05:00,120.8,120.81,120.73,120.75,13577
1789848600,2026-09-20 05:10:00,120.74,120.87,120.72,120.79,8903
1789848900,2026-09-20 05:15:00,120.78,120.85,120.77,120.84,3574
1789849200,2026-09-20 05:20:00,120.86,120.91,120.84,120.84,19146
1789849500,2026-09-20 05:25:00,120.85,120.89,120.85,120.88,11470
1789849800,2026-09-20 05:30:00,120.87,120.91,120.87,120.91,10616
1789850100,2026-09-20 05:35:00,120.91,120.94,120.9,120.92,10778
1789850400,2026-09-20 05:40:00,120.92,120.94,120.92,120.94,8184
1789850700,2026-09-20 05:45:00,120.94,120.97,120.88,120.92,40705
1789851000,2026-09-20 05:50:00,120.92,120.92,120.78,120.84,24148
1789851300,2026-09-20 05:55:00,120.84,120.93,120.83,120.92,25436
1789851600,2026-09-20 06:00:00,120.92,120.93,120.9,120.92,33795
1789851900,2026-09-20 06:05:00,120.92,120.96,120.89,120.93,16439
1789852200,2026-09-20 06:10:00,120.93,120.95,120.8,120.94,20389
1789852500,2026-09-20 06:15:00,120.94,120.96,120.79,120.88,14824
1789852800,2026-09-20 06:20:00,120.89,120.91,120.85,120.89,23110
1789853100,2026-09-20 06:25:00,120.89,120.95,120.89,120.95,6819
1789853400,2026-09-20 06:30:00,120.96,120.96,120.92,120.95,21976
1789853700,2026-09-20 06:35:00,120.95,120.98,120.95,120.97,22514
1789854000,2026-09-20 06:40:00,120.98,121.05,120.98,121.04,44173
1789854300,2026-09-20 06:45:00,121.04,121.07,121.03,121.03,14992
1789854600,2026-09-20 06:50:00,121.04,121.04,121.03,121.04,2138
1789854900,2026-09-20 06:55:00,121.04,121.04,121.02,121.02,2374
1789855200,2026-09-20 07:00:00,121.03,121.03,120.84,120.87,18094
1789855500,2026-09-20 07:05:00,120.86,120.94,120.8,120.89,55941
1789855800,2026-09-20 07:10:00,120.89,120.95,120.87,120.95,21694
1789856100,2026-09-20 07:15:00,120.95,120.99,120.95,120.99,43616
1789856400,2026-09-20 07:20:00,120.98,121.02,120.98,121.01,18426
1789856700,2026-09-20 07:25:00,121.01,121.04,120.99,121.03,11850
1789857000,2026-09-20 07:30:00,121.03,121.04,120.97,121.02,9811
1789857300,2026-09-20 07:35:00,121.02,121.04,121.02,121.04,4836
1789857600,2026-09-20 07:40:00,121.03,121.04,121.03,121.03,5752
1789857900,2026-09-20 07:45:00,121.03,121.03,120.87,120.92,18198
1789858200,2026-09-20 07:50:00,120.91,120.91,120.81,120.81,19936
1789858500,2026-09-20 07:55:00,120.82,120.83,120.7,120.7,16779
1789858800,2026-09-20 08:00:00,120.7,120.74,120.62,120.65,40714
1789859100,2026-09-20 08:05:00,120.64,120.71,120.52,120.59,33767
1789859400,2026-09-20 08:10:00,120.59,120.61,120.47,120.47,31749
1789859700,2026-09-20 08:15:00,120.47,120.58,120.44,120.57,37791
1789860000,2026-09-20 08:20:00,120.57,120.67,120.49,120.64,40750
1789860300,2026-09-20 08:25:00,120.62,120.62,120.45,120.56,31163
1789860600,2026-09-20 08:30:00,120.56,120.68,120.45,120.49,26190
1789860900,2026-09-20 08:35:00,120.5,120.55,120.4,120.54,16941
1789861200,2026-09-20 08:40:00,120.52,120.54,120.43,120.52,14488
1789861500,2026-09-20 08:45:00,120.47,120.57,120.46,120.57,9384
1789861800,2026-09-20 08:50:00,120.55,120.63,120.51,120.62,25927
1789862100,2026-09-20 08:55:00,120.64,120.72,120.59,120.7,25667
1789862400,2026-09-20 09:00:00,120.73,120.92,120.73,120.8,15553
1789862700,2026-09-20 09:05:00,120.81,120.94,120.73,120.83,9369
1789863000,2026-09-20 09:10:00,120.82,120.84,120.72,120.77,15650
1789863300,2026-09-20 09:15:00,120.77,120.78,120.61,120.62,31131
1789863600,2026-09-20 09:20:00,120.62,120.78,120.62,120.72,7478
1789863900,2026-09-20 09:25:00,120.73,120.74,120.55,120.67,3074
1789864200,2026-09-20 09:30:00,120.65,120.81,120.63,120.8,3683
1789864500,2026-09-20 09:35:00,120.82,120.94,120.81,120.94,8811
1789864800,2026-09-20 09:40:00,120.95,120.95,120.81,120.87,9774
1789865100,2026-09-20 09:45:00,120.87,120.88,120.79,120.81,2880
1789865400,2026-09-20 09:50:00,120.81,120.9,120.8,120.83,20840
1789865700,2026-09-20 09:55:00,120.83,120.9,120.81,120.88,9575
1789866000,2026-09-20 10:00:00,120.9,120.94,120.83,120.91,6031
1789866300,2026-09-20 10:05:00,120.86,120.93,120.86,120.92,2525
1789866600,2026-09-20 10:10:00,120.87,120.94,120.86,120.94,1103
1789866900,2026-09-20 10:15:00,120.94,121.01,120.92,120.96,10833
1789867200,2026-09-20 10:20:00,120.96,121.01,120.93,121,45748
1789867500,2026-09-20 10:25:00,121.02,121.06,120.96,121.01,15438
1789867800,2026-09-20 10:30:00,121.01,121.16,121.01,121.09,31173
1789868100,2026-09-20 10:35:00,121.1,121.15,121.02,121.14,33309
1789868400,2026-09-20 10:40:00,121.13,121.15,121,121.09,30205
1789868700,2026-09-20 10:45:00,121.09,121.13,121.04,121.11,36148
1789869000,2026-09-20 10:50:00,121.12,121.3,121.07,121.3,69217
1789869300,2026-09-20 10:55:00,121.3,121.63,121.25,121.58,111336
1789869600,2026-09-20 11:00:00,121.6,121.87,121.5,121.73,80809
1789869900,2026-09-20 11:05:00,121.71,121.94,121.71,121.8,76226
1789870200,2026-09-20 11:10:00,121.76,121.92,121.73,121.79,32404
1789870500,2026-09-20 11:15:00,121.79,121.82,121.61,121.75,21993
1789870800,2026-09-20 11:20:00,121.72,121.92,121.69,121.92,13256
1789871100,2026-09-20 11:25:00,121.91,122.15,121.85,122.05,128454
1789871400,2026-09-20 11:30:00,122.07,122.07,121.9,122.02,88134
1789871700,2026-09-20 11:35:00,122.02,122.02,121.71,121.71,47320
1789872000,2026-09-20 11:40:00,121.77,121.78,120.65,120.65,80166
1789872300,2026-09-20 11:45:00,120.62,120.62,120.07,120.13,206323
1789872600,2026-09-20 11:50:00,120.14,120.41,120.02,120.38,84203
1789872900,2026-09-20 11:55:00,120.41,120.41,119.45,119.61,154256
1789873200,2026-09-20 12:00:00,119.54,119.73,119.36,119.47,428013
1789873500,2026-09-20 12:05:00,119.48,120.05,119.48,119.81,109449
1789873800,2026-09-20 12:10:00,119.83,120.04,119.68,119.68,98520
1789874100,2026-09-20 12:15:00,119.67,119.81,119.33,119.8,133052
1789874400,2026-09-20 12:20:00,119.8,120.08,119.8,120.04,64694
1789874700,2026-09-20 12:25:00,120.05,120.07,119.82,119.92,103969
1789875000,2026-09-20 12:30:00,119.87,120.01,119.78,119.85,84049
1789875300,2026-09-20 12:35:00,119.85,119.9,119.74,119.88,38826
1789875600,2026-09-20 12:40:00,119.9,120.08,119.87,119.98,34741
1789875900,2026-09-20 12:45:00,119.97,120.14,119.95,120.06,25292
1789876200,2026-09-20 12:50:00,120.08,120.24,120.08,120.19,28829
1789876500,2026-09-20 12:55:00,120.18,120.44,120.15,120.42,46563
1789876800,2026-09-20 13:00:00,120.42,120.45,120.24,120.37,40542
1789877100,2026-09-20 13:05:00,120.37,120.37,120.25,120.29,38677
1789877400,2026-09-20 13:10:00,120.3,120.31,120.21,120.28,35490
1789877700,2026-09-20 13:15:00,120.28,120.38,120.25,120.25,33808
1789878000,2026-09-20 13:20:00,120.26,120.3,120.11,120.16,25755
1789878300,2026-09-20 13:25:00,120.15,120.26,120.12,120.14,14070
1789878600,2026-09-20 13:30:00,120.14,120.16,120.1,120.11,6524
1789878900,2026-09-20 13:35:00,120.12,120.35,120.1,120.35,9592
1789879200,2026-09-20 13:40:00,120.34,120.43,120.33,120.42,7646
1789879500,2026-09-20 13:45:00,120.43,120.43,120.13,120.18,44826
1789879800,2026-09-20 13:50:00,120.19,120.47,120.18,120.47,38077
1789880100,2026-09-20 13:55:00,120.5,120.83,120.5,120.69,81362
1789880400,2026-09-20 14:00:00,120.72,121.42,120.69,121.41,62836
1789880700,2026-09-20 14:05:00,121.42,121.47,121.18,121.25,48404
1789881000,2026-09-20 14:10:00,121.34,121.4,121.1,121.11,31569
1789881300,2026-09-20 14:15:00,121.15,121.2,121.03,121.14,37078
1789881600,2026-09-20 14:20:00,121.1,121.49,121.05,121.23,44008
1789881900,2026-09-20 14:25:00,121.23,121.28,121.1,121.28,22744
1789882200,2026-09-20 14:30:00,121.32,121.52,121.32,121.51,18933
1789882500,2026-09-20 14:35:00,121.5,121.51,121.35,121.46,23840
1789882800,2026-09-20 14:40:00,121.5,121.79,121.49,121.79,20108
1789883100,2026-09-20 14:45:00,121.82,121.82,121.6,121.75,13557
1789883400,2026-09-20 14:50:00,121.78,121.78,121.5,121.65,12212
1789883700,2026-09-20 14:55:00,121.66,121.73,121.56,121.63,15945
1789884000,2026-09-20 15:00:00,121.62,121.73,121.51,121.63,10955
1789884300,2026-09-20 15:05:00,121.6,121.6,121.13,121.2,36368
1789884600,2026-09-20 15:10:00,121.19,121.19,120.75,120.82,54438
1789884900,2026-09-20 15:15:00,120.83,120.9,120.65,120.71,66058
1789885200,2026-09-20 15:20:00,120.69,120.72,120.52,120.56,54055
1789885500,2026-09-20 15:25:00,120.57,120.69,120.52,120.64,34471
1789885800,2026-09-20 15:30:00,120.63,120.85,120.63,120.85,42511
1789886100,2026-09-20 15:35:00,120.83,120.84,120.72,120.72,18045
1789886400,2026-09-20 15:40:00,120.69,120.86,120.63,120.86,22722
1789886700,2026-09-20 15:45:00,120.87,121.14,120.86,121.1,32151
1789887000,2026-09-20 15:50:00,121.1,121.19,121.03,121.18,29454
1789887300,2026-09-20 15:55:00,121.18,121.35,121.17,121.29,17448
1789887600,2026-09-20 16:00:00,121.33,121.43,121.23,121.32,12456
1789887900,2026-09-20 16:05:00,121.35,121.37,121.25,121.31,7124
1789888200,2026-09-20 16:10:00,121.26,121.33,121.19,121.25,33743
1789888500,2026-09-20 16:15:00,121.28,121.35,121.17,121.19,13110
1789888800,2026-09-20 16:20:00,121.19,121.2,121.01,121.05,18074
1789889100,2026-09-20 16:25:00,121.03,121.2,121.03,121.12,12694
1789889400,2026-09-20 16:30:00,121.13,121.23,121.1,121.23,5025
1789889700,2026-09-20 16:35:00,121.23,121.26,121.09,121.12,9339
1789890000,2026-09-20 16:40:00,121.12,121.13,120.95,121.04,8303
1789890300,2026-09-20 16:45:00,121.04,121.04,120.94,120.94,6453
1789890600,2026-09-20 16:50:00,120.94,120.98,120.72,120.74,18759
1789890900,2026-09-20 16:55:00,120.74,120.81,120.65,120.65,27638
1789891200,2026-09-20 17:00:00,120.64,120.89,120.63,120.87,33802
1789891500,2026-09-20 17:05:00,120.86,121.16,120.83,121.12,27916
1789891800,2026-09-20 17:10:00,121.12,121.17,120.86,121.03,40403
1789892100,2026-09-20 17:15:00,121,121.14,120.93,121.13,24613
1789892400,2026-09-20 17:20:00,121.13,121.19,121.04,121.14,5340
1789892700,2026-09-20 17:25:00,121.13,121.13,120.89,120.98,5746
1789893000,2026-09-20 17:30:00,120.97,120.98,120.72,120.72,18146
1789893300,2026-09-20 17:35:00,120.72,120.84,120.72,120.79,16843
1789893600,2026-09-20 17:40:00,120.81,120.81,120.7,120.71,10729
1789893900,2026-09-20 17:45:00,120.7,120.7,120.57,120.62,30945
1789894200,2026-09-20 17:50:00,120.66,120.67,120.52,120.54,36446
1789894500,2026-09-20 17:55:00,120.55,120.7,120.55,120.7,15837
1789894800,2026-09-20 18:00:00,120.71,120.93,120.67,120.93,6207
1789895100,2026-09-20 18:05:00,120.89,120.93,120.77,120.9,8601
1789895400,2026-09-20 18:10:00,120.91,121.01,120.9,121.01,5022
1789895700,2026-09-20 18:15:00,121.01,121.01,120.89,120.95,2977
1789896000,2026-09-20 18:20:00,121,121.08,120.97,121.07,6252
1789896300,2026-09-20 18:25:00,121.04,121.08,120.99,121.06,3946
1789896600,2026-09-20 18:30:00,121.07,121.13,121,121.1,23044
1789896900,2026-09-20 18:35:00,121.11,121.18,121.09,121.15,33469
1789897200,2026-09-20 18:40:00,121.16,121.18,121.01,121.05,24321
1789897500,2026-09-20 18:45:00,121.06,121.1,120.86,120.91,12629
1789897800,2026-09-20 18:50:00,120.91,121.03,120.91,120.92,10468
1789898100,2026-09-20 18:55:00,120.94,120.94,120.82,120.9,8961
1789898400,2026-09-20 19:00:00,120.92,121.13,120.9,120.91,9523
1789898700,2026-09-20 19:05:00,120.91,120.91,120.68,120.68,9101
1789899000,2026-09-20 19:10:00,120.69,120.7,120.59,120.66,7107
1789899300,2026-09-20 19:15:00,120.65,120.74,120.59,120.59,3708
1789899600,2026-09-20 19:20:00,120.58,120.74,120.57,120.67,48701
1789899900,2026-09-20 19:25:00,120.68,120.81,120.63,120.8,17896
1789900200,2026-09-20 19:30:00,120.8,121.01,120.79,120.81,16146
1789900500,2026-09-20 19:35:00,120.81,120.93,120.75,120.8,8537
1789900800,2026-09-20 19:40:00,120.8,120.91,120.73,120.74,2682
1789901100,2026-09-20 19:45:00,120.74,120.93,120.74,120.87,4422
1789901400,2026-09-20 19:50:00,120.88,121.05,120.86,120.93,5458
1789901700,2026-09-20 19:55:00,120.93,120.95,120.86,120.91,20848
1789902000,2026-09-20 20:00:00,120.9,121,120.79,120.81,11719
1789902300,2026-09-20 20:05:00,120.82,120.84,120.7,120.75,3916
1789902600,2026-09-20 20:10:00,120.75,120.83,120.68,120.69,5429
1789902900,2026-09-20 20:15:00,120.69,120.75,120.46,120.51,25218
1789903200,2026-09-20 20:20:00,120.5,120.58,120.23,120.32,37047
1789903500,2026-09-20 20:25:00,120.33,120.44,120.28,120.41,52279
1789903800,2026-09-20 20:30:00,120.4,120.41,120.28,120.36,27498
1789904100,2026-09-20 20:35:00,120.36,120.37,120.32,120.33,22645
1789904400,2026-09-20 20:40:00,120.33,120.4,120.33,120.35,3323
1789904700,2026-09-20 20:45:00,120.32,120.44,120.25,120.38,1774
1789905000,2026-09-20 20:50:00,120.39,120.43,120.35,120.43,2026
1789905300,2026-09-20 20:55:00,120.42,120.62,120.42,120.54,12747
1789905600,2026-09-20 21:00:00,120.49,120.53,120.44,120.44,6067
1789905900,2026-09-20 21:05:00,120.41,120.53,120.41,120.52,3480
1789906200,2026-09-20 21:10:00,120.53,120.68,120.53,120.68,2085
1789906500,2026-09-20 21:15:00,120.7,120.7,120.45,120.49,3549
1789906800,2026-09-20 21:20:00,120.45,120.45,120.19,120.21,1890
1789907100,2026-09-20 21:25:00,120.26,120.31,120.11,120.17,5936
1789907400,2026-09-20 21:30:00,120.17,120.18,120.04,120.08,11342
1789907700,2026-09-20 21:35:00,120.05,120.18,120.05,120.11,25073
1789908000,2026-09-20 21:40:00,120.12,120.28,120.1,120.14,50019
1789908300,2026-09-20 21:45:00,120.11,120.23,120.1,120.23,22477
1789908600,2026-09-20 21:50:00,120.24,120.33,120.22,120.31,10307
1789908900,2026-09-20 21:55:00,120.3,120.35,120.17,120.27,13427
1789909200,2026-09-20 22:00:00,120.27,120.33,120.21,120.26,10493
1789909500,2026-09-20 22:05:00,120.3,120.3,120.13,120.16,3243
1789909800,2026-09-20 22:10:00,120.17,120.22,120.12,120.15,6937
1789910100,2026-09-20 22:15:00,120.16,120.25,120.06,120.23,5037
1789910400,2026-09-20 22:20:00,120.21,120.22,120.04,120.06,14842
1789910700,2026-09-20 22:25:00,120.08,120.14,120,120.04,22451
1789911000,2026-09-20 22:30:00,120.04,120.14,119.94,120.11,20509
1789911300,2026-09-20 22:35:00,120.16,120.29,120.08,120.14,13512
1789911600,2026-09-20 22:40:00,120.12,120.13,120.06,120.1,6404
1789911900,2026-09-20 22:45:00,120.05,120.08,119.96,119.97,6539
1789912200,2026-09-20 22:50:00,119.97,120.08,119.97,120.01,2066
1789912500,2026-09-20 22:55:00,120.01,120.02,119.9,119.99,7815
1789912800,2026-09-20 23:00:00,119.95,120.01,119.91,119.97,7912
1789913100,2026-09-20 23:05:00,119.97,120.18,119.96,120.05,9025
1789913400,2026-09-20 23:10:00,120.04,120.14,120.02,120.02,7817
1789913700,2026-09-20 23:15:00,120.02,120.02,119.88,119.91,24506
1789914000,2026-09-20 23:20:00,119.91,119.95,119.86,119.94,23782
1789914300,2026-09-20 23:25:00,119.94,120.02,119.88,119.9,10920
1789914600,2026-09-20 23:30:00,119.9,119.93,119.81,119.82,4910
1789914900,2026-09-20 23:35:00,119.82,119.9,119.8,119.85,21767
1789915200,2026-09-20 23:40:00,119.87,119.93,119.85,119.88,13093
1789915500,2026-09-20 23:45:00,119.87,119.98,119.84,119.94,12200
1789915800,2026-09-20 23:50:00,119.97,120.07,119.97,120.06,9331
1789916100,2026-09-20 23:55:00,120.02,120.03,119.97,119.97,3469
1789916400,2026-09-21 00:00:00,119.99,120.35,119.97,120.29,28448
1789916700,2026-09-21 00:05:00,120.26,120.32,120.12,120.16,16986
1789917000,2026-09-21 00:10:00,120.17,120.24,120.12,120.14,11469
1789917300,2026-09-21 00:15:00,120.14,120.55,120.14,120.47,14138
1789917600,2026-09-21 00:20:00,120.44,120.45,120.26,120.26,9484
1789917900,2026-09-21 00:25:00,120.28,120.29,119.99,120.02,63599
1789918200,2026-09-21 00:30:00,120,120.04,119.86,119.86,29867
1789918500,2026-09-21 00:35:00,119.82,120.02,119.82,119.98,10498
1789918800,2026-09-21 00:40:00,119.98,120.09,119.98,120.07,2850
1789919100,2026-09-21 00:45:00,120.07,120.23,120.07,120.21,27004
1789919400,2026-09-21 00:50:00,120.21,120.3,120.21,120.24,36324
1789919700,2026-09-21 00:55:00,120.24,120.65,120.23,120.61,45272
1789920000,2026-09-21 01:00:00,120.6,120.64,120.4,120.4,30964
1789920300,2026-09-21 01:05:00,120.4,120.72,120.37,120.66,23735
1789920600,2026-09-21 01:10:00,120.69,120.9,120.69,120.88,36021
1789920900,2026-09-21 01:15:00,120.86,120.92,120.8,120.8,28037
1789921200,2026-09-21 01:20:00,120.77,120.9,120.67,120.87,17391
1789921500,2026-09-21 01:25:00,120.88,120.91,120.76,120.77,33637
1789921800,2026-09-21 01:30:00,120.74,120.96,120.73,120.9,38205
1789922100,2026-09-21 01:35:00,120.89,120.99,120.78,120.93,21422
1789922400,2026-09-21 01:40:00,120.93,120.97,120.85,120.87,12892
1789922700,2026-09-21 01:45:00,120.88,120.88,120.67,120.81,13174
1789923000,2026-09-21 01:50:00,120.81,120.93,120.79,120.93,16237
1789923300,2026-09-21 01:55:00,120.95,121.14,120.9,121.14,43338
1789923600,2026-09-21 02:00:00,121.13,121.17,121.01,121.06,31434
1789923900,2026-09-21 02:05:00,121.06,121.07,120.95,120.96,18197
1789924200,2026-09-21 02:10:00,120.97,121.08,120.95,120.99,8008
1789924500,2026-09-21 02:15:00,121.01,121.31,120.99,121.28,10136
1789924800,2026-09-21 02:20:00,121.24,121.63,121.23,121.57,26005
1789925100,2026-09-21 02:25:00,121.58,121.66,121.33,121.36,40505
1789925400,2026-09-21 02:30:00,121.33,121.47,121.14,121.21,21528
1789925700,2026-09-21 02:35:00,121.12,121.27,121.12,121.15,9779
1789926000,2026-09-21 02:40:00,121.15,121.32,121.14,121.27,10530
1789926300,2026-09-21 02:45:00,121.23,121.32,121.12,121.2,9683
1789926600,2026-09-21 02:50:00,121.2,121.23,121.12,121.19,4090
1789926900,2026-09-21 02:55:00,121.19,121.22,121.11,121.21,19890
1789927200,2026-09-21 03:00:00,121.21,121.25,121.13,121.2,8195
1789927500,2026-09-21 03:05:00,121.19,121.3,121.13,121.22,3170
1789927800,2026-09-21 03:10:00,121.26,121.31,121.19,121.24,3421
1789928100,2026-09-21 03:15:00,121.24,121.49,121.2,121.49,52036
1789928400,2026-09-21 03:20:00,121.49,121.56,121.47,121.54,4902
1789928700,2026-09-21 03:25:00,121.54,121.54,121.22,121.28,46641
1789929000,2026-09-21 03:30:00,121.29,121.35,121.24,121.34,25546
1789929300,2026-09-21 03:35:00,121.34,121.35,121.25,121.27,8066
1789929600,2026-09-21 03:40:00,121.31,121.5,121.31,121.48,8483
1789929900,2026-09-21 03:45:00,121.43,121.58,121.43,121.57,3908
1789930200,2026-09-21 03:50:00,121.58,121.58,121.42,121.56,6658
1789930500,2026-09-21 03:55:00,121.57,121.64,121.49,121.57,11375
1789930800,2026-09-21 04:00:00,121.59,121.68,121.57,121.58,46683
1789931100,2026-09-21 04:05:00,121.58,121.66,121.45,121.57,247221
1789931400,2026-09-21 04:10:00,121.56,121.59,121.45,121.59,27414
1789931700,2026-09-21 04:15:00,121.61,121.69,121.61,121.65,6346
1789932000,2026-09-21 04:20:00,121.61,121.74,121.61,121.7,23805
1789932300,2026-09-21 04:25:00,121.7,121.86,121.69,121.86,8261
1789932600,2026-09-21 04:30:00,121.87,121.9,121.74,121.89,5294
1789932900,2026-09-21 04:35:00,121.89,121.92,121.77,121.84,10950
1789933200,2026-09-21 04:40:00,121.84,121.92,121.79,121.83,32190
1789933500,2026-09-21 04:45:00,121.83,121.84,121.76,121.82,40103
1789933800,2026-09-21 04:50:00,121.82,121.89,121.77,121.89,23722
1789934100,2026-09-21 04:55:00,121.9,121.91,121.79,121.87,13296
1789934400,2026-09-21 05:00:00,121.91,121.98,121.9,121.92,24502
1789934700,2026-09-21 05:05:00,121.91,121.98,121.91,121.94,7868
1789935000,2026-09-21 05:10:00,121.95,121.97,121.92,121.95,2966
1789935300,2026-09-21 05:15:00,121.95,122,121.88,121.93,13525
1789935600,2026-09-21 05:20:00,121.92,122.09,121.91,122.06,25066
1789935900,2026-09-21 05:25:00,122.06,122.23,122.06,122.08,25155
1789936200,2026-09-21 05:30:00,122.06,122.18,122.02,122.14,17064
1789936500,2026-09-21 05:35:00,122.12,122.23,122.1,122.14,24575
1789936800,2026-09-21 05:40:00,122.14,122.21,122.1,122.11,22367
1789937100,2026-09-21 05:45:00,122.11,122.11,121.94,122.03,18109
1789937400,2026-09-21 05:50:00,122.06,122.07,122.01,122.04,27651
1789937700,2026-09-21 05:55:00,122.04,122.04,121.86,121.86,8746
1789938000,2026-09-21 06:00:00,121.87,121.95,121.56,121.77,12567
1789938300,2026-09-21 06:05:00,121.79,122.08,121.79,121.93,17844
1789938600,2026-09-21 06:10:00,121.94,121.96,121.58,121.61,40878
1789938900,2026-09-21 06:15:00,121.63,121.79,121.63,121.77,39944
1789939200,2026-09-21 06:20:00,121.77,121.82,121.58,121.81,40147
1789939500,2026-09-21 06:25:00,121.82,121.86,121.7,121.85,57679
1789939800,2026-09-21 06:30:00,121.85,121.93,121.83,121.92,20996
1789940100,2026-09-21 06:35:00,121.91,121.92,121.78,121.82,11910
1789940400,2026-09-21 06:40:00,121.84,121.91,121.77,121.86,17124
1789940700,2026-09-21 06:45:00,121.84,121.88,121.82,121.86,7915
1789941000,2026-09-21 06:50:00,121.87,121.87,121.81,121.86,4023
1789941300,2026-09-21 06:55:00,121.86,121.89,121.84,121.87,4606
1789941600,2026-09-21 07:00:00,121.88,122.39,121.88,122.26,69963
1789941900,2026-09-21 07:05:00,122.35,122.62,122.2,122.22,102867
1789942200,2026-09-21 07:10:00,122.26,123.08,122.22,123,45350
1789942500,2026-09-21 07:15:00,122.99,122.99,122.4,122.46,44977
1789942800,2026-09-21 07:20:00,122.51,122.52,122.25,122.33,11881
1789943100,2026-09-21 07:25:00,122.29,122.51,122.29,122.49,19975
1789943400,2026-09-21 07:30:00,122.49,122.89,122.47,122.89,18937
1789943700,2026-09-21 07:35:00,122.88,123.02,122.71,122.73,33957
1789944000,2026-09-21 07:40:00,122.72,123.1,122.72,122.92,92716
1789944300,2026-09-21 07:45:00,122.91,123.09,122.8,122.89,23085
1789944600,2026-09-21 07:50:00,122.92,122.97,122.79,122.96,21295
1789944900,2026-09-21 07:55:00,122.98,125.36,122.98,125.27,462668
1789945200,2026-09-21 08:00:00,125.27,126.21,124.83,126.1,213927
1789945500,2026-09-21 08:05:00,126.16,126.16,125.29,125.4,308194
1789945800,2026-09-21 08:10:00,125.37,125.74,125.3,125.68,297831
1789946100,2026-09-21 08:15:00,125.68,125.7,125.26,125.68,188299
1789946400,2026-09-21 08:20:00,125.64,125.99,125.47,125.68,101416
1789946700,2026-09-21 08:25:00,125.61,125.81,125.48,125.6,174450
1789947000,2026-09-21 08:30:00,125.62,125.62,125.31,125.35,138378
1789947300,2026-09-21 08:35:00,125.35,125.37,125.17,125.29,168797
1789947600,2026-09-21 08:40:00,125.28,125.96,125.27,125.81,177478
1789947900,2026-09-21 08:45:00,125.81,125.82,125.2,125.27,136406
1789948200,2026-09-21 08:50:00,125.26,125.36,125.1,125.13,146340
1789948500,2026-09-21 08:55:00,125.14,125.24,124.68,124.71,151350
1789948800,2026-09-21 09:00:00,124.71,126.6,124.67,126.55,644274
1789949100,2026-09-21 09:05:00,126.56,127.11,126.25,126.45,353286
1789949400,2026-09-21 09:10:00,126.44,126.68,126.33,126.36,156309
1789949700,2026-09-21 09:15:00,126.37,126.39,125.37,125.5,233150
1789950000,2026-09-21 09:20:00,125.49,126.65,125.36,126.51,190897
1789950300,2026-09-21 09:25:00,126.51,126.93,126.37,126.56,105196
1789950600,2026-09-21 09:30:00,126.56,127.16,126.56,127.09,133491
1789950900,2026-09-21 09:35:00,127.1,127.62,127,127.44,110583
1789951200,2026-09-21 09:40:00,127.49,127.49,126.79,127,83685
1789951500,2026-09-21 09:45:00,126.98,127.34,126.81,127.16,74451
1789951800,2026-09-21 09:50:00,127.2,127.38,127.06,127.12,26734
1789952100,2026-09-21 09:55:00,127.13,127.8,127.07,127.68,63964
1789952400,2026-09-21 10:00:00,127.74,128.47,127.62,128.47,109479
1789952700,2026-09-21 10:05:00,128.47,128.65,128.24,128.51,92354
1789953000,2026-09-21 10:10:00,128.51,128.57,128.19,128.57,98831
1789953300,2026-09-21 10:15:00,128.61,128.93,128.5,128.54,79777
1789953600,2026-09-21 10:20:00,128.55,128.66,128.26,128.66,63391
1789953900,2026-09-21 10:25:00,128.66,129.03,128.53,128.72,74129
1789954200,2026-09-21 10:30:00,128.68,128.83,128.58,128.75,36016
1789954500,2026-09-21 10:35:00,128.77,128.95,128.54,128.69,49002
1789954800,2026-09-21 10:40:00,128.7,128.75,128.39,128.58,42842
1789955100,2026-09-21 10:45:00,128.57,128.59,127.83,127.91,47463
1789955400,2026-09-21 10:50:00,127.89,128.2,127.67,127.94,50556
1789955700,2026-09-21 10:55:00,127.93,128.01,127.28,127.37,105244
1789956000,2026-09-21 11:00:00,127.34,127.52,127,127.4,83868
1789956300,2026-09-21 11:05:00,127.39,127.97,127.37,127.95,45211
1789956600,2026-09-21 11:10:00,127.94,127.97,127.75,127.77,22640
1789956900,2026-09-21 11:15:00,127.81,127.91,127.58,127.82,30731
1789957200,2026-09-21 11:20:00,127.78,128.03,127.7,127.8,4177
1789957500,2026-09-21 11:25:00,127.82,128.37,127.82,128.34,36819
1789957800,2026-09-21 11:30:00,128.26,128.32,127.64,127.69,28348
1789958100,2026-09-21 11:35:00,127.68,127.72,127.53,127.66,44188
1789958400,2026-09-21 11:40:00,127.66,128.08,127.52,127.93,42120
1789958700,2026-09-21 11:45:00,127.97,128.25,127.86,128.15,28135
1789959000,2026-09-21 11:50:00,128.19,128.2,127.61,127.74,13911
1789959300,2026-09-21 11:55:00,127.76,127.88,127.6,127.81,25048
1789959600,2026-09-21 12:00:00,127.78,128.11,127.76,128.02,18142
1789959900,2026-09-21 12:05:00,128.04,128.09,127.76,127.81,12350
1789960200,2026-09-21 12:10:00,127.77,127.9,127.67,127.9,9878
1789960500,2026-09-21 12:15:00,127.9,128.16,127.83,128.05,56564
1789960800,2026-09-21 12:20:00,128.05,128.13,127.86,127.91,33919
1789961100,2026-09-21 12:25:00,127.9,128.03,127.7,127.73,26856
1789961400,2026-09-21 12:30:00,127.73,127.78,127.47,127.68,48172
1789961700,2026-09-21 12:35:00,127.68,127.76,127.38,127.66,42592
1789962000,2026-09-21 12:40:00,127.66,127.73,127.59,127.7,13836
1789962300,2026-09-21 12:45:00,127.71,127.9,127.66,127.68,45357
1789962600,2026-09-21 12:50:00,127.65,127.88,127.61,127.85,18121
1789962900,2026-09-21 12:55:00,127.86,127.86,127.58,127.63,16646
1789963200,2026-09-21 13:00:00,127.65,127.77,127.45,127.47,25517
1789963500,2026-09-21 13:05:00,127.44,127.45,126.96,127.28,120767
1789963800,2026-09-21 13:10:00,127.29,127.29,127.02,127.21,48763
1789964100,2026-09-21 13:15:00,127.2,127.66,127.17,127.63,42722
1789964400,2026-09-21 13:20:00,127.64,127.66,127.37,127.57,12532
1789964700,2026-09-21 13:25:00,127.57,127.57,127.43,127.44,8148
1789965000,2026-09-21 13:30:00,127.46,127.47,127.12,127.39,23532
1789965300,2026-09-21 13:35:00,127.4,127.41,127.2,127.25,19706
1789965600,2026-09-21 13:40:00,127.31,127.66,127.31,127.56,6280
1789965900,2026-09-21 13:45:00,127.56,127.84,127.46,127.8,17985
1789966200,2026-09-21 13:50:00,127.75,128.08,127.75,127.89,54778
1789966500,2026-09-21 13:55:00,127.89,128.04,127.67,127.73,33513
1789966800,2026-09-21 14:00:00,127.74,127.74,127.26,127.27,36372
1789967100,2026-09-21 14:05:00,127.25,127.49,127.23,127.43,28739
1789967400,2026-09-21 14:10:00,127.39,127.56,127.15,127.24,31363
1789967700,2026-09-21 14:15:00,127.19,127.32,126.97,127.31,26375
1789968000,2026-09-21 14:20:00,127.31,127.55,127.28,127.48,21953
1789968300,2026-09-21 14:25:00,127.47,127.47,127.15,127.15,20029
1789968600,2026-09-21 14:30:00,127.14,127.56,127.14,127.44,28995
1789968900,2026-09-21 14:35:00,127.44,127.72,127.34,127.58,17073
1789969200,2026-09-21 14:40:00,127.61,127.97,127.59,127.78,59472
1789969500,2026-09-21 14:45:00,127.77,127.97,127.68,127.76,39981
1789969800,2026-09-21 14:50:00,127.8,127.97,127.69,127.8,17485
1789970100,2026-09-21 14:55:00,127.8,127.82,127.55,127.59,10298
1789970400,2026-09-21 15:00:00,127.59,128.02,127.59,128.02,8623
1789970700,2026-09-21 15:05:00,127.99,128.26,127.92,128.22,44507
1789971000,2026-09-21 15:10:00,128.22,128.47,128.1,128.33,41893
1789971300,2026-09-21 15:15:00,128.33,128.56,128.23,128.45,22777
1789971600,2026-09-21 15:20:00,128.47,128.51,128.31,128.4,8563
1789971900,2026-09-21 15:25:00,128.42,128.55,128.19,128.23,18767
1789972200,2026-09-21 15:30:00,128.28,128.39,128.14,128.25,12283
1789972500,2026-09-21 15:35:00,128.27,128.45,128.2,128.36,16743
1789972800,2026-09-21 15:40:00,128.35,128.52,128.3,128.37,29818
1789973100,2026-09-21 15:45:00,128.42,128.87,128.42,128.84,42610
1789973400,2026-09-21 15:50:00,128.85,128.86,128.46,128.68,36238
1789973700,2026-09-21 15:55:00,128.7,129.1,128.69,129.07,60919
1789974000,2026-09-21 16:00:00,129.04,129.42,128.77,129.4,155434
1789974300,2026-09-21 16:05:00,129.41,129.42,129.14,129.25,46999
1789974600,2026-09-21 16:10:00,129.25,129.28,128.86,129.22,39841
1789974900,2026-09-21 16:15:00,129.24,129.29,128.99,129.11,25488
1789975200,2026-09-21 16:20:00,129.1,129.1,128.75,128.78,35852
1789975500,2026-09-21 16:25:00,128.74,129.06,128.61,129.05,72411
1789975800,2026-09-21 16:30:00,129.06,129.21,128.93,128.98,61594
1789976100,2026-09-21 16:35:00,129.01,129.14,128.85,128.87,56043
1789976400,2026-09-21 16:40:00,128.86,128.98,128.69,128.81,38817
1789976700,2026-09-21 16:45:00,128.75,128.95,128.64,128.89,34738
1789977000,2026-09-21 16:50:00,128.89,129.53,128.89,129.51,116650
1789977300,2026-09-21 16:55:00,129.5,129.73,129.38,129.71,118292
1789977600,2026-09-21 17:00:00,129.67,131.09,129.22,130.71,499794
1789977900,2026-09-21 17:05:00,130.74,131.34,130.29,131.33,217693
1789978200,2026-09-21 17:10:00,131.33,131.44,130.96,131.05,96040
1789978500,2026-09-21 17:15:00,131.08,131.16,130.71,130.82,42656
1789978800,2026-09-21 17:20:00,130.83,131.21,130.67,131.14,63535
1789979100,2026-09-21 17:25:00,131.13,131.21,130.88,131.03,53557
1789979400,2026-09-21 17:30:00,131.03,131.82,130.99,131.63,144720
1789979700,2026-09-21 17:35:00,131.61,131.78,131.47,131.58,94183
1789980000,2026-09-21 17:40:00,131.58,131.69,131.41,131.54,48834
1789980300,2026-09-21 17:45:00,131.53,131.71,131.36,131.63,47002
1789980600,2026-09-21 17:50:00,131.65,132.08,131.48,131.8,224614
1789980900,2026-09-21 17:55:00,131.82,132.28,131.68,132.23,110259
1789981200,2026-09-21 18:00:00,132.19,132.3,132.06,132.06,135151
1789981500,2026-09-21 18:05:00,132.04,132.69,131.96,132.4,92770
1789981800,2026-09-21 18:10:00,132.4,132.64,132.26,132.27,124920
1789982100,2026-09-21 18:15:00,132.3,132.5,131.98,132.1,44893
1789982400,2026-09-21 18:20:00,132.11,132.84,132.04,132.8,95654
1789982700,2026-09-21 18:25:00,132.79,133.01,132.67,132.67,137954
1789983000,2026-09-21 18:30:00,132.67,132.81,132.57,132.73,63918
1789983300,2026-09-21 18:35:00,132.74,132.93,132.6,132.91,49718
1789983600,2026-09-21 18:40:00,132.89,133.1,132.8,132.93,48594
1789983900,2026-09-21 18:45:00,132.91,133.01,132.69,132.76,69880
1789984200,2026-09-21 18:50:00,132.77,132.87,132.4,132.57,79410
1789984500,2026-09-21 18:55:00,132.56,132.56,132.02,132.06,99099
1789984800,2026-09-21 19:00:00,132.08,132.45,131.98,132.45,71807
1789985100,2026-09-21 19:05:00,132.46,132.48,132.15,132.34,46478
1789985400,2026-09-21 19:10:00,132.34,132.34,132.1,132.26,47168
1789985700,2026-09-21 19:15:00,132.28,132.55,132.28,132.36,71056
1789986000,2026-09-21 19:20:00,132.35,132.35,132.07,132.15,23839
1789986300,2026-09-21 19:25:00,132.13,132.34,132.07,132.28,58804
1789986600,2026-09-21 19:30:00,132.28,132.89,132.08,132.89,84272
1789986900,2026-09-21 19:35:00,132.89,133.1,132.69,132.9,62481
1789987200,2026-09-21 19:40:00,132.87,132.87,132.54,132.55,44724
1789987500,2026-09-21 19:45:00,132.57,132.7,132.4,132.45,49034
1789987800,2026-09-21 19:50:00,132.41,132.57,132.36,132.41,82072
1789988100,2026-09-21 19:55:00,132.39,132.43,131.99,132.13,78202
1789988400,2026-09-21 20:00:00,132.11,132.28,131.78,131.86,126811
1789988700,2026-09-21 20:05:00,131.86,131.92,131.43,131.74,105690
1789989000,2026-09-21 20:10:00,131.7,131.95,131.44,131.89,102435
1789989300,2026-09-21 20:15:00,131.89,132.27,131.83,132.02,75763
1789989600,2026-09-21 20:20:00,132.02,132.02,131.25,131.28,53859
1789989900,2026-09-21 20:25:00,131.29,131.58,131.01,131.57,56767
1789990200,2026-09-21 20:30:00,131.56,131.86,131.4,131.81,47367
1789990500,2026-09-21 20:35:00,131.77,131.79,131.25,131.49,52545
1789990800,2026-09-21 20:40:00,131.5,131.64,131.24,131.61,55899
1789991100,2026-09-21 20:45:00,131.62,132.23,131.58,132.21,51320
1789991400,2026-09-21 20:50:00,132.2,132.78,132.16,132.72,87973
1789991700,2026-09-21 20:55:00,132.72,132.93,132.53,132.69,92216
1789992000,2026-09-21 21:00:00,132.66,133.39,132.66,133.34,107313
1789992300,2026-09-21 21:05:00,133.32,133.54,132.91,132.98,85919
1789992600,2026-09-21 21:10:00,132.96,133.39,132.92,133.01,57044
1789992900,2026-09-21 21:15:00,133.06,133.31,132.91,133.2,60852
1789993200,2026-09-21 21:20:00,133.19,133.19,132.62,132.62,48378
1789993500,2026-09-21 21:25:00,132.62,132.65,132.23,132.24,69941
1789993800,2026-09-21 21:30:00,132.2,132.66,132.14,132.42,61520
1789994100,2026-09-21 21:35:00,132.4,132.82,132.31,132.74,59295
1789994400,2026-09-21 21:40:00,132.75,133.31,132.66,133.3,92315
1789994700,2026-09-21 21:45:00,133.3,133.31,132.78,132.86,71894
1789995000,2026-09-21 21:50:00,132.9,133.04,132.81,132.99,41472
1789995300,2026-09-21 21:55:00,132.94,133,132.45,132.46,46672
1789995600,2026-09-21 22:00:00,132.46,133.01,132.27,132.92,78065
1789995900,2026-09-21 22:05:00,132.91,132.94,132.52,132.74,56376
1789996200,2026-09-21 22:10:00,132.72,132.72,132.09,132.19,52878
1789996500,2026-09-21 22:15:00,132.2,132.5,132.18,132.48,65155
1789996800,2026-09-21 22:20:00,132.48,132.48,131.9,131.99,63358
1789997100,2026-09-21 22:25:00,131.98,133.24,131.8,132.13,470699
1789997400,2026-09-21 22:30:00,132.13,133.26,129.77,130.77,1211619
1789997700,2026-09-21 22:35:00,130.8,133.35,130.16,133.15,1045210
1789998000,2026-09-21 22:40:00,133.18,134.19,133.05,133.73,887964
1789998300,2026-09-21 22:45:00,133.73,134.74,133.71,134.19,565887
1789998600,2026-09-21 22:50:00,134.16,134.81,134.04,134.69,340643
1789998900,2026-09-21 22:55:00,134.71,134.84,134.19,134.41,270586
1789999200,2026-09-21 23:00:00,134.45,134.93,134.25,134.38,338231
1789999500,2026-09-21 23:05:00,134.32,134.46,133.45,133.59,526404
1789999800,2026-09-21 23:10:00,133.64,135.05,133.64,134.97,479574
1790000100,2026-09-21 23:15:00,134.99,135.58,134.93,135.34,335174
1790000400,2026-09-21 23:20:00,135.35,135.89,134.82,135.86,254459
1790000700,2026-09-21 23:25:00,135.89,136.58,135.68,136.41,403788
1790001000,2026-09-21 23:30:00,136.49,136.79,136.21,136.4,307426
1790001300,2026-09-21 23:35:00,136.4,137.09,136.4,136.64,171288
1790001600,2026-09-21 23:40:00,136.64,136.69,135.95,136.5,187379
1790001900,2026-09-21 23:45:00,136.5,136.8,136.25,136.25,118038
1790002200,2026-09-21 23:50:00,136.23,136.31,135.7,136.21,228133
1790002500,2026-09-21 23:55:00,136.21,137.31,136.11,137.28,265193
1790002800,2026-09-22 00:00:00,137.27,138.51,137.25,138.51,565694
1790003100,2026-09-22 00:05:00,138.52,138.8,138.17,138.58,488427
1790003400,2026-09-22 00:10:00,138.59,139.27,138.43,139.12,344734
1790003700,2026-09-22 00:15:00,139.16,139.25,138.63,138.71,424312
1790004000,2026-09-22 00:20:00,138.74,138.96,138.51,138.92,153098
1790004300,2026-09-22 00:25:00,138.88,139.61,138.88,139.58,184753
1790004600,2026-09-22 00:30:00,139.56,139.82,139.41,139.42,264525
1790004900,2026-09-22 00:35:00,139.45,139.85,139.35,139.8,334770
1790005200,2026-09-22 00:40:00,139.78,139.92,139.38,139.53,127755
1790005500,2026-09-22 00:45:00,139.54,139.62,139.34,139.46,108543
1790005800,2026-09-22 00:50:00,139.41,139.61,138.98,139,158295
1790006100,2026-09-22 00:55:00,139,139.07,138.68,138.92,58279
1790006400,2026-09-22 01:00:00,138.87,139.06,138.48,139.03,152984
1790006700,2026-09-22 01:05:00,139.03,139.32,138.81,139.26,110392
1790007000,2026-09-22 01:10:00,139.27,139.56,139.13,139.29,116894
1790007300,2026-09-22 01:15:00,139.34,139.43,139.09,139.23,79674
1790007600,2026-09-22 01:20:00,139.22,139.7,139.08,139.64,71175
1790007900,2026-09-22 01:25:00,139.64,139.93,139.53,139.77,156912
1790008200,2026-09-22 01:30:00,139.78,140.4,139.73,140.36,283305
1790008500,2026-09-22 01:35:00,140.35,140.42,139.66,139.84,122459
1790008800,2026-09-22 01:40:00,139.81,140.04,139.67,139.67,60265
1790009100,2026-09-22 01:45:00,139.67,140.01,139.67,139.89,45310
1790009400,2026-09-22 01:50:00,139.87,139.94,139.68,139.93,62494
1790009700,2026-09-22 01:55:00,139.93,140.25,139.89,140.23,113703
1790010000,2026-09-22 02:00:00,140.23,140.39,140.14,140.29,64159
1790010300,2026-09-22 02:05:00,140.36,140.45,139.78,139.85,57114
1790010600,2026-09-22 02:10:00,139.86,139.88,139.63,139.79,43680
1790010900,2026-09-22 02:15:00,139.82,139.88,139.43,139.63,170782
1790011200,2026-09-22 02:20:00,139.6,139.71,138.96,138.97,69960
1790011500,2026-09-22 02:25:00,138.99,139.36,138.77,139.3,139835
1790011800,2026-09-22 02:30:00,139.33,139.49,139.18,139.25,126354
1790012100,2026-09-22 02:35:00,139.3,139.66,139.2,139.61,52012
1790012400,2026-09-22 02:40:00,139.61,139.82,139.53,139.78,56458
1790012700,2026-09-22 02:45:00,139.81,140.08,139.73,139.94,40360
1790013000,2026-09-22 02:50:00,139.92,140.12,139.89,140.11,42331
1790013300,2026-09-22 02:55:00,140.07,140.16,139.7,139.81,43121
1790013600,2026-09-22 03:00:00,139.82,140.35,139.79,140.35,68859
1790013900,2026-09-22 03:05:00,140.37,140.47,140.16,140.18,109499
1790014200,2026-09-22 03:10:00,140.19,140.64,140.17,140.63,101731
1790014500,2026-09-22 03:15:00,140.6,140.9,140.51,140.88,121743
1790014800,2026-09-22 03:20:00,140.88,141.13,140.83,140.92,86646
1790015100,2026-09-22 03:25:00,140.92,140.92,140.65,140.92,45189
1790015400,2026-09-22 03:30:00,140.95,141.07,140.54,140.62,45352
1790015700,2026-09-22 03:35:00,140.66,141.28,140.66,141.28,43891
1790016000,2026-09-22 03:40:00,141.26,141.26,141,141.07,39902
1790016300,2026-09-22 03:45:00,141.17,141.31,141.09,141.25,27095
1790016600,2026-09-22 03:50:00,141.25,141.54,141.05,141.44,59024
1790016900,2026-09-22 03:55:00,141.49,141.66,141.32,141.62,49505
1790017200,2026-09-22 04:00:00,141.63,141.87,141.19,141.19,64273
1790017500,2026-09-22 04:05:00,141.21,141.94,141.2,141.64,75419
1790017800,2026-09-22 04:10:00,141.62,142.29,141.53,142.28,67597
1790018100,2026-09-22 04:15:00,142.27,142.66,142.23,142.48,115436
1790018400,2026-09-22 04:20:00,142.44,142.59,142.17,142.18,50792
1790018700,2026-09-22 04:25:00,142.21,142.3,141.9,141.9,37597
1790019000,2026-09-22 04:30:00,141.9,142.94,141.84,142.92,63041
1790019300,2026-09-22 04:35:00,142.91,143.89,142.91,143.87,112579
1790019600,2026-09-22 04:40:00,143.87,144.1,143.34,143.45,159711
1790019900,2026-09-22 04:45:00,143.39,143.46,142.88,143.08,46985
1790020200,2026-09-22 04:50:00,143.08,143.21,142.59,142.75,191675
1790020500,2026-09-22 04:55:00,142.69,143.24,141.95,142.09,107753
1790020800,2026-09-22 05:00:00,142.06,142.18,141.58,141.6,72192
1790021100,2026-09-22 05:05:00,141.6,142.01,141.49,141.85,59970
1790021400,2026-09-22 05:10:00,141.89,141.98,141.53,141.58,41127
1790021700,2026-09-22 05:15:00,141.58,141.58,141.27,141.48,67784
1790022000,2026-09-22 05:20:00,141.43,141.49,141.2,141.42,60026
1790022300,2026-09-22 05:25:00,141.43,141.73,141.39,141.55,29515
1790022600,2026-09-22 05:30:00,141.63,141.63,141.42,141.53,27428
1790022900,2026-09-22 05:35:00,141.52,141.69,141.35,141.45,143561
1790023200,2026-09-22 05:40:00,141.46,141.5,141.3,141.42,80847
1790023500,2026-09-22 05:45:00,141.4,141.51,141.35,141.47,26101
1790023800,2026-09-22 05:50:00,141.47,141.6,141.36,141.51,23520
1790024100,2026-09-22 05:55:00,141.49,141.83,141.43,141.76,27296
1790024400,2026-09-22 06:00:00,141.75,141.78,141.59,141.67,16231
1790024700,2026-09-22 06:05:00,141.69,141.86,141.65,141.82,24579
1790025000,2026-09-22 06:10:00,141.82,141.88,141.71,141.78,25587
1790025300,2026-09-22 06:15:00,141.78,141.85,141.65,141.76,37137
1790025600,2026-09-22 06:20:00,141.79,141.99,141.72,141.96,19414
1790025900,2026-09-22 06:25:00,141.95,141.97,141.89,141.94,18961
1790026200,2026-09-22 06:30:00,141.94,142.33,141.91,142.25,18960
1790026500,2026-09-22 06:35:00,142.25,142.31,142.23,142.29,19519
1790026800,2026-09-22 06:40:00,142.23,142.39,142.2,142.23,31755
1790027100,2026-09-22 06:45:00,142.24,142.24,141.99,142.03,18539
1790027400,2026-09-22 06:50:00,142.04,142.23,142.04,142.23,13691
1790027700,2026-09-22 06:55:00,142.21,142.21,142.05,142.18,9002
1790028000,2026-09-22 07:00:00,142.19,142.46,142.1,142.46,23971
1790028300,2026-09-22 07:05:00,142.5,142.68,142.47,142.52,23962
1790028600,2026-09-22 07:10:00,142.5,142.83,142.24,142.83,37284
1790028900,2026-09-22 07:15:00,142.85,143.07,142.79,143.02,55272
1790029200,2026-09-22 07:20:00,142.96,143.2,142.92,143.08,23006
1790029500,2026-09-22 07:25:00,143.14,143.35,143,143.27,19209
1790029800,2026-09-22 07:30:00,143.32,143.61,143.3,143.48,63933
1790030100,2026-09-22 07:35:00,143.5,143.5,143.22,143.23,22804
1790030400,2026-09-22 07:40:00,143.23,143.38,143.06,143.37,19955
1790030700,2026-09-22 07:45:00,143.38,143.38,143.14,143.35,18348
1790031000,2026-09-22 07:50:00,143.31,143.47,143.15,143.45,19515
1790031300,2026-09-22 07:55:00,143.45,143.59,143.38,143.43,23266
1790031600,2026-09-22 08:00:00,143.48,144.15,143.47,143.98,60923
1790031900,2026-09-22 08:05:00,143.97,144.27,143.93,144.23,179107
1790032200,2026-09-22 08:10:00,144.22,144.55,144.18,144.3,437934
1790032500,2026-09-22 08:15:00,144.25,144.54,144.25,144.54,41742
1790032800,2026-09-22 08:20:00,144.53,144.64,144.41,144.53,61717
1790033100,2026-09-22 08:25:00,144.58,144.67,144.33,144.57,156444
1790033400,2026-09-22 08:30:00,144.55,144.67,144.44,144.53,84251
1790033700,2026-09-22 08:35:00,144.54,144.85,144.47,144.81,159753
1790034000,2026-09-22 08:40:00,144.8,144.95,144.53,144.58,86341
1790034300,2026-09-22 08:45:00,144.58,144.69,144.43,144.63,48696
1790034600,2026-09-22 08:50:00,144.62,144.94,144.57,144.75,33771
1790034900,2026-09-22 08:55:00,144.77,144.85,144.65,144.74,31655
1790035200,2026-09-22 09:00:00,144.74,145.76,144.24,145.3,597770
1790035500,2026-09-22 09:05:00,145.28,146.28,145,146.28,150299
1790035800,2026-09-22 09:10:00,146.29,146.86,146.2,146.47,285084
1790036100,2026-09-22 09:15:00,146.44,146.48,145.8,146.13,130343
1790036400,2026-09-22 09:20:00,146.13,146.16,145.44,145.55,68102
1790036700,2026-09-22 09:25:00,145.55,146.57,145.51,146.55,111404
1790037000,2026-09-22 09:30:00,146.52,147.1,146.09,146.09,117429
1790037300,2026-09-22 09:35:00,146.06,146.43,145.67,145.94,240361
1790037600,2026-09-22 09:40:00,145.97,146.64,145.97,146.39,83611
1790037900,2026-09-22 09:45:00,146.36,147.09,146.32,146.74,314630
1790038200,2026-09-22 09:50:00,146.71,147.06,146.48,147.02,78657
1790038500,2026-09-22 09:55:00,147.05,147.05,146.55,146.65,232237
1790038800,2026-09-22 10:00:00,146.6,146.71,145.68,145.79,362920
1790039100,2026-09-22 10:05:00,145.79,146.25,145.55,145.79,161810
1790039400,2026-09-22 10:10:00,145.73,145.76,145.19,145.44,205900
1790039700,2026-09-22 10:15:00,145.38,145.46,144.61,144.61,249397
1790040000,2026-09-22 10:20:00,144.6,144.83,144.09,144.67,265159
1790040300,2026-09-22 10:25:00,144.65,145.64,144.53,145.5,176341
1790040600,2026-09-22 10:30:00,145.5,145.98,145.34,145.92,122253
1790040900,2026-09-22 10:35:00,145.96,145.98,144.96,145.04,146657
1790041200,2026-09-22 10:40:00,145.04,145.56,144.93,144.93,103844
1790041500,2026-09-22 10:45:00,144.99,145.24,144.32,144.51,112870
1790041800,2026-09-22 10:50:00,144.47,145.28,144.47,145.12,75414
1790042100,2026-09-22 10:55:00,145.13,145.13,144.41,144.41,52389
1790042400,2026-09-22 11:00:00,144.44,145.47,144.44,145.43,194626
1790042700,2026-09-22 11:05:00,145.39,145.39,145.04,145.11,38493
1790043000,2026-09-22 11:10:00,145.1,145.19,144.86,145.1,44661
1790043300,2026-09-22 11:15:00,145.16,145.65,145.11,145.53,64633
1790043600,2026-09-22 11:20:00,145.56,145.74,145.18,145.33,39840
1790043900,2026-09-22 11:25:00,145.33,145.54,145.23,145.28,25235
1790044200,2026-09-22 11:30:00,145.28,145.34,144.87,144.99,43773
1790044500,2026-09-22 11:35:00,144.97,145.7,144.92,145.66,86198
1790044800,2026-09-22 11:40:00,145.67,145.93,145.64,145.67,66466
1790045100,2026-09-22 11:45:00,145.65,146.08,145.64,145.93,44666
1790045400,2026-09-22 11:50:00,145.94,146.18,145.83,146.11,52336
1790045700,2026-09-22 11:55:00,146.09,146.19,145.76,146.13,54096
1790046000,2026-09-22 12:00:00,146.11,146.17,145.77,146.01,53386
1790046300,2026-09-22 12:05:00,146.03,146.03,145.46,145.46,53964
1790046600,2026-09-22 12:10:00,145.52,145.82,145.45,145.72,60473
1790046900,2026-09-22 12:15:00,145.82,146.11,145.61,145.73,78171
1790047200,2026-09-22 12:20:00,145.74,145.81,145.64,145.64,42750
1790047500,2026-09-22 12:25:00,145.63,145.8,145.54,145.76,30476
1790047800,2026-09-22 12:30:00,145.77,145.8,145.18,145.33,29427
1790048100,2026-09-22 12:35:00,145.37,145.66,145.21,145.23,53634
1790048400,2026-09-22 12:40:00,145.23,145.28,144.91,144.97,43560
1790048700,2026-09-22 12:45:00,144.94,145.3,144.91,145.24,50875
1790049000,2026-09-22 12:50:00,145.21,145.28,144.77,144.77,51642
1790049300,2026-09-22 12:55:00,144.8,144.81,144.23,144.34,72846
1790049600,2026-09-22 13:00:00,144.28,144.6,143.96,144.22,106632
1790049900,2026-09-22 13:05:00,144.2,144.31,143.04,143.08,317837
1790050200,2026-09-22 13:10:00,143.08,143.82,142.51,143.42,161153
1790050500,2026-09-22 13:15:00,143.39,143.57,142.15,142.24,82808
1790050800,2026-09-22 13:20:00,142.16,142.2,141.46,141.78,293485
1790051100,2026-09-22 13:25:00,141.78,142.73,141.35,142.45,197715
1790051400,2026-09-22 13:30:00,142.41,142.5,141.04,141.19,104799
1790051700,2026-09-22 13:35:00,141.1,141.32,140.41,140.57,180278
1790052000,2026-09-22 13:40:00,140.53,141.27,140.18,140.7,168808
1790052300,2026-09-22 13:45:00,140.69,141.01,139.88,139.93,291633
1790052600,2026-09-22 13:50:00,139.97,140.7,139.51,140.33,277952
1790052900,2026-09-22 13:55:00,140.32,140.67,139.34,139.85,126937
1790053200,2026-09-22 14:00:00,139.89,141.22,139.63,140.94,204768
1790053500,2026-09-22 14:05:00,140.96,141.51,140.94,141.05,85807
1790053800,2026-09-22 14:10:00,141.01,141.01,140.16,140.29,72586
1790054100,2026-09-22 14:15:00,140.33,140.36,138.27,138.39,174499
1790054400,2026-09-22 14:20:00,138.39,139.57,138.3,138.5,510493
1790054700,2026-09-22 14:25:00,138.45,138.84,138.25,138.44,435134
1790055000,2026-09-22 14:30:00,138.46,138.83,137.73,138.14,387041
1790055300,2026-09-22 14:35:00,138.08,139.69,138.07,139.65,151975
1790055600,2026-09-22 14:40:00,139.62,139.9,138.67,139.32,90405
1790055900,2026-09-22 14:45:00,139.24,140.66,139.24,140.48,148075
1790056200,2026-09-22 14:50:00,140.48,140.61,139.32,139.46,159662
1790056500,2026-09-22 14:55:00,139.4,139.77,138.98,139.4,125547
1790056800,2026-09-22 15:00:00,139.39,139.97,138.35,138.35,122124
1790057100,2026-09-22 15:05:00,138.32,139.29,138.21,138.82,63411
1790057400,2026-09-22 15:10:00,138.88,138.99,137.84,138.23,79339
1790057700,2026-09-22 15:15:00,138.23,138.54,137.88,137.88,88729
1790058000,2026-09-22 15:20:00,137.86,138.11,137.57,137.67,54981
1790058300,2026-09-22 15:25:00,137.7,138.82,137.67,138.81,103272
1790058600,2026-09-22 15:30:00,138.81,139.14,138.46,138.89,109406
1790058900,2026-09-22 15:35:00,138.84,139.25,138.74,138.92,143141
1790059200,2026-09-22 15:40:00,138.87,139.44,138.47,138.8,298235
1790059500,2026-09-22 15:45:00,138.77,139.13,138.58,138.9,90326
1790059800,2026-09-22 15:50:00,138.93,139.4,138.85,138.88,38194
1790060100,2026-09-22 15:55:00,138.9,139.28,138.9,138.96,38060
1790060400,2026-09-22 16:00:00,138.97,139.17,138.48,138.82,131621
1790060700,2026-09-22 16:05:00,138.84,139.08,138.51,138.96,43020
1790061000,2026-09-22 16:10:00,139,139.23,138.61,138.89,55647
1790061300,2026-09-22 16:15:00,138.82,139.54,138.77,138.77,54514
1790061600,2026-09-22 16:20:00,138.78,138.93,138.51,138.66,433944
1790061900,2026-09-22 16:25:00,138.65,138.84,138.28,138.35,97884
1790062200,2026-09-22 16:30:00,138.36,138.56,138.11,138.22,95197
1790062500,2026-09-22 16:35:00,138.21,138.92,138.09,138.76,83206
1790062800,2026-09-22 16:40:00,138.77,138.89,138.54,138.86,41833
1790063100,2026-09-22 16:45:00,138.89,139.12,138.48,138.81,47417
1790063400,2026-09-22 16:50:00,138.81,139.22,138.72,139.19,33455
1790063700,2026-09-22 16:55:00,139.19,139.33,138.91,139.06,43056
1790064000,2026-09-22 17:00:00,139.1,139.21,137.07,137.07,436823
1790064300,2026-09-22 17:05:00,137.06,137.91,136.79,137.59,338717
1790064600,2026-09-22 17:10:00,137.61,138.15,137.23,137.99,220865
1790064900,2026-09-22 17:15:00,137.92,138.01,136.97,137.09,184956
1790065200,2026-09-22 17:20:00,137.17,137.19,136.42,136.57,363315
1790065500,2026-09-22 17:25:00,136.56,137.22,135.62,135.76,930305
1790065800,2026-09-22 17:30:00,135.76,136.39,135.46,136.19,656225
1790066100,2026-09-22 17:35:00,136.22,137.75,136.15,137.65,812911
1790066400,2026-09-22 17:40:00,137.66,138.39,137.45,138.31,379340
1790066700,2026-09-22 17:45:00,138.36,138.9,137.69,138.8,267611
1790067000,2026-09-22 17:50:00,138.8,139.13,138.54,138.85,298439
1790067300,2026-09-22 17:55:00,138.87,139.24,138.64,139.05,128674
1790067600,2026-09-22 18:00:00,138.93,139.7,138.66,138.75,273459
1790067900,2026-09-22 18:05:00,138.71,139.22,138.54,138.58,264463
1790068200,2026-09-22 18:10:00,138.58,139.24,138.42,138.72,326399
1790068500,2026-09-22 18:15:00,138.7,139.4,138.65,138.73,200426
1790068800,2026-09-22 18:20:00,138.74,138.86,138.44,138.61,81796
1790069100,2026-09-22 18:25:00,138.61,138.82,138.47,138.73,56747
1790069400,2026-09-22 18:30:00,138.79,139.22,138.68,138.93,159073
1790069700,2026-09-22 18:35:00,138.88,138.89,138.48,138.57,72882
1790070000,2026-09-22 18:40:00,138.56,139.22,138.48,139.11,54787
1790070300,2026-09-22 18:45:00,139.11,139.32,139.01,139.14,55431
1790070600,2026-09-22 18:50:00,139.17,141.12,139.11,141,824977
1790070900,2026-09-22 18:55:00,141.01,141.72,140.25,141.58,784064
1790071200,2026-09-22 19:00:00,141.58,141.61,141.06,141.56,428026
1790071500,2026-09-22 19:05:00,141.55,142.47,141.5,142.26,642959
1790071800,2026-09-22 19:10:00,142.27,142.43,141.25,141.35,315680
1790072100,2026-09-22 19:15:00,141.32,141.69,140.86,140.92,161838
1790072400,2026-09-22 19:20:00,140.92,140.97,140.48,140.62,144343
1790072700,2026-09-22 19:25:00,140.61,141.1,140.32,140.98,122643
1790073000,2026-09-22 19:30:00,140.93,141.05,140.5,140.74,170190
1790073300,2026-09-22 19:35:00,140.75,141.1,140.58,141.08,60432
1790073600,2026-09-22 19:40:00,141.08,141.71,141.06,141.37,97713
1790073900,2026-09-22 19:45:00,141.35,141.59,141.03,141.51,102577
1790074200,2026-09-22 19:50:00,141.52,141.67,141.02,141.03,101146
1790074500,2026-09-22 19:55:00,141.05,141.21,140.75,140.91,105170
1790074800,2026-09-22 20:00:00,140.96,141.53,140.33,140.51,127784
1790075100,2026-09-22 20:05:00,140.5,140.61,139.16,139.26,271719
1790075400,2026-09-22 20:10:00,139.33,140.23,139.2,139.9,367823
1790075700,2026-09-22 20:15:00,139.89,140.07,139.51,139.56,95502
1790076000,2026-09-22 20:20:00,139.61,139.93,139.35,139.75,87632
1790076300,2026-09-22 20:25:00,139.74,139.78,138.73,138.76,254729
1790076600,2026-09-22 20:30:00,138.78,139.35,138.75,139.08,190370
1790076900,2026-09-22 20:35:00,139.04,139.47,139.04,139.44,93099
1790077200,2026-09-22 20:40:00,139.44,139.69,139.08,139.1,102419
1790077500,2026-09-22 20:45:00,139.12,139.56,138.62,138.87,259591
1790077800,2026-09-22 20:50:00,138.89,138.92,138.22,138.26,184483
1790078100,2026-09-22 20:55:00,138.25,138.67,137.89,138.05,262536
1790078400,2026-09-22 21:00:00,138.06,138.42,137.68,138.16,198961
1790078700,2026-09-22 21:05:00,138.18,138.29,136.7,136.93,261969
1790079000,2026-09-22 21:10:00,136.94,137.46,136.94,137.04,264017
1790079300,2026-09-22 21:15:00,137.05,137.36,136.81,137.09,251241
1790079600,2026-09-22 21:20:00,137.08,137.66,137.01,137.4,155478
1790079900,2026-09-22 21:25:00,137.39,137.84,137.39,137.84,245501
1790080200,2026-09-22 21:30:00,137.76,138.04,137.39,137.99,569816
1790080500,2026-09-22 21:35:00,138,138.05,137.18,137.27,499898
1790080800,2026-09-22 21:40:00,137.25,137.62,137.11,137.12,103325
1790081100,2026-09-22 21:45:00,137.2,137.37,136.99,137,96537
1790081400,2026-09-22 21:50:00,137.06,137.3,136.97,137.29,80240
1790081700,2026-09-22 21:55:00,137.26,137.3,136.67,136.93,68253
1790082000,2026-09-22 22:00:00,136.89,137.28,136.63,137.07,69322
1790082300,2026-09-22 22:05:00,137.07,137.36,136.7,136.7,183177
1790082600,2026-09-22 22:10:00,136.71,136.86,136.39,136.44,110999
1790082900,2026-09-22 22:15:00,136.42,136.52,136.18,136.2,122722
1790083200,2026-09-22 22:20:00,136.2,137.15,136.04,137.08,150386
1790083500,2026-09-22 22:25:00,137.13,137.84,136.84,137.77,465639
1790083800,2026-09-22 22:30:00,137.77,142.17,137.55,142.1,1570795
1790084100,2026-09-22 22:35:00,142.13,143.29,141.48,141.9,1438875
1790084400,2026-09-22 22:40:00,141.81,143.59,141.8,143.05,673504
1790084700,2026-09-22 22:45:00,143.07,143.39,142.23,142.5,670833
1790085000,2026-09-22 22:50:00,142.47,144.81,142.43,144.77,483728
1790085300,2026-09-22 22:55:00,144.75,145.48,143.91,145.39,562956
1790085600,2026-09-22 23:00:00,145.4,145.55,144.4,145.03,509510
1790085900,2026-09-22 23:05:00,145.01,145.53,144.59,145.34,343870
1790086200,2026-09-22 23:10:00,145.32,147,145.27,146.51,1113481
1790086500,2026-09-22 23:15:00,146.55,146.68,145.94,146.41,530760
1790086800,2026-09-22 23:20:00,146.47,146.79,145.87,146.7,420249
1790087100,2026-09-22 23:25:00,146.68,147.6,146.42,147.36,562058
1790087400,2026-09-22 23:30:00,147.39,148.77,147.23,148.47,806542
1790087700,2026-09-22 23:35:00,148.49,148.49,146.72,146.99,896631
1790088000,2026-09-22 23:40:00,147.01,147.11,145.37,145.65,940482
1790088300,2026-09-22 23:45:00,145.66,146.02,144.32,146.02,1557106
1790088600,2026-09-22 23:50:00,146,146.34,145.48,146.07,495494
1790088900,2026-09-22 23:55:00,146.06,146.3,145.48,145.95,193941
1790089200,2026-09-23 00:00:00,145.97,146.28,145.48,145.79,373129
1790089500,2026-09-23 00:05:00,145.77,146.2,145.58,145.69,341862
1790089800,2026-09-23 00:10:00,145.67,146.97,145.67,146.86,198988
1790090100,2026-09-23 00:15:00,146.8,146.83,146.06,146.75,490123
1790090400,2026-09-23 00:20:00,146.75,146.75,146.35,146.57,78908
1790090700,2026-09-23 00:25:00,146.57,146.85,146.28,146.44,440109
1790091000,2026-09-23 00:30:00,146.4,146.96,146.22,146.82,89558
1790091300,2026-09-23 00:35:00,146.78,147.03,146.49,146.67,90378
1790091600,2026-09-23 00:40:00,146.7,146.85,146.39,146.74,88786
1790091900,2026-09-23 00:45:00,146.78,147.36,146.68,147.05,107341
1790092200,2026-09-23 00:50:00,147.04,147.58,147.04,147.29,172617
1790092500,2026-09-23 00:55:00,147.3,147.83,147.22,147.73,83824
1790092800,2026-09-23 01:00:00,147.73,147.9,147.57,147.78,73562
1790093100,2026-09-23 01:05:00,147.77,148.35,147.71,148.03,95349
1790093400,2026-09-23 01:10:00,148.03,148.25,147.78,148.1,93566
1790093700,2026-09-23 01:15:00,148.04,148.11,147.63,147.68,75856
1790094000,2026-09-23 01:20:00,147.76,148.1,147.31,147.37,95813
1790094300,2026-09-23 01:25:00,147.42,147.7,146.56,146.62,144644
1790094600,2026-09-23 01:30:00,146.64,147.56,146.64,147.46,78236
1790094900,2026-09-23 01:35:00,147.47,147.58,147.2,147.27,50721
1790095200,2026-09-23 01:40:00,147.24,147.7,147.2,147.66,54493
1790095500,2026-09-23 01:45:00,147.64,148.35,147.56,148.31,121592
1790095800,2026-09-23 01:50:00,148.29,148.51,148.12,148.37,230420
1790096100,2026-09-23 01:55:00,148.39,148.52,148.26,148.5,172518
1790096400,2026-09-23 02:00:00,148.48,148.65,148.35,148.51,172358
1790096700,2026-09-23 02:05:00,148.52,148.85,148.34,148.6,594012
1790097000,2026-09-23 02:10:00,148.61,148.81,148.43,148.46,97737
1790097300,2026-09-23 02:15:00,148.45,148.54,148.13,148.18,104173
1790097600,2026-09-23 02:20:00,148.17,148.2,147.68,147.88,124167
1790097900,2026-09-23 02:25:00,147.93,148.38,147.78,148.25,67162
1790098200,2026-09-23 02:30:00,148.25,148.27,147.66,147.97,214501
1790098500,2026-09-23 02:35:00,148,148.23,147.82,147.91,173995
1790098800,2026-09-23 02:40:00,147.87,148.3,147.69,148.15,120079
1790099100,2026-09-23 02:45:00,148.16,148.42,148.1,148.38,218052
1790099400,2026-09-23 02:50:00,148.38,149.51,148.18,149.21,445582
1790099700,2026-09-23 02:55:00,149.2,149.29,148.64,149.12,298403
1790100000,2026-09-23 03:00:00,149.13,149.15,147.91,148.83,225657
1790100300,2026-09-23 03:05:00,148.84,149.37,148.75,149.32,141066
1790100600,2026-09-23 03:10:00,149.31,149.61,149.17,149.21,127513
1790100900,2026-09-23 03:15:00,149.27,149.75,149.19,149.7,151506
1790101200,2026-09-23 03:20:00,149.7,149.9,149.62,149.78,104520
1790101500,2026-09-23 03:25:00,149.79,149.92,149.64,149.83,70685
1790101800,2026-09-23 03:30:00,149.84,149.92,149.47,149.51,146876
1790102100,2026-09-23 03:35:00,149.5,149.65,149.22,149.41,120797
1790102400,2026-09-23 03:40:00,149.39,149.45,149.12,149.31,153152
1790102700,2026-09-23 03:45:00,149.29,149.39,149.06,149.24,84713
1790103000,2026-09-23 03:50:00,149.23,149.33,149.01,149.25,73459
1790103300,2026-09-23 03:55:00,149.25,149.54,149.23,149.33,93463
1790103600,2026-09-23 04:00:00,149.35,150,149.35,150,134338
1790103900,2026-09-23 04:05:00,150,150.31,149.98,150.23,166607
1790104200,2026-09-23 04:10:00,150.24,150.43,149.95,150.29,76305
1790104500,2026-09-23 04:15:00,150.31,150.55,150.29,150.43,57735
1790104800,2026-09-23 04:20:00,150.43,150.45,149.8,149.86,93817
1790105100,2026-09-23 04:25:00,149.89,150.48,149.85,150.17,123874
1790105400,2026-09-23 04:30:00,150.2,150.99,150.16,150.9,104179
1790105700,2026-09-23 04:35:00,150.87,151.51,150.65,151.44,433997
1790106000,2026-09-23 04:40:00,151.45,151.54,151.02,151.36,195570
1790106300,2026-09-23 04:45:00,151.37,151.91,151.31,151.84,99930
1790106600,2026-09-23 04:50:00,151.8,152.68,151.44,151.89,372750
1790106900,2026-09-23 04:55:00,151.9,152.3,151.75,151.97,251682
1790107200,2026-09-23 05:00:00,151.97,152,151.09,151.22,197365
1790107500,2026-09-23 05:05:00,151.23,151.4,150.87,151.13,80070
1790107800,2026-09-23 05:10:00,151.13,151.16,150.81,150.85,309239
1790108100,2026-09-23 05:15:00,150.84,151,150.81,150.84,112585
1790108400,2026-09-23 05:20:00,150.83,150.84,150.5,150.68,83131
1790108700,2026-09-23 05:25:00,150.72,151.12,150.7,150.87,54416
1790109000,2026-09-23 05:30:00,150.87,151.03,150.84,150.97,36654
1790109300,2026-09-23 05:35:00,150.93,150.95,150.64,150.7,38478
1790109600,2026-09-23 05:40:00,150.69,150.79,150.66,150.7,30441
1790109900,2026-09-23 05:45:00,150.71,150.76,150.5,150.72,48038
1790110200,2026-09-23 05:50:00,150.75,150.99,150.72,150.97,47083
1790110500,2026-09-23 05:55:00,150.95,150.97,150.6,150.77,85696
1790110800,2026-09-23 06:00:00,150.79,150.85,150.67,150.85,62476
1790111100,2026-09-23 06:05:00,150.83,150.87,150.6,150.61,39320
1790111400,2026-09-23 06:10:00,150.6,150.76,150.52,150.65,111698
1790111700,2026-09-23 06:15:00,150.62,150.77,150.61,150.68,45724
1790112000,2026-09-23 06:20:00,150.68,150.68,150.5,150.54,42052
1790112300,2026-09-23 06:25:00,150.55,150.76,150.54,150.72,29724
1790112600,2026-09-23 06:30:00,150.75,150.75,150.59,150.62,20953
1790112900,2026-09-23 06:35:00,150.64,150.75,150.61,150.65,12269
1790113200,2026-09-23 06:40:00,150.64,150.64,150.44,150.48,22995
1790113500,2026-09-23 06:45:00,150.49,150.56,150.44,150.45,52584
1790113800,2026-09-23 06:50:00,150.45,150.52,150.34,150.45,21746
1790114100,2026-09-23 06:55:00,150.45,150.48,150.32,150.36,16268
1790114400,2026-09-23 07:00:00,150.41,150.83,150.39,150.6,55822
1790114700,2026-09-23 07:05:00,150.61,151.14,150.61,151.14,57001
1790115000,2026-09-23 07:10:00,151.12,151.7,151.12,151.62,57764
1790115300,2026-09-23 07:15:00,151.63,151.88,151.52,151.68,55419
1790115600,2026-09-23 07:20:00,151.68,152.35,151.68,152.22,51618
1790115900,2026-09-23 07:25:00,152.2,152.4,151.93,152.04,45112
1790116200,2026-09-23 07:30:00,152.04,152.48,151.97,152.2,35653
1790116500,2026-09-23 07:35:00,152.18,152.36,152,152.1,84718
1790116800,2026-09-23 07:40:00,152.11,152.4,152.1,152.17,34796
1790117100,2026-09-23 07:45:00,152.17,152.2,151.58,151.59,51222
1790117400,2026-09-23 07:50:00,151.61,151.93,151.54,151.86,58391
1790117700,2026-09-23 07:55:00,151.85,152.03,151.83,151.92,42409
1790118000,2026-09-23 08:00:00,151.92,151.97,151.75,151.85,58166
1790118300,2026-09-23 08:05:00,151.85,152.25,151.83,151.86,49175
1790118600,2026-09-23 08:10:00,151.84,151.88,151.71,151.84,37285
1790118900,2026-09-23 08:15:00,151.86,151.98,151.74,151.98,33489
1790119200,2026-09-23 08:20:00,151.99,152.42,151.88,152.32,33353
1790119500,2026-09-23 08:25:00,152.34,152.35,151.88,151.96,35733
1790119800,2026-09-23 08:30:00,151.96,152.38,151.95,152.38,35814
1790120100,2026-09-23 08:35:00,152.39,152.52,152.26,152.45,30610
1790120400,2026-09-23 08:40:00,152.45,152.67,152.28,152.35,42238
1790120700,2026-09-23 08:45:00,152.38,152.42,152.11,152.33,45800
1790121000,2026-09-23 08:50:00,152.27,152.72,152.18,152.66,45207
1790121300,2026-09-23 08:55:00,152.63,152.88,152.63,152.68,57796
1790121600,2026-09-23 09:00:00,152.68,152.9,151.84,152.55,126898
1790121900,2026-09-23 09:05:00,152.51,152.73,150.56,151.03,227582
1790122200,2026-09-23 09:10:00,151.03,151.5,150.6,151.29,149184
1790122500,2026-09-23 09:15:00,151.21,151.81,151.08,151.65,93177
1790122800,2026-09-23 09:20:00,151.67,151.79,150.96,151.71,170673
1790123100,2026-09-23 09:25:00,151.71,152.18,151.31,151.38,95255
1790123400,2026-09-23 09:30:00,151.37,151.77,151.32,151.44,72817
1790123700,2026-09-23 09:35:00,151.41,151.95,151.32,151.8,175754
1790124000,2026-09-23 09:40:00,151.8,152.09,151.72,151.85,92327
1790124300,2026-09-23 09:45:00,151.85,151.97,151.39,151.39,77354
1790124600,2026-09-23 09:50:00,151.39,151.56,150.67,150.67,95349
1790124900,2026-09-23 09:55:00,150.71,150.84,150.33,150.78,161559
1790125200,2026-09-23 10:00:00,150.94,150.96,149.95,150.42,166390
1790125500,2026-09-23 10:05:00,150.42,150.78,150.25,150.56,97534
1790125800,2026-09-23 10:10:00,150.58,150.59,150.15,150.56,69087
1790126100,2026-09-23 10:15:00,150.53,150.89,150.23,150.88,81921
1790126400,2026-09-23 10:20:00,150.91,151.06,150.73,151.06,71175
1790126700,2026-09-23 10:25:00,151.08,151.42,150.91,151.39,52885
1790127000,2026-09-23 10:30:00,151.33,151.48,150.46,150.62,46873
1790127300,2026-09-23 10:35:00,150.68,150.68,150.16,150.17,98149
1790127600,2026-09-23 10:40:00,150.2,150.21,149.36,149.38,309681
1790127900,2026-09-23 10:45:00,149.4,149.76,149.31,149.43,85580
1790128200,2026-09-23 10:50:00,149.45,149.61,149.29,149.34,72449
1790128500,2026-09-23 10:55:00,149.35,149.49,149.15,149.19,70386
1790128800,2026-09-23 11:00:00,149.21,149.37,148.87,149.23,92076
1790129100,2026-09-23 11:05:00,149.22,149.36,148.68,148.68,69359
1790129400,2026-09-23 11:10:00,148.68,148.78,148.48,148.6,79878
1790129700,2026-09-23 11:15:00,148.62,149.2,148.23,148.96,75645
1790130000,2026-09-23 11:20:00,148.93,149.29,148.89,149.24,40320
1790130300,2026-09-23 11:25:00,149.19,149.35,149.1,149.1,35343
1790130600,2026-09-23 11:30:00,149.09,149.21,148.43,148.54,43225
1790130900,2026-09-23 11:35:00,148.54,148.72,148.39,148.45,42439
1790131200,2026-09-23 11:40:00,148.47,148.65,148.37,148.49,33274
1790131500,2026-09-23 11:45:00,148.54,149.27,148.54,149.16,30208
1790131800,2026-09-23 11:50:00,149.18,149.39,149.15,149.39,29619
1790132100,2026-09-23 11:55:00,149.4,149.67,149.35,149.53,39750
1790132400,2026-09-23 12:00:00,149.53,149.56,149.1,149.21,51987
1790132700,2026-09-23 12:05:00,149.21,149.34,149.12,149.18,31767
1790133000,2026-09-23 12:10:00,149.12,149.22,148.9,148.92,32591
1790133300,2026-09-23 12:15:00,148.93,148.96,148.32,148.38,38445
1790133600,2026-09-23 12:20:00,148.39,149.03,148.38,148.99,45054
1790133900,2026-09-23 12:25:00,148.97,149.09,148.62,148.62,50720
1790134200,2026-09-23 12:30:00,148.65,149.05,148.64,149.04,35668
1790134500,2026-09-23 12:35:00,149.05,149.18,148.91,149.05,32525
1790134800,2026-09-23 12:40:00,149.05,149.73,149.01,149.53,47948
1790135100,2026-09-23 12:45:00,149.48,149.62,149.29,149.42,29163
1790135400,2026-09-23 12:50:00,149.41,149.7,149.35,149.66,30138
1790135700,2026-09-23 12:55:00,149.65,149.67,149,149,29961
1790136000,2026-09-23 13:00:00,149.03,149.17,148.78,149.11,27526
1790136300,2026-09-23 13:05:00,149.15,149.53,149.15,149.44,25646
1790136600,2026-09-23 13:10:00,149.44,149.48,149.25,149.42,20914
1790136900,2026-09-23 13:15:00,149.43,149.66,149.36,149.65,31402
1790137200,2026-09-23 13:20:00,149.65,150.76,149.61,150.5,159374
1790137500,2026-09-23 13:25:00,150.55,151,150.55,150.58,120483
1790137800,2026-09-23 13:30:00,150.58,151.29,150.53,151.19,49752
1790138100,2026-09-23 13:35:00,151.22,151.48,150.88,150.95,62347
1790138400,2026-09-23 13:40:00,150.93,151.24,150.87,151,59316
1790138700,2026-09-23 13:45:00,150.98,150.98,150.65,150.75,38783
1790139000,2026-09-23 13:50:00,150.79,150.8,150.41,150.41,27424
1790139300,2026-09-23 13:55:00,150.41,150.58,149.93,150.15,55173
1790139600,2026-09-23 14:00:00,150.15,150.19,149.28,149.66,88425
1790139900,2026-09-23 14:05:00,149.63,149.64,149.26,149.32,25850
1790140200,2026-09-23 14:10:00,149.34,149.62,149.24,149.59,42380
1790140500,2026-09-23 14:15:00,149.6,149.89,149.5,149.64,37084
1790140800,2026-09-23 14:20:00,149.53,149.54,149.11,149.16,27880
1790141100,2026-09-23 14:25:00,149.14,149.56,149.1,149.34,40368
1790141400,2026-09-23 14:30:00,149.37,149.68,149.25,149.47,32488
1790141700,2026-09-23 14:35:00,149.47,149.86,149.38,149.86,33124
1790142000,2026-09-23 14:40:00,149.89,149.91,149.13,149.39,41081
1790142300,2026-09-23 14:45:00,149.34,149.88,149.34,149.58,59720
1790142600,2026-09-23 14:50:00,149.56,150.34,149.54,150.22,40666
1790142900,2026-09-23 14:55:00,150.25,150.27,149.72,149.79,39905
1790143200,2026-09-23 15:00:00,149.77,150.31,149.74,150.11,67655
1790143500,2026-09-23 15:05:00,150.16,150.62,150,150.07,49170
1790143800,2026-09-23 15:10:00,150.15,150.74,150.15,150.71,34050
1790144100,2026-09-23 15:15:00,150.75,150.83,150.47,150.49,44448
1790144400,2026-09-23 15:20:00,150.51,150.6,150.09,150.46,37680
1790144700,2026-09-23 15:25:00,150.43,150.69,150.37,150.66,21651
1790145000,2026-09-23 15:30:00,150.66,151.66,150.63,151.66,94171
1790145300,2026-09-23 15:35:00,151.63,152.07,151.55,151.87,110676
1790145600,2026-09-23 15:40:00,151.87,152.03,151.48,151.81,32691
1790145900,2026-09-23 15:45:00,151.74,151.88,151.12,151.83,45634
1790146200,2026-09-23 15:50:00,151.81,151.83,151.21,151.35,46102
1790146500,2026-09-23 15:55:00,151.32,151.34,150.8,150.84,55082
1790146800,2026-09-23 16:00:00,150.85,151.08,150.64,151.02,39203
1790147100,2026-09-23 16:05:00,151.03,151.04,150.19,150.21,34543
1790147400,2026-09-23 16:10:00,150.18,150.58,149.98,150.52,51428
1790147700,2026-09-23 16:15:00,150.54,150.57,149.88,149.98,27999
1790148000,2026-09-23 16:20:00,149.97,150.09,149.77,149.98,39793
1790148300,2026-09-23 16:25:00,149.96,150.65,149.96,150.62,50074
1790148600,2026-09-23 16:30:00,150.64,150.99,150.32,150.35,50118
1790148900,2026-09-23 16:35:00,150.36,150.5,150.23,150.23,29791
1790149200,2026-09-23 16:40:00,150.25,150.25,149.75,149.77,43742
1790149500,2026-09-23 16:45:00,149.8,150.08,149.73,149.94,42204
1790149800,2026-09-23 16:50:00,149.89,150.13,149.51,149.6,40566
1790150100,2026-09-23 16:55:00,149.59,149.99,149.54,149.99,59955
1790150400,2026-09-23 17:00:00,149.98,150.38,148.96,149,300164
1790150700,2026-09-23 17:05:00,149,149.73,148.67,149.34,148152
1790151000,2026-09-23 17:10:00,149.36,149.85,149.28,149.73,97868
1790151300,2026-09-23 17:15:00,149.73,149.95,149.17,149.55,62737
1790151600,2026-09-23 17:20:00,149.55,150.16,149.48,150.12,34087
1790151900,2026-09-23 17:25:00,150.11,150.19,149.67,149.87,47758
1790152200,2026-09-23 17:30:00,149.85,150.05,149.71,149.73,32320
1790152500,2026-09-23 17:35:00,149.76,149.77,149,149.46,64614
1790152800,2026-09-23 17:40:00,149.42,149.5,149,149.16,55803
1790153100,2026-09-23 17:45:00,149.18,149.39,149.03,149.24,42206
1790153400,2026-09-23 17:50:00,149.2,149.23,148.44,148.63,98434
1790153700,2026-09-23 17:55:00,148.66,149.18,148.64,149.1,54529
1790154000,2026-09-23 18:00:00,149.1,149.5,148.88,148.89,48358
1790154300,2026-09-23 18:05:00,148.87,149.46,148.82,149.45,64014
1790154600,2026-09-23 18:10:00,149.43,149.45,149.16,149.25,40326
1790154900,2026-09-23 18:15:00,149.22,149.28,148.95,149.28,43348
1790155200,2026-09-23 18:20:00,149.26,149.74,149.24,149.66,64545
1790155500,2026-09-23 18:25:00,149.65,149.68,149.5,149.56,66873
1790155800,2026-09-23 18:30:00,149.61,149.81,149.49,149.55,62262
1790156100,2026-09-23 18:35:00,149.56,149.82,149.47,149.52,40434
1790156400,2026-09-23 18:40:00,149.56,149.58,149.27,149.27,53589
1790156700,2026-09-23 18:45:00,149.25,149.25,148.71,148.86,64232
1790157000,2026-09-23 18:50:00,148.88,149.22,148.7,149.15,66644
1790157300,2026-09-23 18:55:00,149.06,149.13,148.9,148.99,48053
1790157600,2026-09-23 19:00:00,149.02,149.15,148.81,149.02,39494
1790157900,2026-09-23 19:05:00,149.02,149.2,148.89,148.89,34735
1790158200,2026-09-23 19:10:00,148.92,149.11,148.62,149.05,51204
1790158500,2026-09-23 19:15:00,149,149.27,149,149.26,45483
1790158800,2026-09-23 19:20:00,149.22,149.25,148.6,148.76,41744
1790159100,2026-09-23 19:25:00,148.77,149.15,148.71,149.15,62529
1790159400,2026-09-23 19:30:00,149.16,149.25,148.95,148.96,39385
1790159700,2026-09-23 19:35:00,148.97,149.25,148.81,149.25,44024
1790160000,2026-09-23 19:40:00,149.2,149.22,148.82,148.97,51239
1790160300,2026-09-23 19:45:00,148.97,148.97,148.68,148.8,29288
1790160600,2026-09-23 19:50:00,148.82,149.05,148.67,149.05,32297
1790160900,2026-09-23 19:55:00,149.03,149.32,149.03,149.18,39859
1790161200,2026-09-23 20:00:00,149.18,149.2,147.63,147.92,394092
1790161500,2026-09-23 20:05:00,147.94,147.94,147.12,147.48,212242
1790161800,2026-09-23 20:10:00,147.49,147.83,147.34,147.73,117163
1790162100,2026-09-23 20:15:00,147.7,148.02,147.24,147.48,109327
1790162400,2026-09-23 20:20:00,147.47,147.49,146.31,146.47,413179
1790162700,2026-09-23 20:25:00,146.45,146.71,146.23,146.23,222396
1790163000,2026-09-23 20:30:00,146.23,146.27,145.72,145.85,316578
1790163300,2026-09-23 20:35:00,145.87,145.89,145.24,145.77,398571
1790163600,2026-09-23 20:40:00,145.74,145.94,145.08,145.69,321284
1790163900,2026-09-23 20:45:00,145.69,146.64,145.68,146.58,338667
1790164200,2026-09-23 20:50:00,146.57,146.57,146.01,146.39,186918
1790164500,2026-09-23 20:55:00,146.41,146.61,146.23,146.49,90391
1790164800,2026-09-23 21:00:00,146.45,146.54,145.57,145.76,225078
1790165100,2026-09-23 21:05:00,145.77,146.21,145.72,145.92,123928
1790165400,2026-09-23 21:10:00,145.93,145.97,145.37,145.49,122036
1790165700,2026-09-23 21:15:00,145.49,145.75,145.22,145.48,316067
1790166000,2026-09-23 21:20:00,145.46,146.25,145.28,146.2,319290
1790166300,2026-09-23 21:25:00,146.22,146.25,145.75,146.13,174286
1790166600,2026-09-23 21:30:00,146.17,147.13,146.13,146.84,247239
1790166900,2026-09-23 21:35:00,146.83,147,146.49,146.92,200612
1790167200,2026-09-23 21:40:00,146.91,147.14,146.61,146.69,142420
1790167500,2026-09-23 21:45:00,146.72,147.52,146.7,147.14,221129
1790167800,2026-09-23 21:50:00,147.13,147.42,147.01,147.13,106816
1790168100,2026-09-23 21:55:00,147.07,147.48,146.72,147.41,141934
1790168400,2026-09-23 22:00:00,147.36,147.38,146.2,146.56,273539
1790168700,2026-09-23 22:05:00,146.56,146.85,146.32,146.53,215063
1790169000,2026-09-23 22:10:00,146.51,147.11,146.4,146.97,117979
1790169300,2026-09-23 22:15:00,146.97,147.42,146.95,147.23,143442
1790169600,2026-09-23 22:20:00,147.26,148.01,147.26,147.87,128344
1790169900,2026-09-23 22:25:00,147.88,149.86,147.88,149.86,659128
1790170200,2026-09-23 22:30:00,149.87,151.03,147.11,147.85,1288700
1790170500,2026-09-23 22:35:00,147.8,149.25,145.79,146.43,1441011
1790170800,2026-09-23 22:40:00,146.42,146.5,145.26,146.07,1367198
1790171100,2026-09-23 22:45:00,146.04,146.73,143.92,144.48,1083576
1790171400,2026-09-23 22:50:00,144.54,144.78,142.92,144.3,1309410
1790171700,2026-09-23 22:55:00,144.28,145.15,144.11,144.81,577644
1790172000,2026-09-23 23:00:00,144.8,146.43,144.72,145.33,535942
1790172300,2026-09-23 23:05:00,145.35,145.77,143.65,143.79,489617
1790172600,2026-09-23 23:10:00,143.77,143.93,141.23,141.45,1082414
1790172900,2026-09-23 23:15:00,141.45,142.4,140.27,140.3,744210
1790173200,2026-09-23 23:20:00,140.33,141.18,139.81,140.7,1008025
1790173500,2026-09-23 23:25:00,140.7,141.39,139.72,141,818015
1790173800,2026-09-23 23:30:00,140.99,142.12,140.04,142.1,517565
1790174100,2026-09-23 23:35:00,142.1,142.76,141.07,141.44,677921
1790174400,2026-09-23 23:40:00,141.43,142.17,141.24,141.97,308666
1790174700,2026-09-23 23:45:00,142.03,142.65,141.9,142.57,167868
1790175000,2026-09-23 23:50:00,142.53,145.2,141.91,144.82,646380
1790175300,2026-09-23 23:55:00,144.78,145.47,144.35,145.28,528632
1790175600,2026-09-24 00:00:00,145.32,145.62,144.13,144.49,428412
1790175900,2026-09-24 00:05:00,144.47,145.38,144.19,145.11,272171
1790176200,2026-09-24 00:10:00,145.09,145.48,144.94,145.38,137428
1790176500,2026-09-24 00:15:00,145.43,145.79,144.29,145.23,170831
1790176800,2026-09-24 00:20:00,145.22,145.98,144.91,145.84,127409
1790177100,2026-09-24 00:25:00,145.79,146.24,145.16,145.2,179369
1790177400,2026-09-24 00:30:00,145.28,145.46,144.84,144.87,119240
1790177700,2026-09-24 00:35:00,144.83,144.98,144.29,144.48,177590
1790178000,2026-09-24 00:40:00,144.45,145.19,144.35,145.18,93172
1790178300,2026-09-24 00:45:00,145.16,145.2,143.13,143.34,228550
1790178600,2026-09-24 00:50:00,143.32,143.53,142.72,143.49,294822
1790178900,2026-09-24 00:55:00,143.49,143.58,143.09,143.42,111605
1790179200,2026-09-24 01:00:00,143.41,143.52,142.71,143.07,215123
1790179500,2026-09-24 01:05:00,143.03,143.86,143.03,143.84,140839
1790179800,2026-09-24 01:10:00,143.82,143.96,143.27,143.51,107329
1790180100,2026-09-24 01:15:00,143.5,144.12,143.4,143.51,76832
1790180400,2026-09-24 01:20:00,143.51,143.53,142.7,142.96,76452
1790180700,2026-09-24 01:25:00,142.95,143.33,142.88,143.05,48903
1790181000,2026-09-24 01:30:00,143.1,143.87,143.04,143.55,63380
1790181300,2026-09-24 01:35:00,143.51,143.68,143.1,143.16,38947
1790181600,2026-09-24 01:40:00,143.19,143.21,142.47,142.66,178307
1790181900,2026-09-24 01:45:00,142.66,142.86,142.15,142.3,223536
1790182200,2026-09-24 01:50:00,142.26,142.33,141.63,141.72,178482
1790182500,2026-09-24 01:55:00,141.73,142.49,141.71,142.12,97329
1790182800,2026-09-24 02:00:00,142.12,142.44,140.74,141.17,274780
1790183100,2026-09-24 02:05:00,141.17,141.49,140.91,141.39,215364
1790183400,2026-09-24 02:10:00,141.37,141.39,140.75,141.24,103001
1790183700,2026-09-24 02:15:00,141.22,142.96,141.22,142.83,133202
1790184000,2026-09-24 02:20:00,142.86,143.1,142.4,142.47,343000
1790184300,2026-09-24 02:25:00,142.49,142.97,142.31,142.41,299572
1790184600,2026-09-24 02:30:00,142.46,143.52,142.19,143.36,105860
1790184900,2026-09-24 02:35:00,143.35,143.35,142.99,143.17,224929
1790185200,2026-09-24 02:40:00,143.17,144.78,142.81,144.68,377370
1790185500,2026-09-24 02:45:00,144.64,145.01,144.22,144.9,142567
1790185800,2026-09-24 02:50:00,144.88,145.18,144.68,145.18,74055
1790186100,2026-09-24 02:55:00,145.19,145.28,144.92,145.27,70315
1790186400,2026-09-24 03:00:00,145.24,145.42,144.32,144.38,91484
1790186700,2026-09-24 03:05:00,144.41,145.21,144.39,144.77,64567
1790187000,2026-09-24 03:10:00,144.81,144.99,144.53,144.88,56372
1790187300,2026-09-24 03:15:00,144.86,145.62,144.76,145.27,88506
1790187600,2026-09-24 03:20:00,145.27,145.4,144.94,145.34,36851
1790187900,2026-09-24 03:25:00,145.36,145.47,145.17,145.28,43312
1790188200,2026-09-24 03:30:00,145.26,145.35,144.87,145.26,38815
1790188500,2026-09-24 03:35:00,145.32,145.42,144.75,144.79,40796
1790188800,2026-09-24 03:40:00,144.83,145.1,144.6,144.92,36600
1790189100,2026-09-24 03:45:00,144.97,145.29,144.62,145.22,37866
1790189400,2026-09-24 03:50:00,145.24,145.4,145.13,145.13,32592
1790189700,2026-09-24 03:55:00,145.17,145.72,145.09,145.62,34159
1790190000,2026-09-24 04:00:00,145.59,145.75,144.8,144.84,41535
1790190300,2026-09-24 04:05:00,144.84,145.92,144.76,145.37,40697
1790190600,2026-09-24 04:10:00,145.35,145.5,144.93,145.32,38267
1790190900,2026-09-24 04:15:00,145.31,145.43,144.55,145.1,53093
1790191200,2026-09-24 04:20:00,145.08,145.34,144.99,145.34,45726
1790191500,2026-09-24 04:25:00,145.36,145.48,144.94,145.09,66028
1790191800,2026-09-24 04:30:00,145.14,145.86,144.95,145.82,139712
1790192100,2026-09-24 04:35:00,145.84,146.1,145.58,146.06,76772
1790192400,2026-09-24 04:40:00,146.11,146.33,145.39,145.66,96421
1790192700,2026-09-24 04:45:00,145.5,146,145.34,145.88,47878
1790193000,2026-09-24 04:50:00,145.87,145.87,144.71,144.9,200301
1790193300,2026-09-24 04:55:00,144.97,146.46,144.97,146.33,159538
1790193600,2026-09-24 05:00:00,146.3,146.75,145.9,146.54,305837
1790193900,2026-09-24 05:05:00,146.52,146.52,146.04,146.22,159721
1790194200,2026-09-24 05:10:00,146.25,146.26,145.84,145.88,212451
1790194500,2026-09-24 05:15:00,145.89,146.06,145.84,146.01,39026
1790194800,2026-09-24 05:20:00,146.02,146.17,145.97,146.17,27388
1790195100,2026-09-24 05:25:00,146.17,146.22,145.9,146.02,73596
1790195400,2026-09-24 05:30:00,146.05,146.16,145.99,146.07,51285
1790195700,2026-09-24 05:35:00,146.07,146.24,145.95,146.21,30663
1790196000,2026-09-24 05:40:00,146.21,146.25,146.02,146.12,31329
1790196300,2026-09-24 05:45:00,146.16,146.24,146,146.02,40738
1790196600,2026-09-24 05:50:00,146.04,146.21,146.01,146.19,27724
1790196900,2026-09-24 05:55:00,146.14,146.18,146.05,146.15,22585
1790197200,2026-09-24 06:00:00,146.16,146.16,146,146.01,22385
1790197500,2026-09-24 06:05:00,146.01,146.11,145.93,146.03,122170
1790197800,2026-09-24 06:10:00,146.03,146.12,145.9,145.91,40035
1790198100,2026-09-24 06:15:00,145.89,145.96,145.84,145.86,30848
1790198400,2026-09-24 06:20:00,145.84,145.91,145.73,145.86,27453
1790198700,2026-09-24 06:25:00,145.87,146.07,145.87,145.98,20303
1790199000,2026-09-24 06:30:00,145.98,145.99,145.86,145.89,20682
1790199300,2026-09-24 06:35:00,145.91,145.98,145.86,145.94,30881
1790199600,2026-09-24 06:40:00,145.9,146.03,145.84,145.93,14767
1790199900,2026-09-24 06:45:00,145.95,145.99,145.93,145.99,26026
1790200200,2026-09-24 06:50:00,145.99,146.06,145.95,145.98,11235
1790200500,2026-09-24 06:55:00,145.97,146.04,145.87,146.02,16312
1790200800,2026-09-24 07:00:00,146.01,146.48,145.99,146.3,47194
1790201100,2026-09-24 07:05:00,146.26,146.9,146.14,146.89,79063
1790201400,2026-09-24 07:10:00,146.9,147.02,146.74,147,41094
1790201700,2026-09-24 07:15:00,146.99,147.15,146.7,146.7,49494
1790202000,2026-09-24 07:20:00,146.69,146.8,146.4,146.65,46760
1790202300,2026-09-24 07:25:00,146.65,146.68,146.19,146.3,59610
1790202600,2026-09-24 07:30:00,146.3,146.44,146.13,146.17,47894
1790202900,2026-09-24 07:35:00,146.13,146.14,145.73,145.97,63535
1790203200,2026-09-24 07:40:00,146,146.3,145.95,146.18,34182
1790203500,2026-09-24 07:45:00,146.13,146.43,146.13,146.39,58180
1790203800,2026-09-24 07:50:00,146.42,146.59,146.36,146.44,41594
1790204100,2026-09-24 07:55:00,146.41,146.41,146.13,146.26,33066
1790204400,2026-09-24 08:00:00,146.25,146.51,146.2,146.47,21897
1790204700,2026-09-24 08:05:00,146.48,146.48,146.34,146.43,16382
1790205000,2026-09-24 08:10:00,146.4,146.49,146.26,146.26,20081
1790205300,2026-09-24 08:15:00,146.24,146.39,146.13,146.18,35188
1790205600,2026-09-24 08:20:00,146.18,146.2,145.95,145.98,37301
1790205900,2026-09-24 08:25:00,146,146.11,145.93,145.99,22169
1790206200,2026-09-24 08:30:00,145.98,146.07,145.93,146.04,30020
1790206500,2026-09-24 08:35:00,146.02,146.24,145.98,146.16,136137
1790206800,2026-09-24 08:40:00,146.15,146.27,146,146.04,54231
1790207100,2026-09-24 08:45:00,146.07,146.17,145.78,145.8,45328
1790207400,2026-09-24 08:50:00,145.8,146.03,145.75,145.86,44529
1790207700,2026-09-24 08:55:00,145.88,145.93,145.71,145.73,35160
1790208000,2026-09-24 09:00:00,145.77,146.1,145.39,145.57,145593
1790208300,2026-09-24 09:05:00,145.58,145.63,144.98,145.1,101741
1790208600,2026-09-24 09:10:00,145.04,145.16,144.19,144.24,87948
1790208900,2026-09-24 09:15:00,144.23,144.85,144.21,144.84,61331
1790209200,2026-09-24 09:20:00,144.85,144.88,144.04,144.26,44507
1790209500,2026-09-24 09:25:00,144.24,144.5,144,144.49,48819
1790209800,2026-09-24 09:30:00,144.46,144.99,144.31,144.84,36500
1790210100,2026-09-24 09:35:00,144.84,144.86,144.46,144.52,31804
1790210400,2026-09-24 09:40:00,144.51,144.54,144.02,144.09,33755
1790210700,2026-09-24 09:45:00,144.08,144.13,143.6,143.93,41162
1790211000,2026-09-24 09:50:00,144.03,144.14,143.51,143.66,48109
1790211300,2026-09-24 09:55:00,143.67,144.2,143.6,144.11,66875
1790211600,2026-09-24 10:00:00,144.09,144.87,144.04,144.87,72278
1790211900,2026-09-24 10:05:00,144.85,145.2,144.5,145,43613
1790212200,2026-09-24 10:10:00,144.93,145.06,144.62,145.05,38789
1790212500,2026-09-24 10:15:00,145.01,145.03,144.68,144.87,48012
1790212800,2026-09-24 10:20:00,144.87,144.92,144.58,144.62,22598
1790213100,2026-09-24 10:25:00,144.62,144.76,144.3,144.44,31105
1790213400,2026-09-24 10:30:00,144.4,145.62,144.35,145.53,73852
1790213700,2026-09-24 10:35:00,145.55,145.65,145.25,145.34,42997
1790214000,2026-09-24 10:40:00,145.35,145.44,144.94,144.98,27109
1790214300,2026-09-24 10:45:00,144.91,144.96,144.42,144.63,27319
1790214600,2026-09-24 10:50:00,144.61,145.03,144.28,144.83,27963
1790214900,2026-09-24 10:55:00,144.82,144.93,144.6,144.89,23437
1790215200,2026-09-24 11:00:00,144.89,145.1,144.66,144.66,34502
1790215500,2026-09-24 11:05:00,144.66,144.67,144.18,144.32,35136
1790215800,2026-09-24 11:10:00,144.35,144.59,144.28,144.43,21725
1790216100,2026-09-24 11:15:00,144.45,145.14,144.45,145.03,43081
1790216400,2026-09-24 11:20:00,145.06,145.06,144.65,144.69,30037
1790216700,2026-09-24 11:25:00,144.69,144.79,144.47,144.58,31930
1790217000,2026-09-24 11:30:00,144.58,145.08,144.57,144.93,21972
1790217300,2026-09-24 11:35:00,144.9,145.03,144.71,144.81,16418
1790217600,2026-09-24 11:40:00,144.82,145.15,144.82,145.14,27865
1790217900,2026-09-24 11:45:00,145.17,145.37,145.06,145.08,38877
1790218200,2026-09-24 11:50:00,145.1,145.28,144.97,145.28,24898
1790218500,2026-09-24 11:55:00,145.22,145.41,145.18,145.24,21265
1790218800,2026-09-24 12:00:00,145.17,145.27,145,145.16,44680
1790219100,2026-09-24 12:05:00,145.15,145.15,144.42,144.46,37244
1790219400,2026-09-24 12:10:00,144.43,144.61,144.24,144.57,42561
1790219700,2026-09-24 12:15:00,144.58,144.62,144.28,144.45,22560
1790220000,2026-09-24 12:20:00,144.46,144.54,144.25,144.36,20368
1790220300,2026-09-24 12:25:00,144.39,144.5,144.06,144.26,38893
1790220600,2026-09-24 12:30:00,144.26,144.34,144.05,144.19,20414
1790220900,2026-09-24 12:35:00,144.21,144.38,144.04,144.37,26958
1790221200,2026-09-24 12:40:00,144.35,144.35,144,144.09,24705
1790221500,2026-09-24 12:45:00,144.12,144.48,144.05,144.46,51783
1790221800,2026-09-24 12:50:00,144.44,144.61,144.29,144.43,19146
1790222100,2026-09-24 12:55:00,144.44,144.53,144.27,144.46,19414
1790222400,2026-09-24 13:00:00,144.47,144.47,143.23,143.29,89840
1790222700,2026-09-24 13:05:00,143.3,143.55,143.26,143.29,52628
1790223000,2026-09-24 13:10:00,143.31,143.52,143.03,143.29,41832
1790223300,2026-09-24 13:15:00,143.25,143.55,142.94,143.08,33378
1790223600,2026-09-24 13:20:00,143.06,143.45,143.01,143.16,24268
1790223900,2026-09-24 13:25:00,143.2,143.71,143.16,143.68,32145
1790224200,2026-09-24 13:30:00,143.68,144.42,143.49,144.31,51157
1790224500,2026-09-24 13:35:00,144.28,144.46,144.08,144.31,76444
1790224800,2026-09-24 13:40:00,144.33,144.36,143.89,143.98,31750
1790225100,2026-09-24 13:45:00,143.98,143.98,143.73,143.91,63771
1790225400,2026-09-24 13:50:00,143.99,144.01,143.75,143.99,21799
1790225700,2026-09-24 13:55:00,144.02,144.39,144.01,144.28,24542
1790226000,2026-09-24 14:00:00,144.31,144.78,144.31,144.73,44102
1790226300,2026-09-24 14:05:00,144.76,145.27,144.65,144.98,51560
1790226600,2026-09-24 14:10:00,144.98,145,144.72,144.86,24544
1790226900,2026-09-24 14:15:00,144.83,144.97,144.68,144.87,22842
1790227200,2026-09-24 14:20:00,144.87,144.94,144.44,144.62,28913
1790227500,2026-09-24 14:25:00,144.62,145.32,144.62,145.29,26318
1790227800,2026-09-24 14:30:00,145.29,145.41,144.96,145.06,33390
1790228100,2026-09-24 14:35:00,145,145.08,144.73,144.82,24907
1790228400,2026-09-24 14:40:00,144.83,145.08,144.49,144.56,21776
1790228700,2026-09-24 14:45:00,144.55,144.55,144.14,144.17,27974
1790229000,2026-09-24 14:50:00,144.2,144.44,143.98,143.98,18557
1790229300,2026-09-24 14:55:00,143.98,143.98,142.81,142.85,65164
1790229600,2026-09-24 15:00:00,142.82,142.9,141.74,141.79,175030
1790229900,2026-09-24 15:05:00,141.77,142.69,141.39,142.49,113937
1790230200,2026-09-24 15:10:00,142.5,142.78,142.16,142.59,29875
1790230500,2026-09-24 15:15:00,142.64,143.09,142.58,142.6,53460
1790230800,2026-09-24 15:20:00,142.58,142.6,141.93,142.33,27171
1790231100,2026-09-24 15:25:00,142.3,142.51,142,142.29,23900
1790231400,2026-09-24 15:30:00,142.2,142.2,141.73,141.92,46692
1790231700,2026-09-24 15:35:00,141.88,142,141.37,141.42,37834
1790232000,2026-09-24 15:40:00,141.44,142.02,141.27,141.73,152284
1790232300,2026-09-24 15:45:00,141.72,141.97,141.32,141.61,53989
1790232600,2026-09-24 15:50:00,141.55,141.67,141.15,141.27,130983
1790232900,2026-09-24 15:55:00,141.23,141.29,140.68,140.75,73836
1790233200,2026-09-24 16:00:00,140.67,141.2,140.28,140.65,108607
1790233500,2026-09-24 16:05:00,140.69,141.62,140.43,141.53,101035
1790233800,2026-09-24 16:10:00,141.54,141.86,141.46,141.78,234955
1790234100,2026-09-24 16:15:00,141.78,141.93,141.15,141.79,202361
1790234400,2026-09-24 16:20:00,141.79,141.84,141.38,141.38,86886
1790234700,2026-09-24 16:25:00,141.47,142.15,141.35,142.15,61423
1790235000,2026-09-24 16:30:00,142.13,142.85,142.01,142.5,368697
1790235300,2026-09-24 16:35:00,142.56,142.89,142.37,142.49,130790
1790235600,2026-09-24 16:40:00,142.49,142.56,141.99,142.49,116262
1790235900,2026-09-24 16:45:00,142.5,142.53,141.92,142.01,70940
1790236200,2026-09-24 16:50:00,142.02,142.22,141.72,142.02,69540
1790236500,2026-09-24 16:55:00,142.02,142.03,141.14,141.55,193709
1790236800,2026-09-24 17:00:00,141.67,141.86,140.28,140.53,743758
1790237100,2026-09-24 17:05:00,140.53,140.93,140.27,140.53,320610
1790237400,2026-09-24 17:10:00,140.5,140.55,139.47,139.7,284857
1790237700,2026-09-24 17:15:00,139.7,140.26,139.52,139.7,425996
1790238000,2026-09-24 17:20:00,139.69,139.69,139.15,139.34,231701
1790238300,2026-09-24 17:25:00,139.36,139.61,138.59,138.75,332130
1790238600,2026-09-24 17:30:00,138.82,139.44,138.4,138.4,181940
1790238900,2026-09-24 17:35:00,138.42,138.45,137.83,138.11,282263
1790239200,2026-09-24 17:40:00,138.11,138.2,137.44,137.71,202878
1790239500,2026-09-24 17:45:00,137.71,137.99,136.45,136.47,181472
1790239800,2026-09-24 17:50:00,136.47,136.93,136.26,136.71,289628
1790240100,2026-09-24 17:55:00,136.71,137.16,136.53,137.13,164768
1790240400,2026-09-24 18:00:00,137.14,137.47,136.86,136.95,170995
1790240700,2026-09-24 18:05:00,136.96,137.33,136.59,136.59,144135
1790241000,2026-09-24 18:10:00,136.58,136.87,135.95,136.45,222809
1790241300,2026-09-24 18:15:00,136.43,136.98,136.17,136.93,156978
1790241600,2026-09-24 18:20:00,136.93,137.12,136.73,137.03,377464
1790241900,2026-09-24 18:25:00,137.04,137.29,136.82,137.03,101359
1790242200,2026-09-24 18:30:00,137.01,137.04,136.48,136.78,139207
1790242500,2026-09-24 18:35:00,136.81,136.84,136.22,136.37,95234
1790242800,2026-09-24 18:40:00,136.37,136.44,135.24,135.43,361252
1790243100,2026-09-24 18:45:00,135.46,136.29,135.29,136.2,239145
1790243400,2026-09-24 18:50:00,136.21,136.59,136.03,136.35,137942
1790243700,2026-09-24 18:55:00,136.32,136.62,136.23,136.57,87956
1790244000,2026-09-24 19:00:00,136.53,137,136.25,136.3,92896
1790244300,2026-09-24 19:05:00,136.26,136.49,136.02,136.32,104216
1790244600,2026-09-24 19:10:00,136.31,136.84,136.3,136.79,100482
1790244900,2026-09-24 19:15:00,136.75,137.17,136.59,136.92,85211
1790245200,2026-09-24 19:20:00,136.96,136.96,136.3,136.35,102833
1790245500,2026-09-24 19:25:00,136.36,136.88,136.11,136.54,240581
1790245800,2026-09-24 19:30:00,136.54,137.32,136.37,137.26,281888
1790246100,2026-09-24 19:35:00,137.25,137.83,137.15,137.73,149846
1790246400,2026-09-24 19:40:00,137.72,138.11,137.71,137.89,197593
1790246700,2026-09-24 19:45:00,137.9,139,137.82,138.86,325278
1790247000,2026-09-24 19:50:00,138.86,138.87,137.82,137.87,242595
1790247300,2026-09-24 19:55:00,137.85,138.25,137.6,138.14,185242
1790247600,2026-09-24 20:00:00,138.12,138.72,137.92,138.15,229058
1790247900,2026-09-24 20:05:00,138.15,138.15,137.85,138.03,36374
