time,datetime_kst,open,high,low,close,volume
1474291800,2016-09-19 00:00:00,33.1290,33.4463,32.8540,32.9628,1180500
1474378200,2016-09-20 00:00:00,33.1532,33.1743,32.7332,32.8147,1076100
1474464600,2016-09-21 00:00:00,32.9779,33.3194,32.8359,33.2680,1295700
1474551000,2016-09-22 00:00:00,33.4855,33.5852,33.2801,33.3767,1056600
1474637400,2016-09-23 00:00:00,33.3284,33.3435,32.9930,33.0353,818100
1474896600,2016-09-26 00:00:00,32.8008,32.9100,32.5732,32.7097,1149300
1474983000,2016-09-27 00:00:00,32.6339,33.2802,32.6157,33.2741,1034700
1475069400,2016-09-28 00:00:00,33.3955,33.5108,33.1376,33.3409,840600
1475155800,2016-09-29 00:00:00,33.3560,33.9599,32.9919,33.7505,2580900
1475242200,2016-09-30 00:00:00,33.9508,34.5060,33.9508,34.2845,1372500
1475501400,2016-10-03 00:00:00,34.3665,34.5151,33.9872,34.0539,3632100
1475587800,2016-10-04 00:00:00,34.1965,34.3027,33.8355,33.9659,1019400
1475674200,2016-10-05 00:00:00,34.0752,34.4545,33.9932,34.2147,3852600
1475760600,2016-10-06 00:00:00,34.1905,34.4423,33.9781,34.4150,2603700
1475847000,2016-10-07 00:00:00,34.4696,34.4696,34.0539,34.3634,1383900
1476106200,2016-10-10 00:00:00,34.5243,34.6547,34.1783,34.1905,1210500
1476192600,2016-10-11 00:00:00,34.1480,34.1480,33.1800,33.4744,1871400
1476279000,2016-10-12 00:00:00,33.4531,33.4622,33.0647,33.3621,1567500
1476365400,2016-10-13 00:00:00,33.0648,33.0648,32.4367,32.9677,2082000
1476451800,2016-10-14 00:00:00,33.2680,33.6048,33.1861,33.2165,1365000
1476711000,2016-10-17 00:00:00,33.1831,33.3621,33.0253,33.0435,701100
1476797400,2016-10-18 00:00:00,33.4501,33.5624,33.3621,33.4258,891600
1476883800,2016-10-19 00:00:00,33.1346,33.3287,32.9707,33.2863,1192200
1476970200,2016-10-20 00:00:00,33.2256,33.6413,33.0223,33.5199,2059800
1477056600,2016-10-21 00:00:00,33.2529,33.4683,33.1194,33.4349,1095900
1477315800,2016-10-24 00:00:00,33.6109,34.0691,33.6109,34.0479,711000
1477402200,2016-10-25 00:00:00,34.0661,34.1692,33.9538,34.0175,823500
1477488600,2016-10-26 00:00:00,33.7566,34.1692,33.7293,33.9690,1119900
1477575000,2016-10-27 00:00:00,34.2997,34.3786,33.7657,33.8112,1385700
1477661400,2016-10-28 00:00:00,33.9477,34.1510,33.5715,33.6079,1798500
1477920600,2016-10-31 00:00:00,33.7262,33.9508,33.7262,33.7899,913200
1478007000,2016-11-01 00:00:00,33.7960,34.0630,33.1224,33.4895,1674000
1478093400,2016-11-02 00:00:00,33.5108,33.6959,33.1588,33.2681,2461200
1478179800,2016-11-03 00:00:00,33.2832,33.5017,33.0890,33.2104,1512600
1478266200,2016-11-04 00:00:00,33.0162,33.2923,32.7704,33.0010,1259100
1478529000,2016-11-07 00:00:00,33.6139,33.9507,33.4804,33.9295,4797900
1478615400,2016-11-08 00:00:00,33.9204,34.2178,33.7293,33.9993,1226100
1478701800,2016-11-09 00:00:00,33.2377,33.9477,33.0738,33.8385,3111000
1478788200,2016-11-10 00:00:00,34.0357,34.2572,32.8008,33.1072,6669000
1478874600,2016-11-11 00:00:00,33.4835,34.4302,33.4835,34.3756,2595300
1479133800,2016-11-14 00:00:00,34.5455,34.5485,34.1055,34.1965,1340100
1479220200,2016-11-15 00:00:00,34.3361,34.9278,34.2542,34.8368,1415100
1479306600,2016-11-16 00:00:00,34.7761,35.2677,34.7670,35.2373,1212300
1479393000,2016-11-17 00:00:00,35.3708,35.7926,35.1584,35.6166,1084500
1479479400,2016-11-18 00:00:00,35.5104,35.9200,35.5104,35.8745,1064400
1479738600,2016-11-21 00:00:00,35.9837,36.1688,35.8593,36.1142,1140300
1479825000,2016-11-22 00:00:00,36.3054,36.5330,36.2720,36.4996,1418700
1479911400,2016-11-23 00:00:00,36.5148,36.6210,36.3206,36.5451,1044000
1480084200,2016-11-25 00:00:00,36.6118,36.6270,36.4510,36.6088,411900
1480343400,2016-11-28 00:00:00,36.5208,36.6665,36.4389,36.4996,661500
1480429800,2016-11-29 00:00:00,36.4723,36.6483,36.2599,36.4328,1172700
1480516200,2016-11-30 00:00:00,36.4146,36.5087,36.2083,36.2235,591900
1480602600,2016-12-01 00:00:00,36.1961,36.1961,34.2481,34.4544,3488400
1480689000,2016-12-02 00:00:00,34.4059,34.9399,34.2876,34.8792,2997000
1480948200,2016-12-05 00:00:00,35.1827,35.4163,34.9521,35.3041,1120500
1481034600,2016-12-06 00:00:00,35.4042,35.8320,35.4042,35.7926,1454700
1481121000,2016-12-07 00:00:00,35.7713,36.6179,35.6530,36.5299,1300500
1481207400,2016-12-08 00:00:00,36.6270,37.0639,36.5815,36.8485,1262700
1481293800,2016-12-09 00:00:00,37.1459,37.2217,36.4662,36.7241,1004400
1481553000,2016-12-12 00:00:00,36.5785,36.6422,36.1446,36.4359,2093700
1481639400,2016-12-13 00:00:00,36.5633,37.1004,36.5147,36.8607,1004100
1481725800,2016-12-14 00:00:00,36.8758,37.0640,36.6998,36.8273,1989300
1481812200,2016-12-15 00:00:00,36.9790,37.6162,36.9153,37.4554,2221200
1481898600,2016-12-16 00:00:00,37.6769,37.7528,36.9092,37.0761,1474200
1482157800,2016-12-19 00:00:00,37.1732,37.5858,37.1277,37.4432,1245600
1482244200,2016-12-20 00:00:00,37.8195,37.8741,37.6374,37.8013,2156700
1482330600,2016-12-21 00:00:00,37.8804,37.9716,37.7405,37.8013,787200
1482417000,2016-12-22 00:00:00,38.2180,38.2271,37.8408,37.9838,869400
1482503400,2016-12-23 00:00:00,37.9473,38.1997,37.8834,38.1784,480000
1482849000,2016-12-27 00:00:00,38.2545,38.7076,38.2362,38.6498,1408500
1482935400,2016-12-28 00:00:00,38.8719,38.9023,37.8956,37.9169,1738500
1483021800,2016-12-29 00:00:00,37.7435,37.9108,37.5124,37.9108,1046700
1483108200,2016-12-30 00:00:00,38.0476,38.2180,37.2021,37.3238,3403800
1483453800,2017-01-03 00:00:00,37.4515,37.8591,37.0044,37.3238,2654100
1483540200,2017-01-04 00:00:00,37.5093,37.6097,37.2538,37.4272,1354200
1483626600,2017-01-05 00:00:00,37.4485,37.6462,37.0379,37.1079,942000
1483713000,2017-01-06 00:00:00,37.1991,37.5093,36.9649,37.4029,875100
1483972200,2017-01-09 00:00:00,37.5336,37.9503,37.5093,37.7982,883800
1484058600,2017-01-10 00:00:00,37.8256,38.0689,37.7739,37.9807,690900
1484145000,2017-01-11 00:00:00,38.0203,38.1176,37.8347,38.1115,1630200
1484231400,2017-01-12 00:00:00,37.9047,38.0020,37.2204,37.7922,1354500
1484317800,2017-01-13 00:00:00,37.8469,38.1298,37.8013,38.0385,849600
1484663400,2017-01-17 00:00:00,37.8986,37.9229,37.3025,37.4272,1092600
1484749800,2017-01-18 00:00:00,37.4728,37.9655,37.4363,37.9381,1156500
1484836200,2017-01-19 00:00:00,37.8804,38.1936,37.7435,37.7678,2727600
1484922600,2017-01-20 00:00:00,38.1510,38.4886,38.1054,38.2545,1929900
1485181800,2017-01-23 00:00:00,38.1115,38.1936,37.7253,38.0203,1053900
1485268200,2017-01-24 00:00:00,38.1815,38.8293,38.1298,38.7563,3734100
1485354600,2017-01-25 00:00:00,39.2794,39.4223,38.9692,39.3311,2025600
1485441000,2017-01-26 00:00:00,39.4071,39.4071,38.9388,39.1091,1262400
1485527400,2017-01-27 00:00:00,39.3098,39.6079,39.3098,39.5957,977400
1485786600,2017-01-30 00:00:00,39.4163,39.4163,38.9053,39.3980,1517400
1485873000,2017-01-31 00:00:00,39.1729,39.1973,38.6468,38.8870,1455000
1485959400,2017-02-01 00:00:00,39.3068,39.5227,39.1091,39.5045,1792200
1486045800,2017-02-02 00:00:00,39.2338,39.6079,39.0452,39.4862,1416000
1486132200,2017-02-03 00:00:00,39.7082,39.7630,39.5562,39.6900,869400
1486391400,2017-02-06 00:00:00,39.7691,39.8603,39.5197,39.8299,923100
1486477800,2017-02-07 00:00:00,40.0610,40.1249,39.7691,39.9759,594900
1486564200,2017-02-08 00:00:00,40.0945,40.2070,39.8420,40.0519,771600
1486650600,2017-02-09 00:00:00,40.0306,40.1614,39.6535,39.7021,1358100
1486737000,2017-02-10 00:00:00,39.9698,39.9728,39.2916,39.6778,1551600
1486996200,2017-02-13 00:00:00,39.7873,40.0245,39.6991,39.7599,929400
1487082600,2017-02-14 00:00:00,39.7751,39.7751,39.4041,39.6505,608400
1487169000,2017-02-15 00:00:00,39.7630,39.9972,39.5592,39.9576,703800
1487255400,2017-02-16 00:00:00,40.0002,40.0884,39.7660,40.0215,930600
1487341800,2017-02-17 00:00:00,39.8177,40.2344,39.6839,40.2283,996300
1487687400,2017-02-21 00:00:00,40.3652,40.8122,40.3652,40.7970,2010900
1487773800,2017-02-22 00:00:00,40.7180,40.8579,40.6419,40.8062,674700
1487860200,2017-02-23 00:00:00,40.7575,40.7605,39.8785,40.1431,1778100
1487946600,2017-02-24 00:00:00,39.5014,40.1219,39.3554,40.1158,1569600
1488205800,2017-02-27 00:00:00,40.1371,40.5142,40.0489,40.4990,3659400
1488292200,2017-02-28 00:00:00,40.5720,40.5720,39.8998,39.9820,1295400
1488378600,2017-03-01 00:00:00,40.4625,40.6602,40.0732,40.6054,1316700
1488465000,2017-03-02 00:00:00,40.6997,40.8001,40.1462,40.1888,1290300
1488551400,2017-03-03 00:00:00,40.2344,40.2648,39.9333,40.1675,1290000
1488810600,2017-03-06 00:00:00,40.0550,40.2587,39.7234,40.1888,1598400
1488897000,2017-03-07 00:00:00,40.1188,40.5416,39.9972,40.2770,1624500
1488983400,2017-03-08 00:00:00,40.4412,40.7058,40.2891,40.3713,1757100
1489069800,2017-03-09 00:00:00,40.3469,40.5172,40.1280,40.4503,1020600
1489156200,2017-03-10 00:00:00,40.6906,40.9978,40.6906,40.9126,2136300
1489411800,2017-03-13 00:00:00,41.0373,41.2350,40.9582,41.2198,1147500
1489498200,2017-03-14 00:00:00,41.1103,41.1407,40.7605,41.0981,1066800
1489584600,2017-03-15 00:00:00,41.1499,41.4996,40.9522,41.4236,1108200
1489671000,2017-03-16 00:00:00,41.5574,41.5665,41.3019,41.3810,932700
1489757400,2017-03-17 00:00:00,41.5239,41.5239,41.3354,41.4661,1832100
1490016600,2017-03-20 00:00:00,41.5726,41.9163,41.4297,41.7733,1138200
1490103000,2017-03-21 00:00:00,41.8798,41.9589,40.7149,40.7940,1962600
1490189400,2017-03-22 00:00:00,40.8335,41.2715,40.6906,41.2259,1676400
1490275800,2017-03-23 00:00:00,41.2198,41.3141,41.0160,41.1346,1530900
1490362200,2017-03-24 00:00:00,41.6570,41.9497,41.2758,41.4344,1596000
1490621400,2017-03-27 00:00:00,41.0380,41.5930,40.8672,41.4954,1449900
1490707800,2017-03-28 00:00:00,41.5777,41.7881,41.3765,41.6265,851400
1490794200,2017-03-29 00:00:00,41.6448,41.6448,41.4008,41.5259,1064400
1490880600,2017-03-30 00:00:00,41.5472,41.8308,41.4832,41.7393,831000
1490967000,2017-03-31 00:00:00,41.7820,41.9497,41.6082,41.7424,616500
1491226200,2017-04-03 00:00:00,41.7607,41.8613,41.2087,41.4771,2164800
1491312600,2017-04-04 00:00:00,41.2179,41.5381,41.1508,41.2697,1366800
1491399000,2017-04-05 00:00:00,41.3886,41.6692,40.9556,40.9831,1259400
1491485400,2017-04-06 00:00:00,40.9556,41.1386,40.6294,41.0471,1165500
1491571800,2017-04-07 00:00:00,41.0624,41.3490,40.9465,41.2240,757200
1491831000,2017-04-10 00:00:00,41.2270,41.2667,40.8093,40.9069,810300
1491917400,2017-04-11 00:00:00,40.7056,40.7178,39.9738,40.5775,1602000
1492003800,2017-04-12 00:00:00,40.4647,40.5196,39.7847,39.8792,1704600
1492090200,2017-04-13 00:00:00,39.6414,40.2146,39.5987,39.6139,1309200
1492435800,2017-04-17 00:00:00,39.7694,40.1293,39.7694,40.1079,1329900
1492522200,2017-04-18 00:00:00,39.8853,40.3183,39.8579,40.2939,1325700
1492608600,2017-04-19 00:00:00,40.6233,40.8733,40.4433,40.5043,1701600
1492695000,2017-04-20 00:00:00,40.8032,41.2179,40.6019,41.1447,1669800
1492781400,2017-04-21 00:00:00,41.0105,41.0532,40.6263,40.9709,1922400
1493040600,2017-04-24 00:00:00,41.5716,41.6936,41.4100,41.5594,1482300
1493127000,2017-04-25 00:00:00,41.7607,42.0473,41.6600,41.9833,1269900
1493213400,2017-04-26 00:00:00,41.9253,42.0046,41.4832,41.6387,3504000
1493299800,2017-04-27 00:00:00,41.9375,42.2821,41.8552,42.2242,1099200
1493386200,2017-04-28 00:00:00,42.1235,42.1235,41.3948,41.5045,3133800
1493645400,2017-05-01 00:00:00,41.6051,41.9284,41.3978,41.9162,2065500
1493731800,2017-05-02 00:00:00,41.8064,41.8064,41.2606,41.4740,3398700
1493818200,2017-05-03 00:00:00,41.2545,41.6783,41.2423,41.6173,1144800
1493904600,2017-05-04 00:00:00,41.7607,41.7607,41.4100,41.5869,1219500
1493991000,2017-05-05 00:00:00,41.6966,41.7515,41.3612,41.7515,902100
1494250200,2017-05-08 00:00:00,41.7302,41.8064,41.5076,41.5869,801900
1494336600,2017-05-09 00:00:00,41.6448,42.1205,41.5869,41.9985,1281000
1494423000,2017-05-10 00:00:00,42.5169,42.9682,42.5047,42.8889,2503500
1494509400,2017-05-11 00:00:00,42.8554,43.2426,42.5078,43.0444,2091000
1494595800,2017-05-12 00:00:00,43.1024,43.2183,42.9194,43.1664,573300
1494855000,2017-05-15 00:00:00,43.3494,43.8617,43.2243,43.8342,1123200
1494941400,2017-05-16 00:00:00,44.0385,44.4807,43.8342,44.4624,1067400
1495027800,2017-05-17 00:00:00,43.9409,44.0294,42.5077,42.5443,3091200
1495114200,2017-05-18 00:00:00,42.5626,43.4591,42.4346,43.3372,2103600
1495200600,2017-05-19 00:00:00,43.7427,43.9684,43.7031,43.8159,2681100
1495459800,2017-05-22 00:00:00,44.0995,44.3130,43.9989,44.2947,2000100
1495546200,2017-05-23 00:00:00,44.3343,44.3374,43.7793,44.1178,760200
1495632600,2017-05-24 00:00:00,44.4136,44.4868,44.2001,44.4044,1018800
1495719000,2017-05-25 00:00:00,44.5386,44.7887,44.3435,44.6301,1013400
1495805400,2017-05-26 00:00:00,44.5935,44.8558,44.3374,44.8344,789600
1496151000,2017-05-30 00:00:00,44.8314,45.2430,44.7795,45.1332,1176900
1496237400,2017-05-31 00:00:00,45.4565,45.5479,44.9106,45.1271,1605300
1496323800,2017-06-01 00:00:00,45.3009,45.3009,44.9167,45.1729,1063200
1496410200,2017-06-02 00:00:00,45.4595,45.6882,45.1180,45.6333,1297500
1496669400,2017-06-05 00:00:00,45.6181,45.9870,45.5998,45.7431,986700
1496755800,2017-06-06 00:00:00,45.5723,46.2066,45.5052,45.8925,1240800
1496842200,2017-06-07 00:00:00,46.1212,46.4170,45.9992,46.2340,1262700
1496928600,2017-06-08 00:00:00,46.6091,47.0970,46.2066,47.0787,1617600
1497015000,2017-06-09 00:00:00,47.4233,47.5544,44.1879,45.0997,5103600
1497274200,2017-06-12 00:00:00,44.5356,45.0052,43.5476,44.8405,5277300
1497360600,2017-06-13 00:00:00,45.5236,45.5876,44.5935,45.1454,3216600
1497447000,2017-06-14 00:00:00,45.3314,45.3314,44.1757,44.6728,2112300
1497533400,2017-06-15 00:00:00,43.9257,44.4563,43.8678,44.3191,3531900
1497619800,2017-06-16 00:00:00,44.4349,44.6514,44.0050,44.1422,1588800
1497879000,2017-06-19 00:00:00,44.6301,45.0540,44.5935,44.9808,1455600
1497965400,2017-06-20 00:00:00,45.2186,45.2735,44.4654,44.4746,1193100
1498051800,2017-06-21 00:00:00,44.6819,45.0021,44.5020,44.9899,1386900
1498138200,2017-06-22 00:00:00,44.9777,45.0875,44.6728,44.8862,1299900
1498224600,2017-06-23 00:00:00,44.9625,45.2735,44.7521,45.0204,973200
1498483800,2017-06-26 00:00:00,45.2766,45.5205,44.3953,44.6332,1882800
1498570200,2017-06-27 00:00:00,44.4742,44.4742,43.4226,43.4410,1921500
1498656600,2017-06-28 00:00:00,43.6916,44.2419,43.2728,44.1930,2285400
1498743000,2017-06-29 00:00:00,44.0157,44.0157,42.5025,43.0925,2949300
1498829400,2017-06-30 00:00:00,43.2270,43.4532,42.6706,42.8571,1492800
1499088600,2017-07-03 00:00:00,43.2025,43.2606,42.2549,42.2702,1771800
1499261400,2017-07-05 00:00:00,42.4077,43.2025,42.4077,43.1353,1918200
1499347800,2017-07-06 00:00:00,42.7348,43.3157,42.5331,42.9458,2063100
1499434200,2017-07-07 00:00:00,43.1536,43.8445,43.1536,43.6702,3374400
1499693400,2017-07-10 00:00:00,43.8384,44.2877,43.5632,44.1746,978300
1499779800,2017-07-11 00:00:00,44.0585,44.5598,44.0309,44.5414,965400
1499866200,2017-07-12 00:00:00,44.9877,45.3515,44.8288,45.2537,1678200
1499952600,2017-07-13 00:00:00,45.3026,45.5960,44.9786,45.1131,1532700
1500039000,2017-07-14 00:00:00,45.3607,45.7428,45.2537,45.7183,1234500
1500298200,2017-07-17 00:00:00,45.8742,45.8895,45.3790,45.5319,693300
1500384600,2017-07-18 00:00:00,45.2598,45.6816,45.0917,45.6725,1017000
1500471000,2017-07-19 00:00:00,45.9354,46.1066,45.7795,46.0943,1410600
1500557400,2017-07-20 00:00:00,46.1127,46.2900,45.7306,46.2288,1527000
1500643800,2017-07-21 00:00:00,45.9262,45.9262,45.6083,45.8345,984000
1500903000,2017-07-24 00:00:00,45.9017,45.9017,45.6052,45.6969,1212600
1500989400,2017-07-25 00:00:00,45.6022,45.7672,45.1864,45.6572,1203600
1501075800,2017-07-26 00:00:00,46.0638,46.3572,45.8987,46.1585,2004600
1501162200,2017-07-27 00:00:00,46.2961,46.3572,44.9144,45.4554,2827800
1501248600,2017-07-28 00:00:00,45.2476,45.4677,45.0581,45.2812,1205700
1501507800,2017-07-31 00:00:00,45.2873,45.5227,44.8043,44.9296,1517400
1501594200,2017-08-01 00:00:00,45.0642,45.2109,44.8441,45.2078,1002000
1501680600,2017-08-02 00:00:00,45.4677,45.5655,44.5690,44.8808,1741200
1501767000,2017-08-03 00:00:00,44.8532,44.9969,44.4925,44.7126,1347300
1501853400,2017-08-04 00:00:00,44.7432,45.0917,44.5995,44.7310,1283700
1502112600,2017-08-07 00:00:00,44.8471,45.5227,44.8471,45.5013,949200
1502199000,2017-08-08 00:00:00,45.5410,45.9017,45.2231,45.3698,818700
1502285400,2017-08-09 00:00:00,45.0122,45.2598,44.8104,45.2170,706500
1502371800,2017-08-10 00:00:00,44.9297,44.9449,43.9178,43.9545,1627500
1502458200,2017-08-11 00:00:00,43.7497,44.2786,43.6458,44.2021,1044300
1502717400,2017-08-14 00:00:00,44.7371,45.3790,44.7309,45.3270,1610100
1502803800,2017-08-15 00:00:00,45.5257,45.5319,45.1192,45.4401,531300
1502890200,2017-08-16 00:00:00,45.5349,45.7061,45.2965,45.5135,777900
1502976600,2017-08-17 00:00:00,45.2965,45.4157,44.3397,44.3641,1209000
1503063000,2017-08-18 00:00:00,44.6270,44.7615,44.2113,44.4314,1026900
1503322200,2017-08-21 00:00:00,44.4956,44.5690,43.8261,44.1013,945900
1503408600,2017-08-22 00:00:00,44.4895,44.9174,44.4314,44.8288,1046700
1503495000,2017-08-23 00:00:00,44.4069,45.1467,44.3611,45.0183,1983900
1503581400,2017-08-24 00:00:00,45.2048,45.2690,44.7738,45.0244,1294200
1503667800,2017-08-25 00:00:00,45.1925,45.2720,44.7371,44.8074,684900
1503927000,2017-08-28 00:00:00,44.8716,44.9541,44.6973,44.9419,552600
1504013400,2017-08-29 00:00:00,44.3764,45.1283,44.3611,45.0122,1068900
1504099800,2017-08-30 00:00:00,45.2537,45.8528,45.0947,45.7825,1998900
1504186200,2017-08-31 00:00:00,45.9384,46.2961,45.8681,46.2349,1072200
1504272600,2017-09-01 00:00:00,46.3175,46.6782,46.3175,46.4367,1591200
1504618200,2017-09-05 00:00:00,46.2716,46.3297,45.4096,45.8009,2806500
1504704600,2017-09-06 00:00:00,46.0576,46.0851,45.6572,45.8742,1044000
1504791000,2017-09-07 00:00:00,45.9629,46.1341,45.7550,45.9537,873300
1504877400,2017-09-08 00:00:00,45.9231,45.9568,45.2445,45.4126,1454100
1505136600,2017-09-11 00:00:00,45.7642,46.3847,45.7642,46.2777,1305300
1505223000,2017-09-12 00:00:00,46.3358,46.6201,46.2288,46.4856,742200
1505309400,2017-09-13 00:00:00,46.4642,46.6843,46.2319,46.5773,772800
1505395800,2017-09-14 00:00:00,46.3817,47.0358,46.3755,46.7607,1656900
1505482200,2017-09-15 00:00:00,46.9808,47.6289,46.8860,47.5769,1424100
1505741400,2017-09-18 00:00:00,47.8551,48.4939,47.8551,48.2005,1476900
1505827800,2017-09-19 00:00:00,48.3136,48.5398,48.0538,48.3533,1382700
1505914200,2017-09-20 00:00:00,48.4084,48.4084,47.0419,47.6869,2274900
1506000600,2017-09-21 00:00:00,47.5983,47.6533,47.0694,47.4821,864300
1506087000,2017-09-22 00:00:00,47.3568,47.7848,47.3476,47.7236,742200
1506346200,2017-09-25 00:00:00,47.5524,47.5524,46.5834,46.8035,1795500
1506432600,2017-09-26 00:00:00,47.2878,47.2878,46.5946,46.7296,1474200
1506519000,2017-09-27 00:00:00,47.2939,48.0545,47.2326,47.8613,1166400
1506605400,2017-09-28 00:00:00,47.8122,48.2416,47.6895,48.2139,819900
1506691800,2017-09-29 00:00:00,48.4072,48.6954,48.1618,48.6310,918600
1506951000,2017-10-02 00:00:00,48.8488,49.1493,48.5881,48.9561,1240500
1507037400,2017-10-03 00:00:00,49.0144,49.2076,48.8519,49.0911,536100
1507123800,2017-10-04 00:00:00,49.0297,49.2045,48.7445,49.2045,873900
1507210200,2017-10-05 00:00:00,49.4131,49.4192,48.9623,49.2475,538200
1507296600,2017-10-06 00:00:00,49.0696,49.4560,49.0665,49.4407,742800
1507555800,2017-10-09 00:00:00,49.6339,49.8608,49.5787,49.8179,835200
1507642200,2017-10-10 00:00:00,50.2657,50.2657,49.5971,50.0970,756300
1507728600,2017-10-11 00:00:00,50.0663,50.4527,49.9989,50.4405,859200
1507815000,2017-10-12 00:00:00,50.4221,50.6122,50.2411,50.2810,584400
1507901400,2017-10-13 00:00:00,50.5172,50.7809,50.3853,50.6030,531900
1508160600,2017-10-16 00:00:00,50.7564,50.8514,50.5018,50.8422,543300
1508247000,2017-10-17 00:00:00,50.8668,50.8668,50.5540,50.7993,558900
1508333400,2017-10-18 00:00:00,50.9864,51.0631,50.3025,50.9711,712200
1508419800,2017-10-19 00:00:00,50.5785,50.8484,50.0602,50.8422,1063800
1508506200,2017-10-20 00:00:00,51.2409,51.3544,51.0263,51.1029,1083600
1508765400,2017-10-23 00:00:00,51.3513,51.6274,51.1091,51.3544,898500
1508851800,2017-10-24 00:00:00,51.4986,51.7623,51.3053,51.7132,643500
1508938200,2017-10-25 00:00:00,51.4280,51.5660,50.5141,51.0354,1568100
1509024600,2017-10-26 00:00:00,51.1244,51.4434,51.0569,51.3360,1145100
1509111000,2017-10-27 00:00:00,51.6795,52.4799,51.4556,52.4094,1058400
1509370200,2017-10-30 00:00:00,52.2438,52.7713,52.2438,52.5505,1579200
1509456600,2017-10-31 00:00:00,52.6823,53.1240,52.5382,52.9706,1031400
1509543000,2017-11-01 00:00:00,53.4000,53.4368,52.3143,52.7774,1516500
1509629400,2017-11-02 00:00:00,52.8786,53.1761,52.4707,53.0381,4100100
1509715800,2017-11-03 00:00:00,53.2957,53.9796,52.8572,53.9766,2683800
1509978600,2017-11-06 00:00:00,54.5010,54.7647,54.1115,54.7402,3057600
1510065000,2017-11-07 00:00:00,54.6789,54.8199,54.3170,54.6911,1299300
1510151400,2017-11-08 00:00:00,54.6390,54.9119,54.4243,54.8659,1204500
1510237800,2017-11-09 00:00:00,54.3906,54.3906,53.1086,53.7680,3302400
1510324200,2017-11-10 00:00:00,53.9551,54.1575,53.8017,54.1238,1166400
1510583400,2017-11-13 00:00:00,53.9152,54.3415,53.8386,54.2802,1308900
1510669800,2017-11-14 00:00:00,54.1790,54.3845,53.8324,54.2311,801900
1510756200,2017-11-15 00:00:00,53.8478,53.9704,53.3080,53.7435,1175700
1510842600,2017-11-16 00:00:00,53.9674,54.7678,53.9674,54.5439,1093500
1510929000,2017-11-17 00:00:00,54.8659,54.8721,54.2127,54.3047,1887300
1511188200,2017-11-20 00:00:00,54.6114,55.0408,54.4703,54.9518,1792800
1511274600,2017-11-21 00:00:00,55.3137,55.6511,55.2064,55.5805,3603000
1511361000,2017-11-22 00:00:00,55.7768,55.7799,55.1604,55.2432,1203900
1511533800,2017-11-24 00:00:00,55.4793,55.7768,55.4026,55.7400,556800
1511793000,2017-11-27 00:00:00,55.4027,55.4027,54.9488,55.0408,1692900
1511879400,2017-11-28 00:00:00,55.2585,55.2585,54.7279,55.0653,1971300
1511965800,2017-11-29 00:00:00,55.0040,55.0193,52.1058,52.6394,5576700
1512052200,2017-11-30 00:00:00,53.2191,53.4705,52.5934,52.9216,4293300
1512138600,2017-12-01 00:00:00,52.4217,52.6609,51.0661,52.3481,4877700
1512397800,2017-12-04 00:00:00,52.9706,53.0350,50.7717,51.0907,4886400
1512484200,2017-12-05 00:00:00,50.8330,52.0628,50.4620,51.1305,5340300
1512570600,2017-12-06 00:00:00,50.6276,51.3881,50.4129,51.2961,2170500
1512657000,2017-12-07 00:00:00,51.6734,51.9555,51.4617,51.7960,2917500
1512743400,2017-12-08 00:00:00,52.3879,52.4125,51.4832,51.5292,1965900
1513002600,2017-12-11 00:00:00,51.6120,51.9739,51.4679,51.8390,5248200
1513089000,2017-12-12 00:00:00,51.7286,51.7286,51.2624,51.3329,1307700
1513175400,2017-12-13 00:00:00,51.5108,51.7776,51.2931,51.3237,980100
1513261800,2017-12-14 00:00:00,51.3575,51.6120,51.1459,51.2716,889200
1513348200,2017-12-15 00:00:00,51.5384,52.2100,51.2563,52.0751,3382500
1513607400,2017-12-18 00:00:00,52.7130,53.2190,52.4431,53.1914,3488700
1513693800,2017-12-19 00:00:00,53.1844,53.3318,52.8618,53.1352,2278500
1513780200,2017-12-20 00:00:00,53.6944,53.7589,53.0646,53.5224,1342200
1513866600,2017-12-21 00:00:00,53.6975,53.6975,52.8802,52.9570,1750500
1513953000,2017-12-22 00:00:00,52.7727,52.9540,52.5699,52.9263,877800
1514298600,2017-12-26 00:00:00,52.2596,52.4470,51.9585,52.3978,680100
1514385000,2017-12-27 00:00:00,52.4009,52.8341,52.3333,52.5668,794100
1514471400,2017-12-28 00:00:00,52.7327,52.8464,52.6221,52.7143,789000
1514557800,2017-12-29 00:00:00,52.8003,52.8003,52.1705,52.1735,760200
1514903400,2018-01-02 00:00:00,52.4562,53.6115,52.3917,53.5900,2860200
1514989800,2018-01-03 00:00:00,53.8818,54.5424,53.7589,54.5271,1326900
1515076200,2018-01-04 00:00:00,54.9295,55.0186,54.3949,54.8343,1335000
1515162600,2018-01-05 00:00:00,55.0801,55.3750,54.7606,55.1477,1170600
1515421800,2018-01-08 00:00:00,55.1846,55.7530,55.0125,55.5809,1622700
1515508200,2018-01-09 00:00:00,55.7284,55.7284,54.9726,55.0340,1464600
1515594600,2018-01-10 00:00:00,54.4103,54.6346,53.9371,54.3734,2030400
1515681000,2018-01-11 00:00:00,54.5485,54.7267,54.3243,54.6991,1047300
1515767400,2018-01-12 00:00:00,54.7575,55.1108,54.5547,54.9941,1101900
1516113000,2018-01-16 00:00:00,55.4611,55.8236,54.8527,55.1753,1462500
1516199400,2018-01-17 00:00:00,55.6915,56.8529,55.6331,56.7761,1136700
1516285800,2018-01-18 00:00:00,56.7577,57.3107,56.6901,57.0311,3163800
1516372200,2018-01-19 00:00:00,57.2892,57.3783,56.7515,57.0895,1188600
1516631400,2018-01-22 00:00:00,57.1970,57.5288,56.9236,57.5135,1247700
1516717800,2018-01-23 00:00:00,57.7869,57.9805,57.5749,57.9744,1467000
1516804200,2018-01-24 00:00:00,57.3752,57.5719,56.2446,56.6471,3006000
1516890600,2018-01-25 00:00:00,57.2646,57.4090,55.6639,55.6639,2254800
1516977000,2018-01-26 00:00:00,56.4166,57.4520,56.3890,57.4428,1667700
1517236200,2018-01-29 00:00:00,57.2339,57.7624,56.6808,57.3599,1626000
1517322600,2018-01-30 00:00:00,56.5334,56.8621,56.1462,56.2200,1948500
1517409000,2018-01-31 00:00:00,56.8806,57.0833,56.3644,56.6778,1163700
1517495400,2018-02-01 00:00:00,56.2261,57.2308,56.1401,56.3982,1255500
1517581800,2018-02-02 00:00:00,55.9342,55.9772,54.8527,54.8804,3241800
1517841000,2018-02-05 00:00:00,54.0662,55.2798,52.1428,52.2964,3915600
1517927400,2018-02-06 00:00:00,51.4945,54.2536,51.3747,54.1891,4045500
1518013800,2018-02-07 00:00:00,53.8357,54.3181,53.0185,53.0277,3262200
1518100200,2018-02-08 00:00:00,53.2765,53.4240,50.7571,50.8001,4162200
1518186600,2018-02-09 00:00:00,51.9554,52.6313,50.1365,52.2627,5947800
1518445800,2018-02-12 00:00:00,52.9570,53.6145,52.4654,53.2673,2956200
1518532200,2018-02-13 00:00:00,52.9324,53.3165,52.7573,53.2059,1481700
1518618600,2018-02-14 00:00:00,52.7911,54.5363,52.6866,54.4533,1199100
1518705000,2018-02-15 00:00:00,54.9664,55.1108,53.8235,55.1016,1732500
1518791400,2018-02-16 00:00:00,54.8282,55.5932,54.8282,54.9050,929700
1519137000,2018-02-20 00:00:00,54.7329,56.3798,54.6776,55.8759,2507400
1519223400,2018-02-21 00:00:00,56.1831,56.2261,55.1968,55.2337,1435500
1519309800,2018-02-22 00:00:00,55.5533,55.6854,54.9295,55.1108,1460700
1519396200,2018-02-23 00:00:00,55.6977,56.2907,55.5195,56.2907,1424700
1519655400,2018-02-26 00:00:00,56.6255,57.5166,56.6194,57.5043,1090500
1519741800,2018-02-27 00:00:00,57.5289,58.2908,57.3138,57.3138,1369200
1519828200,2018-02-28 00:00:00,57.7163,57.8300,56.7485,56.8038,1266600
1519914600,2018-03-01 00:00:00,57.0035,57.0403,55.2552,55.9066,2850300
1520001000,2018-03-02 00:00:00,55.2737,56.9604,55.1446,56.8560,1392600
1520260200,2018-03-05 00:00:00,56.5518,57.6425,56.2968,57.3660,1251000
1520346600,2018-03-06 00:00:00,57.9129,58.3891,57.6087,58.2294,1779000
1520433000,2018-03-07 00:00:00,57.6241,58.4905,57.6241,58.4168,1167300
1520519400,2018-03-08 00:00:00,58.7609,58.7947,58.1464,58.4690,1147200
1520605800,2018-03-09 00:00:00,58.9391,59.7072,58.8009,59.6827,1586400
1520861400,2018-03-12 00:00:00,60.1220,60.6228,59.9315,60.3156,1860300
1520947800,2018-03-13 00:00:00,60.1220,60.6228,59.1265,59.3846,4230000
1521034200,2018-03-14 00:00:00,59.7134,59.7134,58.8347,59.3785,1641000
1521120600,2018-03-15 00:00:00,59.5352,59.7195,59.0251,59.3324,1073100
1521207000,2018-03-16 00:00:00,59.4153,59.6611,59.2433,59.3078,1035000
1521466200,2018-03-19 00:00:00,58.7732,59.0497,57.3537,58.1771,2781600
1521552600,2018-03-20 00:00:00,58.3000,58.7947,58.2232,58.6042,760800
1521639000,2018-03-21 00:00:00,58.5366,59.4706,58.4629,58.7148,1380300
1521725400,2018-03-22 00:00:00,57.8082,58.4085,57.1186,57.1679,1752000
1521811800,2018-03-23 00:00:00,57.0663,57.1679,55.2438,55.2654,3847500
1522071000,2018-03-26 00:00:00,56.5614,57.5865,55.8410,57.5711,2399700
1522157400,2018-03-27 00:00:00,58.0145,58.1776,54.9821,55.4531,3221700
1522243800,2018-03-28 00:00:00,55.0714,55.5763,54.0124,54.2525,2980200
1522330200,2018-03-29 00:00:00,54.6189,55.9549,54.2217,55.4285,2504100
1522675800,2018-04-02 00:00:00,54.9452,55.3515,52.7841,53.3105,2379600
1522762200,2018-04-03 00:00:00,53.9755,54.4680,53.3905,54.3203,1673400
1522848600,2018-04-04 00:00:00,52.7564,55.1638,52.7410,55.0191,2024700
1522935000,2018-04-05 00:00:00,55.3639,55.4347,54.1017,54.4557,1725000
1523021400,2018-04-06 00:00:00,53.7107,54.2987,52.5717,52.8087,1179900
1523280600,2018-04-09 00:00:00,53.4306,54.6774,53.1104,53.1412,1113000
1523367000,2018-04-10 00:00:00,54.3603,55.1607,54.0155,54.8405,1904100
1523453400,2018-04-11 00:00:00,54.5357,55.3454,54.4372,54.8621,1226400
1523539800,2018-04-12 00:00:00,55.2992,56.0473,55.2500,55.8964,1911300
1523626200,2018-04-13 00:00:00,56.5491,56.6476,55.2838,55.4839,1289400
1523885400,2018-04-16 00:00:00,55.8133,55.8811,55.1207,55.5824,849300
1523971800,2018-04-17 00:00:00,56.0227,56.7677,55.9088,56.6353,1097700
1524058200,2018-04-18 00:00:00,56.2720,56.3982,55.5794,56.0781,1453500
1524144600,2018-04-19 00:00:00,55.0006,55.0622,53.4644,53.6522,5532900
1524231000,2018-04-20 00:00:00,53.6399,53.9139,52.7841,53.0180,3552000
1524490200,2018-04-23 00:00:00,53.2182,53.3382,52.1807,52.3131,2047200
1524576600,2018-04-24 00:00:00,52.7687,53.2520,51.4326,51.8913,3480900
1524663000,2018-04-25 00:00:00,52.1222,52.1992,51.0078,51.8267,4432800
1524749400,2018-04-26 00:00:00,52.6455,52.9380,52.3131,52.8857,4609200
1524835800,2018-04-27 00:00:00,53.5568,53.6122,52.2546,52.5163,3309000
1525095000,2018-04-30 00:00:00,52.4270,52.8241,51.7158,51.9406,1802100
1525181400,2018-05-01 00:00:00,51.8113,52.8518,51.7497,52.7933,3127800
1525267800,2018-05-02 00:00:00,52.8456,53.0119,52.3377,52.5593,1543200
1525354200,2018-05-03 00:00:00,52.1468,53.1042,51.7497,52.8734,2396700
1525440600,2018-05-04 00:00:00,52.5870,54.2094,52.3469,54.1140,1977900
1525699800,2018-05-07 00:00:00,54.5573,54.8929,54.3603,54.6373,1185000
1525786200,2018-05-08 00:00:00,54.6035,55.0375,54.3911,54.9606,1206300
1525872600,2018-05-09 00:00:00,55.1638,55.8380,55.0406,55.7979,1043700
1525959000,2018-05-10 00:00:00,56.1119,56.8385,56.0781,56.8138,1242900
1526045400,2018-05-11 00:00:00,56.4906,56.9247,56.2967,56.3982,1857900
1526304600,2018-05-14 00:00:00,57.1032,57.7743,56.9862,57.0878,1653900
1526391000,2018-05-15 00:00:00,56.7122,56.8723,56.0627,56.4690,1263900
1526477400,2018-05-16 00:00:00,56.9154,57.3187,56.4352,57.1956,1221300
1526563800,2018-05-17 00:00:00,57.0632,57.4942,56.6014,57.0293,1301400
1526650200,2018-05-18 00:00:00,56.5214,56.6014,56.0134,56.2135,2072700
1526909400,2018-05-21 00:00:00,57.0416,57.3372,56.2782,56.7769,1473300
1526995800,2018-05-22 00:00:00,57.2602,57.5281,56.9000,57.0940,1496400
1527082200,2018-05-23 00:00:00,56.6507,57.4203,56.4136,57.4018,1039200
1527168600,2018-05-24 00:00:00,57.4419,57.7559,56.9185,57.6327,1136100
1527255000,2018-05-25 00:00:00,57.6296,58.1807,57.5373,58.0976,1400700
1527600600,2018-05-29 00:00:00,57.8513,58.2330,57.3464,57.7466,1538400
1527687000,2018-05-30 00:00:00,58.0606,58.5563,57.8359,58.1222,2143500
1527773400,2018-05-31 00:00:00,58.0268,58.2915,57.6081,57.7005,1606500
1527859800,2018-06-01 00:00:00,58.2176,59.0150,58.0114,59.0150,1060500
1528119000,2018-06-04 00:00:00,59.1720,59.5506,58.9473,59.4829,1170900
1528205400,2018-06-05 00:00:00,59.6399,59.9262,59.4152,59.7661,641400
1528291800,2018-06-06 00:00:00,59.8369,60.1448,59.5168,60.1448,1268100
1528378200,2018-06-07 00:00:00,60.2033,60.2710,59.1812,59.6091,2082900
1528464600,2018-06-08 00:00:00,58.9288,59.1904,58.6024,59.0765,2429700
1528723800,2018-06-11 00:00:00,58.9873,59.2613,58.7687,58.9626,1277700
1528810200,2018-06-12 00:00:00,59.1135,59.3074,58.7379,59.2674,932400
1528896600,2018-06-13 00:00:00,59.3044,59.8062,59.1135,59.1781,9156900
1528983000,2018-06-14 00:00:00,59.5198,59.8185,59.1751,59.5322,1635600
1529069400,2018-06-15 00:00:00,59.1473,59.5506,58.9380,59.4798,1122600
1529328600,2018-06-18 00:00:00,59.1012,59.1012,58.3623,58.9072,1675800
1529415000,2018-06-19 00:00:00,58.0268,58.3038,57.3741,58.2607,2631000
1529501400,2018-06-20 00:00:00,58.5932,58.8395,58.2731,58.5409,2007300
1529587800,2018-06-21 00:00:00,58.9349,58.9596,57.7282,57.8144,1245900
1529674200,2018-06-22 00:00:00,58.0945,58.1315,57.2448,57.3557,1116300
1529933400,2018-06-25 00:00:00,56.7400,56.7400,54.9544,55.6686,5441100
1530019800,2018-06-26 00:00:00,55.8509,56.1444,55.5883,55.8663,11004000
1530106200,2018-06-27 00:00:00,56.1629,56.2926,54.5040,54.5319,2364000
1530192600,2018-06-28 00:00:00,54.3681,55.0693,54.2971,54.9458,4067700
1530279000,2018-06-29 00:00:00,55.4493,55.7304,55.0601,55.0601,1278000
1530538200,2018-07-02 00:00:00,54.5844,55.4184,54.1642,55.4061,2097300
1530624600,2018-07-03 00:00:00,55.6408,55.7212,54.3434,54.3959,1141500
1530797400,2018-07-05 00:00:00,54.8809,55.8602,54.8809,55.8509,1341000
1530883800,2018-07-06 00:00:00,55.8478,56.6293,55.5482,56.5367,2263200
1531143000,2018-07-09 00:00:00,57.1051,57.1205,56.2339,56.8981,1360200
1531229400,2018-07-10 00:00:00,57.0031,57.6209,56.9166,57.5005,1403400
1531315800,2018-07-11 00:00:00,56.5737,56.9105,55.9776,56.0239,1998600
1531402200,2018-07-12 00:00:00,55.8787,56.4780,55.5296,56.4008,2267400
1531488600,2018-07-13 00:00:00,56.5614,56.5614,56.1135,56.1969,802200
1531747800,2018-07-16 00:00:00,56.2772,56.4965,56.0733,56.1196,612600
1531834200,2018-07-17 00:00:00,55.7428,56.9444,55.6532,56.9259,4140600
1531920600,2018-07-18 00:00:00,57.1823,57.4634,56.9939,57.3645,923400
1532007000,2018-07-19 00:00:00,57.2533,57.4696,56.8641,57.2379,871500
1532093400,2018-07-20 00:00:00,57.1792,57.2873,56.6788,56.9691,871800
1532352600,2018-07-23 00:00:00,56.6757,57.1421,55.9405,57.0464,1001100
1532439000,2018-07-24 00:00:00,57.4016,57.6796,56.3451,56.4255,1884000
1532525400,2018-07-25 00:00:00,56.4007,56.6880,55.6779,56.6386,10230000
1532611800,2018-07-26 00:00:00,57.0155,57.7816,57.0155,57.7445,7296300
1532698200,2018-07-27 00:00:00,57.7847,58.3036,57.0649,57.4881,5193300
1532957400,2018-07-30 00:00:00,57.4634,57.6210,56.6448,56.9259,2500200
1533043800,2018-07-31 00:00:00,57.3059,58.1028,57.2008,57.3028,2271000
1533130200,2018-08-01 00:00:00,57.3584,57.8187,56.9722,57.2194,3727800
1533216600,2018-08-02 00:00:00,56.7035,57.8557,56.4996,57.7816,2253300
1533303000,2018-08-03 00:00:00,57.8187,57.9546,57.5468,57.9021,1344300
1533562200,2018-08-06 00:00:00,57.7908,58.2604,57.4788,58.2511,777900
1533648600,2018-08-07 00:00:00,58.5322,58.7516,58.3067,58.7145,9879900
1533735000,2018-08-08 00:00:00,58.7238,58.9709,58.4921,58.8504,1116600
1533821400,2018-08-09 00:00:00,58.5878,58.6713,58.2573,58.2697,2218800
1533907800,2018-08-10 00:00:00,57.0618,57.3120,56.5552,56.8240,3248100
1534167000,2018-08-13 00:00:00,56.9259,57.4016,56.8394,56.9074,1687500
1534253400,2018-08-14 00:00:00,57.2410,57.3306,56.7467,56.7931,1609500
1534339800,2018-08-15 00:00:00,56.3050,56.5398,55.4277,56.0053,3067800
1534426200,2018-08-16 00:00:00,56.3760,56.4533,55.7829,55.9343,1419900
1534512600,2018-08-17 00:00:00,55.4369,55.6655,54.6894,55.5173,2195400
1534771800,2018-08-20 00:00:00,55.5945,55.7953,54.8439,55.4678,957300
1534858200,2018-08-21 00:00:00,55.6439,56.6973,55.6316,56.5490,2549100
1534944600,2018-08-22 00:00:00,56.4316,56.8888,56.0857,56.8147,1440300
1535031000,2018-08-23 00:00:00,56.7869,57.2997,56.7869,56.8796,1847700
1535117400,2018-08-24 00:00:00,57.1329,57.7352,57.1236,57.7044,1685100
1535376600,2018-08-27 00:00:00,58.1739,59.0574,58.0472,58.6218,17873700
1535463000,2018-08-28 00:00:00,58.9338,59.1006,58.2789,58.8473,1616100
1535549400,2018-08-29 00:00:00,58.8473,59.1840,58.6403,59.0018,4280400
1535635800,2018-08-30 00:00:00,58.8659,59.0883,58.3932,58.4735,1811400
1535722200,2018-08-31 00:00:00,58.3901,58.8813,58.3901,58.7917,1099800
1536067800,2018-09-04 00:00:00,58.5786,59.2891,58.4519,59.2644,1289700
1536154200,2018-09-05 00:00:00,59.2087,59.3694,58.4797,58.9770,1579500
1536240600,2018-09-06 00:00:00,58.7546,58.8041,57.3522,57.4140,1494000
1536327000,2018-09-07 00:00:00,57.3059,58.0071,57.0402,57.1761,8400900
1536586200,2018-09-10 00:00:00,57.5839,57.7970,57.2472,57.7816,951000
1536672600,2018-09-11 00:00:00,57.5499,57.6271,56.9166,57.2225,1734900
1536759000,2018-09-12 00:00:00,56.4841,56.5861,55.3257,56.5614,2111400
1536845400,2018-09-13 00:00:00,57.1854,57.9237,57.0000,57.2070,2159700
1536931800,2018-09-14 00:00:00,57.5375,58.0781,57.3707,57.8495,1979100
1537191000,2018-09-17 00:00:00,57.6364,57.7878,56.9723,57.0433,1527600
1537277400,2018-09-18 00:00:00,57.2750,57.8835,57.2750,57.5345,1312800
1537363800,2018-09-19 00:00:00,57.5561,57.8990,57.3831,57.6240,1104900
1537450200,2018-09-20 00:00:00,58.0781,58.5446,57.9947,58.3222,1450200
1537536600,2018-09-21 00:00:00,58.3778,58.5940,58.0133,58.1646,1707600
1537795800,2018-09-24 00:00:00,57.6951,58.3932,57.5746,58.3654,833400
1537882200,2018-09-25 00:00:00,58.2233,58.2233,57.2812,57.4356,1470300
1537968600,2018-09-26 00:00:00,57.1678,57.5122,56.7800,56.8421,1049700
1538055000,2018-09-27 00:00:00,57.0251,57.2826,56.8576,57.0561,1055700
1538141400,2018-09-28 00:00:00,56.9910,57.6177,56.8203,57.4161,2376600
1538400600,2018-10-01 00:00:00,57.7108,58.0862,57.4781,57.6146,1025100
1538487000,2018-10-02 00:00:00,57.4626,58.4089,57.4626,57.6146,2016900
1538573400,2018-10-03 00:00:00,57.8659,58.0707,57.1523,57.6674,1986300
1538659800,2018-10-04 00:00:00,57.2702,57.3664,56.1563,56.6466,1919100
1538746200,2018-10-05 00:00:00,56.6621,56.7179,54.7911,55.3062,2436900
1539005400,2018-10-08 00:00:00,54.8563,55.3527,54.2171,54.6888,2152200
1539091800,2018-10-09 00:00:00,54.3878,54.9028,54.2885,54.6267,1609800
1539178200,2018-10-10 00:00:00,53.9162,53.9503,52.1724,52.2159,6056400
1539264600,2018-10-11 00:00:00,52.1197,53.2553,51.2913,51.6946,4370400
1539351000,2018-10-12 00:00:00,53.0908,53.3887,51.8684,52.6347,4856100
1539610200,2018-10-15 00:00:00,52.4082,52.7868,52.0142,52.2035,3884100
1539696600,2018-10-16 00:00:00,52.7837,53.9782,52.7247,53.9038,1955100
1539783000,2018-10-17 00:00:00,54.2978,54.4033,53.3173,53.6897,2425500
1539869400,2018-10-18 00:00:00,53.4694,53.4725,52.1507,52.3462,4058700
1539955800,2018-10-19 00:00:00,52.6689,52.9698,51.3409,51.5612,3382800
1540215000,2018-10-22 00:00:00,51.8311,52.1817,51.3968,51.8777,3923700
1540301400,2018-10-23 00:00:00,50.5218,51.8932,49.9602,51.6077,4304700
1540387800,2018-10-24 00:00:00,50.7452,50.7452,48.1358,48.2227,9218700
1540474200,2018-10-25 00:00:00,48.4988,49.6747,48.4243,49.2993,9226500
1540560600,2018-10-26 00:00:00,48.2258,49.2962,47.6549,48.4430,3910200
1540819800,2018-10-29 00:00:00,49.4234,49.6499,47.0312,47.9372,4422600
1540906200,2018-10-30 00:00:00,47.7976,49.9788,47.7976,49.9292,2495700
1540992600,2018-10-31 00:00:00,50.7048,50.9531,50.1153,50.5621,3495900
1541079000,2018-11-01 00:00:00,50.9251,53.0567,50.8879,52.9357,3511500
1541165400,2018-11-02 00:00:00,52.7030,52.9853,51.4929,52.1383,3240000
1541428200,2018-11-05 00:00:00,52.0576,52.0638,50.7948,51.6636,2405100
1541514600,2018-11-06 00:00:00,51.5519,52.4672,51.5519,52.2655,1184400
1541601000,2018-11-07 00:00:00,52.9543,53.0319,52.2810,52.8581,1827900
1541687400,2018-11-08 00:00:00,52.4424,53.0598,52.2035,52.7154,1706100
1541773800,2018-11-09 00:00:00,52.1166,52.1662,51.2602,51.7101,1690200
1542033000,2018-11-12 00:00:00,50.8289,50.9313,49.2434,49.4017,2249100
1542119400,2018-11-13 00:00:00,49.8113,51.0772,49.8113,50.0812,2411100
1542205800,2018-11-14 00:00:00,50.5497,51.0275,49.8206,50.3015,3722100
1542292200,2018-11-15 00:00:00,50.0378,52.1848,50.0253,52.0018,4985100
1542378600,2018-11-16 00:00:00,50.1153,51.6077,50.1091,51.3750,4494300
1542637800,2018-11-19 00:00:00,51.1206,51.2695,49.3614,49.4110,2579100
1542724200,2018-11-20 00:00:00,47.9993,50.1122,47.9434,49.4731,3124200
1542810600,2018-11-21 00:00:00,50.0253,50.4101,49.6592,49.6778,2259900
1542983400,2018-11-23 00:00:00,49.2993,50.0936,49.2683,49.7058,1488000
1543242600,2018-11-26 00:00:00,50.3698,50.6087,49.8795,50.6056,1907400
1543329000,2018-11-27 00:00:00,50.3325,51.1082,50.0812,50.6800,2013000
1543415400,2018-11-28 00:00:00,51.2571,51.8870,50.2456,51.8653,1681200
1543501800,2018-11-29 00:00:00,51.7381,51.9832,51.3564,51.4867,2874300
1543588200,2018-11-30 00:00:00,51.4526,52.2097,50.9686,52.2035,1842600
1543847400,2018-12-03 00:00:00,53.7766,53.9720,53.0505,53.5749,2338500
1543933800,2018-12-04 00:00:00,53.1498,53.2739,50.9438,51.0120,2076900
1544106600,2018-12-06 00:00:00,49.5848,50.7514,49.3303,50.7514,5354400
1544193000,2018-12-07 00:00:00,50.6738,50.7514,48.5826,48.8587,1956000
1544452200,2018-12-10 00:00:00,48.6881,49.7120,48.5640,49.4855,1613100
1544538600,2018-12-11 00:00:00,50.3698,50.9686,49.5196,49.8020,2491500
1544625000,2018-12-12 00:00:00,50.6149,51.2851,50.2053,50.5094,1403700
1544711400,2018-12-13 00:00:00,50.8910,51.1361,50.1867,50.4039,1341000
1544797800,2018-12-14 00:00:00,49.8206,50.6707,49.6468,49.6903,1363500
1545057000,2018-12-17 00:00:00,49.6184,50.3460,48.7354,49.0463,1176300
1545143400,2018-12-18 00:00:00,49.4598,50.4641,49.4505,49.6930,2520300
1545229800,2018-12-19 00:00:00,49.4163,49.9791,47.3735,47.5787,3022800
1545316200,2018-12-20 00:00:00,47.5570,48.3281,46.6179,47.2491,3256500
1545402600,2018-12-21 00:00:00,47.5507,48.0918,46.3194,46.4469,2780100
1545661800,2018-12-24 00:00:00,46.0427,46.5589,45.0850,45.0850,2641800
1545834600,2018-12-26 00:00:00,45.8313,47.7901,45.0197,47.7901,4233900
1545921000,2018-12-27 00:00:00,47.0564,48.1104,46.4905,48.1042,2700600
1546007400,2018-12-28 00:00:00,48.3436,49.3262,48.0638,48.4493,1011000
1546266600,2018-12-31 00:00:00,48.9530,49.1676,48.2814,48.7882,2207700
1546439400,2019-01-02 00:00:00,47.7902,49.5407,47.7404,49.1023,2292000
1546525800,2019-01-03 00:00:00,47.9829,48.2845,46.2168,46.2386,3070200
1546612200,2019-01-04 00:00:00,47.1030,48.4929,46.9351,48.3250,2537400
1546871400,2019-01-07 00:00:00,48.4680,49.6899,48.2659,49.2173,1679700
1546957800,2019-01-08 00:00:00,49.7490,49.7490,48.3747,49.0028,1529700
1547044200,2019-01-09 00:00:00,49.4474,50.4735,49.4474,50.2621,2304600
1547130600,2019-01-10 00:00:00,49.7646,50.7906,49.7304,50.7067,1256700
1547217000,2019-01-11 00:00:00,50.4859,51.6706,50.3211,51.2508,1290300
1547476200,2019-01-14 00:00:00,50.6725,50.7595,50.1594,50.4175,853500
1547562600,2019-01-15 00:00:00,50.5512,51.1078,50.3553,50.5637,882000
1547649000,2019-01-16 00:00:00,50.6538,50.9554,50.1004,50.1004,856800
1547735400,2019-01-17 00:00:00,49.7521,50.9554,49.4754,50.5637,3133500
1547821800,2019-01-18 00:00:00,51.0953,52.1898,50.9368,51.8789,1574400
1548167400,2019-01-22 00:00:00,51.3783,51.3783,50.0133,50.3864,2130600
1548253800,2019-01-23 00:00:00,50.6663,50.8715,49.5904,50.0320,2110500
1548340200,2019-01-24 00:00:00,51.1700,53.1226,51.1513,52.9392,5947200
1548426600,2019-01-25 00:00:00,53.1506,54.2606,52.7775,54.0368,3126600
1548685800,2019-01-28 00:00:00,52.0717,53.3962,51.9038,52.9703,2450400
1548772200,2019-01-29 00:00:00,52.9734,53.1444,52.1152,52.2054,4396500
1548858600,2019-01-30 00:00:00,53.1382,53.9093,52.5350,53.7196,3142800
1548945000,2019-01-31 00:00:00,53.6108,54.1767,53.2003,53.6947,1481700
1549031400,2019-02-01 00:00:00,53.7569,54.5995,53.7320,54.3384,1515000
1549290600,2019-02-04 00:00:00,54.3073,54.6182,53.9155,54.6120,627600
1549377000,2019-02-05 00:00:00,54.5653,55.1250,54.4690,54.8607,1295400
1549463400,2019-02-06 00:00:00,55.5386,56.7854,55.5386,56.3377,2575800
1549549800,2019-02-07 00:00:00,55.6474,55.9023,54.6306,55.1157,3459900
1549636200,2019-02-08 00:00:00,54.3570,55.1343,54.0585,55.0193,1882800
1549895400,2019-02-11 00:00:00,55.1468,55.4328,54.8514,55.2898,741600
1549981800,2019-02-12 00:00:00,55.9708,56.5988,55.8899,56.4589,2019900
1550068200,2019-02-13 00:00:00,56.7387,57.0777,56.4713,56.6393,906600
1550154600,2019-02-14 00:00:00,56.4465,57.2114,56.3843,56.7916,1004700
1550241000,2019-02-15 00:00:00,57.2425,57.3979,56.7761,57.0839,742500
1550586600,2019-02-19 00:00:00,56.8227,57.3731,56.7543,57.0062,1182900
1550673000,2019-02-20 00:00:00,57.1430,57.8519,57.1430,57.4912,1036800
1550759400,2019-02-21 00:00:00,57.4974,57.6249,56.9004,57.0652,1152900
1550845800,2019-02-22 00:00:00,57.5130,57.7617,57.2891,57.6778,880800
1551105000,2019-02-25 00:00:00,58.5453,58.8375,58.1131,58.1535,2355600
1551191400,2019-02-26 00:00:00,57.9949,58.2250,57.6094,57.7897,865200
1551277800,2019-02-27 00:00:00,57.5565,57.5565,56.4745,57.0963,2977800
1551364200,2019-02-28 00:00:00,56.8538,57.2953,56.6672,57.1305,1236000
1551450600,2019-03-01 00:00:00,57.6746,57.9172,57.0403,57.6373,1433400
1551709800,2019-03-04 00:00:00,58.0353,58.2374,56.9284,57.6436,1755600
1551796200,2019-03-05 00:00:00,57.4881,57.7493,57.1585,57.4228,1330500
1551882600,2019-03-06 00:00:00,57.2642,57.4010,56.4340,56.4745,1412400
1551969000,2019-03-07 00:00:00,56.2506,56.2506,55.4857,55.8650,2994000
1552055400,2019-03-08 00:00:00,54.8980,55.8619,54.6959,55.8153,1491000
1552311000,2019-03-11 00:00:00,56.0951,57.3886,56.0298,57.1150,1993800
1552397400,2019-03-12 00:00:00,57.3233,57.6653,56.8320,57.3295,1968300
1552483800,2019-03-13 00:00:00,57.7244,58.0478,57.5130,57.5596,1230000
1552570200,2019-03-14 00:00:00,57.5907,57.8612,57.2425,57.2456,1775700
1552656600,2019-03-15 00:00:00,57.9358,59.3661,57.9203,58.9059,3952800
1552915800,2019-03-18 00:00:00,59.0396,59.3381,58.4364,58.8158,2697000
1553002200,2019-03-19 00:00:00,59.2169,59.7579,59.2107,59.5776,1991400
1553088600,2019-03-20 00:00:00,59.6118,59.9205,58.6578,59.0195,2508600
1553175000,2019-03-21 00:00:00,59.0756,61.4638,59.0756,61.0585,2802300
1553261400,2019-03-22 00:00:00,60.8028,60.8901,59.2876,59.3375,4417200
1553520600,2019-03-25 00:00:00,58.9166,59.4653,58.1060,58.5954,2944800
1553607000,2019-03-26 00:00:00,59.4186,59.6867,58.7139,59.1567,3840900
1553693400,2019-03-27 00:00:00,59.2252,59.4217,57.8784,58.3273,3970800
1553779800,2019-03-28 00:00:00,58.4240,58.9478,57.8191,58.2307,1386600
1553866200,2019-03-29 00:00:00,58.9228,59.2346,58.7576,59.0943,1725900
1554125400,2019-04-01 00:00:00,59.9642,60.6407,59.7522,60.5690,1964400
1554211800,2019-04-02 00:00:00,60.6002,60.8029,60.2978,60.6594,1459500
1554298200,2019-04-03 00:00:00,61.3921,62.5581,61.3765,62.0001,3218100
1554384600,2019-04-04 00:00:00,61.9221,62.5207,61.7974,62.1341,1617300
1554471000,2019-04-05 00:00:00,62.5051,62.6112,62.1341,62.5831,1223700
1554730200,2019-04-08 00:00:00,62.3118,62.7982,62.1778,62.7296,1380300
1554816600,2019-04-09 00:00:00,62.3711,62.3711,61.7538,62.0780,1483500
1554903000,2019-04-10 00:00:00,62.0063,62.7577,61.9533,62.5582,1267500
1554989400,2019-04-11 00:00:00,62.7203,62.9603,62.3461,62.5052,935400
1555075800,2019-04-12 00:00:00,63.0851,63.4155,62.8918,63.3719,1030500
1555335000,2019-04-15 00:00:00,63.4748,63.4748,62.5675,62.9011,1770000
1555421400,2019-04-16 00:00:00,63.3001,64.9713,63.3001,64.9152,3216900
1555507800,2019-04-17 00:00:00,66.2465,66.7890,65.4733,65.9908,3275700
1555594200,2019-04-18 00:00:00,66.0968,66.1873,65.6853,66.0002,1083900
1555939800,2019-04-22 00:00:00,65.7944,66.1405,65.3953,65.9503,912300
1556026200,2019-04-23 00:00:00,66.3182,66.8763,66.1623,66.6300,2014800
1556112600,2019-04-24 00:00:00,66.6736,67.9675,66.6456,67.2473,2025900
1556199000,2019-04-25 00:00:00,67.0228,67.1195,65.5138,66.0657,2073300
1556285400,2019-04-26 00:00:00,64.8092,65.5512,64.1700,65.5200,3381000
1556544600,2019-04-29 00:00:00,65.5512,65.6853,65.1303,65.4421,2680200
1556631000,2019-04-30 00:00:00,65.2924,66.0719,65.2924,65.9596,3088800
1556717400,2019-05-01 00:00:00,66.5053,66.9012,65.3610,65.4327,4019100
1556803800,2019-05-02 00:00:00,65.3953,66.7890,65.2426,66.0625,3420000
1556890200,2019-05-03 00:00:00,66.4616,66.5957,65.7819,66.5801,2269800
1557149400,2019-05-06 00:00:00,64.2605,65.5169,64.1202,65.4951,2262900
1557235800,2019-05-07 00:00:00,64.6284,64.7780,63.1568,63.8832,3237000
1557322200,2019-05-08 00:00:00,63.3563,64.3322,63.2160,63.3376,3103200
1557408600,2019-05-09 00:00:00,62.3555,62.9198,61.2175,62.6392,2978700
1557495000,2019-05-10 00:00:00,62.0655,63.0726,61.2175,62.7296,3901200
1557754200,2019-05-13 00:00:00,60.6407,61.0117,59.5152,59.7958,4856400
1557840600,2019-05-14 00:00:00,60.5441,61.4950,60.2541,61.1739,2954100
1557927000,2019-05-15 00:00:00,60.5409,62.0655,60.4817,61.6446,5173800
1558013400,2019-05-16 00:00:00,60.7841,61.3235,60.2884,60.6719,6997800
1558099800,2019-05-17 00:00:00,59.6991,60.9026,59.2315,59.4903,5014200
1558359000,2019-05-20 00:00:00,57.5541,58.0249,56.7123,57.1176,4640700
1558445400,2019-05-21 00:00:00,58.2650,58.5955,57.8035,58.2868,5167500
1558531800,2019-05-22 00:00:00,57.1706,57.6445,56.8807,57.0553,3254100
1558618200,2019-05-23 00:00:00,56.0545,56.1979,55.2470,56.1667,3725400
1558704600,2019-05-24 00:00:00,56.4411,56.8620,55.6273,55.6772,2273100
1559050200,2019-05-28 00:00:00,55.9952,56.1885,55.0755,55.2002,2389200
1559136600,2019-05-29 00:00:00,54.7419,55.6647,54.5829,55.3997,4244400
1559223000,2019-05-30 00:00:00,55.5400,56.3164,55.4153,55.8674,2000100
1559309400,2019-05-31 00:00:00,55.1690,55.9391,54.9975,55.0350,3330600
1559568600,2019-06-03 00:00:00,55.6585,56.2509,54.8822,55.1659,2988000
1559655000,2019-06-04 00:00:00,56.2135,57.5791,55.7333,57.5791,3156600
1559741400,2019-06-05 00:00:00,58.0654,58.2120,56.4193,57.1644,3273600
1559827800,2019-06-06 00:00:00,57.2486,58.1559,57.0428,57.9563,957000
1559914200,2019-06-07 00:00:00,58.2057,58.7326,58.0093,58.6110,1468500
1560173400,2019-06-10 00:00:00,59.3344,60.7717,59.3344,60.0390,3907800
1560259800,2019-06-11 00:00:00,61.1520,61.2736,59.8207,60.2791,3400500
1560346200,2019-06-12 00:00:00,59.6368,59.7147,58.7981,58.8792,1450500
1560432600,2019-06-13 00:00:00,59.3032,59.4248,58.7607,59.1629,1143000
1560519000,2019-06-14 00:00:00,57.4325,57.9251,57.2798,57.6726,2081700
1560778200,2019-06-17 00:00:00,57.6623,57.8720,57.2271,57.2459,1074600
1560864600,2019-06-18 00:00:00,57.8564,60.1386,57.8564,59.7222,2850000
1560951000,2019-06-19 00:00:00,60.1323,60.2262,59.4937,59.8412,1431300
1561037400,2019-06-20 00:00:00,60.9870,61.2656,60.0666,60.3452,3371400
1561123800,2019-06-21 00:00:00,60.1354,60.5925,59.8881,60.0008,1333200
1561383000,2019-06-24 00:00:00,60.0759,60.3483,59.9163,60.0634,2115900
1561469400,2019-06-25 00:00:00,60.2074,60.4266,59.1743,59.2338,1416600
1561555800,2019-06-26 00:00:00,60.5581,61.4722,60.4516,61.1466,1755300
1561642200,2019-06-27 00:00:00,61.4534,62.3456,61.4534,62.0357,1559700
1561728600,2019-06-28 00:00:00,62.5366,62.6587,61.9762,62.1140,2529900
1561987800,2019-07-01 00:00:00,64.8188,65.3572,63.2504,63.6792,4752000
1562074200,2019-07-02 00:00:00,63.4914,63.5540,62.5961,62.8841,1378800
1562160600,2019-07-03 00:00:00,62.8809,62.9216,62.1233,62.5961,738000
1562333400,2019-07-05 00:00:00,61.7790,62.2861,61.5317,62.2392,934200
1562592600,2019-07-08 00:00:00,61.6726,61.9355,61.3689,61.7571,581400
1562679000,2019-07-09 00:00:00,61.4033,62.2423,61.2468,62.1421,1347300
1562765400,2019-07-10 00:00:00,62.8246,63.5196,62.5428,62.6430,1424100
1562851800,2019-07-11 00:00:00,62.9248,63.0531,62.4427,62.8183,2578800
1562938200,2019-07-12 00:00:00,62.9780,64.0268,62.9780,63.9610,1315500
1563197400,2019-07-15 00:00:00,64.2553,64.7624,64.1520,64.5214,684300
1563283800,2019-07-16 00:00:00,64.2240,64.3523,63.4945,63.8358,1124400
1563370200,2019-07-17 00:00:00,64.2052,64.3147,63.7982,64.0267,786900
1563456600,2019-07-18 00:00:00,64.0049,65.1037,64.0049,64.9534,1041600
1563543000,2019-07-19 00:00:00,65.1976,65.4762,64.8125,64.8783,1311900
1563802200,2019-07-22 00:00:00,65.1632,66.2119,65.1632,66.1180,2729700
1563888600,2019-07-23 00:00:00,66.4999,66.9663,66.2119,66.9663,1297500
1563975000,2019-07-24 00:00:00,67.4297,69.1296,67.4297,69.0075,2436300
1564061400,2019-07-25 00:00:00,68.5160,68.5473,67.6488,67.8492,1846500
1564147800,2019-07-26 00:00:00,68.3375,68.3375,67.7772,67.8304,626400
1564407000,2019-07-29 00:00:00,67.7146,68.0808,67.1417,68.0151,2041800
1564493400,2019-07-30 00:00:00,67.3452,68.0026,67.0885,67.8617,789600
1564579800,2019-07-31 00:00:00,67.3483,67.4516,64.9565,65.6108,1374600
1564666200,2019-08-01 00:00:00,65.3322,67.2074,63.7606,64.3148,2578800
1564752600,2019-08-02 00:00:00,63.6636,64.2177,62.8027,63.3662,2328900
1565011800,2019-08-05 00:00:00,61.5098,61.5630,60.0791,60.6301,2511300
1565098200,2019-08-06 00:00:00,61.6381,62.1860,60.7209,61.4033,1479000
1565184600,2019-08-07 00:00:00,60.4266,61.9856,60.4266,61.7915,2180400
1565271000,2019-08-08 00:00:00,62.3675,63.5258,61.9574,63.5039,2165400
1565357400,2019-08-09 00:00:00,62.8309,63.0907,61.9668,62.3957,1893600
1565616600,2019-08-12 00:00:00,61.7477,62.2955,61.3063,61.5786,1178100
1565703000,2019-08-13 00:00:00,61.5786,63.9391,61.1685,63.3975,2205000
1565789400,2019-08-14 00:00:00,61.9324,62.4145,61.1310,61.4471,2766300
1565875800,2019-08-15 00:00:00,61.7853,61.9543,60.8023,61.3344,965700
1565962200,2019-08-16 00:00:00,61.9793,63.1439,61.9793,62.9686,1509900
1566221400,2019-08-19 00:00:00,64.4776,64.7092,63.8420,64.1269,4550400
1566307800,2019-08-20 00:00:00,64.1050,64.2803,63.5478,63.8890,732600
1566394200,2019-08-21 00:00:00,64.4149,64.7374,64.1394,64.4118,700200
1566480600,2019-08-22 00:00:00,64.5496,64.7750,63.7419,64.4118,5985600
1566567000,2019-08-23 00:00:00,63.6229,64.0674,61.4377,61.6131,1682700
1566826200,2019-08-26 00:00:00,62.5460,62.6461,61.8948,62.1359,997800
1566912600,2019-08-27 00:00:00,62.5867,62.8966,61.6068,61.9042,1290600
1566999000,2019-08-28 00:00:00,61.6757,62.4364,61.2374,62.2955,726000
1567085400,2019-08-29 00:00:00,63.3975,64.1708,63.2566,63.7920,3748500
1567171800,2019-08-30 00:00:00,64.4118,64.6748,63.8107,64.0925,1014600
1567517400,2019-09-03 00:00:00,63.3850,63.6448,62.6743,63.0375,2833500
1567603800,2019-09-04 00:00:00,64.0017,64.7781,64.0017,64.7311,1387800
1567690200,2019-09-05 00:00:00,66.1242,67.5048,65.9427,66.7222,2037600
1567776600,2019-09-06 00:00:00,66.9006,67.0884,66.4561,66.9006,1273500
1568035800,2019-09-09 00:00:00,67.1730,67.7052,66.8912,67.1448,962400
1568122200,2019-09-10 00:00:00,66.9382,67.4453,66.4091,67.4453,1291800
1568208600,2019-09-11 00:00:00,67.8335,68.4941,67.4046,68.4565,1415400
1568295000,2019-09-12 00:00:00,69.1421,69.2830,68.2155,68.6099,1719900
1568381400,2019-09-13 00:00:00,68.6976,68.8072,68.1560,68.4722,1309500
1568640600,2019-09-16 00:00:00,67.9556,68.3125,67.3890,68.0308,840900
1568727000,2019-09-17 00:00:00,67.9087,68.2687,67.4861,68.1810,667800
1568813400,2019-09-18 00:00:00,68.2593,68.3063,67.3013,68.3063,654900
1568899800,2019-09-19 00:00:00,68.3939,68.6068,67.8429,67.8586,1057500
1568986200,2019-09-20 00:00:00,68.0464,68.0464,66.3684,66.6095,1944900
1569245400,2019-09-23 00:00:00,66.6001,67.7177,66.5500,67.3952,2110800
1569331800,2019-09-24 00:00:00,67.6657,67.8952,65.9267,66.2821,1169400
1569418200,2019-09-25 00:00:00,65.9393,67.6091,65.3670,67.3921,1033500
1569504600,2019-09-26 00:00:00,67.3890,67.6751,66.8072,67.4770,1050600
1569591000,2019-09-27 00:00:00,67.1185,67.2569,65.3701,65.8984,2070000
1569850200,2019-09-30 00:00:00,66.1909,66.5997,65.8984,66.4802,1079700
1569936600,2019-10-01 00:00:00,66.9393,67.7946,65.6814,65.8575,1820400
1570023000,2019-10-02 00:00:00,65.4959,65.5211,64.4676,64.8953,1328700
1570109400,2019-10-03 00:00:00,64.9613,66.0525,64.1280,66.0368,1603500
1570195800,2019-10-04 00:00:00,66.3733,67.2349,66.2318,67.1343,1213200
1570455000,2019-10-07 00:00:00,67.0902,67.3984,66.7066,66.7412,1224600
1570541400,2019-10-08 00:00:00,65.8827,66.0620,64.5997,64.6752,2052000
1570627800,2019-10-09 00:00:00,65.5053,66.1783,65.3764,65.7318,1358400
1570714200,2019-10-10 00:00:00,65.8009,67.0934,65.8009,66.3733,1116300
1570800600,2019-10-11 00:00:00,67.6091,68.7223,67.5871,67.9393,1947300
1571059800,2019-10-14 00:00:00,67.8921,68.0399,67.5525,67.9298,1111200
1571146200,2019-10-15 00:00:00,68.3512,69.5619,68.2349,69.4235,1204800
1571232600,2019-10-16 00:00:00,69.0305,69.3512,68.2412,68.4393,1761600
1571319000,2019-10-17 00:00:00,69.2223,69.4015,68.1751,68.5556,1289700
1571405400,2019-10-18 00:00:00,68.4330,68.6499,67.2254,67.8292,807600
1571664600,2019-10-21 00:00:00,68.4896,69.1720,68.3198,69.1657,1299900
1571751000,2019-10-22 00:00:00,69.3701,69.4078,68.5619,68.5619,1130400
1571837400,2019-10-23 00:00:00,67.3009,67.8890,66.8292,67.2412,1599300
1571923800,2019-10-24 00:00:00,68.1468,68.9707,68.0651,68.9047,1912200
1572010200,2019-10-25 00:00:00,69.1342,70.4141,69.0965,70.3449,1859700
1572269400,2019-10-28 00:00:00,70.8701,71.6814,70.7663,71.6248,1158600
1572355800,2019-10-29 00:00:00,71.6876,72.1719,70.8826,70.8826,1158300
1572442200,2019-10-30 00:00:00,71.4235,71.4392,70.4392,70.9078,1061400
1572528600,2019-10-31 00:00:00,70.7883,70.7883,69.6311,70.5493,862800
1572615000,2019-11-01 00:00:00,71.2160,72.1688,70.8858,72.1688,1989600
1572877800,2019-11-04 00:00:00,73.0839,73.8511,73.0650,73.7757,1991100
1572964200,2019-11-05 00:00:00,73.9989,74.4140,73.6059,73.8166,1091700
1573050600,2019-11-06 00:00:00,73.6750,73.6971,72.5776,73.3229,1633800
1573137000,2019-11-07 00:00:00,74.4172,74.5744,73.4612,73.7662,1491600
1573223400,2019-11-08 00:00:00,73.4832,74.1845,73.0493,74.1373,1048500
1573482600,2019-11-11 00:00:00,73.5115,73.9455,73.2316,73.8323,836400
1573569000,2019-11-12 00:00:00,74.0178,74.5555,73.6939,73.9832,1444200
1573655400,2019-11-13 00:00:00,73.5775,74.2411,73.2191,74.0618,929700
1573741800,2019-11-14 00:00:00,73.6688,73.8826,73.2537,73.8166,973800
1573828200,2019-11-15 00:00:00,74.7945,75.1216,74.1467,74.4926,977400
1574087400,2019-11-18 00:00:00,74.4863,74.7788,73.9580,74.3228,777000
1574173800,2019-11-19 00:00:00,74.6687,74.7788,73.5430,73.9518,731700
1574260200,2019-11-20 00:00:00,73.6059,73.9738,72.5210,73.0807,1412700
1574346600,2019-11-21 00:00:00,72.5713,72.9424,71.9832,72.3009,2084400
1574433000,2019-11-22 00:00:00,72.5084,72.9078,72.0556,72.2254,1028400
1574692200,2019-11-25 00:00:00,72.9141,74.0304,72.9141,73.9581,1229100
1574778600,2019-11-26 00:00:00,73.8354,73.9486,73.3449,73.6813,2139600
1574865000,2019-11-27 00:00:00,73.9801,74.2222,73.8826,74.2128,775200
1575037800,2019-11-29 00:00:00,73.9644,73.9644,73.3229,73.4172,615000
1575297000,2019-12-02 00:00:00,73.4926,73.5681,72.1342,72.2882,1428900
1575383400,2019-12-03 00:00:00,70.7348,71.2411,70.3921,71.1688,1932300
1575469800,2019-12-04 00:00:00,72.1499,72.6090,72.0839,72.2945,1081500
1575556200,2019-12-05 00:00:00,72.7945,72.9549,72.3386,72.6562,1404600
1575642600,2019-12-06 00:00:00,73.5556,73.9203,73.4235,73.7065,1002300
1575901800,2019-12-09 00:00:00,73.8794,73.9455,73.3606,73.3700,492900
1575988200,2019-12-10 00:00:00,73.7568,74.1625,73.4046,73.6813,522600
1576074600,2019-12-11 00:00:00,73.8732,75.3040,73.8228,75.1908,1458900
1576161000,2019-12-12 00:00:00,75.0775,77.3605,75.0775,77.2284,2190300
1576247400,2019-12-13 00:00:00,77.2693,78.0649,76.5397,76.8888,1735800
1576506600,2019-12-16 00:00:00,77.7352,78.2969,77.5648,77.6247,2099100
1576593000,2019-12-17 00:00:00,78.0508,78.1265,77.5680,77.9751,974100
1576679400,2019-12-18 00:00:00,78.1297,78.1297,77.6500,77.9340,963900
1576765800,2019-12-19 00:00:00,78.2464,78.5620,77.8709,78.5620,1063500
1576852200,2019-12-20 00:00:00,79.1079,79.4961,78.7387,79.3099,1035600
1577111400,2019-12-23 00:00:00,79.9316,79.9726,79.4614,79.5624,1356300
1577197800,2019-12-24 00:00:00,79.7391,79.7580,79.2878,79.6918,504300
1577370600,2019-12-26 00:00:00,80.0294,80.0294,79.4866,79.7833,654000
1577457000,2019-12-27 00:00:00,80.1115,80.1115,79.3572,79.6255,1104000
1577716200,2019-12-30 00:00:00,79.6066,79.6066,78.4831,79.0259,1118700
1577802600,2019-12-31 00:00:00,78.6156,79.2815,78.5778,79.2405,604500
1577975400,2020-01-02 00:00:00,80.2377,80.8783,79.8401,80.8783,1275300
1578061800,2020-01-03 00:00:00,79.6318,80.0641,79.1963,79.3699,1235100
1578321000,2020-01-06 00:00:00,78.3726,78.7955,78.0287,78.5431,1615200
1578407400,2020-01-07 00:00:00,79.5214,80.3040,79.0512,79.9884,1146600
1578493800,2020-01-08 00:00:00,80.1462,80.4555,79.5750,79.9158,1297800
1578580200,2020-01-09 00:00:00,81.0266,81.0266,79.6634,80.4207,639600
1578666600,2020-01-10 00:00:00,80.9320,80.9320,79.7202,79.9537,1952100
1578925800,2020-01-13 00:00:00,80.5122,81.0014,80.2661,80.8878,950100
1579012200,2020-01-14 00:00:00,81.1024,81.7461,80.6416,81.0645,896400
1579098600,2020-01-15 00:00:00,81.1781,81.2160,79.8748,80.2061,1516500
1579185000,2020-01-16 00:00:00,80.8247,81.5063,80.7678,81.4747,1708500
1579271400,2020-01-17 00:00:00,81.9702,82.0869,81.4432,82.0869,1016700
1579617000,2020-01-21 00:00:00,81.7651,82.3236,81.6956,82.0396,1653300
1579703400,2020-01-22 00:00:00,82.6424,83.5102,82.4026,82.5919,1251300
1579789800,2020-01-23 00:00:00,82.9075,83.2925,82.1532,83.2167,1077300
1579876200,2020-01-24 00:00:00,84.4317,84.5516,81.7588,82.3331,1626300
1580135400,2020-01-27 00:00:00,79.9979,80.1588,79.0291,79.1900,3212100
1580221800,2020-01-28 00:00:00,80.0862,81.3106,79.6413,81.0266,2410500
1580308200,2020-01-29 00:00:00,80.7394,80.9414,79.4898,79.5371,1242300
1580394600,2020-01-30 00:00:00,79.0985,79.7738,77.9782,79.5403,1741800
1580481000,2020-01-31 00:00:00,78.8113,78.8744,76.3372,76.7033,2155500
1580740200,2020-02-03 00:00:00,76.9368,77.7510,76.8863,77.5616,1719300
1580826600,2020-02-04 00:00:00,79.6286,80.1051,79.2310,79.9852,2465100
1580913000,2020-02-05 00:00:00,81.5094,81.9670,80.6195,81.8282,2009100
1580999400,2020-02-06 00:00:00,81.7998,81.9166,80.8878,81.8755,1068600
1581085800,2020-02-07 00:00:00,80.9130,81.0550,79.8464,79.9442,1550700
1581345000,2020-02-10 00:00:00,79.1995,81.1087,79.1995,81.0645,1212900
1581431400,2020-02-11 00:00:00,81.8503,83.1820,81.8503,82.7023,1132500
1581517800,2020-02-12 00:00:00,83.6270,84.1003,83.5512,83.9773,1554900
1581604200,2020-02-13 00:00:00,83.2830,84.6115,83.1820,84.0656,1681800
1581690600,2020-02-14 00:00:00,84.7252,85.0029,83.3650,83.7848,1366800
1582036200,2020-02-18 00:00:00,82.5130,82.8412,82.0775,82.7086,2409900
1582122600,2020-02-19 00:00:00,83.7595,84.9524,83.7595,84.7946,1575300
1582209000,2020-02-20 00:00:00,84.5295,84.7536,82.3331,83.5639,2301300
1582295400,2020-02-21 00:00:00,82.9832,83.0558,80.7584,81.0803,2479200
1582554600,2020-02-24 00:00:00,77.2745,78.3758,76.6843,77.1956,3786600
1582641000,2020-02-25 00:00:00,78.2307,78.3474,74.4469,74.8951,5127600
1582727400,2020-02-26 00:00:00,75.5104,76.6433,74.5385,74.9960,4525200
1582813800,2020-02-27 00:00:00,72.7649,74.2576,71.4048,71.5342,4172100
1582900200,2020-02-28 00:00:00,69.0412,73.6264,68.8329,73.1468,4788900
1583159400,2020-03-02 00:00:00,74.4438,75.7376,72.0486,75.7376,4137600
1583245800,2020-03-03 00:00:00,76.0753,77.0662,72.5819,73.0710,2729700
1583332200,2020-03-04 00:00:00,74.6836,76.8043,73.5886,76.8043,3355800
1583418600,2020-03-05 00:00:00,74.9014,76.4193,73.8694,74.4911,3548700
1583505000,2020-03-06 00:00:00,72.2284,73.5507,71.1082,72.8627,4851600
1583760600,2020-03-09 00:00:00,67.0499,70.3034,66.2704,66.6396,6082500
1583847000,2020-03-10 00:00:00,69.4261,71.0766,66.9331,71.0135,3859500
1583933400,2020-03-11 00:00:00,68.7666,69.7670,66.2988,67.0341,2262900
1584019800,2020-03-12 00:00:00,62.3542,64.9071,59.5834,59.6844,5859900
1584106200,2020-03-13 00:00:00,63.2441,66.3272,59.6939,66.0874,4420200
1584365400,2020-03-16 00:00:00,59.3278,62.1269,55.4305,56.0237,4817100
1584451800,2020-03-17 00:00:00,57.5164,61.5368,55.0108,60.9530,4079100
1584538200,2020-03-18 00:00:00,56.9010,58.9460,52.9501,55.9449,4131600
1584624600,2020-03-19 00:00:00,54.9192,59.1669,53.7674,57.3839,2945100
1584711000,2020-03-20 00:00:00,59.4698,60.5175,55.4652,55.7492,2942700
1584970200,2020-03-23 00:00:00,56.3646,58.6683,55.0076,57.7405,2787600
1585056600,2020-03-24 00:00:00,61.3632,64.1719,61.1771,63.9857,5754600
1585143000,2020-03-25 00:00:00,64.5544,66.6602,62.2396,63.1516,2496000
1585229400,2020-03-26 00:00:00,64.8077,67.6735,64.2219,67.3980,3301800
1585315800,2020-03-27 00:00:00,65.2700,66.2264,63.8356,64.0541,2500800
1585575000,2020-03-30 00:00:00,64.7254,66.4797,64.2504,66.2833,3341400
1585661400,2020-03-31 00:00:00,66.2929,67.4107,64.4151,64.9819,4342200
1585747800,2020-04-01 00:00:00,62.8444,64.3486,60.7735,61.4258,2938800
1585834200,2020-04-02 00:00:00,60.8969,63.4049,60.7671,63.2561,3537900
1585920600,2020-04-03 00:00:00,63.1579,63.9591,61.2421,62.0591,3110400
1586179800,2020-04-06 00:00:00,64.7539,68.6995,64.7539,68.3892,5011800
1586266200,2020-04-07 00:00:00,70.7799,71.0523,68.0662,68.1453,6696300
1586352600,2020-04-08 00:00:00,69.2916,70.6849,68.3226,70.4253,3915900
1586439000,2020-04-09 00:00:00,71.4291,71.9801,68.2277,68.9021,6792300
1586784600,2020-04-13 00:00:00,68.6393,69.8901,68.0852,69.6811,3968100
1586871000,2020-04-14 00:00:00,71.3689,72.8952,71.1979,72.8952,5871300
1586957400,2020-04-15 00:00:00,71.3658,71.3658,70.0611,70.7261,3620400
1587043800,2020-04-16 00:00:00,72.0086,72.8667,71.0523,72.7116,3338100
1587130200,2020-04-17 00:00:00,73.9909,74.1397,72.3727,73.2752,2772600
1587389400,2020-04-20 00:00:00,72.1732,73.2467,71.5874,71.6824,2713200
1587475800,2020-04-21 00:00:00,70.5646,70.9287,67.9490,68.1706,3653100
1587562200,2020-04-22 00:00:00,70.3936,72.6387,70.0358,72.2967,3341100
1587648600,2020-04-23 00:00:00,72.2999,73.0441,71.3214,71.5748,2933100
1587735000,2020-04-24 00:00:00,71.5273,73.2246,70.9288,73.0631,2887200
1587994200,2020-04-27 00:00:00,74.0067,74.7762,73.6964,74.0384,3212400
1588080600,2020-04-28 00:00:00,75.4190,75.7958,73.5729,73.6552,4094100
1588167000,2020-04-29 00:00:00,74.9630,77.4646,74.8237,77.1512,3975900
1588253400,2020-04-30 00:00:00,76.8250,76.9200,74.3012,74.4279,5172300
1588339800,2020-05-01 00:00:00,72.4709,72.8667,70.4569,70.7989,6033600
1588599000,2020-05-04 00:00:00,70.1244,71.4766,69.8458,71.3879,3381300
1588685400,2020-05-05 00:00:00,72.7179,73.9402,72.1542,72.5881,4506300
1588771800,2020-05-06 00:00:00,73.3797,74.6084,73.2657,73.4779,4407900
1588858200,2020-05-07 00:00:00,74.7762,75.0580,73.7692,74.1397,2825700
1588944600,2020-05-08 00:00:00,74.9155,76.4070,74.7033,76.3278,3885600
1589203800,2020-05-11 00:00:00,75.6122,76.9390,75.4728,76.2550,3498300
1589290200,2020-05-12 00:00:00,76.7711,77.0276,74.1682,74.2315,3764100
1589376600,2020-05-13 00:00:00,74.5925,74.9345,71.6982,72.8002,6889500
1589463000,2020-05-14 00:00:00,72.1796,74.8205,70.9668,74.7477,6521700
1589549400,2020-05-15 00:00:00,72.2429,73.4525,71.7996,73.2024,5657100
1589808600,2020-05-18 00:00:00,74.9409,76.9738,74.9409,76.5653,4940700
1589895000,2020-05-19 00:00:00,76.5812,78.0821,76.2867,76.3152,4308000
1589981400,2020-05-20 00:00:00,77.8858,79.6433,77.8858,79.1271,3791100
1590067800,2020-05-21 00:00:00,79.1524,79.2126,77.0086,77.1353,3809700
1590154200,2020-05-22 00:00:00,77.2113,77.6071,76.2550,77.4773,2462400
1590499800,2020-05-26 00:00:00,79.5514,79.9346,78.1866,78.2911,4310400
1590586200,2020-05-27 00:00:00,78.5318,79.4976,76.3088,79.4976,5297400
1590672600,2020-05-28 00:00:00,78.9149,79.9758,77.3348,77.7623,4460100
1590759000,2020-05-29 00:00:00,78.0188,79.9663,77.7781,79.7541,6282000
1591018200,2020-06-01 00:00:00,79.3424,79.6971,78.6173,79.3234,2780100
1591104600,2020-06-02 00:00:00,79.5514,81.0967,79.1809,81.0366,3159900
1591191000,2020-06-03 00:00:00,82.2399,83.7567,82.2177,83.3767,1781700
1591277400,2020-06-04 00:00:00,83.0600,84.7605,82.7972,84.1367,1948500
1591363800,2020-06-05 00:00:00,86.1475,87.4489,85.7421,86.1981,2878200
1591623000,2020-06-08 00:00:00,86.7111,86.8473,85.1721,86.0208,2531400
1591709400,2020-06-09 00:00:00,85.1531,86.3944,84.7763,86.0873,1958400
1591795800,2020-06-10 00:00:00,86.6605,87.2114,86.0366,86.3913,2579400
1591882200,2020-06-11 00:00:00,84.2000,84.4755,80.8149,80.9036,3992100
1591968600,2020-06-12 00:00:00,82.9745,83.6522,80.1752,82.0055,4613400
1592227800,2020-06-15 00:00:00,80.2008,83.2410,79.9215,83.1109,2132400
1592314200,2020-06-16 00:00:00,85.5545,86.0971,83.2219,84.7325,3384300
1592400600,2020-06-17 00:00:00,85.5386,86.1606,84.8817,85.3926,1371300
1592487000,2020-06-18 00:00:00,85.2784,85.6909,84.8563,85.2340,1340400
1592573400,2020-06-19 00:00:00,86.3034,86.5732,84.5897,84.8214,2271300
1592832600,2020-06-22 00:00:00,84.7325,85.6465,83.9138,85.4466,1286100
1592919000,2020-06-23 00:00:00,86.2780,86.6430,85.5989,85.7512,1177800
1593005400,2020-06-24 00:00:00,85.2847,85.7354,83.2219,83.8693,1974000
1593091800,2020-06-25 00:00:00,83.7678,84.6341,82.4889,84.4691,1376400
1593178200,2020-06-26 00:00:00,84.5739,84.6564,82.6793,82.8856,1637700
1593437400,2020-06-29 00:00:00,82.9078,83.8218,81.8637,83.7900,2664900
1593523800,2020-06-30 00:00:00,84.1709,86.2812,84.1010,85.9607,4086000
1593610200,2020-07-01 00:00:00,86.0400,86.0718,84.7802,84.8595,1909200
1593696600,2020-07-02 00:00:00,86.1701,86.6969,85.6370,85.8972,1787400
1594042200,2020-07-06 00:00:00,87.5855,88.5027,87.3126,88.1663,2312700
1594128600,2020-07-07 00:00:00,87.9822,88.5217,86.9857,87.1254,1893000
1594215000,2020-07-08 00:00:00,87.7886,88.3821,87.1000,88.3059,1610700
1594301400,2020-07-09 00:00:00,88.7311,90.0196,87.3761,89.4769,2007900
1594387800,2020-07-10 00:00:00,89.7149,89.8228,88.3122,89.1754,966000
1594647000,2020-07-13 00:00:00,90.4385,91.4128,87.5411,87.7093,2951700
1594733400,2020-07-14 00:00:00,87.0905,89.3817,85.9543,89.1596,3124200
1594819800,2020-07-15 00:00:00,89.8736,89.8768,87.6395,89.0041,2247000
1594906200,2020-07-16 00:00:00,87.9695,88.9565,87.5824,88.6709,1344600
1594992600,2020-07-17 00:00:00,88.9628,89.4801,88.6835,89.1183,1340400
1595251800,2020-07-20 00:00:00,89.2675,91.1335,88.6804,90.8796,1783200
1595338200,2020-07-21 00:00:00,91.5524,91.6730,90.0450,90.4163,1593900
1595424600,2020-07-22 00:00:00,90.6638,91.4032,89.9783,90.7146,1240500
1595511000,2020-07-23 00:00:00,90.7622,91.4699,88.5408,89.3278,2006100
1595597400,2020-07-24 00:00:00,87.7474,89.1786,86.5637,87.9251,2717400
1595856600,2020-07-27 00:00:00,89.0358,90.7019,88.9723,90.6638,2324400
1595943000,2020-07-28 00:00:00,90.0006,90.1180,88.7343,88.9120,1822500
1596029400,2020-07-29 00:00:00,89.7022,91.1144,89.6070,90.7431,1452000
1596115800,2020-07-30 00:00:00,90.4798,92.6155,90.4575,92.5298,2717400
1596202200,2020-07-31 00:00:00,92.7615,92.8060,90.7495,92.1554,1928400
1596461400,2020-08-03 00:00:00,92.7171,94.0531,92.7044,93.8278,1654200
1596547800,2020-08-04 00:00:00,93.8278,95.2876,93.7802,95.2051,1452900
1596634200,2020-08-05 00:00:00,95.0559,95.5288,94.4435,95.1067,1741500
1596720600,2020-08-06 00:00:00,95.0337,95.2114,94.0912,95.0559,1096200
1596807000,2020-08-07 00:00:00,94.9481,95.3003,92.8567,93.9992,1364700
1597066200,2020-08-10 00:00:00,94.2816,94.3959,92.6346,93.9960,1326900
1597152600,2020-08-11 00:00:00,93.8881,94.8592,92.7298,93.0154,2116500
1597239000,2020-08-12 00:00:00,93.8056,96.2746,93.5041,96.0207,1945800
1597325400,2020-08-13 00:00:00,96.0207,96.1191,94.5926,95.0655,1522200
1597411800,2020-08-14 00:00:00,95.3701,96.1191,94.6720,95.0083,1088700
1597671000,2020-08-17 00:00:00,95.7922,96.5316,95.5732,96.0778,928500
1597757400,2020-08-18 00:00:00,96.6236,96.6935,95.2971,95.5700,1020300
1597843800,2020-08-19 00:00:00,95.6875,95.8620,94.7386,95.0274,1197600
1597930200,2020-08-20 00:00:00,93.9357,94.6180,93.4819,94.1832,1899300
1598016600,2020-08-21 00:00:00,93.9992,94.8941,93.6406,94.8211,1239300
1598275800,2020-08-24 00:00:00,95.9191,96.1508,95.0591,95.8081,1043700
1598362200,2020-08-25 00:00:00,95.9985,96.8141,95.8049,96.7379,1089900
1598448600,2020-08-26 00:00:00,96.9569,97.3948,96.5538,97.0489,1019700
1598535000,2020-08-27 00:00:00,97.4741,97.4741,95.3352,95.9445,1660200
1598621400,2020-08-28 00:00:00,96.0620,97.7534,95.8938,97.7153,1711200
1598880600,2020-08-31 00:00:00,97.6487,98.3151,96.8712,97.4964,1013400
1598967000,2020-09-01 00:00:00,98.2771,99.4989,97.7661,99.4322,1414200
1599053400,2020-09-02 00:00:00,100.9999,102.9040,100.0352,102.3137,2971800
1599139800,2020-09-03 00:00:00,100.6699,100.8952,95.9350,96.6078,3921000
1599226200,2020-09-04 00:00:00,95.9636,97.2520,92.1966,95.6049,3466800
1599571800,2020-09-08 00:00:00,92.1712,93.8627,91.0034,91.1367,3036000
1599658200,2020-09-09 00:00:00,93.4470,94.3990,92.2188,93.6183,1914600
1599744600,2020-09-10 00:00:00,94.8846,95.1638,91.8063,92.3489,1914000
1599831000,2020-09-11 00:00:00,92.9932,93.9547,91.3176,92.3236,1524300
1600090200,2020-09-14 00:00:00,94.1737,94.7608,93.4470,94.1705,1155600
1600176600,2020-09-15 00:00:00,95.4590,96.4555,95.2940,95.7954,1259700
1600263000,2020-09-16 00:00:00,96.4840,96.5983,94.7513,94.8973,1217400
1600349400,2020-09-17 00:00:00,92.4791,95.0020,92.1554,94.8497,1714800
1600435800,2020-09-18 00:00:00,95.2845,95.5256,92.1490,93.3645,1210800
1600695000,2020-09-21 00:00:00,91.6064,93.1963,90.8193,93.1963,2331600
1600781400,2020-09-22 00:00:00,93.7929,94.2880,92.1585,94.1579,1096200
1600867800,2020-09-23 00:00:00,94.1830,94.6894,91.6446,91.9854,1896000
1600954200,2020-09-24 00:00:00,91.2242,94.0524,91.1573,92.7625,2350500
1601040600,2020-09-25 00:00:00,92.9249,94.3327,91.5331,94.0365,1614300
1601299800,2020-09-28 00:00:00,95.3710,96.7214,94.7531,96.6259,1836000
1601386200,2020-09-29 00:00:00,96.7087,97.7597,96.5622,96.8520,1915500
1601472600,2020-09-30 00:00:00,96.7883,97.9731,96.4507,97.0176,1947600
1601559000,2020-10-01 00:00:00,98.3362,99.2821,97.8839,99.0942,2045400
1601645400,2020-10-02 00:00:00,96.5335,98.1260,95.9889,96.1227,2008500
1601904600,2020-10-05 00:00:00,96.9985,99.2153,96.8680,99.1261,1540200
1601991000,2020-10-06 00:00:00,99.2057,101.0307,98.2502,98.6547,1888800
1602077400,2020-10-07 00:00:00,100.0593,100.8523,100.0433,100.5434,1249200
1602163800,2020-10-08 00:00:00,101.4639,101.9957,101.1454,101.7887,979800
1602250200,2020-10-09 00:00:00,103.2602,103.8685,102.8684,103.5787,1967400
1602509400,2020-10-12 00:00:00,104.9482,105.6553,104.4259,105.1170,1591500
1602595800,2020-10-13 00:00:00,105.2954,105.8241,104.4546,104.9291,2298900
1602682200,2020-10-14 00:00:00,105.3655,105.6871,103.9099,104.5055,1562400
1602768600,2020-10-15 00:00:00,102.5563,104.4291,102.3429,104.2253,1207200
1602855000,2020-10-16 00:00:00,104.9450,105.1361,103.6456,103.7284,865800
1603114200,2020-10-19 00:00:00,104.5788,105.1967,102.8111,103.2061,1208700
1603200600,2020-10-20 00:00:00,103.6711,103.9513,102.7952,103.0373,1048800
1603287000,2020-10-21 00:00:00,103.2825,103.4895,102.2633,102.3461,1074300
1603373400,2020-10-22 00:00:00,102.4735,102.9194,101.1454,102.3875,905100
1603459800,2020-10-23 00:00:00,101.9958,102.0276,101.0626,102.0276,786000
1603719000,2020-10-26 00:00:00,101.1549,101.5180,98.5146,99.8172,1671300
1603805400,2020-10-27 00:00:00,100.5084,100.7536,99.0815,99.4255,890100
1603891800,2020-10-28 00:00:00,97.8585,97.8585,96.0112,96.1704,1481100
1603978200,2020-10-29 00:00:00,96.1863,99.6389,96.0526,98.6101,1504500
1604064600,2020-10-30 00:00:00,97.5686,98.2056,96.0080,97.2947,1337100
1604327400,2020-11-02 00:00:00,98.2056,98.6547,96.8042,97.6419,1456200
1604413800,2020-11-03 00:00:00,98.5018,100.3268,98.4827,99.4828,1385100
1604500200,2020-11-04 00:00:00,101.6040,103.4959,100.3905,102.9608,3026700
1604586600,2020-11-05 00:00:00,105.9356,107.8529,105.8400,107.5854,2808600
1604673000,2020-11-06 00:00:00,107.3306,109.7385,106.9835,109.3403,2016000
1604932200,2020-11-09 00:00:00,112.2769,112.6750,108.0600,108.0663,1920900
1605018600,2020-11-10 00:00:00,107.0981,107.5567,104.5533,104.8240,1862100
1605105000,2020-11-11 00:00:00,106.4420,108.7925,106.4324,108.6014,1670400
1605191400,2020-11-12 00:00:00,108.7734,109.0314,106.6904,107.2605,1203600
1605277800,2020-11-13 00:00:00,108.5377,109.4805,107.7988,108.5759,1070700
1605537000,2020-11-16 00:00:00,109.4645,111.2768,109.1651,111.2768,1456200
1605623400,2020-11-17 00:00:00,110.8819,110.9137,109.5410,110.3595,1371600
1605709800,2020-11-18 00:00:00,110.5538,111.3150,109.4677,109.5378,1361100
1605796200,2020-11-19 00:00:00,109.1460,111.2609,108.6460,111.1558,1056300
1605882600,2020-11-20 00:00:00,111.1940,112.1336,110.5060,110.6366,1369500
1606141800,2020-11-23 00:00:00,111.1303,112.6049,110.7735,112.2132,1374900
1606228200,2020-11-24 00:00:00,113.0190,113.0253,111.0857,112.8247,1824600
1606314600,2020-11-25 00:00:00,112.9903,113.4426,112.1113,112.5763,974100
1606487400,2020-11-27 00:00:00,113.2897,114.5828,113.2897,113.9171,1713300
1606746600,2020-11-30 00:00:00,114.1082,115.3695,112.6654,115.2357,1874100
1606833000,2020-12-01 00:00:00,116.2517,117.8793,115.8727,117.1372,2005200
1606919400,2020-12-02 00:00:00,116.8091,118.0608,116.6912,117.4811,2141400
1607005800,2020-12-03 00:00:00,118.1627,118.8538,117.4748,117.6340,1096800
1607092200,2020-12-04 00:00:00,118.1627,120.9145,117.9748,120.8413,1624500
1607351400,2020-12-07 00:00:00,121.5260,121.5388,120.2966,121.4528,1657800
1607437800,2020-12-08 00:00:00,121.3668,122.3191,120.7712,121.8445,1203000
1607524200,2020-12-09 00:00:00,121.3827,122.1917,117.6913,118.4112,1949400
1607610600,2020-12-10 00:00:00,117.3983,119.2615,117.0034,118.2455,1967400
1607697000,2020-12-11 00:00:00,117.4079,117.9175,115.8090,117.0957,1605900
1607956200,2020-12-14 00:00:00,118.1863,119.1182,117.9246,118.4033,1313400
1608042600,2020-12-15 00:00:00,119.9990,120.4522,119.2107,120.0533,1102500
1608129000,2020-12-16 00:00:00,120.6182,120.6182,119.1724,120.1235,1342500
1608215400,2020-12-17 00:00:00,120.9118,120.9118,119.8171,120.3437,1240200
1608301800,2020-12-18 00:00:00,120.5033,120.7267,119.0065,119.6288,1160100
1608561000,2020-12-21 00:00:00,118.1160,119.1979,117.1171,119.0958,1799700
1608647400,2020-12-22 00:00:00,119.1245,119.2011,117.9278,118.9203,668700
1608733800,2020-12-23 00:00:00,119.1182,119.3128,117.9246,118.0267,1257000
1608820200,2020-12-24 00:00:00,118.6554,119.1341,118.2980,119.0799,574200
1609165800,2020-12-28 00:00:00,120.4777,120.5416,118.7735,118.9490,1108500
1609252200,2020-12-29 00:00:00,119.5618,119.5618,117.3278,118.6427,1334700
1609338600,2020-12-30 00:00:00,119.3001,120.8320,119.1884,120.6309,1159800
1609425000,2020-12-31 00:00:00,120.7554,121.2022,119.8778,121.0139,1193100
1609770600,2021-01-04 00:00:00,121.7990,124.3968,119.6352,120.5065,2487600
1609857000,2021-01-05 00:00:00,120.4107,122.9703,120.3182,122.9703,1670700
1609943400,2021-01-06 00:00:00,121.6267,124.9809,121.4575,122.5713,3215100
1610029800,2021-01-07 00:00:00,124.3649,127.5085,124.3649,127.1958,1809000
1610116200,2021-01-08 00:00:00,129.0181,129.6085,125.7692,127.2628,2119800
1610375400,2021-01-11 00:00:00,126.1586,129.5702,126.0628,128.5522,1627500
1610461800,2021-01-12 00:00:00,129.3787,130.5819,128.2042,129.3308,4503900
1610548200,2021-01-13 00:00:00,130.5276,130.8117,129.0340,129.5415,1200000
1610634600,2021-01-14 00:00:00,131.1499,133.8052,131.1499,132.2861,1748400
1610721000,2021-01-15 00:00:00,132.1393,132.2861,128.8521,129.5957,2403900
1611066600,2021-01-19 00:00:00,131.7276,134.1308,131.4181,134.0414,2517000
1611153000,2021-01-20 00:00:00,135.4968,135.9532,133.2500,133.5627,1851000
1611239400,2021-01-21 00:00:00,134.8298,136.0361,133.4415,135.4936,2540400
1611325800,2021-01-22 00:00:00,134.3925,134.9734,133.1255,133.1957,1668300
1611585000,2021-01-25 00:00:00,134.3095,134.6542,130.8181,133.3872,1683300
1611671400,2021-01-26 00:00:00,133.4606,133.4606,131.2074,131.2202,1224900
1611757800,2021-01-27 00:00:00,128.9351,128.9511,123.9022,124.4096,5391300
1611844200,2021-01-28 00:00:00,126.9149,128.9638,125.9160,127.1383,3369900
1611930600,2021-01-29 00:00:00,127.5660,128.0223,124.5054,124.9202,2761800
1612189800,2021-02-01 00:00:00,127.0489,130.2500,126.6277,129.8542,1923300
1612276200,2021-02-02 00:00:00,132.0212,132.1265,130.1797,131.9606,2429400
1612362600,2021-02-03 00:00:00,132.4649,132.8447,128.9351,129.2798,2767800
1612449000,2021-02-04 00:00:00,128.8712,130.4414,127.9649,130.3393,1832400
1612535400,2021-02-05 00:00:00,131.3127,131.3127,129.2542,129.4489,1462800
1612794600,2021-02-08 00:00:00,130.3202,133.4319,130.3138,133.3329,1947300
1612881000,2021-02-09 00:00:00,132.9468,133.8787,132.2000,132.9404,1383300
1612967400,2021-02-10 00:00:00,134.0415,134.7404,131.4915,133.2021,2220300
1613053800,2021-02-11 00:00:00,134.3032,137.9127,134.3032,137.8138,2112600
1613140200,2021-02-12 00:00:00,137.4085,139.7893,136.7063,139.5180,1925100
1613485800,2021-02-16 00:00:00,141.1808,141.6914,139.6201,140.2201,3152400
1613572200,2021-02-17 00:00:00,139.0169,139.5308,135.9276,137.8169,2785200
1613658600,2021-02-18 00:00:00,136.1063,137.0318,134.6925,136.3999,2247600
1613745000,2021-02-19 00:00:00,138.4680,140.5169,138.1840,139.6871,2254500
1614004200,2021-02-22 00:00:00,137.8713,138.8415,134.1532,134.6255,2652000
1614090600,2021-02-23 00:00:00,132.1521,134.6223,128.3224,133.6138,4029300
1614177000,2021-02-24 00:00:00,132.7808,138.0946,131.5840,137.9478,3144900
1614263400,2021-02-25 00:00:00,136.3393,137.2425,129.5511,130.0904,5339700
1614349800,2021-02-26 00:00:00,132.2223,134.2840,129.5894,133.0553,4558800
1614609000,2021-03-01 00:00:00,135.0723,137.4404,134.0479,137.2968,2316600
1614695400,2021-03-02 00:00:00,137.8521,137.8521,133.0298,133.1798,3177600
1614781800,2021-03-03 00:00:00,133.3202,133.6074,127.8947,129.1043,4425900
1614868200,2021-03-04 00:00:00,128.6862,129.2925,121.0682,122.8905,7243500
1614954600,2021-03-05 00:00:00,125.7181,127.0043,119.8554,126.5766,6307800
1615213800,2021-03-08 00:00:00,126.4139,126.9277,119.6990,119.7469,7349100
1615300200,2021-03-09 00:00:00,124.0841,128.0415,123.7171,127.1862,4132800
1615386600,2021-03-10 00:00:00,129.3787,129.4202,124.7862,124.7862,4082400
1615473000,2021-03-11 00:00:00,128.4979,130.7798,127.8213,130.0394,3689400
1615559400,2021-03-12 00:00:00,127.6585,128.9032,126.7394,128.6670,3153600
1615815000,2021-03-15 00:00:00,129.3564,131.5585,128.4181,131.3798,3894900
1615901400,2021-03-16 00:00:00,132.9340,135.1904,132.3021,133.0776,6785100
1615987800,2021-03-17 00:00:00,131.2393,135.8095,130.2436,134.7531,5773800
1616074200,2021-03-18 00:00:00,132.8797,133.1414,129.0276,129.1776,6042900
1616160600,2021-03-19 00:00:00,129.4362,131.9287,127.7862,130.7734,6614100
1616419800,2021-03-22 00:00:00,132.3787,135.1042,131.8776,133.5404,3130200
1616506200,2021-03-23 00:00:00,134.0574,134.2936,129.4298,130.0298,5638800
1616592600,2021-03-24 00:00:00,132.1936,132.7298,128.1851,128.2458,6608100
1616679000,2021-03-25 00:00:00,126.2653,129.0055,124.9639,128.3820,5580000
1616765400,2021-03-26 00:00:00,128.4811,134.9656,128.3948,134.7194,6493800
1617024600,2021-03-29 00:00:00,133.4596,133.9712,131.0647,132.6538,6540600
1617111000,2021-03-30 00:00:00,131.6082,132.6154,130.7737,132.3373,4263600
1617197400,2021-03-31 00:00:00,133.5875,136.5963,133.3253,135.5699,5968200
1617283800,2021-04-01 00:00:00,137.9296,140.6347,137.8785,140.5548,7380000
1617629400,2021-04-05 00:00:00,142.8666,143.8098,141.1559,143.3910,6504000
1617715800,2021-04-06 00:00:00,142.5468,143.4261,140.3789,141.7890,5913000
1617802200,2021-04-07 00:00:00,141.9361,142.4221,140.6219,141.6963,3296400
1617888600,2021-04-08 00:00:00,143.2183,143.4741,142.0000,143.3110,4276500
1617975000,2021-04-09 00:00:00,142.1503,143.0040,141.5524,142.8634,2466000
1618234200,2021-04-12 00:00:00,142.1152,142.1152,140.1136,141.3286,2607900
1618320600,2021-04-13 00:00:00,142.4061,142.6076,139.6979,141.1048,3328500
1618407000,2021-04-14 00:00:00,140.8362,141.9041,138.7898,139.5540,4996200
1618493400,2021-04-15 00:00:00,140.9865,142.1855,139.9025,141.8913,5672400
1618579800,2021-04-16 00:00:00,141.8913,142.1823,140.9161,141.2263,2712600
1618839000,2021-04-19 00:00:00,140.1871,140.6571,136.2510,137.5140,8922300
1618925400,2021-04-20 00:00:00,137.0631,137.6323,134.7545,135.5539,5374500
1619011800,2021-04-21 00:00:00,135.6594,139.1607,135.0999,139.1095,4321800
1619098200,2021-04-22 00:00:00,138.8217,139.0072,135.2534,136.0815,5433000
1619184600,2021-04-23 00:00:00,136.6379,139.1351,136.4716,138.5627,3996300
1619443800,2021-04-26 00:00:00,138.7418,141.2774,138.4924,141.1015,3577800
1619530200,2021-04-27 00:00:00,141.6548,141.7571,139.6180,140.0432,4878300
1619616600,2021-04-28 00:00:00,139.2662,139.3333,137.7570,137.9169,2356200
1619703000,2021-04-29 00:00:00,139.8769,139.9600,136.7977,138.8121,3237000
1619789400,2021-04-30 00:00:00,136.7754,137.5811,134.6171,134.9432,3900000
1620048600,2021-05-03 00:00:00,135.9024,136.0431,132.7945,133.5395,3222900
1620135000,2021-05-04 00:00:00,131.8001,131.8513,128.8616,131.2885,6061800
1620221400,2021-05-05 00:00:00,132.9352,133.7441,131.1190,132.1102,4808700
1620307800,2021-05-06 00:00:00,131.8640,133.2262,130.3644,133.1942,3656400
1620394200,2021-05-07 00:00:00,134.5499,135.9440,133.9136,135.0231,2871600
1620653400,2021-05-10 00:00:00,133.8432,133.8432,128.7912,129.0182,6354600
1620739800,2021-05-11 00:00:00,125.0822,129.5491,124.6345,129.1909,6719400
1620826200,2021-05-12 00:00:00,126.4891,127.2373,123.4291,123.9279,7754100
1620912600,2021-05-13 00:00:00,126.0766,127.4515,124.2508,125.5074,4862400
1620999000,2021-05-14 00:00:00,127.3364,130.5627,126.0990,129.3924,4663500
1621258200,2021-05-17 00:00:00,128.1933,128.3724,126.1214,128.2637,3365100
1621344600,2021-05-18 00:00:00,129.4691,129.7153,127.1573,127.2309,2354700
1621431000,2021-05-19 00:00:00,124.7656,129.8464,124.2380,129.7121,4127400
1621517400,2021-05-20 00:00:00,130.6810,133.6738,130.5850,133.1238,5020800
1621603800,2021-05-21 00:00:00,134.0639,134.1151,132.1678,132.3884,5250000
1621863000,2021-05-24 00:00:00,133.7729,136.4652,133.6546,135.7330,3373800
1621949400,2021-05-25 00:00:00,136.7306,137.1654,135.3685,136.1358,4363500
1622035800,2021-05-26 00:00:00,136.2349,137.0919,135.2597,136.5003,2492400
1622122200,2021-05-27 00:00:00,136.2478,137.7634,135.8929,137.0759,3302700
1622208600,2021-05-28 00:00:00,137.5939,139.0136,137.3509,138.3485,2179500
1622554200,2021-06-01 00:00:00,139.3941,140.4940,137.2486,137.9616,3373500
1622640600,2021-06-02 00:00:00,137.8561,139.3653,137.4180,138.8025,2140500
1622727000,2021-06-03 00:00:00,137.2454,137.8433,135.7777,136.4172,3247500
1622813400,2021-06-04 00:00:00,137.5875,140.0080,137.5875,139.7298,2821500
1623072600,2021-06-07 00:00:00,139.0679,139.3237,137.8369,138.6426,2376300
1623159000,2021-06-08 00:00:00,139.7234,139.9664,136.8105,137.8497,2534400
1623245400,2021-06-09 00:00:00,138.3070,138.7067,137.1719,137.1719,2607000
1623331800,2021-06-10 00:00:00,137.3902,139.2885,137.1020,138.7475,2165100
1623418200,2021-06-11 00:00:00,139.1637,139.4486,138.3794,139.4486,1765200
1623677400,2021-06-14 00:00:00,139.8007,141.4302,138.9812,141.4302,3673800
1623763800,2021-06-15 00:00:00,141.0525,141.9136,139.8103,140.2713,2388300
1623850200,2021-06-16 00:00:00,140.7067,141.1133,137.8480,138.9524,3614700
1623936600,2021-06-17 00:00:00,138.5714,141.4782,138.4658,140.4506,3873000
1624023000,2021-06-18 00:00:00,139.4870,139.5894,136.3337,137.0892,2889900
1624282200,2021-06-21 00:00:00,137.2461,137.8352,136.0809,137.5951,2233200
1624368600,2021-06-22 00:00:00,137.8000,138.6419,137.0284,138.2449,1737900
1624455000,2021-06-23 00:00:00,138.5907,139.6023,138.5458,138.8212,1889400
1624541400,2021-06-24 00:00:00,140.1721,141.5550,140.0248,141.1805,1428300
1624627800,2021-06-25 00:00:00,141.7792,142.0064,140.3994,140.7964,1343100
1624887000,2021-06-28 00:00:00,141.6671,144.7564,141.6671,144.1577,2651100
1624973400,2021-06-29 00:00:00,143.9881,145.4991,143.5143,145.2878,1748100
1625059800,2021-06-30 00:00:00,145.1533,145.6879,144.4394,145.4094,1317300
1625146200,2021-07-01 00:00:00,145.2621,145.2621,142.8388,143.3254,2264100
1625232600,2021-07-02 00:00:00,144.2153,144.5483,143.0725,144.1993,1827000
1625578200,2021-07-06 00:00:00,144.5899,145.0572,142.1185,143.9528,2001900
1625664600,2021-07-07 00:00:00,144.8588,144.8716,141.1741,141.7727,1888200
1625751000,2021-07-08 00:00:00,138.7859,140.6203,137.7231,139.9512,2000100
1625837400,2021-07-09 00:00:00,140.4122,142.4994,139.4006,142.2337,1833000
1626096600,2021-07-12 00:00:00,142.8420,144.0585,142.2977,144.0585,3949800
1626183000,2021-07-13 00:00:00,143.4566,144.1033,142.7203,143.4822,2122200
1626269400,2021-07-14 00:00:00,144.4619,145.6880,142.4098,142.8196,2256600
1626355800,2021-07-15 00:00:00,142.1313,142.4386,138.5907,139.6503,2657100
1626442200,2021-07-16 00:00:00,140.0857,140.7932,136.2889,136.6155,2571600
1626701400,2021-07-19 00:00:00,134.7491,136.7019,133.9776,136.4778,4068000
1626787800,2021-07-20 00:00:00,137.1341,139.3878,135.4150,138.3378,3201000
1626874200,2021-07-21 00:00:00,138.8660,142.6532,138.8660,142.5859,2039400
1626960600,2021-07-22 00:00:00,141.8720,142.5218,140.6939,141.7439,1185000
1627047000,2021-07-23 00:00:00,142.4066,142.6083,140.7099,142.4674,1312500
1627306200,2021-07-26 00:00:00,141.9201,142.8292,141.5679,142.5123,1123200
1627392600,2021-07-27 00:00:00,142.1057,142.1057,136.9420,139.8968,2508000
1627479000,2021-07-28 00:00:00,140.4058,142.7811,139.7303,142.1825,2289600
1627565400,2021-07-29 00:00:00,142.7235,145.5279,142.6691,145.0829,2303700
1627651800,2021-07-30 00:00:00,143.7703,146.5683,143.7703,146.2706,2320200
1627911000,2021-08-02 00:00:00,147.6727,149.0205,146.8340,147.1957,2864100
1627997400,2021-08-03 00:00:00,147.5223,148.3162,145.7968,148.3162,1769100
1628083800,2021-08-04 00:00:00,148.6043,150.5475,148.3834,149.8272,1626000
1628170200,2021-08-05 00:00:00,150.5476,150.9029,149.0013,149.8529,1420200
1628256600,2021-08-06 00:00:00,148.9725,149.8560,148.7164,149.1069,1233000
1628515800,2021-08-09 00:00:00,149.7088,149.7952,147.9737,148.6011,1065900
1628602200,2021-08-10 00:00:00,148.8220,149.0781,145.8032,146.8756,2695500
1628688600,2021-08-11 00:00:00,147.2758,147.4807,144.6539,146.3730,1296900
1628775000,2021-08-12 00:00:00,145.8928,145.8928,143.6007,144.8012,1531500
1628861400,2021-08-13 00:00:00,144.4682,145.7327,144.3434,145.7103,1060200
1629120600,2021-08-16 00:00:00,145.1597,145.5439,143.9528,145.1693,1143900
1629207000,2021-08-17 00:00:00,143.9624,143.9624,141.0269,142.3586,1850700
1629293400,2021-08-18 00:00:00,142.1601,143.0309,140.2906,140.4763,1879200
1629379800,2021-08-19 00:00:00,139.5959,142.4034,138.5138,141.6287,2175600
1629466200,2021-08-20 00:00:00,142.0065,142.9444,140.9916,142.6915,1798200
1629725400,2021-08-23 00:00:00,144.1737,146.9044,144.1737,146.7091,2181000
1629811800,2021-08-24 00:00:00,147.1317,147.5799,146.4562,146.7091,1662900
1629898200,2021-08-25 00:00:00,147.2886,148.9180,147.2053,147.8264,2274300
1629984600,2021-08-26 00:00:00,147.6504,148.5403,146.7540,147.9641,2284500
1630071000,2021-08-27 00:00:00,148.0473,150.9669,147.8392,150.7876,2404500
1630330200,2021-08-30 00:00:00,151.4022,152.5515,150.5475,151.0885,2519400
1630416600,2021-08-31 00:00:00,151.2518,151.4535,148.7132,149.8817,2107800
1630503000,2021-09-01 00:00:00,150.6339,150.7844,149.0653,149.0653,1632600
1630589400,2021-09-02 00:00:00,149.7728,150.0833,149.0429,149.6223,1501500
1630675800,2021-09-03 00:00:00,149.6480,151.3286,149.3150,150.7428,1356000
1631021400,2021-09-07 00:00:00,150.8196,150.8260,149.2990,150.1889,1640700
1631107800,2021-09-08 00:00:00,149.5007,149.6544,146.9717,148.2650,3087900
1631194200,2021-09-09 00:00:00,148.1657,149.6671,148.0761,148.7868,3921000
1631280600,2021-09-10 00:00:00,150.0097,152.2474,149.9553,149.9681,2959200
1631539800,2021-09-13 00:00:00,151.4791,151.7192,149.3566,151.4055,2835900
1631626200,2021-09-14 00:00:00,151.7928,152.5612,150.7204,151.4119,2581500
1631712600,2021-09-15 00:00:00,151.5303,152.2858,150.2466,152.2826,3770400
1631799000,2021-09-16 00:00:00,151.1814,153.0829,150.5539,152.5739,1655100
1631885400,2021-09-17 00:00:00,152.1706,152.1706,149.4623,150.1409,2426700
1632144600,2021-09-20 00:00:00,146.9396,147.5095,144.2666,146.4242,3124800
1632231000,2021-09-21 00:00:00,147.5191,147.9577,145.5215,146.8564,2214000
1632317400,2021-09-22 00:00:00,148.0121,150.2498,147.4710,149.9040,1309200
1632403800,2021-09-23 00:00:00,150.6147,152.3819,150.0737,151.9017,2407200
1632490200,2021-09-24 00:00:00,150.7486,152.0515,150.5079,151.7274,1191900
1632749400,2021-09-27 00:00:00,150.1036,151.9520,149.2147,151.3583,1339800
1632835800,2021-09-28 00:00:00,148.4990,149.3623,145.4375,145.4375,5448000
1632922200,2021-09-29 00:00:00,145.7616,146.1884,142.8638,143.1430,6776400
1633008600,2021-09-30 00:00:00,144.5005,145.4439,143.0467,143.0852,4524900
1633095000,2021-10-01 00:00:00,143.6532,143.9228,140.8260,143.1783,3114900
1633354200,2021-10-04 00:00:00,142.4370,142.5236,139.0642,139.4910,4161900
1633440600,2021-10-05 00:00:00,140.1585,142.5846,139.9242,141.6026,3156000
1633527000,2021-10-06 00:00:00,140.0270,142.2637,139.5424,142.1546,3410700
1633613400,2021-10-07 00:00:00,143.9902,145.7231,143.6339,143.8169,1913400
1633699800,2021-10-08 00:00:00,144.3336,144.5197,142.2284,142.3439,1672200
1633959000,2021-10-11 00:00:00,141.7791,143.7880,141.3395,141.3908,1532100
1634045400,2021-10-12 00:00:00,142.2829,142.4915,139.0385,139.6258,3201900
1634131800,2021-10-13 00:00:00,140.6367,141.3042,139.9724,140.4313,1756500
1634218200,2021-10-14 00:00:00,143.0211,144.8021,142.6231,144.7893,2486100
1634304600,2021-10-15 00:00:00,145.8515,146.1917,145.0171,145.7552,1639500
1634563800,2021-10-18 00:00:00,144.8888,146.9779,144.0576,146.9298,1352700
1634650200,2021-10-19 00:00:00,147.2667,148.7301,146.5960,148.7301,1394100
1634736600,2021-10-20 00:00:00,148.1941,149.0028,147.7802,148.4220,1261500
1634823000,2021-10-21 00:00:00,147.4689,150.1100,147.4015,149.9174,1303200
1634909400,2021-10-22 00:00:00,149.1280,150.6684,147.9791,148.2359,3284400
1635168600,2021-10-25 00:00:00,148.9932,150.1100,148.4541,149.2532,1684800
1635255000,2021-10-26 00:00:00,150.4212,150.9572,148.8392,149.3654,1879200
1635341400,2021-10-27 00:00:00,148.4573,150.0330,147.7673,148.2936,3226200
1635427800,2021-10-28 00:00:00,150.2736,151.7595,150.0041,151.6375,3278100
1635514200,2021-10-29 00:00:00,150.3571,152.3339,150.1870,152.3147,2135700
1635773400,2021-11-01 00:00:00,152.4976,154.8338,152.1125,154.7985,2547300
1635859800,2021-11-02 00:00:00,154.7151,156.7304,154.7151,156.7240,2225400
1635946200,2021-11-03 00:00:00,156.9262,158.7233,156.3197,158.5307,2175000
1636032600,2021-11-04 00:00:00,160.3214,164.5992,159.4485,163.8643,4080900
1636119000,2021-11-05 00:00:00,164.8848,166.9547,164.0408,165.6839,4534800
1636381800,2021-11-08 00:00:00,166.7108,169.0181,166.1075,167.9238,2921400
1636468200,2021-11-09 00:00:00,169.5990,169.7915,166.1139,167.9238,2722800
1636554600,2021-11-10 00:00:00,164.7725,167.0253,162.2630,162.9722,3934200
1636641000,2021-11-11 00:00:00,165.6679,166.8167,164.3874,166.4188,2283000
1636727400,2021-11-12 00:00:00,166.9964,168.8416,166.0754,168.0458,1970400
1636986600,2021-11-15 00:00:00,169.3038,169.3038,166.1941,167.9206,2318100
1637073000,2021-11-16 00:00:00,167.1633,170.7447,166.9612,170.4366,2023200
1637159400,2021-11-17 00:00:00,170.5233,170.5233,168.4213,169.2492,1575600
1637245800,2021-11-18 00:00:00,172.3268,172.9430,170.4366,172.0797,1997100
1637332200,2021-11-19 00:00:00,172.1053,173.7259,171.2485,172.5578,3405900
1637591400,2021-11-22 00:00:00,173.5494,175.8985,169.8268,170.0579,4422600
1637677800,2021-11-23 00:00:00,169.8750,171.0175,166.5279,169.3744,2422800
1637764200,2021-11-24 00:00:00,168.0458,171.3223,166.3642,171.2357,2117100
1637937000,2021-11-26 00:00:00,168.0041,169.5252,165.2442,166.4701,2448000
1638196200,2021-11-29 00:00:00,168.9379,173.2542,168.3025,172.8691,2412300
1638282600,2021-11-30 00:00:00,172.1888,173.8030,168.3892,169.8397,3264300
1638369000,2021-12-01 00:00:00,172.3300,175.3722,168.4726,168.4822,3112500
1638455400,2021-12-02 00:00:00,166.7461,169.9006,165.4720,168.7261,3124500
1638541800,2021-12-03 00:00:00,171.1137,172.8081,166.4091,168.2993,2490900
1638801000,2021-12-06 00:00:00,167.9720,168.5978,162.8246,168.0843,2091600
1638887400,2021-12-07 00:00:00,171.8422,176.9126,171.8422,176.5660,2692200
1638973800,2021-12-08 00:00:00,175.6290,175.7830,173.6072,175.4172,1666500
1639060200,2021-12-09 00:00:00,174.3806,176.1200,171.2325,171.3833,1674000
1639146600,2021-12-10 00:00:00,174.5796,175.4107,170.8602,173.0007,2020500
1639405800,2021-12-13 00:00:00,173.6831,173.7602,168.0966,168.3923,2286600
1639492200,2021-12-14 00:00:00,166.3255,168.4663,165.3998,167.5823,2888100
1639578600,2021-12-15 00:00:00,167.9230,173.8920,165.6665,173.7345,2344200
1639665000,2021-12-16 00:00:00,174.4417,174.9335,165.1587,166.1551,2797800
1639751400,2021-12-17 00:00:00,164.5190,168.4051,163.9694,165.7630,2702100
1640010600,2021-12-20 00:00:00,163.3522,165.7469,162.6708,164.4644,2145900
1640097000,2021-12-21 00:00:00,168.1705,170.4784,165.8723,170.3981,1624200
1640183400,2021-12-22 00:00:00,169.5205,172.1691,168.6398,172.1691,2134800
1640269800,2021-12-23 00:00:00,172.5131,174.9592,172.5099,173.8342,2100300
1640615400,2021-12-27 00:00:00,174.4706,178.6364,174.4288,178.5978,2503500
1640701800,2021-12-28 00:00:00,179.4239,179.4496,175.8110,176.6274,1974900
1640788200,2021-12-29 00:00:00,176.5599,178.0031,175.8142,176.8974,1254900
1640874600,2021-12-30 00:00:00,176.5196,177.2527,174.3526,174.8960,1361700
1640961000,2021-12-31 00:00:00,175.0760,176.2399,174.3494,174.3687,1217400
1641220200,2022-01-03 00:00:00,175.5422,178.0082,174.8509,177.8346,1699800
1641306600,2022-01-04 00:00:00,178.6256,179.7381,173.0182,177.2881,3504600
1641393000,2022-01-05 00:00:00,175.9312,177.4424,171.1116,171.2659,3751800
1641479400,2022-01-06 00:00:00,171.2402,173.4041,169.3850,172.5970,2934300
1641565800,2022-01-07 00:00:00,172.4299,173.0600,167.0668,167.5909,2284500
1641825000,2022-01-10 00:00:00,165.5171,168.0153,162.0478,167.6520,5377500
1641911400,2022-01-11 00:00:00,167.0893,171.0055,165.8547,170.8062,3157200
1641997800,2022-01-12 00:00:00,172.4556,173.6452,170.3464,172.0601,3571500
1642084200,2022-01-13 00:00:00,174.6902,176.1467,167.6167,168.0443,3268800
1642170600,2022-01-14 00:00:00,166.7132,172.2273,166.6907,172.0666,3401700
1642516200,2022-01-18 00:00:00,169.3175,169.3400,164.0155,164.3757,7686000
1642602600,2022-01-19 00:00:00,165.7100,166.7292,159.4275,159.5400,9931800
1642689000,2022-01-20 00:00:00,160.7714,162.0479,154.3313,154.5371,8349900
1642775400,2022-01-21 00:00:00,153.4567,157.8198,151.6273,151.9648,13946100
1643034600,2022-01-24 00:00:00,148.7882,153.9872,143.6985,153.7011,15465300
1643121000,2022-01-25 00:00:00,149.7496,151.5920,147.1131,147.9652,10710300
1643207400,2022-01-26 00:00:00,152.1192,156.5080,147.9651,150.2383,8508000
1643293800,2022-01-27 00:00:00,151.7237,151.9070,143.0683,143.5506,8400900
1643380200,2022-01-28 00:00:00,143.4348,146.3028,139.3097,146.3028,7173000
1643639400,2022-01-31 00:00:00,147.0359,154.3956,146.2256,154.1608,7846800
1643725800,2022-02-01 00:00:00,155.6688,155.9196,151.5630,155.4438,4068900
1643812200,2022-02-02 00:00:00,158.5850,159.7714,156.3440,159.3695,5229000
1643898600,2022-02-03 00:00:00,155.3602,157.9292,151.8491,152.4343,6506400
1643985000,2022-02-04 00:00:00,151.7237,154.6207,149.6692,153.3089,5061300
1644244200,2022-02-07 00:00:00,153.6883,155.7814,152.6433,153.2221,3501900
1644330600,2022-02-08 00:00:00,152.5725,157.4147,152.3185,157.0964,2941200
1644417000,2022-02-09 00:00:00,159.1670,162.2697,157.1736,162.2504,5061000
1644503400,2022-02-10 00:00:00,158.2925,163.2954,156.2990,157.1928,4614000
1644589800,2022-02-11 00:00:00,157.4565,158.6011,148.1227,149.1934,7881900
1644849000,2022-02-14 00:00:00,149.7013,152.3507,147.3864,149.3348,5697300
1644935400,2022-02-15 00:00:00,152.5661,157.9838,152.1610,157.5754,4881000
1645021800,2022-02-16 00:00:00,155.6399,158.2121,154.2638,157.6269,2713200
1645108200,2022-02-17 00:00:00,155.5338,155.7492,151.4730,151.7077,6003000
1645194600,2022-02-18 00:00:00,151.7784,152.3378,147.9265,150.0132,5866200
1645540200,2022-02-22 00:00:00,148.3928,152.6787,146.7337,149.1001,8370000
1645626600,2022-02-23 00:00:00,150.8299,152.4022,145.0779,145.5473,6525600
1645713000,2022-02-24 00:00:00,139.8885,151.1129,139.5509,150.8717,8669100
1645799400,2022-02-25 00:00:00,150.8653,153.3860,148.7272,153.3860,7065000
1646058600,2022-02-28 00:00:00,151.3894,153.8072,149.3830,152.4536,4359300
1646145000,2022-03-01 00:00:00,151.8363,152.7204,145.3158,146.9266,4265700
1646231400,2022-03-02 00:00:00,148.1484,152.6561,147.8043,151.5983,2850600
1646317800,2022-03-03 00:00:00,152.5243,152.5694,147.5150,148.4185,4177800
1646404200,2022-03-04 00:00:00,146.9716,148.2673,142.8529,144.4798,4443300
1646663400,2022-03-07 00:00:00,144.9107,145.9428,137.2037,137.2327,5869200
1646749800,2022-03-08 00:00:00,138.1683,144.9717,135.8630,139.8627,7909500
1646836200,2022-03-09 00:00:00,144.5699,146.8237,142.9237,145.7241,4699800
1646922600,2022-03-10 00:00:00,143.1455,143.2870,139.9270,142.7339,4805700
1647009000,2022-03-11 00:00:00,144.8045,145.0714,139.3869,139.6698,6524400
1647264600,2022-03-14 00:00:00,139.2518,139.9752,134.5126,135.1492,5683800
1647351000,2022-03-15 00:00:00,136.5028,141.6954,135.6475,141.3610,3980400
1647437400,2022-03-16 00:00:00,143.7596,148.6628,142.2002,148.6403,4868700
1647523800,2022-03-17 00:00:00,146.9555,149.5567,145.8206,149.5567,4133100
1647610200,2022-03-18 00:00:00,148.5149,153.0934,147.5954,152.4761,5004600
1647869400,2022-03-21 00:00:00,151.8877,153.4214,149.4538,152.1739,4801500
1647955800,2022-03-22 00:00:00,151.8973,154.8264,151.7462,153.0163,2886600
1648042200,2022-03-23 00:00:00,151.6176,153.4728,149.1194,149.1612,3530400
1648128600,2022-03-24 00:00:00,150.6994,156.8134,150.0809,156.6910,5002500
1648215000,2022-03-25 00:00:00,156.5171,156.9423,153.7435,156.3367,3103200
1648474200,2022-03-28 00:00:00,155.3992,157.5511,153.1604,157.5511,2735700
1648560600,2022-03-29 00:00:00,160.0637,161.4167,157.9087,161.1622,3093600
1648647000,2022-03-30 00:00:00,159.9155,160.4825,155.1802,156.0081,3269100
1648733400,2022-03-31 00:00:00,155.8921,156.5847,152.0491,152.4582,3369300
1648819800,2022-04-01 00:00:00,153.1025,153.4600,147.2719,149.5043,5391900
1649079000,2022-04-04 00:00:00,149.8940,152.1457,149.3303,151.9331,2705100
1649165400,2022-04-05 00:00:00,150.6897,150.8185,144.5531,144.9396,4054800
1649251800,2022-04-06 00:00:00,141.7377,143.9024,140.1271,141.3351,4836900
1649338200,2022-04-07 00:00:00,141.1418,142.9135,138.6807,141.6443,3511800
1649424600,2022-04-08 00:00:00,140.4684,140.5200,137.9075,138.1298,4500300
1649683800,2022-04-11 00:00:00,136.0875,137.2279,134.9794,135.2919,4291800
1649770200,2022-04-12 00:00:00,138.1524,139.1736,134.1741,134.8795,5894700
1649856600,2022-04-13 00:00:00,135.7525,138.7354,134.9150,137.7819,3309000
1649943000,2022-04-14 00:00:00,138.6806,138.7129,133.7971,133.9711,5903400
1650288600,2022-04-18 00:00:00,133.3010,137.4952,133.1368,136.2904,3630300
1650375000,2022-04-19 00:00:00,135.7460,139.5697,135.0567,139.2766,3036600
1650461400,2022-04-20 00:00:00,141.4800,142.7073,138.4777,138.9674,3826200
1650547800,2022-04-21 00:00:00,140.6779,142.2434,134.5606,135.2596,3600300
1650634200,2022-04-22 00:00:00,135.0470,135.7976,132.0286,132.2509,4569000
1650893400,2022-04-25 00:00:00,131.1718,134.5219,130.7787,134.4865,6353700
1650979800,2022-04-26 00:00:00,132.6697,132.9016,128.3724,128.5238,5844000
1651066200,2022-04-27 00:00:00,127.1065,131.0172,126.8198,127.8216,4350300
1651152600,2022-04-28 00:00:00,130.3890,136.3065,128.7461,134.8666,4923300
1651239000,2022-04-29 00:00:00,132.9757,135.5560,128.7300,129.1037,4188300
1651498200,2022-05-02 00:00:00,129.2229,133.5620,128.2114,133.4138,4635300
1651584600,2022-05-03 00:00:00,133.0595,135.5753,132.1349,134.5187,2300100
1651671000,2022-05-04 00:00:00,135.5173,139.9692,131.3328,139.7372,4259400
1651757400,2022-05-05 00:00:00,137.2311,137.4372,130.9882,132.9693,4597200
1651843800,2022-05-06 00:00:00,131.7516,134.7184,129.2970,131.7838,3950400
1652103000,2022-05-09 00:00:00,128.9362,130.5082,124.3394,125.0739,5058600
1652189400,2022-05-10 00:00:00,128.8492,130.2827,125.1254,127.9183,4476600
1652275800,2022-05-11 00:00:00,126.8262,129.8124,123.7788,124.1396,5066100
1652362200,2022-05-12 00:00:00,122.6063,125.9339,121.5497,124.8935,5345100
1652448600,2022-05-13 00:00:00,127.0840,132.1865,126.4107,131.2684,4724400
1652707800,2022-05-16 00:00:00,129.9348,131.3071,128.7816,129.2712,2372400
1652794200,2022-05-17 00:00:00,132.6439,135.8975,132.1446,135.5496,3193200
1652880600,2022-05-18 00:00:00,133.3107,135.1630,128.1695,128.7171,3581100
1652967000,2022-05-19 00:00:00,128.0890,131.2233,126.8230,127.9376,3303300
1653053400,2022-05-20 00:00:00,130.4566,130.4663,122.1424,127.8699,4083900
1653312600,2022-05-23 00:00:00,126.8778,128.7622,125.8985,128.4208,3639300
1653399000,2022-05-24 00:00:00,126.3591,126.7811,123.8658,125.2929,2865600
1653485400,2022-05-25 00:00:00,124.4457,128.7461,124.3297,127.5478,2512500
1653571800,2022-05-26 00:00:00,126.3527,133.1239,126.1498,132.5312,2966700
1653658200,2022-05-27 00:00:00,134.6218,138.2103,134.6218,137.9816,3165600
1654003800,2022-05-31 00:00:00,137.7433,138.4906,135.1662,137.2730,2807100
1654090200,2022-06-01 00:00:00,137.9720,138.6678,133.2270,135.0953,2466000
1654176600,2022-06-02 00:00:00,134.6251,139.9402,134.3641,139.8017,2005800
1654263000,2022-06-03 00:00:00,136.7736,137.5468,134.9923,135.6204,2065500
1654522200,2022-06-06 00:00:00,138.4713,138.9287,134.9536,135.8556,2241900
1654608600,2022-06-07 00:00:00,134.2417,137.3277,133.2076,136.9411,1866600
1654695000,2022-06-08 00:00:00,136.1906,136.7446,133.0144,134.0258,3396000
1654781400,2022-06-09 00:00:00,132.8702,135.1866,130.2183,130.2215,2517000
1654867800,2022-06-10 00:00:00,128.0794,129.1860,125.3339,125.5952,3599100
1655127000,2022-06-13 00:00:00,120.9818,122.5723,117.8943,118.3492,4042800
1655213400,2022-06-14 00:00:00,119.6494,120.1817,117.6104,119.0073,2831100
1655299800,2022-06-15 00:00:00,120.4108,123.1820,118.3395,121.0528,3811200
1655386200,2022-06-16 00:00:00,117.5168,117.6362,112.3259,113.7583,3921300
1655472600,2022-06-17 00:00:00,114.0132,115.0456,111.6000,114.2197,3400200
1655818200,2022-06-21 00:00:00,116.6297,118.9719,116.5458,117.2104,2830200
1655904600,2022-06-22 00:00:00,115.1908,117.6459,115.0198,115.9877,4106700
1655991000,2022-06-23 00:00:00,116.6748,116.7748,113.3874,115.2005,2178900
1656077400,2022-06-24 00:00:00,117.0039,120.3043,116.7490,120.3043,3783600
1656336600,2022-06-27 00:00:00,121.3915,121.6915,119.0525,119.9752,2497500
1656423000,2022-06-28 00:00:00,120.6850,122.0916,116.8652,117.0491,3039900
1656509400,2022-06-29 00:00:00,115.4456,115.5811,112.8679,114.2875,3393600
1656595800,2022-06-30 00:00:00,112.6840,115.0391,111.0129,112.7905,3285600
1656682200,2022-07-01 00:00:00,110.9128,111.5129,107.3931,108.7997,3875100
1657027800,2022-07-05 00:00:00,106.0446,109.6579,105.3993,109.6579,3391200
1657114200,2022-07-06 00:00:00,109.7643,111.4839,108.5642,110.1934,2672100
1657200600,2022-07-07 00:00:00,112.7808,115.7037,112.7808,115.1262,2866200
1657287000,2022-07-08 00:00:00,113.4583,116.4651,113.1163,115.6747,2334000
1657546200,2022-07-11 00:00:00,113.9229,114.4907,112.2743,113.0099,2490000
1657632600,2022-07-12 00:00:00,113.7455,114.5810,112.5001,113.3260,4494300
1657719000,2022-07-13 00:00:00,111.0129,114.8746,110.7870,113.9648,3564600
1657805400,2022-07-14 00:00:00,113.6616,116.8781,112.0033,116.3812,3186900
1657891800,2022-07-15 00:00:00,118.1589,119.3493,116.3070,119.1590,2984100
1658151000,2022-07-18 00:00:00,121.1334,122.0625,118.0234,118.7783,2959200
1658237400,2022-07-19 00:00:00,120.6527,124.6854,120.3075,124.0144,3116700
1658323800,2022-07-20 00:00:00,123.8273,127.7793,123.0627,127.1760,4845300
1658410200,2022-07-21 00:00:00,127.8374,129.3376,126.0114,129.2537,2753400
1658496600,2022-07-22 00:00:00,128.8375,128.8924,124.9274,126.0695,4548000
1658755800,2022-07-25 00:00:00,125.1016,125.3694,123.1788,125.2726,2862900
1658842200,2022-07-26 00:00:00,124.4402,125.0693,122.7271,123.1853,2510400
1658928600,2022-07-27 00:00:00,125.3952,129.8602,125.0177,128.8214,3214200
1659015000,2022-07-28 00:00:00,129.1053,130.6894,126.2921,130.4087,3532200
1659101400,2022-07-29 00:00:00,128.5213,131.7798,128.0793,131.4120,3840900
1659360600,2022-08-01 00:00:00,130.4796,133.0573,129.6215,131.9185,3812100
1659447000,2022-08-02 00:00:00,130.4280,133.6671,129.8764,131.6669,2124900
1659533400,2022-08-03 00:00:00,131.6475,135.5899,131.5637,135.3254,2860800
1659619800,2022-08-04 00:00:00,135.0124,136.7126,134.6188,136.3029,1919100
1659706200,2022-08-05 00:00:00,133.9123,136.4061,133.2993,135.2415,3279900
1659965400,2022-08-08 00:00:00,133.3768,134.8576,131.1475,133.1961,3061200
1660051800,2022-08-09 00:00:00,130.1183,130.2538,125.3436,127.0921,4368900
1660138200,2022-08-10 00:00:00,130.4797,132.6122,128.7407,132.3670,3456000
1660224600,2022-08-11 00:00:00,133.4897,136.0997,131.9056,132.1960,2403900
1660311000,2022-08-12 00:00:00,133.0767,136.4320,132.5928,136.0642,2049600
1660570200,2022-08-15 00:00:00,135.4576,136.9514,134.5317,136.5707,1325100
1660656600,2022-08-16 00:00:00,135.8706,136.4674,133.6639,135.1737,1566900
1660743000,2022-08-17 00:00:00,133.1025,133.1671,130.0635,131.9088,2640000
1660829400,2022-08-18 00:00:00,132.2669,135.8157,131.7895,134.9156,1698900
1660915800,2022-08-19 00:00:00,133.0574,133.7316,130.5990,131.2733,2323500
1661175000,2022-08-22 00:00:00,128.6117,128.8537,125.7210,126.3340,2903400
1661261400,2022-08-23 00:00:00,126.4243,128.8988,126.2791,126.9631,2430600
1661347800,2022-08-24 00:00:00,126.8179,127.7213,125.8114,127.2825,1251900
1661434200,2022-08-25 00:00:00,127.4051,132.1024,127.3342,131.9476,2679300
1661520600,2022-08-26 00:00:00,131.6507,131.9572,124.2660,124.4628,2838000
1661779800,2022-08-29 00:00:00,123.1401,124.5661,121.7496,121.9496,2575200
1661866200,2022-08-30 00:00:00,123.2627,123.3111,119.0493,120.5301,3212700
1661952600,2022-08-31 00:00:00,121.0624,121.0657,118.2266,119.2687,2974800
1662039000,2022-09-01 00:00:00,116.2264,117.0716,113.4293,117.0555,4537800
1662125400,2022-09-02 00:00:00,118.8589,119.6881,115.2650,115.7715,3841200
1662471000,2022-09-06 00:00:00,115.7521,116.3877,113.5583,114.4358,2692500
1662557400,2022-09-07 00:00:00,114.8972,117.3555,114.0293,116.3715,1699500
1662643800,2022-09-08 00:00:00,115.2424,118.7751,114.5294,118.3331,2823300
1662730200,2022-09-09 00:00:00,119.8913,121.7980,119.8913,121.1721,2066400
1662989400,2022-09-12 00:00:00,121.6947,122.3658,120.3010,121.7625,2610900
1663075800,2022-09-13 00:00:00,117.1329,118.1395,113.8551,114.2003,4065000
1663162200,2022-09-14 00:00:00,115.0585,116.2974,113.7745,115.4973,2722800
1663248600,2022-09-15 00:00:00,114.7198,116.0651,112.8099,113.5809,2432700
1663335000,2022-09-16 00:00:00,112.3324,114.3842,111.4774,114.2616,3392100
1663594200,2022-09-19 00:00:00,112.8034,115.4682,112.7518,114.8617,2146200
1663680600,2022-09-20 00:00:00,113.7519,114.3036,112.4356,113.3357,2630700
1663767000,2022-09-21 00:00:00,113.5454,117.2233,112.1904,112.1904,3535200
1663853400,2022-09-22 00:00:00,111.5484,112.0194,108.4932,109.1385,2936100
1663939800,2022-09-23 00:00:00,107.8480,108.1383,105.7252,107.6770,3881700
1664199000,2022-09-26 00:00:00,107.3014,108.9524,105.8709,106.0623,2881500
1664285400,2022-09-27 00:00:00,107.9890,108.7805,105.5109,107.0484,2977200
1664371800,2022-09-28 00:00:00,106.1628,108.9913,105.7217,108.5664,4045200
1664458200,2022-09-29 00:00:00,106.5813,106.7824,103.5095,105.1898,3009000
1664544600,2022-09-30 00:00:00,103.8306,106.5099,103.2273,103.3862,2722800
1664803800,2022-10-03 00:00:00,104.5637,108.1577,103.8144,106.9608,3747300
1664890200,2022-10-04 00:00:00,110.4056,112.1118,110.1234,111.9788,3182400
1664976600,2022-10-05 00:00:00,110.1234,114.0353,109.1438,112.8935,2505600
1665063000,2022-10-06 00:00:00,112.7767,114.8527,112.0242,112.4426,2850000
1665149400,2022-10-07 00:00:00,109.0919,109.4001,105.0632,105.6958,3969000
1665408600,2022-10-10 00:00:00,105.2838,105.4103,100.6388,102.1017,4665000
1665495000,2022-10-11 00:00:00,100.2820,101.2130,97.8363,99.2311,4818600
1665581400,2022-10-12 00:00:00,99.1013,99.6268,97.9531,98.2677,3107400
1665667800,2022-10-13 00:00:00,94.4239,102.9581,93.3600,101.0962,4911600
1665754200,2022-10-14 00:00:00,102.5104,102.5104,96.5680,96.8826,3887100
1666013400,2022-10-17 00:00:00,99.4614,100.2983,98.1542,98.9359,3760500
1666099800,2022-10-18 00:00:00,102.0304,102.6986,97.5249,99.2765,3558900
1666186200,2022-10-19 00:00:00,98.5694,100.8594,98.2645,99.9123,3043500
1666272600,2022-10-20 00:00:00,100.4637,103.6003,99.9609,100.5318,3567300
1666359000,2022-10-21 00:00:00,100.2690,104.5280,99.8311,104.2685,3703200
1666618200,2022-10-24 00:00:00,104.6189,105.1735,102.2737,104.7194,3784200
1666704600,2022-10-25 00:00:00,105.1605,107.8301,104.9919,107.1100,2770800
1666791000,2022-10-26 00:00:00,104.8978,108.5729,104.3821,106.0558,4811700
1666877400,2022-10-27 00:00:00,106.7499,107.7523,104.0382,104.1745,3589500
1666963800,2022-10-28 00:00:00,104.3658,108.4172,104.0966,108.2583,4192500
1667223000,2022-10-31 00:00:00,107.2819,107.5803,105.3584,105.9001,2394900
1667309400,2022-11-01 00:00:00,108.0280,108.3815,106.1142,106.7532,2810400
1667395800,2022-11-02 00:00:00,107.4279,109.3060,103.2468,103.3830,3193800
1667482200,2022-11-03 00:00:00,101.4498,103.5809,100.3858,101.9980,3752100
1667568600,2022-11-04 00:00:00,105.6763,106.9900,104.2102,106.7175,4601700
1667831400,2022-11-07 00:00:00,107.7068,109.4422,106.2991,109.0238,3548700
1667917800,2022-11-08 00:00:00,111.0641,112.7378,109.1665,111.4241,3901200
1668004200,2022-11-09 00:00:00,109.5363,109.9710,107.6971,107.8625,3578700
1668090600,2022-11-10 00:00:00,114.0320,119.3193,113.0816,119.0241,5347500
1668177000,2022-11-11 00:00:00,119.6047,123.3869,118.2359,122.6668,6114000
1668436200,2022-11-14 00:00:00,122.0018,123.7080,121.2817,121.3239,3683100
1668522600,2022-11-15 00:00:00,126.3516,126.6954,123.1468,124.8400,4897800
1668609000,2022-11-16 00:00:00,121.9953,122.2386,118.9300,119.6858,4775700
1668695400,2022-11-17 00:00:00,117.2011,121.1617,116.9903,120.6232,3961500
1668781800,2022-11-18 00:00:00,122.6408,122.6668,119.5853,120.8925,3105300
1669041000,2022-11-21 00:00:00,119.5755,120.0037,118.5116,118.8879,1815000
1669127400,2022-11-22 00:00:00,119.9064,122.5240,118.9008,122.4300,3290700
1669213800,2022-11-23 00:00:00,122.3002,125.1028,122.2840,123.9091,3905400
1669386600,2022-11-25 00:00:00,123.1533,123.5847,122.2580,122.2580,1164000
1669645800,2022-11-28 00:00:00,120.7400,122.0180,118.3786,119.2025,3197700
1669732200,2022-11-29 00:00:00,119.5593,120.2307,118.0153,118.7419,1828200
1669818600,2022-11-30 00:00:00,119.1863,125.9526,118.0769,125.8650,4166100
1669905000,2022-12-01 00:00:00,126.6111,126.7408,123.2182,124.9601,4130700
1669991400,2022-12-02 00:00:00,121.8266,123.7437,121.2038,123.5490,3110400
1670250600,2022-12-05 00:00:00,122.7089,123.8929,120.8827,121.9856,2709300
1670337000,2022-12-06 00:00:00,121.9726,122.0991,118.2132,119.4198,2182200
1670423400,2022-12-07 00:00:00,118.1451,120.0004,117.9212,119.1636,2111400
1670509800,2022-12-08 00:00:00,119.8902,122.6960,119.0922,122.6084,2694300
1670596200,2022-12-09 00:00:00,122.0667,123.6204,121.0384,121.4731,1749000
1670855400,2022-12-12 00:00:00,120.8762,123.7566,120.2567,123.6237,2178900
1670941800,2022-12-13 00:00:00,129.2028,129.7655,124.1740,125.7483,4521000
1671028200,2022-12-14 00:00:00,125.4426,126.9454,122.4143,123.8618,3972000
1671114600,2022-12-15 00:00:00,121.2596,121.7865,118.4589,118.6216,3881100
1671201000,2022-12-16 00:00:00,117.9905,119.0151,116.5625,117.7238,2465700
1671460200,2022-12-19 00:00:00,117.6002,117.8702,115.0663,116.2666,2231700
1671546600,2022-12-20 00:00:00,114.8158,116.6179,114.5556,115.5575,2275500
1671633000,2022-12-21 00:00:00,116.3641,118.5500,116.1397,118.1597,2291700
1671719400,2022-12-22 00:00:00,115.8632,116.0486,110.9971,113.3846,5403300
1671805800,2022-12-23 00:00:00,112.4023,113.4855,111.2573,113.4822,2571900
1672151400,2022-12-27 00:00:00,112.5812,112.6853,110.9190,111.4330,3494400
1672237800,2022-12-28 00:00:00,110.7141,112.0705,109.3414,109.7903,2682000
1672324200,2022-12-29 00:00:00,111.5793,113.8205,111.1662,113.2935,3263100
1672410600,2022-12-30 00:00:00,111.6737,113.3781,110.8670,113.1894,2010000
1672756200,2023-01-03 00:00:00,115.1053,115.3103,111.4069,112.0868,2844600
1672842600,2023-01-04 00:00:00,114.2206,115.6095,112.9032,114.9720,3257100
1672929000,2023-01-05 00:00:00,113.8367,114.6467,112.8479,113.0333,2671800
1673015400,2023-01-06 00:00:00,114.5621,118.9143,113.0138,118.2930,4898400
1673274600,2023-01-09 00:00:00,120.4626,123.2112,119.6950,120.4724,4581300
1673361000,2023-01-10 00:00:00,120.0593,122.1963,119.4347,122.0304,2825400
1673447400,2023-01-11 00:00:00,122.1053,123.6568,121.0774,123.6048,2682000
1673533800,2023-01-12 00:00:00,124.2716,125.8622,121.7052,125.1076,3324000
1673620200,2023-01-13 00:00:00,123.4844,125.6378,123.3315,125.6247,2079000
1673965800,2023-01-17 00:00:00,125.1954,127.0397,124.6066,125.7678,3017400
1674052200,2023-01-18 00:00:00,127.1763,128.0708,125.0620,125.1076,3512700
1674138600,2023-01-19 00:00:00,123.9951,124.0602,121.2042,121.5978,3775200
1674225000,2023-01-20 00:00:00,122.9054,125.4816,121.6564,125.4035,3352500
1674484200,2023-01-23 00:00:00,126.5746,132.1400,126.3729,131.7009,5726700
1674570600,2023-01-24 00:00:00,130.0940,131.9318,129.9151,130.7056,2370300
1674657000,2023-01-25 00:00:00,128.4059,131.2943,127.4203,131.0601,3301200
1674743400,2023-01-26 00:00:00,132.5629,133.4379,130.3705,133.2687,3896700
1674829800,2023-01-27 00:00:00,130.9658,133.5647,130.6275,132.4198,4289700
1675089000,2023-01-30 00:00:00,130.6145,131.4049,128.7994,128.9035,4384500
1675175400,2023-01-31 00:00:00,128.6563,131.3691,128.5327,131.3073,3104100
1675261800,2023-02-01 00:00:00,131.9579,139.5498,131.8408,138.1544,7244100
1675348200,2023-02-02 00:00:00,139.5693,142.5065,138.7756,141.3551,7456200
1675434600,2023-02-03 00:00:00,138.2129,141.7812,137.8616,138.5967,5555400
1675693800,2023-02-06 00:00:00,136.4304,138.4439,135.7343,136.3458,2496300
1675780200,2023-02-07 00:00:00,136.8728,141.3551,136.5280,140.6818,3285300
1675866600,2023-02-08 00:00:00,139.7450,140.8932,137.3347,137.6567,3522000
1675953000,2023-02-09 00:00:00,140.1060,141.6771,136.9866,138.0080,3015600
1676039400,2023-02-10 00:00:00,136.5963,136.9932,134.3356,135.8124,2947800
1676298600,2023-02-13 00:00:00,136.4532,138.2064,135.2627,137.8096,2122500
1676385000,2023-02-14 00:00:00,136.5930,140.7338,135.5684,140.3109,3252000
1676471400,2023-02-15 00:00:00,138.8505,140.9550,137.8258,140.8834,2143500
1676557800,2023-02-16 00:00:00,138.3463,139.7970,137.2045,137.4290,3444900
1676644200,2023-02-17 00:00:00,136.6158,137.0159,134.0624,135.2887,3064200
1676989800,2023-02-21 00:00:00,133.1842,134.7553,130.6535,130.9072,2208600
1677076200,2023-02-22 00:00:00,131.2130,132.1953,129.4923,130.2794,2285700
1677162600,2023-02-23 00:00:00,134.6641,135.2041,131.9221,134.5633,4617000
1677249000,2023-02-24 00:00:00,132.1758,132.8491,131.1609,132.1530,2842200
1677508200,2023-02-27 00:00:00,134.3616,134.3812,132.8036,132.8523,2040900
1677594600,2023-02-28 00:00:00,132.5434,135.1098,132.2571,133.3078,1582500
1677681000,2023-03-01 00:00:00,133.7989,134.9699,132.8166,133.3435,1922400
1677767400,2023-03-02 00:00:00,131.2683,135.0512,130.2502,134.4104,3108300
1677853800,2023-03-03 00:00:00,134.3812,136.6321,133.3696,136.4825,2408700
1678113000,2023-03-06 00:00:00,136.8630,138.0405,134.5731,134.8951,2177100
1678199400,2023-03-07 00:00:00,135.0382,135.6075,132.9370,133.4737,1899000
1678285800,2023-03-08 00:00:00,134.0104,137.1721,134.0104,137.0224,2088300
1678372200,2023-03-09 00:00:00,136.8468,138.9676,134.0950,134.2999,3889800
1678458600,2023-03-10 00:00:00,135.0220,135.3700,131.0796,131.7041,3320700
1678714200,2023-03-13 00:00:00,130.3282,133.3631,128.9653,131.7432,3512700
1678800600,2023-03-14 00:00:00,134.0396,136.4336,133.4021,135.5944,2743200
1678887000,2023-03-15 00:00:00,133.6558,134.3193,131.1804,134.0136,3527100
1678973400,2023-03-16 00:00:00,133.4281,139.5530,132.8459,139.2473,3730200
1679059800,2023-03-17 00:00:00,139.5140,140.5939,137.6307,138.3853,2828400
1679319000,2023-03-20 00:00:00,138.6553,140.2980,137.5104,139.8491,2155800
1679405400,2023-03-21 00:00:00,140.9875,142.4707,138.0470,140.1255,2899500
1679491800,2023-03-22 00:00:00,140.1288,143.8532,138.6976,138.7334,3313200
1679578200,2023-03-23 00:00:00,141.1439,144.4244,140.0254,142.5135,4039800
1679664600,2023-03-24 00:00:00,141.3591,141.7439,138.6231,140.0416,3120600
1679923800,2023-03-27 00:00:00,140.5471,140.9776,137.9122,138.3981,1806300
1680010200,2023-03-28 00:00:00,138.0785,138.1927,135.2676,137.3611,2737500
1680096600,2023-03-29 00:00:00,139.6536,142.7646,139.3927,141.7765,3140400
1680183000,2023-03-30 00:00:00,143.5733,145.0537,143.0906,144.1113,2602200
1680269400,2023-03-31 00:00:00,143.0156,145.2233,142.7841,145.0048,2151000
1680528600,2023-04-03 00:00:00,144.1570,144.7048,141.9754,143.7526,1876800
1680615000,2023-04-04 00:00:00,144.0135,144.0559,140.2830,141.0721,2324100
1680701400,2023-04-05 00:00:00,139.5656,139.6830,137.1622,138.6264,3343800
1680787800,2023-04-06 00:00:00,137.3612,138.9297,136.2981,137.9123,1894800
1681133400,2023-04-10 00:00:00,136.7252,140.4460,136.5068,140.3482,1927200
1681219800,2023-04-11 00:00:00,141.1243,141.2221,139.3438,139.6112,1823100
1681306200,2023-04-12 00:00:00,140.9939,141.0363,136.9242,137.0579,2598900
1681392600,2023-04-13 00:00:00,137.3677,138.9982,136.2687,138.1862,3013500
1681479000,2023-04-14 00:00:00,138.0557,139.7253,136.4676,137.9709,1963500
1681738200,2023-04-17 00:00:00,136.4872,138.0590,136.0763,137.9709,2206500
1681824600,2023-04-18 00:00:00,139.0471,140.2471,137.5177,138.5677,2765100
1681911000,2023-04-19 00:00:00,136.7285,137.3807,136.2133,137.0514,1264500
1681997400,2023-04-20 00:00:00,135.6785,138.9786,135.5415,136.9242,2391900
1682083800,2023-04-21 00:00:00,136.4514,136.4514,134.7231,135.9198,2157600
1682343000,2023-04-24 00:00:00,135.6752,136.4481,134.3969,135.3100,2074800
1682429400,2023-04-25 00:00:00,134.5013,134.5143,130.6794,130.7642,2482500
1682515800,2023-04-26 00:00:00,132.1241,132.8089,130.7903,131.4621,1926300
1682602200,2023-04-27 00:00:00,131.2925,132.1828,128.6740,132.0164,3116700
1682688600,2023-04-28 00:00:00,132.6295,134.4296,132.0425,134.3970,2359200
1682947800,2023-05-01 00:00:00,134.9350,136.0079,134.5828,135.6133,1803900
1683034200,2023-05-02 00:00:00,135.6654,136.4382,133.3306,134.6447,2115600
1683120600,2023-05-03 00:00:00,133.8882,135.5024,133.0013,133.0991,2525400
1683207000,2023-05-04 00:00:00,132.0458,133.4904,131.1653,132.3523,2102700
1683293400,2023-05-05 00:00:00,132.5154,135.8644,131.8469,135.2970,1619400
1683552600,2023-05-08 00:00:00,135.1470,135.9622,134.0252,135.8676,1365300
1683639000,2023-05-09 00:00:00,133.9371,134.1165,133.0110,133.5556,2348400
1683725400,2023-05-10 00:00:00,135.0556,135.8709,133.6110,134.9154,2766600
1683811800,2023-05-11 00:00:00,134.9546,135.2448,132.7599,134.0317,1854600
1683898200,2023-05-12 00:00:00,134.5111,135.0687,132.6458,133.9078,1383300
1684157400,2023-05-15 00:00:00,134.2893,137.5699,133.8948,137.5438,1799100
1684243800,2023-05-16 00:00:00,137.0970,138.8481,137.0970,137.2861,2047500
1684330200,2023-05-17 00:00:00,138.5416,141.2189,137.6742,140.6775,1986000
1684416600,2023-05-18 00:00:00,141.3036,145.4744,141.1993,145.1222,3429300
1684503000,2023-05-19 00:00:00,144.6983,145.0277,143.4722,144.3755,2877600
1684762200,2023-05-22 00:00:00,143.0743,145.2559,143.0124,144.8744,2299800
1684848600,2023-05-23 00:00:00,143.9026,144.8515,142.7678,143.0841,1553100
1684935000,2023-05-24 00:00:00,140.2047,141.1113,139.0405,140.5243,4341000
1685021400,2023-05-25 00:00:00,146.9842,150.4604,145.3896,149.8832,12973800
1685107800,2023-05-26 00:00:00,152.1691,160.5009,152.1170,159.6791,8010900
1685453400,2023-05-30 00:00:00,163.3738,164.0325,158.8965,159.5454,7862700
1685539800,2023-05-31 00:00:00,156.8486,159.0074,155.3779,155.4496,5358600
1685626200,2023-06-01 00:00:00,156.3986,159.4737,154.7975,158.1236,7343700
1685712600,2023-06-02 00:00:00,159.3302,159.7867,156.6040,157.7519,3318900
1685971800,2023-06-05 00:00:00,157.1747,157.2628,154.5138,155.3094,2710800
1686058200,2023-06-06 00:00:00,154.2138,157.9475,153.9790,157.1845,3235500
1686144600,2023-06-07 00:00:00,158.2232,160.4502,156.5971,156.9530,3906300
1686231000,2023-06-08 00:00:00,157.4134,158.9514,156.6036,158.5595,2724900
1686317400,2023-06-09 00:00:00,160.3555,161.4429,158.2297,158.9775,2519400
1686576600,2023-06-12 00:00:00,160.8420,164.2544,160.6461,164.0976,2638500
1686663000,2023-06-13 00:00:00,166.7360,167.3728,164.4045,166.2952,4164300
1686749400,2023-06-14 00:00:00,165.6747,168.7376,164.7082,168.6560,8500500
1686835800,2023-06-15 00:00:00,166.7131,168.4960,166.0633,167.2617,6561300
1686922200,2023-06-16 00:00:00,168.9467,168.9630,165.4789,165.7172,4956300
1687267800,2023-06-20 00:00:00,164.9564,166.4062,162.9286,164.3752,2024400
1687354200,2023-06-21 00:00:00,163.3433,164.1596,160.1824,160.3685,4128300
1687440600,2023-06-22 00:00:00,159.2779,161.7857,159.0591,161.1163,3656400
1687527000,2023-06-23 00:00:00,158.5203,159.2844,157.5571,158.2787,2057400
1687786200,2023-06-26 00:00:00,159.3889,161.8347,158.7848,158.7913,2434800
1687872600,2023-06-27 00:00:00,159.3498,164.6168,158.7457,164.3392,2763600
1687959000,2023-06-28 00:00:00,161.6877,164.4535,161.5114,163.0723,2912400
1688045400,2023-06-29 00:00:00,163.7351,163.8494,161.7661,163.1180,1674600
1688131800,2023-06-30 00:00:00,164.9139,166.3017,164.3262,165.6388,1618200
1688391000,2023-07-03 00:00:00,166.3997,167.5132,165.2764,167.1115,809400
1688563800,2023-07-05 00:00:00,165.9948,166.3377,163.3662,163.4184,2821800
1688650200,2023-07-06 00:00:00,160.6428,161.6290,159.3236,161.3580,3454200
1688736600,2023-07-07 00:00:00,161.6616,163.9931,161.1653,161.4265,1824300
1688995800,2023-07-10 00:00:00,161.9327,164.9303,161.7694,164.7866,1833600
1689082200,2023-07-11 00:00:00,165.3581,165.6585,162.4160,164.7931,2370300
1689168600,2023-07-12 00:00:00,167.1768,168.1662,166.2331,167.8626,4269300
1689255000,2023-07-13 00:00:00,169.6422,171.7189,168.9891,171.3304,2791200
1689341400,2023-07-14 00:00:00,171.3499,172.8847,168.4895,169.1883,5124900
1689600600,2023-07-17 00:00:00,169.2503,174.0929,168.2087,173.2374,2926200
1689687000,2023-07-18 00:00:00,172.4928,174.1288,171.1410,173.5573,2669400
1689773400,2023-07-19 00:00:00,173.7827,173.9067,171.0691,171.4969,2483400
1689859800,2023-07-20 00:00:00,168.4372,169.0217,164.5090,165.2600,5085600
1689946200,2023-07-21 00:00:00,167.0593,168.3099,165.8184,166.7523,2527800
1690205400,2023-07-24 00:00:00,166.7491,167.9311,165.8805,166.7458,1544400
1690291800,2023-07-25 00:00:00,167.7091,170.5598,167.7091,169.5508,1869300
1690378200,2023-07-26 00:00:00,167.4348,168.6234,165.3809,167.2095,2618700
1690464600,2023-07-27 00:00:00,171.5589,173.9165,169.4005,170.3540,3826500
1690551000,2023-07-28 00:00:00,173.5998,174.6643,171.9018,174.0733,2821500
1690810200,2023-07-31 00:00:00,174.7100,175.3109,173.7141,174.7949,1628400
1690896600,2023-08-01 00:00:00,173.1949,175.2749,172.6593,174.9059,1343400
1690983000,2023-08-02 00:00:00,172.6855,172.7312,167.2095,168.2119,4657800
1691069400,2023-08-03 00:00:00,166.1972,168.9923,165.5768,167.7809,4354800
1691155800,2023-08-04 00:00:00,167.1736,169.8446,165.6715,167.5164,4139400
1691415000,2023-08-07 00:00:00,168.7213,169.4952,167.6960,169.2797,2262900
1691501400,2023-08-08 00:00:00,166.6348,166.7752,164.3523,166.5858,2767500
1691587800,2023-08-09 00:00:00,166.4715,166.5368,163.1996,163.5294,3228000
1691674200,2023-08-10 00:00:00,164.8355,166.5858,161.7628,162.8698,3831600
1691760600,2023-08-11 00:00:00,160.8714,160.9824,158.6346,158.9220,3882000
1692019800,2023-08-14 00:00:00,158.3114,163.5457,157.7661,163.5066,3127200
1692106200,2023-08-15 00:00:00,162.6608,163.1833,160.5906,160.7767,2276700
1692192600,2023-08-16 00:00:00,160.6037,160.7637,157.5407,157.6648,2840100
1692279000,2023-08-17 00:00:00,157.9587,158.3146,155.6305,156.1235,2624400
1692365400,2023-08-18 00:00:00,154.4223,157.5244,154.0990,156.9627,2315700
1692624600,2023-08-21 00:00:00,157.7040,161.7106,157.4526,161.4722,2757900
1692711000,2023-08-22 00:00:00,163.4478,163.6470,159.5032,160.0486,2055300
1692797400,2023-08-23 00:00:00,159.1244,163.8951,158.9448,163.3204,3027300
1692883800,2023-08-24 00:00:00,166.4029,166.4911,157.5636,157.9228,4848600
1692970200,2023-08-25 00:00:00,157.8836,159.9604,155.4313,158.6020,3435900
1693229400,2023-08-28 00:00:00,160.1628,161.0543,158.9742,160.6102,1689300
1693315800,2023-08-29 00:00:00,159.8069,165.3711,159.5750,164.8290,2730000
1693402200,2023-08-30 00:00:00,164.3359,166.2854,163.1604,165.6062,3073800
1693488600,2023-08-31 00:00:00,165.0086,167.7123,165.0086,166.7523,2109000
1693575000,2023-09-01 00:00:00,167.8658,168.2479,165.9784,167.1866,1891200
1693920600,2023-09-05 00:00:00,166.5956,168.4405,165.7009,167.1311,1871100
1694007000,2023-09-06 00:00:00,166.6642,167.7678,164.0584,165.9229,2008200
1694093400,2023-09-07 00:00:00,162.1155,162.5890,160.0812,162.1253,3877500
1694179800,2023-09-08 00:00:00,161.7824,162.9580,160.6134,161.2861,1333800
1694439000,2023-09-11 00:00:00,163.3106,163.3400,159.0200,161.1947,1422900
1694525400,2023-09-12 00:00:00,160.1302,162.5530,159.7122,159.8265,1720500
1694611800,2023-09-13 00:00:00,159.7808,162.2690,159.6110,160.6461,2927700
1694698200,2023-09-14 00:00:00,162.2037,162.4747,160.2641,161.7955,2022000
1694784600,2023-09-15 00:00:00,160.8355,160.8355,156.3293,157.1260,2901000
1695043800,2023-09-18 00:00:00,155.9211,158.2395,155.6044,157.6616,1722600
1695130200,2023-09-19 00:00:00,157.1913,157.2762,155.4999,156.3326,1553700
1695216600,2023-09-20 00:00:00,157.0444,157.7040,153.7137,153.7660,2122800
1695303000,2023-09-21 00:00:00,151.9309,152.8974,150.8598,150.9284,2532900
1695389400,2023-09-22 00:00:00,152.3651,153.7039,151.5880,152.1855,2395500
1695648600,2023-09-25 00:00:00,151.4737,153.4394,150.7716,153.2990,1587600
1695735000,2023-09-26 00:00:00,152.0525,152.4392,149.8471,150.5156,2349000
1695821400,2023-09-27 00:00:00,151.7477,152.9864,149.5849,151.8428,2727300
1695907800,2023-09-28 00:00:00,151.5281,156.2863,150.9022,154.6544,3674400
1695994200,2023-09-29 00:00:00,156.8926,157.4595,154.7363,155.2148,2802600
1696253400,2023-10-02 00:00:00,155.5523,157.2268,154.1071,155.9980,2466600
1696339800,2023-10-03 00:00:00,154.5462,156.7156,151.6920,152.7701,2685900
1696426200,2023-10-04 00:00:00,153.5140,155.2639,152.3933,154.7986,3280200
1696512600,2023-10-05 00:00:00,154.8379,155.4343,152.6259,154.0482,1902300
1696599000,2023-10-06 00:00:00,153.2551,158.1247,152.2425,157.3579,3818700
1696858200,2023-10-09 00:00:00,155.7096,157.4071,154.5135,156.9647,2082000
1696944600,2023-10-10 00:00:00,157.4529,160.3924,156.8041,158.9767,1863300
1697031000,2023-10-11 00:00:00,159.5207,160.4973,158.2689,160.1728,2983200
1697117400,2023-10-12 00:00:00,160.4383,162.8862,159.0357,160.5825,3051600
1697203800,2023-10-13 00:00:00,160.9036,161.0904,155.9095,156.2110,2544900
1697463000,2023-10-16 00:00:00,156.7385,159.0095,156.5845,158.4229,1732500
1697549400,2023-10-17 00:00:00,155.2606,158.3869,153.4714,157.2662,2450100
1697635800,2023-10-18 00:00:00,154.5790,155.7555,153.6156,154.4316,2865900
1697722200,2023-10-19 00:00:00,155.8374,156.2568,151.5052,152.0524,4398300
1697808600,2023-10-20 00:00:00,152.0426,153.1142,149.5816,149.8536,3013200
1698067800,2023-10-23 00:00:00,148.9656,151.5675,147.3828,149.0016,2846100
1698154200,2023-10-24 00:00:00,149.9093,151.3184,149.2047,151.0235,2233500
1698240600,2023-10-25 00:00:00,149.0278,149.5292,144.1582,144.9184,3244200
1698327000,2023-10-26 00:00:00,145.5608,147.2648,143.4045,144.0566,4508100
1698413400,2023-10-27 00:00:00,146.1014,146.9830,144.9414,145.6066,2436900
1698672600,2023-10-30 00:00:00,144.5678,145.4952,142.0970,143.6568,2743200
1698759000,2023-10-31 00:00:00,143.7813,145.3445,141.9626,144.9709,1911600
1698845400,2023-11-01 00:00:00,144.9873,148.5166,144.9873,148.3822,3542100
1698931800,2023-11-02 00:00:00,151.3282,152.8389,149.7782,151.7542,2726700
1699018200,2023-11-03 00:00:00,153.4353,156.8729,153.1502,155.7423,2326800
1699281000,2023-11-06 00:00:00,155.9947,156.4273,153.9826,155.4540,1740000
1699367400,2023-11-07 00:00:00,155.1132,157.1285,154.8740,156.4436,1556400
1699453800,2023-11-08 00:00:00,156.5911,157.3350,155.5195,156.6009,2233800
1699540200,2023-11-09 00:00:00,157.6233,159.4978,155.5359,155.8505,2383200
1699626600,2023-11-10 00:00:00,157.8036,162.6404,157.1514,162.1358,2229000
1699885800,2023-11-13 00:00:00,160.8610,161.1068,159.5109,160.5563,1956000
1699972200,2023-11-14 00:00:00,164.6165,166.9890,164.3313,166.4942,2765100
1700058600,2023-11-15 00:00:00,167.5297,168.9552,166.4385,167.7034,5104800
1700145000,2023-11-16 00:00:00,166.9988,168.2834,166.4352,167.7853,2275500
1700231400,2023-11-17 00:00:00,167.2643,169.2927,166.9890,168.9650,1815300
1700490600,2023-11-20 00:00:00,168.7815,172.0421,168.7258,171.4555,1482000
1700577000,2023-11-21 00:00:00,170.0497,170.0497,167.3855,168.2506,3018600
1700663400,2023-11-22 00:00:00,169.3747,171.4555,168.3162,168.7881,2044200
1700836200,2023-11-24 00:00:00,168.7782,169.0994,168.1851,168.9093,516600
1701095400,2023-11-27 00:00:00,168.2834,170.1054,167.8640,168.6734,1816800
1701181800,2023-11-28 00:00:00,167.7066,168.5750,166.3401,167.6870,1852200
1701268200,2023-11-29 00:00:00,170.0628,172.0520,169.2206,169.5057,3665700
1701354600,2023-11-30 00:00:00,169.7712,169.9416,166.9661,168.3227,2419500
1701441000,2023-12-01 00:00:00,167.4511,169.4271,166.1435,169.1125,1719600
1701700200,2023-12-04 00:00:00,167.3888,167.5592,164.8065,167.2184,1810500
1701786600,2023-12-05 00:00:00,165.6159,166.7104,164.8884,166.2681,2568300
1701873000,2023-12-06 00:00:00,168.6832,168.7782,165.0490,165.2424,2683500
1701959400,2023-12-07 00:00:00,166.7989,170.1971,166.1337,169.6728,1916700
1702045800,2023-12-08 00:00:00,169.2731,171.7603,169.2010,171.0131,4207200
1702305000,2023-12-11 00:00:00,172.6156,177.3968,172.4321,176.8462,3977100
1702391400,2023-12-12 00:00:00,175.9548,178.1472,175.6435,178.1209,2226600
1702477800,2023-12-13 00:00:00,178.1471,181.8960,177.4852,180.8638,5724900
1702564200,2023-12-14 00:00:00,182.3253,186.4019,182.3253,185.8775,3372300
1702650600,2023-12-15 00:00:00,186.4216,188.6663,186.1660,186.5690,3956100
1702909800,2023-12-18 00:00:00,186.5657,186.8738,184.3571,186.0513,2272200
1702996200,2023-12-19 00:00:00,186.3167,187.4211,186.0808,187.0442,1910100
1703082600,2023-12-20 00:00:00,185.6464,186.7267,181.4994,181.4994,3355800
1703169000,2023-12-21 00:00:00,185.4232,186.8646,184.5596,186.5231,2589300
1703255400,2023-12-22 00:00:00,187.4129,188.2404,185.7876,187.1207,2363400
1703601000,2023-12-26 00:00:00,187.9777,191.1823,187.9777,190.4272,1906500
1703687400,2023-12-27 00:00:00,191.2973,191.6223,189.8624,190.9164,1877400
1703773800,2023-12-28 00:00:00,191.3596,191.7241,190.3089,190.5585,1053000
1703860200,2023-12-29 00:00:00,190.5978,190.9787,188.1418,189.1597,1452300
1704205800,2024-01-02 00:00:00,185.9583,185.9583,180.7968,182.3465,3256800
1704292200,2024-01-03 00:00:00,179.1222,180.1368,177.7234,178.4294,4069800
1704378600,2024-01-04 00:00:00,175.6122,178.7282,175.2182,176.9289,3737100
1704465000,2024-01-05 00:00:00,177.2605,179.4735,176.7023,177.9106,3888900
1704724200,2024-01-08 00:00:00,179.1354,184.1853,179.0861,183.7059,3202200
1704810600,2024-01-09 00:00:00,181.6341,185.1802,181.3615,183.7683,2944200
1704897000,2024-01-10 00:00:00,184.1853,184.2247,180.8361,183.1510,2821800
1704983400,2024-01-11 00:00:00,183.4104,185.0226,180.2353,183.8274,3692100
1705069800,2024-01-12 00:00:00,184.0736,184.9668,182.1298,183.0164,2277000
1705415400,2024-01-16 00:00:00,183.2430,186.8646,182.3006,185.6103,4151400
1705501800,2024-01-17 00:00:00,183.7158,184.1262,180.7902,183.9095,4971000
1705588200,2024-01-18 00:00:00,189.0153,190.2301,186.9697,189.9806,3552000
1705674600,2024-01-19 00:00:00,192.3742,197.6671,191.3957,197.4110,5326800
1705933800,2024-01-22 00:00:00,199.0462,200.6452,196.2421,198.0578,5288400
1706020200,2024-01-23 00:00:00,198.1301,199.6077,196.2487,199.3712,3282000
1706106600,2024-01-24 00:00:00,201.6729,204.9629,200.0936,202.2738,6283800
1706193000,2024-01-25 00:00:00,205.9973,206.1319,200.6945,201.7124,3916800
1706279400,2024-01-26 00:00:00,197.5850,198.9280,195.5953,196.2749,5781300
1706538600,2024-01-29 00:00:00,196.6624,198.3173,195.2243,198.3173,3467400
1706625000,2024-01-30 00:00:00,197.1319,198.3402,194.4395,195.2538,3059100
1706711400,2024-01-31 00:00:00,192.2199,195.9466,190.7095,192.4268,6573600
1706797800,2024-02-01 00:00:00,193.2049,193.8583,190.8474,193.3790,3464100
1706884200,2024-02-02 00:00:00,193.3724,196.3012,192.8470,195.8481,4801200
1707143400,2024-02-05 00:00:00,197.5194,199.5125,195.3425,198.5241,4735200
1707229800,2024-02-06 00:00:00,199.0856,199.2399,194.0061,196.2093,3624000
1707316200,2024-02-07 00:00:00,197.5982,199.3975,195.5427,199.2104,4839300
1707402600,2024-02-08 00:00:00,199.8375,204.0994,199.7620,202.6350,2760900
1707489000,2024-02-09 00:00:00,203.8696,206.9987,202.6711,206.6704,3518700
1707748200,2024-02-12 00:00:00,206.6934,210.1147,205.4654,206.2961,4299900
1707834600,2024-02-13 00:00:00,200.3136,204.2439,199.3384,202.0571,6551400
1707921000,2024-02-14 00:00:00,204.6477,206.7262,203.7579,206.6211,3236400
1708007400,2024-02-15 00:00:00,207.9640,208.2169,205.5080,206.4241,2845500
1708093800,2024-02-16 00:00:00,207.9739,209.5664,204.6477,205.2552,4103100
1708439400,2024-02-20 00:00:00,203.3311,204.0600,198.6916,201.8010,5547600
1708525800,2024-02-21 00:00:00,199.5190,201.3873,198.4650,201.3380,4471500
1708612200,2024-02-22 00:00:00,209.2643,212.4000,208.3384,211.2607,6676500
1708698600,2024-02-23 00:00:00,212.3245,213.4179,207.8688,208.9819,5105100
1708957800,2024-02-26 00:00:00,211.0899,211.9863,209.5762,211.0439,3759000
1709044200,2024-02-27 00:00:00,212.0618,212.6036,210.2888,210.8338,4560900
1709130600,2024-02-28 00:00:00,208.4993,209.5763,207.4847,208.4632,2923800
1709217000,2024-02-29 00:00:00,211.0472,214.5408,210.3872,214.1107,3382800
1709303400,2024-03-01 00:00:00,216.5864,224.1843,216.3401,223.2222,6123000
1709562600,2024-03-04 00:00:00,225.6980,227.8815,224.1712,225.4156,7328400
1709649000,2024-03-05 00:00:00,222.6904,224.2369,218.5729,220.9961,7260000
1709735400,2024-03-06 00:00:00,225.5995,228.8074,223.9118,226.4269,5531700
1709821800,2024-03-07 00:00:00,229.3065,235.1379,229.1686,234.1923,4799600
1709908200,2024-03-08 00:00:00,234.9803,236.4184,224.5586,224.7162,10483000
1710163800,2024-03-11 00:00:00,222.1256,223.3963,219.1902,221.7316,4499800
1710250200,2024-03-12 00:00:00,224.5685,226.4499,220.6382,226.3317,3598400
1710336600,2024-03-13 00:00:00,223.6524,223.9676,219.4758,220.8155,3264600
1710423000,2024-03-14 00:00:00,220.2245,221.4754,214.8560,217.0428,4662100
1710509400,2024-03-15 00:00:00,214.1468,218.0574,213.8513,215.4864,4105300
1710768600,2024-03-18 00:00:00,219.1705,219.9979,215.1023,215.3190,3143300
1710855000,2024-03-19 00:00:00,212.5215,214.4324,209.4678,213.5163,3558700
1710941400,2024-03-20 00:00:00,214.0286,217.7225,212.3048,217.1512,3386600
1711027800,2024-03-21 00:00:00,224.1964,226.0798,221.6228,222.0370,4059800
1711114200,2024-03-22 00:00:00,221.0312,223.9302,220.3311,222.3032,2658900
1711373400,2024-03-25 00:00:00,219.1479,223.4470,218.6154,221.4355,2283500
1711459800,2024-03-26 00:00:00,223.0329,223.7133,219.7198,219.7691,4414200
1711546200,2024-03-27 00:00:00,222.2441,222.6089,218.3098,222.5300,4161700
1711632600,2024-03-28 00:00:00,222.2736,223.8316,221.7708,222.7666,1794300
1711978200,2024-04-01 00:00:00,222.9047,228.2195,222.9047,225.1134,3000900
1712064600,2024-04-02 00:00:00,221.4059,222.1159,219.2958,221.6426,2383500
1712151000,2024-04-03 00:00:00,219.0690,223.8217,219.0394,222.2638,1860600
1712237400,2024-04-04 00:00:00,225.3205,225.9713,215.5094,215.9728,3744000
1712323800,2024-04-05 00:00:00,216.9293,219.8874,215.5291,218.5365,2428300
1712583000,2024-04-08 00:00:00,219.8282,220.9819,218.2210,219.0986,1866900
1712669400,2024-04-09 00:00:00,221.3073,222.1553,217.6787,221.4552,3170100
1712755800,2024-04-10 00:00:00,217.7576,220.3114,216.1701,217.4125,3610500
1712842200,2024-04-11 00:00:00,218.7830,222.7173,216.9884,222.3229,2455300
1712928600,2024-04-12 00:00:00,218.3985,218.6647,214.6022,215.0262,3210400
1713187800,2024-04-15 00:00:00,217.9646,218.7633,211.2497,212.3047,3170800
1713274200,2024-04-16 00:00:00,212.3935,214.9572,211.5159,213.9120,2452300
1713360600,2024-04-17 00:00:00,214.0698,214.4050,206.9703,207.4238,4798600
1713447000,2024-04-18 00:00:00,205.9448,207.2956,203.0951,203.7459,5372700
1713533400,2024-04-19 00:00:00,201.9415,203.2430,194.6743,195.6209,6406600
1713792600,2024-04-22 00:00:00,197.6423,200.2750,195.2561,198.8453,4493800
1713879000,2024-04-23 00:00:00,200.2159,203.9727,199.6736,202.9965,3645400
1713965400,2024-04-24 00:00:00,208.4296,209.5340,203.8544,205.6292,4077600
1714051800,2024-04-25 00:00:00,205.1362,210.8454,204.0417,209.4452,3902900
1714138200,2024-04-26 00:00:00,209.1888,214.7797,208.7057,213.8725,3812600
1714397400,2024-04-29 00:00:00,213.4979,215.7066,211.9695,215.4995,3247300
1714483800,2024-04-30 00:00:00,214.5628,216.9293,210.9440,211.0032,3583500
1714570200,2024-05-01 00:00:00,207.0787,210.8552,202.7204,203.8741,7023200
1714656600,2024-05-02 00:00:00,207.3647,209.1987,203.6375,208.4592,3955500
1714743000,2024-05-03 00:00:00,212.8372,214.3754,211.4863,213.1527,3467100
1715002200,2024-05-06 00:00:00,214.9671,217.5998,214.1289,217.5801,2441500
1715088600,2024-05-07 00:00:00,217.8956,218.4774,215.6573,215.6573,2859500
1715175000,2024-05-08 00:00:00,213.5768,216.0714,213.3500,215.8644,3212000
1715261400,2024-05-09 00:00:00,215.8742,216.2785,214.0303,215.0558,1874300
1715347800,2024-05-10 00:00:00,217.4124,219.3155,216.2095,217.1659,3079200
1715607000,2024-05-13 00:00:00,218.1125,218.9803,217.2547,217.6195,1843200
1715693400,2024-05-14 00:00:00,217.4519,221.4256,217.2448,221.2383,2149400
1715779800,2024-05-15 00:00:00,223.5851,227.5983,222.3525,227.4504,3106200
1715866200,2024-05-16 00:00:00,227.4011,229.1957,226.2573,226.3361,2878400
1715952600,2024-05-17 00:00:00,227.7757,228.1702,223.2597,225.0543,1806100
1716211800,2024-05-20 00:00:00,226.0699,231.4438,225.6558,230.0042,2555300
1716298200,2024-05-21 00:00:00,226.9672,229.6393,226.8587,229.2646,2178700
1716384600,2024-05-22 00:00:00,231.3945,232.5580,229.5605,231.9565,3488500
1716471000,2024-05-23 00:00:00,237.4686,237.5573,228.9196,230.6550,4704800
1716557400,2024-05-24 00:00:00,232.7454,236.0092,231.7199,235.2302,2450100
1716903000,2024-05-28 00:00:00,237.9813,240.2295,235.5162,239.2040,2824200
1716989400,2024-05-29 00:00:00,234.8062,235.8416,233.9484,234.2639,2061100
1717075800,2024-05-30 00:00:00,234.3329,235.0034,231.4142,232.6369,1536800
1717162200,2024-05-31 00:00:00,233.4751,234.0470,224.3246,230.7437,2991000
1717421400,2024-06-03 00:00:00,234.4809,234.6288,226.9869,231.1185,1815900
1717507800,2024-06-04 00:00:00,230.7339,231.0888,227.5687,229.3140,2246900
1717594200,2024-06-05 00:00:00,233.3962,239.4998,232.5679,239.3420,3749400
1717680600,2024-06-06 00:00:00,239.5787,239.5787,235.6049,237.3798,2261300
1717767000,2024-06-07 00:00:00,237.4784,238.1785,235.0232,236.6699,2052600
1718026200,2024-06-10 00:00:00,234.8358,240.7619,234.5104,240.0816,1824300
1718112600,2024-06-11 00:00:00,238.8277,240.6147,236.4582,240.2790,1662100
1718199000,2024-06-12 00:00:00,244.5540,247.9701,244.0308,247.0519,3101600
1718285400,2024-06-13 00:00:00,248.8586,250.8530,246.3410,249.7373,3469400
1718371800,2024-06-14 00:00:00,247.6146,249.5695,246.5582,248.8389,2567600
1718631000,2024-06-17 00:00:00,250.5074,253.2423,247.4369,252.7683,3057900
1718717400,2024-06-18 00:00:00,253.7359,257.3395,253.2324,255.9869,3071500
1718890200,2024-06-20 00:00:00,256.3621,256.8163,247.6344,249.0364,3921500
1718976600,2024-06-21 00:00:00,246.9630,249.4807,243.8037,246.6076,3156800
1719235800,2024-06-24 00:00:00,244.3862,245.8770,239.4398,239.5682,3958300
1719322200,2024-06-25 00:00:00,241.4934,243.3890,238.7191,243.2508,2551800
1719408600,2024-06-26 00:00:00,243.0830,244.5145,239.6274,242.3030,1933800
1719495000,2024-06-27 00:00:00,241.8291,243.6161,239.6175,241.0590,2363600
1719581400,2024-06-28 00:00:00,242.7275,248.2663,241.5625,243.4976,3851300
1719840600,2024-07-01 00:00:00,243.3594,243.7741,238.8968,243.4877,2330400
1719927000,2024-07-02 00:00:00,242.0858,246.9927,241.8883,246.9137,1617400
1720013400,2024-07-03 00:00:00,247.5357,252.3339,246.2127,251.0307,1392200
1720186200,2024-07-05 00:00:00,253.0250,253.5680,250.0631,251.5243,1823900
1720445400,2024-07-08 00:00:00,253.4496,256.5991,253.4299,256.2930,2295500
1720531800,2024-07-09 00:00:00,257.4383,258.7514,253.8643,256.1745,2374700
1720618200,2024-07-10 00:00:00,258.5441,262.6216,257.2704,262.1181,3075800
1720704600,2024-07-11 00:00:00,263.7570,263.8458,252.7190,253.4990,4689600
1720791000,2024-07-12 00:00:00,254.5652,261.0616,253.3014,256.5892,2929500
1721050200,2024-07-15 00:00:00,258.0307,260.2817,255.3057,256.8755,3202200
1721136600,2024-07-16 00:00:00,258.2084,258.8106,254.3184,258.4651,2595100
1721223000,2024-07-17 00:00:00,249.5399,250.4383,239.6965,240.0816,9101600
1721309400,2024-07-18 00:00:00,244.2677,244.3763,236.6063,240.8023,5274000
1721395800,2024-07-19 00:00:00,240.4666,240.6048,233.0421,233.4370,4983500
1721655000,2024-07-22 00:00:00,238.4525,243.3100,236.4582,243.1126,4941700
1721741400,2024-07-23 00:00:00,239.8051,241.9673,238.7685,239.4892,2418700
1721827800,2024-07-24 00:00:00,236.2212,236.8432,226.4371,226.7530,5738900
1721914200,2024-07-25 00:00:00,224.8179,229.1127,217.8278,221.6980,8437600
1722000600,2024-07-26 00:00:00,226.7530,228.2735,224.0281,226.4568,3805500
1722259800,2024-07-29 00:00:00,228.6585,231.8475,225.1338,225.9829,2926800
1722346200,2024-07-30 00:00:00,227.0788,227.6317,217.0281,217.7785,8083500
1722432600,2024-07-31 00:00:00,227.7897,232.6077,226.0619,232.3905,7494100
1722519000,2024-08-01 00:00:00,228.4610,230.2481,212.8518,215.6459,8576300
1722605400,2024-08-02 00:00:00,206.4048,208.7644,201.6164,204.1834,13105400
1722864600,2024-08-05 00:00:00,190.6376,206.0296,190.4204,200.5797,9247100
1722951000,2024-08-06 00:00:00,202.4556,207.8067,199.1778,202.3963,6602300
1723037400,2024-08-07 00:00:00,208.8138,210.4725,196.3245,196.7589,5292500
1723123800,2024-08-08 00:00:00,202.8604,210.5514,198.6841,210.3342,6243200
1723210200,2024-08-09 00:00:00,208.8039,210.9661,206.0987,209.0902,3454500
1723469400,2024-08-12 00:00:00,209.4062,212.8124,207.6291,210.2948,4365200
1723555800,2024-08-13 00:00:00,213.2468,219.1607,211.9435,218.8349,4525400
1723642200,2024-08-14 00:00:00,220.8095,221.6882,214.7277,218.2820,3769900
1723728600,2024-08-15 00:00:00,223.1988,229.6656,222.1818,228.7770,4332100
1723815000,2024-08-16 00:00:00,226.6740,229.2706,225.1338,228.2932,3966100
1724074200,2024-08-19 00:00:00,227.4047,232.2128,224.7686,232.1733,2197800
1724160600,2024-08-20 00:00:00,230.9786,232.5583,227.3454,229.1028,2587700
1724247000,2024-08-21 00:00:00,230.2481,233.5061,229.6853,232.3510,1832200
1724333400,2024-08-22 00:00:00,233.6938,234.4836,223.7418,224.4131,2969600
1724419800,2024-08-23 00:00:00,227.9871,232.0153,226.7826,230.4258,3452900
1724679000,2024-08-26 00:00:00,229.5175,230.2481,223.8207,224.6402,2148200
1724765400,2024-08-27 00:00:00,223.0112,227.8786,220.9675,227.1282,2024700
1724851800,2024-08-28 00:00:00,226.1804,227.7699,220.7798,223.0309,3480000
1724938200,2024-08-29 00:00:00,224.2157,228.0859,221.3624,222.3891,4084600
1725024600,2024-08-30 00:00:00,227.6317,228.8066,224.3934,228.2043,3249700
1725370200,2024-09-03 00:00:00,223.9195,223.9491,209.5839,210.7884,7214300
1725456600,2024-09-04 00:00:00,208.4287,214.7277,207.8462,211.4795,4435800
1725543000,2024-09-05 00:00:00,208.5176,213.6318,208.1819,210.3441,3988300
1725629400,2024-09-06 00:00:00,208.7644,208.9224,200.2835,201.3399,5596300
1725888600,2024-09-09 00:00:00,204.6079,206.0296,201.9619,205.3188,4078600
1725975000,2024-09-10 00:00:00,205.6939,207.7080,202.3569,207.4809,2390600
1726061400,2024-09-11 00:00:00,208.9026,217.5415,204.5388,217.1170,6521400
1726147800,2024-09-12 00:00:00,215.9223,218.1635,212.8913,216.1593,4739100
1726234200,2024-09-13 00:00:00,218.0450,220.6120,217.5218,220.0196,5268000
1726493400,2024-09-16 00:00:00,216.8800,218.1931,214.2834,217.0874,2469800
1726579800,2024-09-17 00:00:00,219.8222,220.3356,215.4583,217.3539,2304100
1726666200,2024-09-18 00:00:00,218.3709,221.3624,214.7376,214.9548,4671900
1726752600,2024-09-19 00:00:00,223.1000,227.1381,221.3130,224.1071,4624700
1726839000,2024-09-20 00:00:00,221.8560,222.7051,217.6403,220.8292,4550800
1727098200,2024-09-23 00:00:00,221.8955,222.6854,220.1184,221.6882,2454200
1727184600,2024-09-24 00:00:00,223.6727,225.7262,221.1254,224.3736,4314700
1727271000,2024-09-25 00:00:00,223.6531,227.4041,223.5245,225.9196,2191200
1727357400,2024-09-26 00:00:00,235.2722,235.9254,227.9187,233.9955,5537400
1727443800,2024-09-27 00:00:00,234.7081,234.7378,229.0866,230.2841,2303600
1727703000,2024-09-30 00:00:00,227.4239,229.7200,224.9595,228.2156,2693300
1727789400,2024-10-01 00:00:00,228.1266,228.8194,220.0407,221.8222,3926500
1727875800,2024-10-02 00:00:00,222.2576,227.2853,220.9611,224.8111,1762100
1727962200,2024-10-03 00:00:00,223.0395,228.4532,222.8911,225.6127,2110700
1728048600,2024-10-04 00:00:00,230.0961,230.4821,226.0383,228.7006,2685000
1728307800,2024-10-07 00:00:00,227.2358,229.8684,226.4243,228.0771,2006800
1728394200,2024-10-08 00:00:00,228.0771,231.1353,226.5826,230.3237,2508500
1728480600,2024-10-09 00:00:00,230.0961,233.0553,228.5027,232.7287,2019100
1728567000,2024-10-10 00:00:00,229.6012,232.3724,228.2750,231.0957,1886400
1728653400,2024-10-11 00:00:00,229.4033,233.7580,229.2846,233.0355,4572900
1728912600,2024-10-14 00:00:00,234.5201,237.8158,234.3716,237.3308,2142500
1728999000,2024-10-15 00:00:00,236.7766,237.9939,223.3958,225.0189,6421200
1729085400,2024-10-16 00:00:00,227.7505,227.7505,224.0787,225.0189,3776600
1729171800,2024-10-17 00:00:00,230.8977,231.4619,226.7905,226.7905,2407800
1729258200,2024-10-18 00:00:00,228.9184,228.9283,226.0680,226.9983,1643700
1729517400,2024-10-21 00:00:00,226.0878,227.1765,223.6531,226.5728,2034300
1729603800,2024-10-22 00:00:00,225.3356,226.4540,223.9500,225.7315,2476400
1729690200,2024-10-23 00:00:00,225.3059,226.1571,220.5751,223.7125,2260000
1729776600,2024-10-24 00:00:00,225.7216,225.8602,223.2573,224.9595,2247900
1729863000,2024-10-25 00:00:00,227.0874,230.6701,227.0082,227.2160,2209600
1730122200,2024-10-28 00:00:00,227.1369,228.9282,226.0185,227.3546,1508500
1730208600,2024-10-29 00:00:00,227.5526,234.0252,226.5035,232.9464,3135000
1730295000,2024-10-30 00:00:00,226.9290,228.3641,224.6428,224.7319,4324400
1730381400,2024-10-31 00:00:00,222.5842,222.6733,214.3301,216.0126,6120800
1730467800,2024-11-01 00:00:00,217.7545,220.4663,217.0518,218.3087,2130100
1730730600,2024-11-04 00:00:00,217.6654,220.1694,216.2501,217.0518,1727700
1730817000,2024-11-05 00:00:00,217.1508,219.7834,216.8835,219.5854,2273700
1730903400,2024-11-06 00:00:00,224.0292,226.8103,222.0003,225.9888,3644000
1730989800,2024-11-07 00:00:00,229.4429,231.0066,228.9382,230.6998,3154600
1731076200,2024-11-08 00:00:00,229.4429,230.7889,227.7703,228.9777,1769200
1731335400,2024-11-11 00:00:00,226.8201,226.8201,220.4860,223.2473,4250400
1731421800,2024-11-12 00:00:00,222.4655,222.8317,217.8832,220.8127,3259700
1731508200,2024-11-13 00:00:00,219.2193,219.8428,215.7256,216.1215,3057500
1731594600,2024-11-14 00:00:00,218.2296,219.0906,215.5969,215.9928,2523600
1731681000,2024-11-15 00:00:00,212.3606,213.4493,208.4216,209.0352,4748200
1731940200,2024-11-18 00:00:00,208.9758,212.1231,208.0752,211.7371,2422300
1732026600,2024-11-19 00:00:00,211.1334,212.5981,210.2822,212.1429,2363400
1732113000,2024-11-20 00:00:00,210.8761,211.4798,207.4913,210.5198,3995000
1732199400,2024-11-21 00:00:00,212.8357,215.0229,208.7284,213.8551,4245400
1732285800,2024-11-22 00:00:00,213.3998,214.4687,212.3507,213.9441,2672600
1732545000,2024-11-25 00:00:00,216.7153,218.0316,214.6468,216.0324,2787700
1732631400,2024-11-26 00:00:00,217.7347,218.3186,211.5689,213.2316,2783900
1732717800,2024-11-27 00:00:00,212.0439,212.2022,206.7391,210.3713,3122300
1732890600,2024-11-29 00:00:00,211.9152,215.7751,211.8757,213.1821,2505300
1733149800,2024-12-02 00:00:00,214.4687,220.1793,214.2906,218.7838,3707000
1733236200,2024-12-03 00:00:00,217.3883,218.7838,216.7648,217.5467,1914900
1733322600,2024-12-04 00:00:00,221.8420,222.0102,218.8630,220.4267,2681200
1733409000,2024-12-05 00:00:00,220.0407,220.3673,215.6464,216.2600,2422000
1733495400,2024-12-06 00:00:00,216.3491,218.1108,215.7553,217.5665,1822900
1733754600,2024-12-09 00:00:00,216.2501,219.2588,215.1417,216.5174,1574800
1733841000,2024-12-10 00:00:00,217.1706,217.3190,210.0051,211.3709,2566600
1733927400,2024-12-11 00:00:00,214.4984,217.9623,213.1821,216.6856,3233900
1734013800,2024-12-12 00:00:00,215.1516,215.9334,213.2415,215.0031,2680200
1734100200,2024-12-13 00:00:00,220.0110,222.3467,217.7446,221.0007,3720600
1734359400,2024-12-16 00:00:00,221.7034,226.2264,220.1001,225.0981,4774000
1734445800,2024-12-17 00:00:00,222.8757,224.2040,220.6156,221.9142,2397300
1734532200,2024-12-18 00:00:00,223.3812,225.1754,212.0808,213.7065,4426000
1734618600,2024-12-19 00:00:00,214.2021,214.6680,209.6027,210.1181,3255700
1734705000,2024-12-20 00:00:00,208.9683,215.8774,208.4627,212.9432,4681100
1734964200,2024-12-23 00:00:00,214.5788,219.6640,214.5788,219.3864,3044300
1735050600,2024-12-24 00:00:00,220.8337,221.7258,219.4162,221.6465,1252300
1735223400,2024-12-26 00:00:00,220.0406,222.9847,219.7532,221.5771,1303500
1735309800,2024-12-27 00:00:00,220.2488,220.7742,216.9380,219.7036,1933000
1735569000,2024-12-30 00:00:00,215.9368,217.3940,213.7858,215.3817,2566900
1735655400,2024-12-31 00:00:00,216.0260,216.9083,212.7648,213.6074,1354500
1735828200,2025-01-02 00:00:00,215.7782,218.2960,213.0820,214.9258,2409100
1735914600,2025-01-03 00:00:00,216.3433,221.0914,216.0558,220.5264,2623200
1736173800,2025-01-06 00:00:00,225.2745,229.7749,225.2745,226.9101,4176500
1736260200,2025-01-07 00:00:00,229.6758,229.8641,222.5981,223.8174,3694800
1736346600,2025-01-08 00:00:00,223.0838,223.4903,219.1783,221.5870,3141400
1736519400,2025-01-10 00:00:00,218.8115,218.9503,214.8861,216.2937,4038000
1736778600,2025-01-13 00:00:00,211.9817,215.9368,211.7934,215.6295,2310000
1736865000,2025-01-14 00:00:00,217.4336,218.8214,214.2318,217.0470,1492800
1736951400,2025-01-15 00:00:00,220.5363,222.6873,219.7334,221.2599,2900200
1737037800,2025-01-16 00:00:00,225.2646,225.7999,221.5771,221.5870,3029500
1737124200,2025-01-17 00:00:00,226.5830,228.3078,225.3737,227.7329,3785500
1737469800,2025-01-21 00:00:00,229.7848,232.5306,227.7924,230.4192,3201500
1737556200,2025-01-22 00:00:00,232.7784,236.2577,232.2729,233.7498,3461100
1737642600,2025-01-23 00:00:00,230.0029,233.3236,229.1603,233.3137,2567100
1737729000,2025-01-24 00:00:00,233.4227,233.4227,227.7031,228.6250,2229900
1737988200,2025-01-27 00:00:00,217.0867,217.6914,207.9076,210.6931,16943600
1738074600,2025-01-28 00:00:00,211.7537,212.8937,207.1543,211.6348,9118300
1738161000,2025-01-29 00:00:00,213.6768,214.2913,210.2966,212.5071,2430800
1738247400,2025-01-30 00:00:00,215.1141,218.0681,213.8750,216.8290,4653800
1738333800,2025-01-31 00:00:00,218.0681,222.3305,215.5701,216.2243,3867800
1738593000,2025-02-03 00:00:00,210.5344,214.9555,209.1169,212.3286,3646800
1738679400,2025-02-04 00:00:00,211.8528,215.3718,211.5654,214.5094,3742300
1738765800,2025-02-05 00:00:00,213.9444,219.1089,212.6062,218.6628,2200500
1738852200,2025-02-06 00:00:00,217.1363,218.7719,215.9765,218.3754,3111700
1738938600,2025-02-07 00:00:00,218.8809,220.1398,213.5082,214.9753,3297400
1739197800,2025-02-10 00:00:00,216.5415,218.3258,216.5118,217.7806,2698600
1739284200,2025-02-11 00:00:00,215.9864,219.2377,215.9864,217.9788,1549700
1739370600,2025-02-12 00:00:00,214.5491,218.2960,214.0633,218.2167,2017500
1739457000,2025-02-13 00:00:00,218.0284,221.0418,217.9689,220.8931,2546800
1739543400,2025-02-14 00:00:00,220.8733,221.8150,219.9812,221.1212,1566200
1739889000,2025-02-18 00:00:00,222.7369,225.4827,221.5177,224.7789,3605000
1739975400,2025-02-19 00:00:00,225.1655,229.5964,224.2833,228.5160,2635700
1740061800,2025-02-20 00:00:00,229.9731,231.4005,226.7515,229.0513,2642300
1740148200,2025-02-21 00:00:00,229.7352,229.8244,221.1806,222.0232,2947000
1740407400,2025-02-24 00:00:00,223.0046,223.3713,216.6307,216.8092,3372800
1740493800,2025-02-25 00:00:00,216.5415,217.3048,211.7141,212.3386,3514200
1740580200,2025-02-26 00:00:00,215.0546,217.8797,213.6966,216.0360,2562600
1740666600,2025-02-27 00:00:00,217.2651,217.5823,203.1297,203.4568,4349100
1740753000,2025-02-28 00:00:00,203.5758,208.2149,201.3455,206.6983,3722100
1741012200,2025-03-03 00:00:00,209.6621,209.8009,197.5786,199.3926,5067800
1741098600,2025-03-04 00:00:00,199.0457,205.8061,194.9815,200.5029,5487900
1741185000,2025-03-05 00:00:00,202.7530,205.4790,198.8177,204.8248,3312100
1741271400,2025-03-06 00:00:00,197.8364,201.9402,195.6060,196.3098,5088700
1741357800,2025-03-07 00:00:00,197.0632,202.7530,194.7635,202.0691,3713300
1741613400,2025-03-10 00:00:00,197.0830,198.5303,189.8864,192.7215,5410800
1741699800,2025-03-11 00:00:00,192.8206,194.5949,187.4578,190.4415,3776600
1741786200,2025-03-12 00:00:00,194.9815,196.9541,192.6223,194.3669,3143000
1741872600,2025-03-13 00:00:00,194.3570,197.4993,191.4923,193.3955,2504200
1741959000,2025-03-14 00:00:00,196.7658,199.9478,196.5874,199.3629,3696800
1742218200,2025-03-17 00:00:00,198.5600,204.4580,198.4609,202.6539,2743100
1742304600,2025-03-18 00:00:00,200.6004,201.5333,198.6848,199.9651,2470800
1742391000,2025-03-19 00:00:00,199.9949,204.8881,198.5061,201.5929,2330800
1742477400,2025-03-20 00:00:00,199.0222,202.1983,198.8634,199.9850,2265900
1742563800,2025-03-21 00:00:00,196.4615,198.6451,194.9032,197.8908,2873400
1742823000,2025-03-24 00:00:00,202.0495,205.1164,201.8113,203.7665,3947000
1742909400,2025-03-25 00:00:00,203.5184,204.1735,202.0395,202.6648,1419100
1742995800,2025-03-26 00:00:00,201.7021,202.5358,194.9727,196.9876,3595300
1743082200,2025-03-27 00:00:00,194.4070,195.5682,191.9356,193.1068,3545900
1743168600,2025-03-28 00:00:00,191.8462,192.7891,186.0399,187.2707,4122300
1743427800,2025-03-31 00:00:00,183.3204,186.8935,180.7597,186.7645,3843000
1743514200,2025-04-01 00:00:00,186.0499,186.9332,182.4271,186.8638,3108800
1743600600,2025-04-02 00:00:00,184.0052,190.5857,183.3501,188.0647,2784800
1743687000,2025-04-03 00:00:00,178.4074,179.7870,168.7203,169.0875,9982600
1743773400,2025-04-04 00:00:00,162.6956,164.5318,153.4551,156.4526,13988400
1744032600,2025-04-07 00:00:00,150.8944,169.1471,147.2022,160.0654,18686500
1744119000,2025-04-08 00:00:00,166.3878,168.5813,149.9813,153.7033,11023300
1744205400,2025-04-09 00:00:00,154.9340,184.1740,153.7827,182.2485,23539500
1744291800,2025-04-10 00:00:00,173.2561,174.3380,161.1770,167.3506,14499000
1744378200,2025-04-11 00:00:00,165.7328,171.8170,163.1919,170.9733,9890900
1744637400,2025-04-14 00:00:00,176.2238,176.2238,169.5143,172.1048,5657400
1744723800,2025-04-15 00:00:00,173.0179,175.3107,171.9559,172.8095,3201100
1744810200,2025-04-16 00:00:00,165.0876,168.3134,160.6212,166.1397,10205000
1744896600,2025-04-17 00:00:00,167.3109,167.4895,163.5790,165.3060,4921000
1745242200,2025-04-21 00:00:00,161.9214,162.6758,159.0630,162.4177,4769700
1745328600,2025-04-22 00:00:00,163.9958,166.7650,163.3904,165.5740,4996000
1745415000,2025-04-23 00:00:00,173.9410,175.8169,171.0627,171.7773,7323800
1745501400,2025-04-24 00:00:00,176.4720,182.1889,175.2214,181.6629,6873400
1745587800,2025-04-25 00:00:00,179.8465,184.7298,179.3106,183.4296,4224900
1745847000,2025-04-28 00:00:00,182.5164,184.3725,179.0922,183.1020,2875400
1745933400,2025-04-29 00:00:00,180.8788,183.1616,179.8962,181.1468,3527000
1746019800,2025-04-30 00:00:00,176.6705,183.0028,175.4496,182.4668,3580500
1746106200,2025-05-01 00:00:00,184.6107,185.9506,182.0996,182.2187,3997600
1746192600,2025-05-02 00:00:00,186.5461,190.4368,186.4270,188.6106,4581400
1746451800,2025-05-05 00:00:00,186.7843,189.0374,186.5262,187.1615,3323200
1746538200,2025-05-06 00:00:00,183.8762,186.8439,182.8936,185.3750,2844600
1746624600,2025-05-07 00:00:00,185.1864,189.1565,183.4296,188.6205,3001100
1746711000,2025-05-08 00:00:00,191.0721,193.5832,189.0473,190.3078,3457700
1746797400,2025-05-09 00:00:00,193.0274,194.1688,190.8438,192.4914,2808500
1747056600,2025-05-12 00:00:00,205.2553,207.8260,203.4589,206.3173,10675600
1747143000,2025-05-13 00:00:00,207.1411,213.2154,206.8533,212.1633,5693600
1747229400,2025-05-14 00:00:00,213.6025,215.0814,211.6175,213.1857,4162800
1747315800,2025-05-15 00:00:00,211.1013,213.3941,209.3346,211.8160,4216900
1747402200,2025-05-16 00:00:00,211.9648,211.9648,209.1063,211.5381,2521500
1747661400,2025-05-19 00:00:00,206.6647,210.8036,206.6151,210.2676,5334700
1747747800,2025-05-20 00:00:00,208.4711,210.0393,207.8458,209.9599,2968000
1747834200,2025-05-21 00:00:00,208.1833,212.3023,204.8087,206.1188,5007700
1747920600,2025-05-22 00:00:00,205.9799,207.9054,204.0444,204.2132,5397300
1748007000,2025-05-23 00:00:00,198.9726,202.1388,198.4366,201.0470,9527500
1748352600,2025-05-27 00:00:00,205.4141,208.6597,203.7368,207.7267,6057600
1748439000,2025-05-28 00:00:00,208.2726,208.8880,206.1982,206.6846,6769200
1748525400,2025-05-29 00:00:00,211.4388,211.5778,206.1982,207.5282,8600400
1748611800,2025-05-30 00:00:00,206.2677,206.3173,199.6178,203.4092,10781000
1748871000,2025-06-02 00:00:00,202.8931,207.2702,202.7641,206.4761,6034900
1748957400,2025-06-03 00:00:00,206.5953,212.5405,205.1660,212.0244,8905100
1749043800,2025-06-04 00:00:00,213.7812,215.9945,211.9450,215.1806,7339500
1749130200,2025-06-05 00:00:00,216.8382,218.6347,212.8085,214.2775,10941600
1749216600,2025-06-06 00:00:00,216.3717,218.5850,215.5876,215.7166,7582100
1749475800,2025-06-09 00:00:00,217.6917,222.7338,217.4932,220.7984,7712000
1749562200,2025-06-10 00:00:00,221.8703,226.3764,221.3244,225.6221,7676200
1749648600,2025-06-11 00:00:00,227.1902,228.0835,222.5948,224.8677,10405600
1749735000,2025-06-12 00:00:00,223.2598,226.2970,222.9224,225.1754,5149200
1749821400,2025-06-13 00:00:00,220.3319,222.9025,218.6545,219.3096,10484600
1750080600,2025-06-16 00:00:00,222.4061,227.3697,222.0579,226.2357,5772500
1750167000,2025-06-17 00:00:00,225.2509,228.4240,224.2861,224.4452,7290000
1750253400,2025-06-18 00:00:00,225.6488,227.9764,223.9081,225.3604,6657600
1750426200,2025-06-20 00:00:00,227.5786,227.8670,220.9837,223.9181,8202300
1750685400,2025-06-23 00:00:00,223.8285,226.6833,220.6852,225.3106,7115100
1750771800,2025-06-24 00:00:00,229.3491,234.1138,229.2397,233.8551,7017500
1750858200,2025-06-25 00:00:00,235.4069,235.9838,233.5567,235.9540,5252500
1750944600,2025-06-26 00:00:00,237.7743,238.3810,235.9241,237.8041,4350100
1751031000,2025-06-27 00:00:00,238.0428,239.9527,235.1184,237.5952,4520500
1751290200,2025-06-30 00:00:00,238.8983,238.8983,236.3021,237.4361,4925300
1751376600,2025-07-01 00:00:00,235.4467,237.9135,232.8405,236.3618,10892900
1751463000,2025-07-02 00:00:00,235.8346,241.8327,235.7451,240.8579,5979000
1751549400,2025-07-03 00:00:00,241.8625,242.9070,241.4149,242.0515,3069400
1751895000,2025-07-07 00:00:00,240.0123,240.8479,236.4911,237.5156,4859200
1751981400,2025-07-08 00:00:00,239.7836,244.1006,238.8386,242.0515,7276200
1752067800,2025-07-09 00:00:00,242.7179,245.2246,240.5992,242.8274,4415300
1752154200,2025-07-10 00:00:00,245.1152,246.2094,242.9766,245.2445,4868500
1752240600,2025-07-11 00:00:00,243.7127,245.7618,242.7677,244.8665,2649600
1752499800,2025-07-14 00:00:00,242.8572,243.4441,239.0774,242.5389,5522600
1752586200,2025-07-15 00:00:00,247.4726,248.6365,244.7969,244.9560,6042100
1752672600,2025-07-16 00:00:00,242.9865,244.3692,237.9533,244.2896,8348900
1752759000,2025-07-17 00:00:00,244.2399,245.8215,242.6185,245.2246,4801100
1752845400,2025-07-18 00:00:00,246.6371,247.0549,243.5834,245.4236,3758500
1753104600,2025-07-21 00:00:00,246.0502,248.8653,245.6424,245.6424,4672600
1753191000,2025-07-22 00:00:00,244.7372,245.1948,239.4156,242.2505,6871000
1753277400,2025-07-23 00:00:00,240.4401,241.1165,237.7942,240.7783,5952600
1753363800,2025-07-24 00:00:00,240.3108,240.8081,238.1920,240.2809,4166800
1753450200,2025-07-25 00:00:00,238.8287,240.3903,237.8339,240.2610,3511400
1753709400,2025-07-28 00:00:00,242.9169,244.6974,242.6185,244.4488,6433000
1753795800,2025-07-29 00:00:00,245.9806,248.2087,243.2054,244.8864,5299700
1753882200,2025-07-30 00:00:00,247.0449,248.1789,244.5681,246.6371,5300500
1753968600,2025-07-31 00:00:00,243.7425,243.9912,236.4016,238.7590,9419300
1754055000,2025-08-01 00:00:00,234.2630,238.3413,231.0998,235.9838,8549000
1754314200,2025-08-04 00:00:00,237.4958,239.5846,236.5110,239.1271,6189500
1754400600,2025-08-05 00:00:00,240.4799,241.1662,234.6310,237.4659,5149700
1754487000,2025-08-06 00:00:00,235.3074,236.2027,232.4327,235.6754,4966500
1754573400,2025-08-07 00:00:00,240.7584,242.0813,237.6251,239.5647,6073400
1754659800,2025-08-08 00:00:00,239.7339,241.8924,239.0177,241.5840,5301300
1754919000,2025-08-11 00:00:00,242.4892,245.2047,240.6689,241.1264,4127900
1755005400,2025-08-12 00:00:00,242.9468,249.0542,241.4249,248.8354,10091500
1755091800,2025-08-13 00:00:00,250.7950,252.7545,249.7107,252.5357,6022400
1755178200,2025-08-14 00:00:00,249.0343,253.7095,248.7260,252.7943,5315700
1755264600,2025-08-15 00:00:00,250.8546,250.9342,246.3088,247.0051,6840100
1755523800,2025-08-18 00:00:00,246.2293,248.0197,246.1696,247.7313,4978200
1755610200,2025-08-19 00:00:00,247.7512,248.7160,243.4242,243.8519,3508000
1755696600,2025-08-20 00:00:00,243.3446,243.3446,235.8446,242.4494,9423100
1755783000,2025-08-21 00:00:00,241.1861,242.8274,239.7239,241.0767,4581100
1755869400,2025-08-22 00:00:00,241.8327,250.6557,241.1563,247.7711,6527700
1756128600,2025-08-25 00:00:00,247.5323,248.3082,245.9607,247.1941,3654200
1756215000,2025-08-26 00:00:00,248.2485,250.2777,248.1888,249.5218,3762000
1756301400,2025-08-27 00:00:00,248.5569,250.3275,247.5025,250.0091,4195400
1756387800,2025-08-28 00:00:00,250.9840,252.9734,249.5715,251.2127,5060200
1756474200,2025-08-29 00:00:00,247.6219,247.6219,242.8771,244.0210,8672600
1756819800,2025-09-02 00:00:00,237.4062,241.6437,236.8890,241.5442,6659200
1756906200,2025-09-03 00:00:00,241.9421,242.1311,237.9633,240.4003,5473300
1756992600,2025-09-04 00:00:00,238.7889,243.2253,237.4858,242.8771,11842200
1757079000,2025-09-05 00:00:00,246.5376,247.1842,242.8373,245.7419,17105500
1757338200,2025-09-08 00:00:00,247.0947,248.5967,246.2492,247.5323,10290500
1757424600,2025-09-09 00:00:00,247.7910,248.3579,245.9209,247.7412,9305200
1757511000,2025-09-10 00:00:00,251.6902,252.8640,250.5264,252.1080,13398400
1757597400,2025-09-11 00:00:00,253.4608,255.1518,253.2718,253.8388,10286200
1757683800,2025-09-12 00:00:00,254.4555,255.0424,252.8142,254.2864,7144200
1757943000,2025-09-15 00:00:00,253.8487,256.4747,253.1823,256.4349,7239200
1758029400,2025-09-16 00:00:00,257.4626,258.2202,255.7581,257.7517,7543300
1758115800,2025-09-17 00:00:00,257.1138,259.9048,254.0137,257.7019,6566900
1758202200,2025-09-18 00:00:00,264.2109,268.1184,263.2939,266.7129,12601600
1758288600,2025-09-19 00:00:00,266.4438,266.5434,262.7556,265.0084,5839100
1758547800,2025-09-22 00:00:00,265.7959,269.7930,265.7261,268.9657,5721400
1758634200,2025-09-23 00:00:00,269.9226,271.2583,267.0518,268.6467,6068300
1758720600,2025-09-24 00:00:00,267.8791,268.8959,264.7592,268.2380,7825500
1758807000,2025-09-25 00:00:00,263.7325,268.0785,260.9614,267.3808,11157800
1758893400,2025-09-26 00:00:00,267.6698,268.5570,264.8887,267.9688,7244300
1759152600,2025-09-29 00:00:00,270.8496,271.9261,268.0087,268.0685,5954900
1759239000,2025-09-30 00:00:00,267.9888,270.5805,266.9023,270.2515,7091800
1759325400,2025-10-01 00:00:00,268.5171,275.8137,268.0187,275.4548,9339600
1759411800,2025-10-02 00:00:00,280.5983,281.6350,278.7143,280.7877,7250000
1759498200,2025-10-03 00:00:00,282.0436,283.4292,277.5880,279.0632,8629100
1759757400,2025-10-06 00:00:00,290.0579,291.5730,287.4264,287.4363,11275000
1759843800,2025-10-07 00:00:00,290.0479,290.5463,280.6282,281.0070,9952000
1759930200,2025-10-08 00:00:00,281.0967,290.9251,280.5784,290.6061,9301700
1760016600,2025-10-09 00:00:00,290.1476,290.6759,286.5492,289.2605,7603500
1760103000,2025-10-10 00:00:00,289.8884,290.6958,270.5904,271.1187,26691200
1760362200,2025-10-13 00:00:00,281.8742,285.0341,279.4420,283.9575,8703400
1760448600,2025-10-14 00:00:00,277.6079,283.8578,276.4715,278.1362,8476000
1760535000,2025-10-15 00:00:00,285.3331,287.0974,280.9372,286.7186,7595200
1760621400,2025-10-16 00:00:00,290.1476,291.3238,285.0241,288.0544,7410400
1760707800,2025-10-17 00:00:00,285.9710,288.7122,282.8112,287.2469,6261500
1760967000,2025-10-20 00:00:00,289.6791,294.0551,289.5695,292.0316,5832300
1761053400,2025-10-21 00:00:00,291.5631,291.7624,288.2936,290.3968,3965200
1761139800,2025-10-22 00:00:00,287.1871,288.9016,277.5680,283.2198,7875300
1761226200,2025-10-23 00:00:00,281.5851,290.9251,281.3459,290.1277,5374800
1761312600,2025-10-24 00:00:00,295.3808,297.2647,294.4937,294.9123,4621200
1761571800,2025-10-27 00:00:00,300.4645,304.0330,299.4477,303.1060,5165000
1761658200,2025-10-28 00:00:00,302.4879,304.9899,301.4114,303.4748,4156400
1761744600,2025-10-29 00:00:00,308.8774,311.7881,305.9867,308.6083,4503100
1761831000,2025-10-30 00:00:00,306.9536,310.1234,304.4018,304.4317,4630700
1761917400,2025-10-31 00:00:00,307.7112,310.3228,303.2854,305.5680,5163900
1762180200,2025-11-03 00:00:00,309.4057,310.7514,306.1462,307.3922,3750800
1762266600,2025-11-04 00:00:00,299.3779,303.7738,294.6033,295.3110,5288800
1762353000,2025-11-05 00:00:00,296.2579,308.1796,295.9390,304.4915,4949400
1762439400,2025-11-06 00:00:00,304.0230,304.9102,294.4039,296.5470,8548300
1762525800,2025-11-07 00:00:00,291.7026,293.5068,282.6816,293.4370,13798600
1762785000,2025-11-10 00:00:00,301.4712,302.3883,297.5837,301.0327,6030800
1762871400,2025-11-11 00:00:00,298.0821,299.0590,293.7460,294.2046,5877900
1762957800,2025-11-12 00:00:00,299.2583,300.7236,296.5470,298.7101,4145000
1763044200,2025-11-13 00:00:00,294.9920,296.1782,285.5325,288.4531,10980600
1763130600,2025-11-14 00:00:00,279.7211,291.8621,278.5150,287.5958,7142000
1763389800,2025-11-17 00:00:00,285.1537,290.5962,279.3423,282.6517,8188700
1763476200,2025-11-18 00:00:00,278.6446,280.5086,273.2120,276.0928,11103100
1763562600,2025-11-19 00:00:00,277.2491,284.2266,275.9333,280.7079,5108100
1763649000,2025-11-20 00:00:00,287.9746,289.0611,266.1448,267.2412,13398300
1763735400,2025-11-21 00:00:00,267.4107,273.8799,259.6058,269.9625,15355900
1763994600,2025-11-24 00:00:00,272.9030,283.1401,272.7435,281.7945,6424800
1764081000,2025-11-25 00:00:00,278.0664,283.4292,271.8863,282.6716,5942800
1764167400,2025-11-26 00:00:00,285.8016,293.1380,285.6919,290.4566,5818300
1764340200,2025-11-28 00:00:00,292.3106,296.0387,290.8952,295.7895,3038000
1764599400,2025-12-01 00:00:00,291.9319,298.4609,291.5930,295.9689,3933000
1764685800,2025-12-02 00:00:00,299.4876,303.8635,297.7332,301.8699,5086900
1764772200,2025-12-03 00:00:00,303.5246,308.5784,300.5043,308.3690,3867100
1764858600,2025-12-04 00:00:00,306.8540,307.2826,303.6144,305.2990,4639700
1764945000,2025-12-05 00:00:00,308.3092,311.8279,307.9404,308.4089,4338100
1765204200,2025-12-08 00:00:00,310.9308,313.0739,308.8774,311.7582,3620900
1765290600,2025-12-09 00:00:00,309.7845,311.8479,308.4488,311.1800,2775300
1765377000,2025-12-10 00:00:00,311.0106,316.3335,309.5652,315.3167,5093800
1765463400,2025-12-11 00:00:00,311.7980,313.7717,304.8105,313.5125,6504700
1765549800,2025-12-12 00:00:00,309.8044,310.6019,297.0056,298.5207,13813600
1765809000,2025-12-15 00:00:00,301.6307,302.5278,296.2779,297.0554,5241800
1765895400,2025-12-16 00:00:00,296.1929,298.3991,292.5692,295.6838,5850400
1765981800,2025-12-17 00:00:00,296.8019,297.6604,283.9343,284.7329,10422000
1766068200,2025-12-18 00:00:00,295.2046,296.4425,290.3331,291.5311,6740400
1766154600,2025-12-19 00:00:00,294.1565,301.1642,293.9868,299.2875,5075000
1766413800,2025-12-22 00:00:00,306.1955,306.4051,302.0227,303.3105,4019000
1766500200,2025-12-23 00:00:00,301.6833,304.5883,300.8448,304.4285,2708600
1766586600,2025-12-24 00:00:00,304.4685,305.9659,304.1790,305.6065,1723200
1766759400,2025-12-26 00:00:00,306.8643,307.0040,304.7580,305.5067,1860900
1767018600,2025-12-29 00:00:00,302.8413,305.9259,301.3639,304.7879,3620700
1767105000,2025-12-30 00:00:00,305.5466,306.9442,304.1690,304.3886,2984800
1767191400,2025-12-31 00:00:00,305.1073,305.5865,300.5852,300.6252,2954200
1767364200,2026-01-02 00:00:00,308.0222,315.2596,308.0222,313.1433,8491300
1767623400,2026-01-05 00:00:00,320.1411,322.0777,316.3278,317.5057,7923200
1767709800,2026-01-06 00:00:00,321.5087,328.5764,321.4388,327.7778,7579900
1767796200,2026-01-07 00:00:00,324.4835,325.3819,321.5486,324.3238,4528500
1767882600,2026-01-08 00:00:00,323.6250,323.6250,315.8486,319.0230,5408300
1767969000,2026-01-09 00:00:00,322.2374,330.0938,320.5504,328.2070,7323100
1768228200,2026-01-12 00:00:00,325.1324,330.8025,324.9627,329.7743,5159600
1768314600,2026-01-13 00:00:00,332.2699,335.8337,331.3116,332.7191,3835900
1768401000,2026-01-14 00:00:00,330.4531,331.4114,326.6098,331.3216,5468900
1768487400,2026-01-15 00:00:00,342.5021,343.9495,336.6323,336.6323,6531500
1768573800,2026-01-16 00:00:00,342.9113,344.8080,339.6271,341.8731,5127300
1768919400,2026-01-20 00:00:00,335.6141,342.5919,335.3745,336.7621,6232600
1769005800,2026-01-21 00:00:00,341.2443,350.7177,339.7069,347.5333,7204200
1769092200,2026-01-22 00:00:00,353.7424,353.9820,346.7646,348.0624,4662000
1769178600,2026-01-23 00:00:00,345.7863,347.4235,341.5737,344.1093,4335900
1769437800,2026-01-26 00:00:00,342.6917,344.8979,340.5355,342.4721,4458700
1769524200,2026-01-27 00:00:00,347.5533,352.5845,346.0459,350.4682,5293600
1769610600,2026-01-28 00:00:00,357.9052,361.4091,356.0983,359.8318,5364000
1769697000,2026-01-29 00:00:00,360.5506,363.1660,347.1140,360.5007,8446200
1769783400,2026-01-30 00:00:00,355.3796,359.5623,343.1110,345.6965,8719100
1770042600,2026-02-02 00:00:00,341.7734,355.4894,341.3042,352.0754,7758000
1770129000,2026-02-03 00:00:00,355.2897,356.4976,337.5008,345.0376,8371200
1770215400,2026-02-04 00:00:00,341.5837,344.7881,322.7665,329.8042,15231400
1770301800,2026-02-05 00:00:00,325.9709,334.8853,323.4753,330.2534,10406500
1770388200,2026-02-06 00:00:00,336.8120,348.9508,335.2847,347.9027,9096100
1770647400,2026-02-09 00:00:00,344.2390,354.1218,343.2807,352.1552,7091400
1770733800,2026-02-10 00:00:00,352.9039,354.4213,347.5133,350.8175,6252400
1770820200,2026-02-11 00:00:00,358.1947,361.6487,350.7876,359.5723,7497000
1770906600,2026-02-12 00:00:00,362.8266,364.7432,350.4382,350.8874,9488000
1770993000,2026-02-13 00:00:00,352.1851,356.9867,348.0723,354.0419,5963000
1771338600,2026-02-17 00:00:00,349.2004,356.4777,344.7182,353.4829,4068900
1771425000,2026-02-18 00:00:00,355.1999,361.0397,352.9838,357.2963,5681200
1771511400,2026-02-19 00:00:00,353.5628,355.6991,351.1570,355.2199,5576400
1771597800,2026-02-20 00:00:00,352.9738,360.7003,352.1851,358.8036,6013600
1771857000,2026-02-23 00:00:00,356.9469,359.7520,352.2351,356.1982,6339800
1771943400,2026-02-24 00:00:00,360.9698,364.1043,357.4160,361.4091,6206000
1772029800,2026-02-25 00:00:00,365.5618,368.1773,364.8730,367.3587,4539900
1772116200,2026-02-26 00:00:00,365.7415,365.8413,349.7993,356.1782,13329100
1772202600,2026-02-27 00:00:00,348.9907,353.4130,347.7329,351.6761,6250200
1772461800,2026-03-02 00:00:00,343.1909,351.7160,342.7417,351.4365,7284000
1772548200,2026-03-03 00:00:00,337.5008,338.7187,330.3134,334.1966,17946100
1772634600,2026-03-04 00:00:00,339.3675,343.2108,336.2031,340.9448,10649900
1772721000,2026-03-05 00:00:00,338.3094,343.1210,329.9939,337.1714,7239300
1772807400,2026-03-06 00:00:00,327.8277,334.4561,320.9297,322.9462,8733700
1773063000,2026-03-09 00:00:00,317.7553,336.5824,315.6689,335.7838,9824600
1773149400,2026-03-10 00:00:00,335.7239,344.9577,335.7239,338.2195,7471000
1773235800,2026-03-11 00:00:00,339.9066,344.7980,339.8567,341.4938,6215100
1773322200,2026-03-12 00:00:00,336.7521,336.9617,328.0673,329.6146,8008100
1773408600,2026-03-13 00:00:00,333.2982,337.8103,329.2153,330.7426,6450800
1773667800,2026-03-16 00:00:00,338.2994,341.4439,335.7339,337.2412,8018200
1773754200,2026-03-17 00:00:00,340.1760,340.7753,336.4102,339.8663,4472100
1773840600,2026-03-18 00:00:00,340.1460,343.0527,337.9085,337.9085,6363900
1773927000,2026-03-19 00:00:00,328.3892,342.3834,326.3915,339.8163,8292100
1774013400,2026-03-20 00:00:00,339.3269,340.8652,327.5702,332.1350,9441300
1774272600,2026-03-23 00:00:00,339.7365,344.5410,334.7421,336.2104,8151000
1774359000,2026-03-24 00:00:00,333.4136,342.8330,333.2438,340.6354,5287500
1774445400,2026-03-25 00:00:00,343.7819,347.2879,341.7542,344.8607,5869000
1774531800,2026-03-26 00:00:00,339.0672,339.5067,328.1495,328.4792,10172400
1774618200,2026-03-27 00:00:00,326.4714,329.5779,321.7967,323.1152,6334800
1774877400,2026-03-30 00:00:00,326.3815,327.2605,306.9135,309.4406,13204800
1774963800,2026-03-31 00:00:00,315.2441,328.8088,314.5249,328.2894,14036500
1775050200,2026-04-01 00:00:00,333.1139,342.2636,331.9752,338.1582,10130800
1775136600,2026-04-02 00:00:00,324.7434,340.0062,324.6635,339.2270,6521000
1775482200,2026-04-06 00:00:00,341.1349,345.3801,339.5367,343.7120,3105000
1775568600,2026-04-07 00:00:00,342.6532,347.5476,338.0883,347.3678,4026000
1775655000,2026-04-08 00:00:00,367.4752,370.7315,361.7216,369.9823,9868700
1775741400,2026-04-09 00:00:00,370.8813,378.5226,370.8813,378.2030,6036700
1775827800,2026-04-10 00:00:00,382.2385,389.1606,382.2385,386.1640,5596900
1776087000,2026-04-13 00:00:00,384.4460,393.1262,383.9365,392.8964,4377400
1776173400,2026-04-14 00:00:00,397.3913,400.9873,393.0662,400.7875,5202600
1776259800,2026-04-15 00:00:00,399.8586,401.6366,391.9475,401.4068,5570200
1776346200,2026-04-16 00:00:00,400.1482,407.0205,397.5412,405.4922,4400500
1776432600,2026-04-17 00:00:00,412.9139,415.2612,409.1181,415.2412,5729100
1776691800,2026-04-20 00:00:00,416.9592,418.3876,411.3256,417.0791,3493500
1776778200,2026-04-21 00:00:00,419.9259,422.8726,416.2001,420.2256,3676800
1776864600,2026-04-22 00:00:00,426.7782,431.6727,422.3432,431.2831,6557600
1776951000,2026-04-23 00:00:00,434.8491,446.1363,433.5505,440.5027,10812400
1777037400,2026-04-24 00:00:00,457.0740,463.3469,450.4615,461.0795,9072000
1777296600,2026-04-27 00:00:00,461.2293,462.4779,448.4238,454.8965,8924600
1777383000,2026-04-28 00:00:00,437.1365,445.6369,431.2531,438.2152,11014900
1777469400,2026-04-29 00:00:00,444.7579,449.8621,441.9111,449.4825,5972800
1777555800,2026-04-30 00:00:00,455.1861,461.6188,448.8333,460.9196,5170200
1777642200,2026-05-01 00:00:00,457.9530,466.3835,454.5568,465.2248,4155900
1777901400,2026-05-04 00:00:00,467.4023,469.0804,457.2937,461.5389,5233100
1777987800,2026-05-05 00:00:00,470.6087,485.6317,469.6997,482.1856,7203000
1778074200,2026-05-06 00:00:00,497.3984,506.3683,487.3098,506.2984,9768600
1778160600,2026-05-07 00:00:00,502.3628,503.1120,487.5795,491.8047,9913700
1778247000,2026-05-08 00:00:00,503.6714,519.8731,502.1831,519.7133,7754500
1778506200,2026-05-11 00:00:00,523.4890,533.1381,521.0717,532.1592,7492600
1778592600,2026-05-12 00:00:00,520.2626,524.5578,495.1510,515.4081,14660600
1778679000,2026-05-13 00:00:00,527.0250,531.6498,515.3582,527.6943,7346400
1778765400,2026-05-14 00:00:00,525.9063,532.5288,521.6211,529.4323,5212400
1778851800,2026-05-15 00:00:00,511.0930,518.2049,505.6891,507.9465,9388200
1779111000,2026-05-18 00:00:00,517.4358,519.3737,486.3709,495.3108,9999000
1779197400,2026-05-19 00:00:00,483.8537,505.4693,477.4110,496.1798,12217000
1779283800,2026-05-20 00:00:00,507.1575,519.9530,505.9788,519.7233,9457600
1779370200,2026-05-21 00:00:00,517.5856,526.1860,514.4192,524.1183,6749900
1779456600,2026-05-22 00:00:00,531.2802,541.2789,529.5721,536.7241,7671100
1779802200,2026-05-26 00:00:00,556.3619,572.3039,554.7836,569.4471,8926200
1779888600,2026-05-27 00:00:00,583.7210,583.8409,551.2677,563.3440,11412400
1779975000,2026-05-28 00:00:00,563.6836,575.1506,554.2043,568.8278,6763900
1780061400,2026-05-29 00:00:00,575.7900,581.5734,563.9633,568.4383,7323900
1780320600,2026-06-01 00:00:00,563.0343,577.3381,556.7514,571.2850,6999500
1780407000,2026-06-02 00:00:00,584.5101,604.7572,581.2737,604.3377,7475400
1780493400,2026-06-03 00:00:00,615.5151,618.1421,597.3356,614.9857,8564700
1780579800,2026-06-04 00:00:00,586.9773,610.5707,576.8887,602.0403,11445300
1780666200,2026-06-05 00:00:00,577.2083,579.8454,538.9615,539.1613,22377300
1780925400,2026-06-08 00:00:00,569.1275,580.7244,560.1576,570.8056,12843000
1781011800,2026-06-09 00:00:00,584.7898,587.9162,521.6510,561.5060,24548100
1781098200,2026-06-10 00:00:00,551.0379,571.8644,538.7718,540.8994,16672200
1781184600,2026-06-11 00:00:00,554.7937,587.3369,554.1844,586.2681,12295400
1781271000,2026-06-12 00:00:00,583.4513,602.0103,577.8776,595.5776,9928200
1781530200,2026-06-15 00:00:00,622.2032,629.3085,618.0459,628.0394,8170800
1781616600,2026-06-16 00:00:00,623.4324,629.2286,590.2441,590.8537,11204900
1781703000,2026-06-17 00:00:00,611.1604,621.5836,598.5587,599.3381,8948400
1781789400,2026-06-18 00:00:00,626.1107,644.0090,625.7409,639.0322,9666000
1782135000,2026-06-22 00:00:00,653.5327,655.5214,643.5093,654.5820,7782700
1782221400,2026-06-23 00:00:00,607.2430,619.5350,597.7992,602.9958,12712200
1782307800,2026-06-24 00:00:00,605.7939,609.2916,586.2767,601.1070,9230700
1782394200,2026-06-25 00:00:00,636.9136,638.0528,598.4387,624.7915,12713200
1782480600,2026-06-26 00:00:00,601.0471,605.4942,588.1255,589.5546,11017500
1782739800,2026-06-29 00:00:00,593.3221,614.9479,571.2265,613.9485,11036800
1782826200,2026-06-30 00:00:00,615.7475,644.5186,615.7475,640.3414,10112600
1782912600,2026-07-01 00:00:00,616.4170,622.4830,597.4893,599.3082,9983000
1782999000,2026-07-02 00:00:00,600.8472,607.7127,554.5474,565.9500,16092600
1783344600,2026-07-06 00:00:00,582.7690,597.6093,580.1007,581.1301,8419400
1783431000,2026-07-07 00:00:00,551.5694,557.6954,535.7697,551.3295,12285700
1783517400,2026-07-08 00:00:00,544.3041,564.1311,543.5146,561.6628,7195400
1783603800,2026-07-09 00:00:00,589.1148,594.6012,578.7616,581.3199,10026200
1783690200,2026-07-10 00:00:00,571.6163,585.4072,566.2997,580.9602,5861000
1783949400,2026-07-13 00:00:00,563.2118,566.2798,549.9005,553.2483,8307000
1784035800,2026-07-14 00:00:00,580.1307,580.2906,559.8739,567.5489,7372300
1784122200,2026-07-15 00:00:00,574.7442,575.5037,538.1782,554.9072,10199600
1784208600,2026-07-16 00:00:00,538.6978,545.1935,525.0867,530.1534,10343300
1784295000,2026-07-17 00:00:00,508.2177,532.8416,498.2143,521.4691,15576800
1784554200,2026-07-20 00:00:00,533.6511,539.1874,522.4984,523.7975,6533100
1784640600,2026-07-21 00:00:00,548.7412,554.7972,539.7971,552.3289,10079700
1784727000,2026-07-22 00:00:00,538.3980,560.8133,538.3680,555.1570,6268400
1784813400,2026-07-23 00:00:00,545.1436,557.7254,543.4347,550.8798,6689500
1784899800,2026-07-24 00:00:00,544.0043,547.6419,521.8688,526.6656,10952000
1785159000,2026-07-27 00:00:00,532.2920,533.9609,499.6733,515.8927,13472800
1785245400,2026-07-28 00:00:00,496.4154,498.1543,480.1861,491.1389,14904200
1785331800,2026-07-29 00:00:00,488.3307,495.7359,463.7768,464.6962,18817200
1785418200,2026-07-30 00:00:00,491.2488,509.6468,487.6912,504.2003,17477800
1785504600,2026-07-31 00:00:00,526.7556,532.3219,500.9724,504.5601,13113700
1785763800,2026-08-03 00:00:00,491.5986,510.6161,485.3926,507.3483,10302000
1785850200,2026-08-04 00:00:00,528.9642,545.0337,526.2260,541.8558,10898600
1785936600,2026-08-05 00:00:00,536.0496,547.2122,528.5345,530.3533,9649300
1786023000,2026-08-06 00:00:00,522.3185,542.2055,516.0725,532.1721,7654700
1786109400,2026-08-07 00:00:00,544.8438,547.5420,530.9229,542.9150,5262600
1786368600,2026-08-10 00:00:00,545.4933,546.8624,529.0441,529.0441,8763500
1786455000,2026-08-11 00:00:00,537.5585,538.6978,529.7536,533.8510,7176100
1786541400,2026-08-12 00:00:00,553.0384,553.7479,546.1129,546.2528,7723600
1786627800,2026-08-13 00:00:00,546.7825,561.8826,546.0430,550.3801,5940700
1786714200,2026-08-14 00:00:00,549.2209,552.5288,542.5753,550.0604,4309800
1786973400,2026-08-17 00:00:00,557.5555,565.6502,555.4769,558.7547,5745000
1787059800,2026-08-18 00:00:00,537.0688,541.3460,522.6883,531.0428,9993900
1787146200,2026-08-19 00:00:00,535.9096,537.6485,514.1538,519.3304,8413800
1787232600,2026-08-20 00:00:00,518.0413,525.0867,514.9233,522.0087,6269000
1787319000,2026-08-21 00:00:00,527.8049,528.6444,514.3237,519.7102,6255600
1787578200,2026-08-24 00:00:00,511.6355,511.7754,498.6040,505.8493,7828600
1787664600,2026-08-25 00:00:00,515.5729,519.7602,509.3270,513.7241,6445900
1787751000,2026-08-26 00:00:00,511.7555,516.0526,508.9273,515.0633,4322200
1787837400,2026-08-27 00:00:00,525.7163,527.4352,516.6622,525.0867,9046000
1787923800,2026-08-28 00:00:00,520.8595,522.3085,506.4888,508.2877,8468500
1788183000,2026-08-31 00:00:00,509.4869,513.9940,506.6987,510.7061,6241500
1788269400,2026-09-01 00:00:00,501.1024,504.3902,494.7665,499.9831,8049500
1788355800,2026-09-02 00:00:00,497.8545,503.6907,492.9877,501.1124,5804100
1788442200,2026-09-03 00:00:00,496.3155,502.9912,488.8904,501.8719,6445600
1788528600,2026-09-04 00:00:00,508.9772,520.2199,506.9186,519.5203,9234000
1788874200,2026-09-08 00:00:00,530.1534,533.9309,525.1466,528.0547,8833100
1788960600,2026-09-09 00:00:00,524.5071,535.1301,524.5071,531.6524,6427500
1789047000,2026-09-10 00:00:00,517.9814,522.1586,513.9740,517.0919,6651700
1789133400,2026-09-11 00:00:00,524.8968,530.6930,520.7895,526.7256,5663000
1789392600,2026-09-14 00:00:00,496.8452,502.8512,494.8265,497.0750,11265500
1789479000,2026-09-15 00:00:00,502.5500,504.7400,496.5800,498.8500,6014200
1789565400,2026-09-16 00:00:00,507.5000,510.2950,496.8200,502.0600,8330247
