time,datetime_kst,open,high,low,close,volume
1474896600,2016-09-26 00:00:00,2.4810,2.4899,2.4496,2.4618,81883200
1474983000,2016-09-27 00:00:00,2.4590,2.5362,2.4496,2.5316,82900800
1475069400,2016-09-28 00:00:00,2.5407,2.5500,2.5069,2.5455,75696000
1475155800,2016-09-29 00:00:00,2.5346,2.5470,2.4581,2.4915,114830400
1475242200,2016-09-30 00:00:00,2.5144,2.5680,2.5020,2.5427,79987200
1475501400,2016-10-03 00:00:00,2.5340,2.5445,2.5043,2.5370,81758400
1475587800,2016-10-04 00:00:00,2.5549,2.5735,2.4948,2.5225,112204800
1475674200,2016-10-05 00:00:00,2.5455,2.5735,2.5419,2.5488,68856000
1475760600,2016-10-06 00:00:00,2.5393,2.5613,2.5087,2.5449,74529600
1475847000,2016-10-07 00:00:00,2.5530,2.5625,2.4919,2.5283,90561600
1476106200,2016-10-10 00:00:00,2.5656,2.5937,2.5642,2.5735,59889600
1476192600,2016-10-11 00:00:00,2.5682,2.5714,2.4331,2.4672,129643200
1476279000,2016-10-12 00:00:00,2.4697,2.4849,2.4369,2.4620,82056000
1476365400,2016-10-13 00:00:00,2.4106,2.4531,2.3663,2.4331,104428800
1476451800,2016-10-14 00:00:00,2.4660,2.4978,2.4365,2.4387,81811200
1476711000,2016-10-17 00:00:00,2.4381,2.4507,2.4122,2.4219,55862400
1476797400,2016-10-18 00:00:00,2.5063,2.5197,2.4816,2.4840,76968000
1476883800,2016-10-19 00:00:00,2.4794,2.4948,2.4715,2.4849,47054400
1476970200,2016-10-20 00:00:00,2.4735,2.4919,2.4325,2.4745,69950400
1477056600,2016-10-21 00:00:00,2.4798,2.5071,2.4565,2.5014,58632000
1477315800,2016-10-24 00:00:00,2.5520,2.5977,2.5500,2.5925,68649600
1477402200,2016-10-25 00:00:00,2.5949,2.5986,2.5565,2.5666,59712000
1477488600,2016-10-26 00:00:00,2.5172,2.5579,2.4934,2.5174,95308800
1477575000,2016-10-27 00:00:00,2.5482,2.5544,2.4709,2.4822,103041600
1477661400,2016-10-28 00:00:00,2.4586,2.4982,2.4124,2.4393,142958400
1477920600,2016-10-31 00:00:00,2.4630,2.4630,2.4242,2.4254,56904000
1478007000,2016-11-01 00:00:00,2.4411,2.4411,2.3100,2.3756,101923200
1478093400,2016-11-02 00:00:00,2.3677,2.3837,2.2979,2.3137,81763200
1478179800,2016-11-03 00:00:00,2.3042,2.3260,2.2386,2.2471,87014400
1478266200,2016-11-04 00:00:00,2.2263,2.2753,2.2103,2.2216,84921600
1478529000,2016-11-07 00:00:00,2.3291,2.3883,2.3200,2.3807,100963200
1478615400,2016-11-08 00:00:00,2.3728,2.4594,2.3570,2.4274,110587200
1478701800,2016-11-09 00:00:00,2.3414,2.4723,2.3347,2.4614,183292800
1478788200,2016-11-10 00:00:00,2.4913,2.5053,2.2437,2.3444,247968000
1478874600,2016-11-11 00:00:00,2.3082,2.3594,2.2858,2.3424,113563200
1479133800,2016-11-14 00:00:00,2.3467,2.3519,2.2376,2.2633,177552000
1479220200,2016-11-15 00:00:00,2.3206,2.3896,2.3141,2.3681,105571200
1479306600,2016-11-16 00:00:00,2.3323,2.4142,2.3323,2.4066,86337600
1479393000,2016-11-17 00:00:00,2.4051,2.4624,2.3900,2.4624,75537600
1479479400,2016-11-18 00:00:00,2.4670,2.4830,2.4272,2.4347,63057600
1479738600,2016-11-21 00:00:00,2.4501,2.5156,2.4492,2.5079,83625600
1479825000,2016-11-22 00:00:00,2.5383,2.5508,2.5128,2.5304,76680000
1479911400,2016-11-23 00:00:00,2.5061,2.5146,2.4677,2.5000,73824000
1480084200,2016-11-25 00:00:00,2.5118,2.5279,2.5016,2.5241,38280000
1480343400,2016-11-28 00:00:00,2.5126,2.5429,2.4998,2.5101,71467200
1480429800,2016-11-29 00:00:00,2.5122,2.5690,2.4938,2.5342,74582400
1480516200,2016-11-30 00:00:00,2.5393,2.5455,2.4387,2.4521,151296000
1480602600,2016-12-01 00:00:00,2.4397,2.4399,2.3030,2.3175,186384000
1480689000,2016-12-02 00:00:00,2.3196,2.3562,2.2991,2.3268,102984000
1480948200,2016-12-05 00:00:00,2.3643,2.4100,2.3317,2.3805,89942400
1481034600,2016-12-06 00:00:00,2.3989,2.4114,2.3697,2.3977,69254400
1481121000,2016-12-07 00:00:00,2.3837,2.4986,2.3629,2.4867,148867200
1481207400,2016-12-08 00:00:00,2.4931,2.5221,2.4786,2.5020,113016000
1481293800,2016-12-09 00:00:00,2.5302,2.5648,2.5302,2.5605,102672000
1481553000,2016-12-12 00:00:00,2.5255,2.5417,2.4958,2.5249,95150400
1481639400,2016-12-13 00:00:00,2.5524,2.6641,2.5488,2.6236,169195200
1481725800,2016-12-14 00:00:00,2.6287,2.6572,2.5820,2.6044,142377600
1481812200,2016-12-15 00:00:00,2.6115,2.6635,2.5975,2.6202,106425600
1481898600,2016-12-16 00:00:00,2.6325,2.6495,2.5739,2.5884,114753600
1482157800,2016-12-19 00:00:00,2.5992,2.6675,2.5876,2.6200,83572800
1482244200,2016-12-20 00:00:00,2.6406,2.6645,2.6358,2.6516,62784000
1482330600,2016-12-21 00:00:00,2.6526,2.6580,2.6257,2.6423,48288000
1482417000,2016-12-22 00:00:00,2.6435,2.6471,2.5911,2.6194,65520000
1482503400,2016-12-23 00:00:00,2.6087,2.6287,2.6002,2.6275,32251200
1482849000,2016-12-27 00:00:00,2.6418,2.7116,2.6390,2.6659,75643200
1482935400,2016-12-28 00:00:00,2.6821,2.6906,2.5984,2.6042,91339200
1483021800,2016-12-29 00:00:00,2.6028,2.6192,2.5682,2.5915,85728000
1483108200,2016-12-30 00:00:00,2.6064,2.6079,2.4915,2.5158,105384000
1483453800,2017-01-03 00:00:00,2.5629,2.6079,2.5383,2.5767,97646400
1483540200,2017-01-04 00:00:00,2.5886,2.6350,2.5852,2.6206,66513600
1483626600,2017-01-05 00:00:00,2.6184,2.6704,2.6160,2.6671,61372800
1483713000,2017-01-06 00:00:00,2.6720,2.7556,2.6516,2.7347,95798400
1483972200,2017-01-09 00:00:00,2.7414,2.7762,2.7359,2.7624,66172800
1484058600,2017-01-10 00:00:00,2.7612,2.8043,2.7467,2.7782,66336000
1484145000,2017-01-11 00:00:00,2.7802,2.8015,2.7394,2.7995,94104000
1484231400,2017-01-12 00:00:00,2.7719,2.7936,2.7102,2.7853,80517600
1484317800,2017-01-13 00:00:00,2.7944,2.8308,2.7936,2.8173,58612800
1484663400,2017-01-17 00:00:00,2.7920,2.8078,2.7667,2.7908,55531200
1484749800,2017-01-18 00:00:00,2.8039,2.8154,2.7814,2.8098,49329600
1484836200,2017-01-19 00:00:00,2.8177,2.8490,2.7865,2.8023,59731200
1484922600,2017-01-20 00:00:00,2.8395,2.8612,2.7999,2.8205,56846400
1485181800,2017-01-23 00:00:00,2.8118,2.8395,2.7750,2.8268,55250400
1485268200,2017-01-24 00:00:00,2.8423,2.8980,2.8304,2.8858,51691200
1485354600,2017-01-25 00:00:00,2.9380,2.9743,2.9316,2.9700,56148000
1485441000,2017-01-26 00:00:00,2.9834,3.0000,2.9664,2.9823,50856000
1485527400,2017-01-27 00:00:00,2.9977,3.0064,2.9692,2.9965,33249600
1485786600,2017-01-30 00:00:00,2.9649,2.9664,2.8782,2.9285,75043200
1485873000,2017-01-31 00:00:00,2.8984,2.9123,2.8589,2.9123,59616000
1485959400,2017-02-01 00:00:00,2.9692,2.9866,2.9297,2.9676,72511200
1486045800,2017-02-02 00:00:00,2.9526,2.9878,2.9281,2.9601,57895200
1486132200,2017-02-03 00:00:00,2.9720,2.9957,2.9629,2.9858,48192000
1486391400,2017-02-06 00:00:00,2.9712,2.9985,2.9633,2.9969,41707200
1486477800,2017-02-07 00:00:00,3.0127,3.0487,3.0080,3.0277,46634400
1486564200,2017-02-08 00:00:00,3.0171,3.0566,3.0004,3.0447,36967200
1486650600,2017-02-09 00:00:00,3.0530,3.0977,3.0483,3.0764,51525600
1486737000,2017-02-10 00:00:00,3.0977,3.1203,3.0819,3.1068,47872800
1486996200,2017-02-13 00:00:00,3.1361,3.1729,3.1313,3.1614,42988800
1487082600,2017-02-14 00:00:00,3.1634,3.1922,3.1337,3.1911,62664000
1487169000,2017-02-15 00:00:00,3.1871,3.2524,3.1796,3.2460,73564800
1487255400,2017-02-16 00:00:00,3.2539,3.2733,3.2199,3.2433,63950400
1487341800,2017-02-17 00:00:00,3.2298,3.2864,3.2278,3.2840,51607200
1487687400,2017-02-21 00:00:00,3.3069,3.3409,3.2994,3.3362,66729600
1487773800,2017-02-22 00:00:00,3.3259,3.3449,3.3085,3.3366,43056000
1487860200,2017-02-23 00:00:00,3.3512,3.3516,3.2595,3.3006,62676000
1487946600,2017-02-24 00:00:00,3.2532,3.3184,3.2508,3.3184,50731200
1488205800,2017-02-27 00:00:00,3.3010,3.3303,3.2828,3.3283,52437600
1488292200,2017-02-28 00:00:00,3.3287,3.3319,3.2721,3.3022,41904000
1488378600,2017-03-01 00:00:00,3.3599,3.4248,3.3441,3.4090,63254400
1488465000,2017-03-02 00:00:00,3.4074,3.4074,3.3441,3.3552,42919200
1488551400,2017-03-03 00:00:00,3.3473,3.3773,3.3216,3.3726,34646400
1488810600,2017-03-06 00:00:00,3.3362,3.3678,3.3105,3.3493,38774400
1488897000,2017-03-07 00:00:00,3.3279,3.3773,3.3168,3.3326,35428800
1488983400,2017-03-08 00:00:00,3.3409,3.3821,3.3295,3.3496,38652000
1489069800,2017-03-09 00:00:00,3.3489,3.3722,3.3050,3.3599,44172000
1489156200,2017-03-10 00:00:00,3.4030,3.4153,3.3580,3.3967,51456000
1489411800,2017-03-13 00:00:00,3.3935,3.4196,3.3904,3.4165,33883200
1489498200,2017-03-14 00:00:00,3.3931,3.3983,3.3504,3.3912,53020800
1489584600,2017-03-15 00:00:00,3.4145,3.4770,3.3793,3.4505,63813600
1489671000,2017-03-16 00:00:00,3.4742,3.4742,3.4236,3.4485,38875200
1489757400,2017-03-17 00:00:00,3.4564,3.4703,3.4382,3.4402,35320800
1490016600,2017-03-20 00:00:00,3.4402,3.4750,3.4248,3.4505,36696000
1490103000,2017-03-21 00:00:00,3.4889,3.4999,3.2887,3.2967,93568800
1490189400,2017-03-22 00:00:00,3.2986,3.3706,3.2832,3.3615,71373600
1490275800,2017-03-23 00:00:00,3.3493,3.3757,3.3188,3.3346,59064000
1490362200,2017-03-24 00:00:00,3.3663,3.4054,3.3172,3.3528,51686400
1490621400,2017-03-27 00:00:00,3.2844,3.3880,3.2599,3.3706,75259200
1490707800,2017-03-28 00:00:00,3.3702,3.4631,3.3493,3.4339,84000000
1490794200,2017-03-29 00:00:00,3.4370,3.4841,3.4291,3.4794,48170400
1490880600,2017-03-30 00:00:00,3.4782,3.5082,3.4667,3.4968,52927200
1490967000,2017-03-31 00:00:00,3.4813,3.5165,3.4699,3.4885,54146400
1491226200,2017-04-03 00:00:00,3.4987,3.5229,3.4256,3.4809,64521600
1491312600,2017-04-04 00:00:00,3.4505,3.4995,3.4481,3.4968,32424000
1491399000,2017-04-05 00:00:00,3.5138,3.5743,3.4363,3.4568,73360800
1491485400,2017-04-06 00:00:00,3.4687,3.4885,3.4347,3.4596,61651200
1491571800,2017-04-07 00:00:00,3.4572,3.4869,3.4181,3.4556,41575200
1491831000,2017-04-10 00:00:00,3.4675,3.5011,3.4299,3.4596,48376800
1491917400,2017-04-11 00:00:00,3.4461,3.4635,3.3390,3.4161,85346400
1492003800,2017-04-12 00:00:00,3.4121,3.4192,3.3607,3.3710,68095200
1492090200,2017-04-13 00:00:00,3.3576,3.4157,3.3291,3.3311,61370400
1492435800,2017-04-17 00:00:00,3.3591,3.4145,3.3552,3.4102,36333600
1492522200,2017-04-18 00:00:00,3.3785,3.4280,3.3722,3.4003,50755200
1492608600,2017-04-19 00:00:00,3.4394,3.4730,3.3979,3.4121,57568800
1492695000,2017-04-20 00:00:00,3.4537,3.5197,3.4378,3.4948,82492800
1492781400,2017-04-21 00:00:00,3.5063,3.5106,3.4691,3.4932,54026400
1493040600,2017-04-24 00:00:00,3.6087,3.6304,3.5933,3.6201,60072000
1493127000,2017-04-25 00:00:00,3.6561,3.7186,3.6478,3.7004,64113600
1493213400,2017-04-26 00:00:00,3.7040,3.7305,3.6763,3.6842,87660000
1493299800,2017-04-27 00:00:00,3.7119,3.7491,3.7028,3.7487,57676800
1493386200,2017-04-28 00:00:00,3.7942,3.7985,3.7511,3.7700,68500800
1493645400,2017-05-01 00:00:00,3.8048,3.8843,3.8001,3.8649,64634400
1493731800,2017-05-02 00:00:00,3.8839,3.8934,3.8543,3.8879,60412800
1493818200,2017-05-03 00:00:00,3.8642,3.8646,3.8183,3.8495,73586400
1493904600,2017-05-04 00:00:00,3.8515,3.8693,3.8139,3.8535,72607200
1493991000,2017-05-05 00:00:00,3.8812,3.8954,3.8396,3.8954,54506400
1494250200,2017-05-08 00:00:00,3.9013,3.9203,3.8776,3.9187,61267200
1494336600,2017-05-09 00:00:00,3.9373,3.9875,3.9286,3.9618,75717600
1494423000,2017-05-10 00:00:00,3.9662,3.9717,3.9262,3.9682,56193600
1494509400,2017-05-11 00:00:00,3.9361,3.9607,3.8808,3.9587,62433600
1494595800,2017-05-12 00:00:00,3.9638,3.9868,3.9535,3.9844,58538400
1494855000,2017-05-15 00:00:00,3.9883,4.0283,3.9781,4.0216,69340800
1494941400,2017-05-16 00:00:00,4.0500,4.0726,4.0176,4.0722,77066400
1495027800,2017-05-17 00:00:00,3.9765,3.9974,3.7590,3.7641,140236800
1495114200,2017-05-18 00:00:00,3.7586,3.8966,3.7424,3.8594,120384000
1495200600,2017-05-19 00:00:00,3.8970,3.9563,3.8938,3.9061,72844800
1495459800,2017-05-22 00:00:00,3.9334,4.0121,3.9290,4.0073,65354400
1495546200,2017-05-23 00:00:00,4.0401,4.0417,3.9871,4.0172,68858400
1495632600,2017-05-24 00:00:00,4.0508,4.0773,4.0192,4.0726,64941600
1495719000,2017-05-25 00:00:00,4.1173,4.2062,4.0916,4.1797,87504000
1495805400,2017-05-26 00:00:00,4.1766,4.2019,4.1608,4.1975,54856800
1496151000,2017-05-30 00:00:00,4.1873,4.2217,4.1829,4.2062,55192800
1496237400,2017-05-31 00:00:00,4.2446,4.2537,4.1370,4.2011,96902400
1496323800,2017-06-01 00:00:00,4.2260,4.2549,4.1742,4.2513,74092800
1496410200,2017-06-02 00:00:00,4.2932,4.3996,4.2747,4.3965,83244000
1496669400,2017-06-05 00:00:00,4.3929,4.4158,4.3743,4.3929,51477600
1496755800,2017-06-06 00:00:00,4.3771,4.4198,4.3209,4.3431,77733600
1496842200,2017-06-07 00:00:00,4.3739,4.4016,4.3170,4.3905,81410400
1496928600,2017-06-08 00:00:00,4.4178,4.4245,4.3332,4.4024,92563200
1497015000,2017-06-09 00:00:00,4.4182,4.4344,3.9017,4.0840,233138400
1497274200,2017-06-12 00:00:00,3.9705,4.0283,3.8531,4.0101,166449600
1497360600,2017-06-13 00:00:00,4.0726,4.1200,4.0117,4.1038,126492000
1497447000,2017-06-14 00:00:00,4.1521,4.1521,3.9520,4.0488,139012800
1497533400,2017-06-15 00:00:00,3.9251,4.0077,3.8511,3.9943,141158400
1497619800,2017-06-16 00:00:00,3.9864,3.9891,3.8982,3.9464,93856800
1497879000,2017-06-19 00:00:00,4.0564,4.1509,4.0382,4.1374,110944800
1497965400,2017-06-20 00:00:00,4.1275,4.1422,4.0382,4.0437,85939200
1498051800,2017-06-21 00:00:00,4.0686,4.1651,4.0603,4.1612,83589600
1498138200,2017-06-22 00:00:00,4.1797,4.2023,4.1248,4.1564,68445600
1498224600,2017-06-23 00:00:00,4.1418,4.2197,4.1082,4.2031,68786400
1498483800,2017-06-26 00:00:00,4.2723,4.2976,4.1180,4.1473,105681600
1498570200,2017-06-27 00:00:00,4.0991,4.1125,3.9191,3.9191,144088800
1498656600,2017-06-28 00:00:00,3.9603,4.0963,3.8930,4.0836,120861600
1498743000,2017-06-29 00:00:00,4.0334,4.0362,3.7570,3.8756,231564000
1498829400,2017-06-30 00:00:00,3.9092,3.9393,3.8396,3.8622,98616000
1499088600,2017-07-03 00:00:00,3.9310,3.9432,3.7475,3.7570,81684000
1499261400,2017-07-05 00:00:00,3.7859,3.8950,3.7511,3.8642,114033600
1499347800,2017-07-06 00:00:00,3.7748,3.8238,3.7186,3.7621,106324800
1499434200,2017-07-07 00:00:00,3.7993,3.9112,3.7965,3.8748,89623200
1499693400,2017-07-10 00:00:00,3.8895,3.9844,3.8582,3.9559,92114400
1499779800,2017-07-11 00:00:00,3.9385,4.0034,3.8942,3.9883,108571200
1499866200,2017-07-12 00:00:00,4.0884,4.1430,4.0662,4.1303,105307200
1499952600,2017-07-13 00:00:00,4.1465,4.1869,4.1212,4.1576,91476000
1500039000,2017-07-14 00:00:00,4.2066,4.2703,4.1734,4.2553,84636000
1500298200,2017-07-17 00:00:00,4.2691,4.3059,4.2367,4.2576,100663200
1500384600,2017-07-18 00:00:00,4.2489,4.3466,4.2118,4.3423,84182400
1500471000,2017-07-19 00:00:00,4.3799,4.4392,4.3767,4.4218,104234400
1500557400,2017-07-20 00:00:00,4.4542,4.4633,4.3775,4.4384,108460800
1500643800,2017-07-21 00:00:00,4.3834,4.4321,4.3632,4.4317,86916000
1500903000,2017-07-24 00:00:00,4.4305,4.5009,4.4139,4.4894,88732800
1500989400,2017-07-25 00:00:00,4.4479,4.4890,4.4210,4.4593,94180800
1501075800,2017-07-26 00:00:00,4.4878,4.5076,4.4688,4.4993,60607200
1501162200,2017-07-27 00:00:00,4.5898,4.6013,4.2576,4.4190,188956800
1501248600,2017-07-28 00:00:00,4.3411,4.4249,4.3134,4.4048,70022400
1501507800,2017-07-31 00:00:00,4.4408,4.4578,4.3182,4.3474,88716000
1501594200,2017-08-01 00:00:00,4.3909,4.3945,4.3363,4.3759,61156800
1501680600,2017-08-02 00:00:00,4.4585,4.4629,4.2885,4.4079,110366400
1501767000,2017-08-03 00:00:00,4.4245,4.4261,4.3348,4.3621,72640800
1501853400,2017-08-04 00:00:00,4.3878,4.4123,4.3288,4.3791,71488800
1502112600,2017-08-07 00:00:00,4.4048,4.4637,4.3858,4.4566,54837600
1502199000,2017-08-08 00:00:00,4.4368,4.5479,4.4020,4.4400,103886400
1502285400,2017-08-09 00:00:00,4.3312,4.4281,4.3004,4.4226,99081600
1502371800,2017-08-10 00:00:00,4.3482,4.3561,4.1252,4.1354,163382400
1502458200,2017-08-11 00:00:00,4.1556,4.2580,4.1264,4.2300,105271200
1502717400,2017-08-14 00:00:00,4.3284,4.4135,4.3273,4.3945,95488800
1502803800,2017-08-15 00:00:00,4.4190,4.4281,4.3664,4.4024,72297600
1502890200,2017-08-16 00:00:00,4.4332,4.4866,4.3814,4.4253,99052800
1502976600,2017-08-17 00:00:00,4.3715,4.3929,4.1525,4.1532,158582400
1503063000,2017-08-18 00:00:00,4.1596,4.2280,4.0931,4.1386,129852000
1503322200,2017-08-21 00:00:00,4.1457,4.1699,4.0496,4.1311,86481600
1503408600,2017-08-22 00:00:00,4.1920,4.3276,4.1900,4.3150,94264800
1503495000,2017-08-23 00:00:00,4.2442,4.2964,4.2387,4.2667,84076800
1503581400,2017-08-24 00:00:00,4.2980,4.3146,4.1564,4.2312,97180800
1503667800,2017-08-25 00:00:00,4.2743,4.3102,4.1869,4.2027,92620800
1503927000,2017-08-28 00:00:00,4.2395,4.2703,4.2003,4.2395,66242400
1504013400,2017-08-29 00:00:00,4.1291,4.3106,4.1192,4.2917,85123200
1504099800,2017-08-30 00:00:00,4.2992,4.4609,4.2917,4.4404,106248000
1504186200,2017-08-31 00:00:00,4.4763,4.5827,4.4692,4.5665,106176000
1504272600,2017-09-01 00:00:00,4.6013,4.6187,4.5282,4.5634,71001600
1504618200,2017-09-05 00:00:00,4.5198,4.5511,4.3371,4.4412,129235200
1504704600,2017-09-06 00:00:00,4.4771,4.5096,4.3838,4.4795,85557600
1504791000,2017-09-07 00:00:00,4.5056,4.5440,4.4609,4.5072,73970400
1504877400,2017-09-08 00:00:00,4.4902,4.4981,4.3799,4.3961,82646400
1505136600,2017-09-11 00:00:00,4.4953,4.5649,4.4937,4.5361,85279200
1505223000,2017-09-12 00:00:00,4.5796,4.5942,4.5111,4.5744,73418400
1505309400,2017-09-13 00:00:00,4.5479,4.5946,4.5297,4.5934,51604800
1505395800,2017-09-14 00:00:00,4.5428,4.5800,4.5044,4.5159,73576800
1505482200,2017-09-15 00:00:00,4.5111,4.6076,4.4878,4.5523,79264800
1505741400,2017-09-18 00:00:00,4.5721,4.6159,4.4985,4.5412,91509600
1505827800,2017-09-19 00:00:00,4.5626,4.5819,4.5159,4.5606,56942400
1505914200,2017-09-20 00:00:00,4.5582,4.5717,4.4158,4.5226,107306400
1506000600,2017-09-21 00:00:00,4.5092,4.5108,4.3897,4.4356,84890400
1506087000,2017-09-22 00:00:00,4.3917,4.4423,4.3802,4.4245,62167200
1506346200,2017-09-25 00:00:00,4.3704,4.3771,4.2177,4.2857,135520800
1506432600,2017-09-26 00:00:00,4.3478,4.3715,4.2699,4.3150,95090400
1506519000,2017-09-27 00:00:00,4.3838,4.4791,4.3502,4.4321,111348000
1506605400,2017-09-28 00:00:00,4.4000,4.4372,4.3676,4.4245,64536000
1506691800,2017-09-29 00:00:00,4.4514,4.5278,4.4158,4.5183,88248000
1506951000,2017-10-02 00:00:00,4.5416,4.5863,4.4704,4.5309,92205600
1507037400,2017-10-03 00:00:00,4.5479,4.5748,4.5183,4.5594,62738400
1507123800,2017-10-04 00:00:00,4.5329,4.5997,4.5206,4.5713,90153600
1507210200,2017-10-05 00:00:00,4.6246,4.7105,4.6053,4.7030,94291200
1507296600,2017-10-06 00:00:00,4.6587,4.7219,4.6567,4.7200,85960800
1507555800,2017-10-09 00:00:00,4.7417,4.7559,4.6891,4.7081,68851200
1507642200,2017-10-10 00:00:00,4.7528,4.7682,4.6551,4.7180,71757600
1507728600,2017-10-11 00:00:00,4.7120,4.7615,4.6923,4.7591,59788800
1507815000,2017-10-12 00:00:00,4.7389,4.7884,4.7164,4.7334,66180000
1507901400,2017-10-13 00:00:00,4.7880,4.8026,4.7714,4.7864,48873600
1508160600,2017-10-16 00:00:00,4.8224,4.8382,4.7904,4.8358,57079200
1508247000,2017-10-17 00:00:00,4.8299,4.8544,4.8074,4.8528,60189600
1508333400,2017-10-18 00:00:00,4.8663,4.8671,4.8141,4.8342,57900000
1508419800,2017-10-19 00:00:00,4.7512,4.7813,4.6792,4.7809,80680800
1508506200,2017-10-20 00:00:00,4.8382,4.8497,4.8014,4.8157,66554400
1508765400,2017-10-23 00:00:00,4.8461,4.8473,4.7033,4.7259,61456800
1508851800,2017-10-24 00:00:00,4.7484,4.7761,4.6946,4.7500,58872000
1508938200,2017-10-25 00:00:00,4.7180,4.7646,4.5863,4.6923,89191200
1509024600,2017-10-26 00:00:00,4.6856,4.7168,4.6420,4.6488,72768000
1509111000,2017-10-27 00:00:00,4.8698,5.0775,4.8576,5.0494,147818400
1509370200,2017-10-30 00:00:00,5.0367,5.1443,5.0257,5.0854,96556800
1509456600,2017-10-31 00:00:00,5.1309,5.1629,5.0901,5.1392,60196800
1509543000,2017-11-01 00:00:00,5.2036,5.2107,5.0759,5.1324,83064000
1509629400,2017-11-02 00:00:00,5.1170,5.1241,5.0007,5.1063,91780800
1509715800,2017-11-03 00:00:00,5.1605,5.2546,5.1083,5.2487,86700000
1509978600,2017-11-06 00:00:00,5.2396,5.3104,5.2333,5.3021,76096800
1510065000,2017-11-07 00:00:00,5.2902,5.3345,5.2582,5.3108,93321600
1510151400,2017-11-08 00:00:00,5.3057,5.3804,5.2859,5.3772,68863200
1510237800,2017-11-09 00:00:00,5.2463,5.2993,5.1273,5.2910,163195200
1510324200,2017-11-10 00:00:00,5.2554,5.3017,5.2258,5.2894,66436800
1510583400,2017-11-13 00:00:00,5.2337,5.3286,5.2293,5.3053,75144000
1510669800,2017-11-14 00:00:00,5.2519,5.2693,5.1744,5.2519,91000800
1510756200,2017-11-15 00:00:00,5.1846,5.2183,5.0921,5.1747,80668800
1510842600,2017-11-16 00:00:00,5.2562,5.4065,5.2534,5.3685,80853600
1510929000,2017-11-17 00:00:00,5.3741,5.3847,5.2942,5.3084,69352800
1511188200,2017-11-20 00:00:00,5.3167,5.3349,5.2740,5.2954,50059200
1511274600,2017-11-21 00:00:00,5.3693,5.4733,5.3638,5.4623,70742400
1511361000,2017-11-22 00:00:00,5.4816,5.5014,5.4508,5.4840,60117600
1511533800,2017-11-24 00:00:00,5.5050,5.5501,5.4947,5.5457,39952800
1511793000,2017-11-27 00:00:00,5.5386,5.5769,5.5002,5.5366,66837600
1511879400,2017-11-28 00:00:00,5.5742,5.5900,5.4856,5.5773,70305600
1511965800,2017-11-29 00:00:00,5.5635,5.5635,5.2107,5.2906,208288800
1512052200,2017-11-30 00:00:00,5.3571,5.4512,5.3171,5.4219,118780800
1512138600,2017-12-01 00:00:00,5.3171,5.4271,5.1131,5.3495,170294400
1512397800,2017-12-04 00:00:00,5.4543,5.4666,5.1486,5.1649,165444000
1512484200,2017-12-05 00:00:00,5.1558,5.3503,5.0996,5.1724,115480800
1512570600,2017-12-06 00:00:00,5.1150,5.2657,5.0961,5.2408,94759200
1512657000,2017-12-07 00:00:00,5.2440,5.3389,5.2238,5.2926,76156800
1512743400,2017-12-08 00:00:00,5.4101,5.4488,5.3389,5.3626,88401600
1513002600,2017-12-11 00:00:00,5.3709,5.4923,5.3685,5.4856,71568000
1513089000,2017-12-12 00:00:00,5.4777,5.5137,5.4306,5.4650,73377600
1513175400,2017-12-13 00:00:00,5.5271,5.5477,5.4725,5.4923,83342400
1513261800,2017-12-14 00:00:00,5.5243,5.5639,5.4634,5.4844,71246400
1513348200,2017-12-15 00:00:00,5.5485,5.6873,5.5184,5.6628,111669600
1513607400,2017-12-18 00:00:00,5.7743,5.8249,5.7502,5.8083,81081600
1513693800,2017-12-19 00:00:00,5.7771,5.7956,5.6604,5.7138,98868000
1513780200,2017-12-20 00:00:00,5.7684,5.7707,5.6193,5.6900,71150400
1513866600,2017-12-21 00:00:00,5.7102,5.7624,5.6679,5.6873,66518400
1513953000,2017-12-22 00:00:00,5.6632,5.6746,5.6204,5.6683,42492000
1514298600,2017-12-26 00:00:00,5.5777,5.5967,5.5125,5.5765,48866400
1514385000,2017-12-27 00:00:00,5.5769,5.6212,5.5603,5.5765,45196800
1514471400,2017-12-28 00:00:00,5.6260,5.6311,5.5754,5.5916,46730400
1514557800,2017-12-29 00:00:00,5.6125,5.6125,5.4820,5.4860,68558400
1514903400,2018-01-02 00:00:00,5.5722,5.7794,5.5323,5.7676,91735200
1514989800,2018-01-03 00:00:00,5.7909,5.9582,5.7901,5.9364,85224000
1515076200,2018-01-04 00:00:00,6.0060,6.0274,5.9503,5.9712,70024800
1515162600,2018-01-05 00:00:00,6.0547,6.1646,6.0234,6.1516,82380000
1515421800,2018-01-08 00:00:00,6.1508,6.2326,6.1448,6.2200,72252000
1515508200,2018-01-09 00:00:00,6.2579,6.2789,6.1694,6.2247,104169600
1515594600,2018-01-10 00:00:00,6.1381,6.1828,6.0590,6.1804,95853600
1515681000,2018-01-11 00:00:00,6.2117,6.3042,6.1828,6.3042,74839200
1515767400,2018-01-12 00:00:00,6.2829,6.4624,6.2651,6.4379,89560800
1516113000,2018-01-16 00:00:00,6.5680,6.6704,6.3307,6.3881,165021600
1516199400,2018-01-17 00:00:00,6.4731,6.6222,6.3857,6.5894,82624800
1516285800,2018-01-18 00:00:00,6.5605,6.6396,6.5138,6.5957,94394400
1516372200,2018-01-19 00:00:00,6.6522,6.6874,6.5589,6.6590,84948000
1516631400,2018-01-22 00:00:00,6.6431,6.8670,6.6261,6.8670,103862400
1516717800,2018-01-23 00:00:00,6.9330,7.0580,6.9223,7.0410,129343200
1516804200,2018-01-24 00:00:00,7.0793,7.1288,6.7804,6.8982,209073600
1516890600,2018-01-25 00:00:00,7.0422,7.0473,6.8247,6.8895,133300800
1516977000,2018-01-26 00:00:00,6.9999,7.1972,6.9635,7.1972,106437600
1517236200,2018-01-29 00:00:00,7.1545,7.2031,7.0556,7.1019,132348000
1517322600,2018-01-30 00:00:00,6.9041,7.0137,6.8132,6.9204,132506400
1517409000,2018-01-31 00:00:00,7.0414,7.0813,6.8812,7.0058,110997600
1517495400,2018-02-01 00:00:00,6.8508,7.0473,6.7578,6.8306,127968000
1517581800,2018-02-02 00:00:00,6.7543,6.7954,6.4031,6.4134,190185600
1517841000,2018-02-05 00:00:00,6.2386,6.5506,5.6398,5.6730,230628000
1517927400,2018-02-06 00:00:00,5.4108,6.1298,5.3401,6.1104,239383200
1518013800,2018-02-07 00:00:00,6.0531,6.2481,5.8688,5.8688,176112000
1518100200,2018-02-08 00:00:00,5.9293,5.9376,5.1411,5.1415,216405600
1518186600,2018-02-09 00:00:00,5.3468,5.5030,4.7931,5.3836,320344800
1518445800,2018-02-12 00:00:00,5.5675,5.7893,5.4271,5.6849,175056000
1518532200,2018-02-13 00:00:00,5.5852,5.7976,5.5512,5.7541,108055200
1518618600,2018-02-14 00:00:00,5.6679,6.1148,5.6620,6.0911,168115200
1518705000,2018-02-15 00:00:00,6.2485,6.4177,6.0578,6.4094,190375200
1518791400,2018-02-16 00:00:00,6.3627,6.5439,6.3018,6.3378,170553600
1519137000,2018-02-20 00:00:00,6.2651,6.5348,6.2591,6.3695,145869600
1519223400,2018-02-21 00:00:00,6.4608,6.6522,6.3078,6.3121,177477600
1519309800,2018-02-22 00:00:00,6.4039,6.4996,6.2651,6.3133,166603200
1519396200,2018-02-23 00:00:00,6.4565,6.6938,6.3885,6.6894,142768800
1519655400,2018-02-26 00:00:00,6.7946,6.9611,6.7800,6.9579,133951200
1519741800,2018-02-27 00:00:00,6.9702,7.0074,6.7001,6.7088,173308800
1519828200,2018-02-28 00:00:00,6.8207,6.8871,6.5672,6.5739,153014400
1519914600,2018-03-01 00:00:00,6.5886,6.6764,6.0776,6.2576,251916000
1520001000,2018-03-02 00:00:00,6.0381,6.4596,5.9629,6.4296,193399200
1520260200,2018-03-05 00:00:00,6.3390,6.6882,6.2627,6.6313,148881600
1520346600,2018-03-06 00:00:00,6.7301,6.7899,6.5965,6.7151,142060800
1520433000,2018-03-07 00:00:00,6.5684,6.7823,6.5340,6.7653,133764000
1520519400,2018-03-08 00:00:00,6.8409,6.8899,6.7669,6.8662,115168800
1520605800,2018-03-09 00:00:00,7.0220,7.2660,6.9912,7.2660,147348000
1520861400,2018-03-12 00:00:00,7.3360,7.4416,7.2901,7.3748,132679200
1520947800,2018-03-13 00:00:00,7.3360,7.4416,7.0339,7.1070,182292000
1521034200,2018-03-14 00:00:00,7.1968,7.2185,6.9919,7.0829,133622400
1521120600,2018-03-15 00:00:00,7.1043,7.1901,6.9856,7.0513,110896800
1521207000,2018-03-16 00:00:00,7.0916,7.1454,6.9919,7.0046,78268800
1521466200,2018-03-19 00:00:00,6.8215,6.8215,6.3699,6.5648,194232000
1521552600,2018-03-20 00:00:00,6.5664,6.6597,6.4925,6.6131,92193600
1521639000,2018-03-21 00:00:00,6.5648,6.7467,6.4359,6.5174,132496800
1521725400,2018-03-22 00:00:00,6.2643,6.3908,6.0191,6.0412,205879200
1521811800,2018-03-23 00:00:00,6.0191,6.0705,5.5532,5.5532,217598400
1522071000,2018-03-26 00:00:00,5.8925,6.2026,5.6307,6.1781,183504000
1522157400,2018-03-27 00:00:00,6.3232,6.3232,5.4247,5.5856,273614400
1522243800,2018-03-28 00:00:00,5.4880,5.6481,5.2598,5.3930,242289600
1522330200,2018-03-29 00:00:00,5.4749,5.8411,5.3203,5.6916,197073600
1522675800,2018-04-02 00:00:00,5.5572,5.6355,5.0134,5.1862,244953600
1522762200,2018-04-03 00:00:00,5.3290,5.4259,5.0775,5.3602,221805600
1522848600,2018-04-04 00:00:00,5.0474,5.6624,5.0304,5.6137,216729600
1522935000,2018-04-05 00:00:00,5.7810,5.8035,5.5825,5.7019,183355200
1523021400,2018-04-06 00:00:00,5.5243,5.6877,5.1973,5.2764,232291200
1523280600,2018-04-09 00:00:00,5.4156,5.7051,5.3606,5.3820,175891200
1523367000,2018-04-10 00:00:00,5.6335,5.7956,5.5224,5.7375,194875200
1523453400,2018-04-11 00:00:00,5.6394,5.8281,5.6240,5.6410,143440800
1523539800,2018-04-12 00:00:00,5.7541,5.9024,5.7339,5.8387,142766400
1523626200,2018-04-13 00:00:00,5.9325,5.9574,5.6813,5.7521,142485600
1523885400,2018-04-16 00:00:00,5.8696,5.9475,5.7652,5.8791,118298400
1523971800,2018-04-17 00:00:00,6.0555,6.3007,6.0250,6.2552,124147200
1524058200,2018-04-18 00:00:00,6.2643,6.3651,6.1733,6.2987,118089600
1524144600,2018-04-19 00:00:00,6.2077,6.2477,6.0606,6.1274,129019200
1524231000,2018-04-20 00:00:00,6.0804,6.0903,5.7699,5.8336,140812800
1524490200,2018-04-23 00:00:00,5.9147,5.9843,5.6948,5.7877,123333600
1524576600,2018-04-24 00:00:00,5.8641,5.8961,5.3057,5.4188,213019200
1524663000,2018-04-25 00:00:00,5.4449,5.5050,5.2155,5.4401,210816000
1524749400,2018-04-26 00:00:00,5.6469,5.8332,5.5928,5.7774,141993600
1524835800,2018-04-27 00:00:00,6.0302,6.0369,5.6916,5.7909,164858400
1525095000,2018-04-30 00:00:00,5.8296,5.9360,5.6208,5.6675,161124000
1525181400,2018-05-01 00:00:00,5.6181,5.8593,5.5813,5.8518,116978400
1525267800,2018-05-02 00:00:00,5.8906,5.9420,5.7343,5.7498,143652000
1525354200,2018-05-03 00:00:00,5.6730,5.8130,5.4753,5.7502,196072800
1525440600,2018-05-04 00:00:00,5.6774,6.1160,5.6624,6.0737,185932800
1525699800,2018-05-07 00:00:00,6.1638,6.2852,6.1448,6.2180,139063200
1525786200,2018-05-08 00:00:00,6.1848,6.2461,6.0709,6.1974,126715200
1525872600,2018-05-09 00:00:00,6.2405,6.4205,6.1733,6.4051,114996000
1525959000,2018-05-10 00:00:00,6.4660,6.6178,6.4517,6.6044,119006400
1526045400,2018-05-11 00:00:00,6.5708,6.6289,6.4976,6.5846,119697600
1526304600,2018-05-14 00:00:00,6.6261,6.7424,6.5846,6.6139,109183200
1526391000,2018-05-15 00:00:00,6.4565,6.4675,6.2935,6.3999,174520800
1526477400,2018-05-16 00:00:00,6.4146,6.5648,6.4130,6.5178,89712000
1526563800,2018-05-17 00:00:00,6.4513,6.5921,6.3485,6.4442,103219200
1526650200,2018-05-18 00:00:00,6.3707,6.4343,6.3149,6.3410,85466400
1526909400,2018-05-21 00:00:00,6.4865,6.5739,6.3671,6.4517,116892000
1526995800,2018-05-22 00:00:00,6.5344,6.5688,6.3900,6.4181,96943200
1527082200,2018-05-23 00:00:00,6.2761,6.5834,6.2698,6.5795,123045600
1527168600,2018-05-24 00:00:00,6.5775,6.6095,6.3758,6.5739,71110400
1527255000,2018-05-25 00:00:00,6.5763,6.6629,6.5336,6.5905,63081600
1527600600,2018-05-29 00:00:00,6.5004,6.6178,6.3865,6.5063,94451200
1527687000,2018-05-30 00:00:00,6.5727,6.6771,6.5312,6.6451,70806400
1527773400,2018-05-31 00:00:00,6.6356,6.7602,6.5775,6.6309,81056800
1527859800,2018-06-01 00:00:00,6.7210,6.9500,6.7210,6.9393,77171200
1528119000,2018-06-04 00:00:00,6.9880,7.1304,6.9785,7.1173,64049600
1528205400,2018-06-05 00:00:00,7.1743,7.2265,7.0960,7.1909,55900000
1528291800,2018-06-06 00:00:00,7.2134,7.3154,7.1043,7.3095,57628000
1528378200,2018-06-07 00:00:00,7.3190,7.3226,7.0271,7.1398,78452000
1528464600,2018-06-08 00:00:00,7.0271,7.1659,6.9797,7.1351,49320800
1528723800,2018-06-11 00:00:00,7.1173,7.2443,7.1137,7.1909,40836000
1528810200,2018-06-12 00:00:00,7.2205,7.3237,7.1980,7.3048,47848000
1528896600,2018-06-13 00:00:00,7.3320,7.4661,7.2537,7.2965,72247200
1528983000,2018-06-14 00:00:00,7.4009,7.5527,7.3807,7.5183,90452800
1529069400,2018-06-15 00:00:00,7.4317,7.4851,7.3320,7.4436,77689600
1529328600,2018-06-18 00:00:00,7.2965,7.4448,7.2276,7.4270,68726400
1529415000,2018-06-19 00:00:00,7.1410,7.3629,7.0734,7.3605,107633600
1529501400,2018-06-20 00:00:00,7.4578,7.6085,7.4424,7.5148,79644800
1529587800,2018-06-21 00:00:00,7.5670,7.5919,7.2763,7.3202,102280800
1529674200,2018-06-22 00:00:00,7.3937,7.4009,7.1909,7.2466,62227200
1529933400,2018-06-25 00:00:00,7.0734,7.1031,6.5834,6.7839,171306400
1530019800,2018-06-26 00:00:00,6.8492,6.9738,6.7744,6.8587,94165600
1530106200,2018-06-27 00:00:00,6.9453,7.0378,6.5633,6.5834,131838400
1530192600,2018-06-28 00:00:00,6.5514,6.8112,6.5099,6.7448,111300000
1530279000,2018-06-29 00:00:00,6.8421,6.9477,6.7697,6.7756,78536000
1530538200,2018-07-02 00:00:00,6.6036,6.9358,6.5585,6.9275,83296800
1530624600,2018-07-03 00:00:00,7.0022,7.0093,6.6712,6.6890,56425600
1530797400,2018-07-05 00:00:00,6.8207,6.9512,6.7139,6.9346,65622400
1530883800,2018-07-06 00:00:00,6.9773,7.2715,6.9429,7.2466,75012000
1531143000,2018-07-09 00:00:00,7.3653,7.4566,7.2834,7.4483,72377600
1531229400,2018-07-10 00:00:00,7.4804,7.5159,7.3890,7.4661,66784000
1531315800,2018-07-11 00:00:00,7.2965,7.4341,7.2715,7.3570,79829600
1531402200,2018-07-12 00:00:00,7.4471,7.7259,7.4317,7.7200,81352000
1531488600,2018-07-13 00:00:00,7.7212,7.7864,7.6631,7.7425,67876000
1531747800,2018-07-16 00:00:00,7.7485,7.7900,7.6500,7.6903,55560000
1531834200,2018-07-17 00:00:00,7.4507,7.8778,7.4483,7.8327,75593600
1531920600,2018-07-18 00:00:00,7.8303,7.8529,7.7117,7.7829,46537600
1532007000,2018-07-19 00:00:00,7.7070,7.7781,7.6381,7.6678,76874400
1532093400,2018-07-20 00:00:00,7.7307,7.8102,7.6322,7.6571,57396000
1532352600,2018-07-23 00:00:00,7.5895,7.7390,7.4981,7.7236,63027200
1532439000,2018-07-24 00:00:00,7.9668,8.0498,7.7295,7.8220,95066400
1532525400,2018-07-25 00:00:00,7.8327,8.1637,7.8268,8.1483,77241600
1532611800,2018-07-26 00:00:00,7.8209,7.8944,7.7485,7.7924,111888000
1532698200,2018-07-27 00:00:00,7.9300,7.9371,7.3297,7.4673,118098400
1532957400,2018-07-30 00:00:00,7.4685,7.4756,7.0378,7.1458,100805600
1533043800,2018-07-31 00:00:00,7.2217,7.3902,7.1078,7.2882,95712000
1533130200,2018-08-01 00:00:00,7.3558,7.4543,7.2656,7.3878,69301600
1533216600,2018-08-02 00:00:00,7.2253,7.7117,7.2182,7.6820,92242400
1533303000,2018-08-03 00:00:00,7.7224,7.7580,7.6287,7.7509,72133600
1533562200,2018-08-06 00:00:00,7.7414,7.8980,7.7105,7.8932,68068000
1533648600,2018-08-07 00:00:00,7.9549,8.0202,7.9075,7.9703,71970400
1533735000,2018-08-08 00:00:00,7.9442,8.0498,7.8778,7.9917,63434400
1533821400,2018-08-09 00:00:00,7.9846,8.0795,7.9514,7.9846,54530400
1533907800,2018-08-10 00:00:00,7.8256,7.8956,7.7141,7.7983,85626400
1534167000,2018-08-13 00:00:00,7.8410,7.9929,7.7651,7.7758,92674400
1534253400,2018-08-14 00:00:00,7.8612,7.9478,7.7390,7.9193,60727200
1534339800,2018-08-15 00:00:00,7.7402,7.8066,7.4839,7.6310,115857600
1534426200,2018-08-16 00:00:00,7.7995,7.8481,7.6559,7.7010,65142400
1534512600,2018-08-17 00:00:00,7.6393,7.7615,7.4993,7.6998,70262400
1534771800,2018-08-20 00:00:00,7.7556,7.7627,7.5931,7.6844,67461600
1534858200,2018-08-21 00:00:00,7.7520,7.9039,7.7366,7.7639,67069600
1534944600,2018-08-22 00:00:00,7.7117,7.8802,7.6868,7.8541,63313600
1535031000,2018-08-23 00:00:00,7.8149,7.9798,7.7793,7.8149,71133600
1535117400,2018-08-24 00:00:00,7.8980,8.0522,7.8897,8.0320,63956800
1535376600,2018-08-27 00:00:00,8.1614,8.2752,8.1175,8.2741,72851200
1535463000,2018-08-28 00:00:00,8.3429,8.3725,8.2622,8.3108,65224800
1535549400,2018-08-29 00:00:00,8.3536,8.6134,8.3464,8.6015,65735200
1535635800,2018-08-30 00:00:00,8.5493,8.7035,8.4651,8.5529,87863200
1535722200,2018-08-31 00:00:00,8.5208,8.6549,8.4912,8.5778,63180000
1536067800,2018-09-04 00:00:00,8.5030,8.5458,8.3322,8.4758,80209600
1536154200,2018-09-05 00:00:00,8.4236,8.4271,8.0581,8.1388,107729600
1536240600,2018-09-06 00:00:00,8.1530,8.1780,7.7568,7.9170,115504800
1536327000,2018-09-07 00:00:00,7.7544,8.0308,7.7378,7.8386,77009600
1536586200,2018-09-10 00:00:00,7.9597,7.9751,7.7746,7.9075,55448800
1536672600,2018-09-11 00:00:00,7.8031,8.1246,7.7473,8.0830,70522400
1536759000,2018-09-12 00:00:00,8.0498,8.0664,7.8054,8.0131,88261600
1536845400,2018-09-13 00:00:00,8.1507,8.3073,8.1471,8.2503,74676000
1536931800,2018-09-14 00:00:00,8.2800,8.3215,8.0925,8.1875,76688000
1537191000,2018-09-17 00:00:00,8.1412,8.1661,7.8137,7.8422,72823200
1537277400,2018-09-18 00:00:00,7.8588,8.1447,7.8470,8.0285,72758400
1537363800,2018-09-19 00:00:00,8.0320,8.0890,7.8529,8.0107,58962400
1537450200,2018-09-20 00:00:00,8.1649,8.3025,8.1103,8.2622,62683200
1537536600,2018-09-21 00:00:00,8.3358,8.3737,8.1044,8.1305,60281600
1537795800,2018-09-24 00:00:00,7.9620,8.2088,7.8588,8.2005,52875200
1537882200,2018-09-25 00:00:00,8.1851,8.2491,8.1044,8.2337,43259200
1537968600,2018-09-26 00:00:00,8.2408,8.4793,8.1993,8.2254,70920000
1538055000,2018-09-27 00:00:00,8.3476,8.5398,8.3322,8.4532,58525600
1538141400,2018-09-28 00:00:00,8.3808,8.5125,8.3381,8.4402,61857600
1538400600,2018-10-01 00:00:00,8.6015,8.6810,8.4330,8.4888,68232000
1538487000,2018-10-02 00:00:00,8.4663,8.6324,8.3808,8.4402,64787200
1538573400,2018-10-03 00:00:00,8.5434,8.6015,8.4271,8.4651,66569600
1538659800,2018-10-04 00:00:00,8.3642,8.3737,7.7948,7.9822,150889600
1538746200,2018-10-05 00:00:00,7.9727,8.0475,7.4531,7.6820,132924000
1539005400,2018-10-08 00:00:00,7.5741,7.7414,7.2656,7.5444,119353600
1539091800,2018-10-09 00:00:00,7.5539,7.7829,7.4970,7.6026,104289600
1539178200,2018-10-10 00:00:00,7.4732,7.4815,6.5775,6.6166,242856000
1539264600,2018-10-11 00:00:00,6.5265,6.7922,6.1492,6.3485,222432000
1539351000,2018-10-12 00:00:00,6.8551,6.9429,6.5016,6.8848,168488000
1539610200,2018-10-15 00:00:00,6.8171,6.8468,6.5549,6.6249,159735200
1539696600,2018-10-16 00:00:00,6.8385,7.2573,6.8041,7.1956,124466400
1539783000,2018-10-17 00:00:00,7.3178,7.3297,6.9939,7.2193,130120800
1539869400,2018-10-18 00:00:00,7.1256,7.1339,6.6214,6.7187,156348800
1539955800,2018-10-19 00:00:00,6.8563,7.0461,6.6190,6.6914,134836800
1540215000,2018-10-22 00:00:00,6.8112,6.9500,6.6404,6.7922,114926400
1540301400,2018-10-23 00:00:00,6.4292,6.8195,6.1966,6.7175,176781600
1540387800,2018-10-24 00:00:00,6.6926,6.7270,5.7755,5.8039,204842400
1540474200,2018-10-25 00:00:00,6.0614,6.4980,5.9831,6.3995,152073600
1540560600,2018-10-26 00:00:00,5.7423,6.2678,5.6331,5.9024,244761600
1540819800,2018-10-29 00:00:00,6.1670,6.2405,5.2012,5.5868,217961600
1540906200,2018-10-30 00:00:00,5.4860,5.8194,5.4065,5.8028,184865600
1540992600,2018-10-31 00:00:00,6.0804,6.3663,6.0804,6.1943,180157600
1541079000,2018-11-01 00:00:00,6.2489,6.4802,6.1029,6.4648,126066400
1541165400,2018-11-02 00:00:00,6.4007,6.5170,6.0270,6.1753,174357600
1541428200,2018-11-05 00:00:00,6.1789,6.1860,5.9036,6.1148,102600800
1541514600,2018-11-06 00:00:00,6.0994,6.3509,6.0828,6.2441,111461600
1541601000,2018-11-07 00:00:00,6.4672,6.8290,6.4268,6.8183,138552000
1541687400,2018-11-08 00:00:00,6.7377,6.8005,6.6036,6.7021,117524800
1541773800,2018-11-09 00:00:00,6.5158,6.5585,6.2038,6.3616,136739200
1542033000,2018-11-12 00:00:00,6.2287,6.2631,5.7648,5.8028,154367200
1542119400,2018-11-13 00:00:00,5.8692,6.1100,5.7470,5.8004,154454400
1542205800,2018-11-14 00:00:00,5.9653,6.0294,5.5619,5.6533,156124000
1542292200,2018-11-15 00:00:00,5.6224,6.0044,5.4824,5.9558,169816800
1542378600,2018-11-16 00:00:00,5.7850,5.9795,5.7090,5.8906,134324800
1542637800,2018-11-19 00:00:00,5.8039,5.8312,5.2677,5.3258,186492000
1542724200,2018-11-20 00:00:00,4.9497,5.2487,4.8287,5.0304,202991200
1542810600,2018-11-21 00:00:00,5.2238,5.2938,5.1158,5.1431,115115200
1542983400,2018-11-23 00:00:00,5.0162,5.1870,5.0126,5.0292,56880000
1543242600,2018-11-26 00:00:00,5.2416,5.3840,5.1751,5.3745,119964800
1543329000,2018-11-27 00:00:00,5.2938,5.4717,5.2072,5.4302,120163200
1543415400,2018-11-28 00:00:00,5.5524,5.9511,5.4575,5.9451,195064800
1543501800,2018-11-29 00:00:00,5.8751,6.0116,5.7517,5.8906,129044800
1543588200,2018-11-30 00:00:00,5.9131,6.0317,5.8289,6.0139,116635200
1543847400,2018-12-03 00:00:00,6.4161,6.4422,6.1990,6.3224,149343200
1543933800,2018-12-04 00:00:00,6.2346,6.2868,5.5845,5.6272,210096000
1544106600,2018-12-06 00:00:00,5.2689,5.7209,5.2001,5.7090,196156000
1544193000,2018-12-07 00:00:00,5.6473,5.7446,5.1016,5.1502,222987200
1544452200,2018-12-10 00:00:00,5.1206,5.3816,4.9616,5.3116,176468800
1544538600,2018-12-11 00:00:00,5.5678,5.5762,5.2309,5.3685,172163200
1544625000,2018-12-12 00:00:00,5.6023,5.7577,5.5014,5.5038,169451200
1544711400,2018-12-13 00:00:00,5.6117,5.6817,5.4006,5.5050,164724800
1544797800,2018-12-14 00:00:00,5.3258,5.3780,5.0672,5.0897,156177600
1545057000,2018-12-17 00:00:00,5.0387,5.1597,4.6377,4.7611,200592800
1545143400,2018-12-18 00:00:00,4.8738,4.9841,4.7184,4.8406,157893600
1545229800,2018-12-19 00:00:00,4.8299,5.0529,4.3755,4.4906,307862400
1545316200,2018-12-20 00:00:00,4.4455,4.6009,4.1204,4.3102,320818400
1545402600,2018-12-21 00:00:00,4.3482,4.4384,3.8214,3.8938,369034400
1545661800,2018-12-24 00:00:00,3.7965,3.9496,3.5972,3.6055,175600800
1545834600,2018-12-26 00:00:00,3.7185,4.2697,3.6401,4.2602,378235200
1545921000,2018-12-27 00:00:00,4.1105,4.3244,3.8159,4.3208,341834400
1546007400,2018-12-28 00:00:00,4.3957,4.5275,4.2020,4.3030,304842400
1546266600,2018-12-31 00:00:00,4.4384,4.4765,4.2828,4.4004,216966400
1546439400,2019-01-02 00:00:00,4.1319,4.5418,4.1260,4.4634,271665600
1546525800,2019-01-03 00:00:00,4.2745,4.3256,3.9953,4.0309,330510400
1546612200,2019-01-04 00:00:00,4.2234,4.6048,4.1783,4.5465,272964000
1546871400,2019-01-07 00:00:00,4.5703,4.7699,4.5299,4.6915,213106400
1546957800,2019-01-08 00:00:00,4.8340,4.8839,4.6214,4.8269,211622400
1547044200,2019-01-09 00:00:00,4.8851,5.0099,4.8234,4.9410,178098400
1547130600,2019-01-10 00:00:00,4.8281,4.9932,4.7473,4.9885,175131200
1547217000,2019-01-11 00:00:00,4.8994,4.9457,4.8483,4.9291,120804800
1547476200,2019-01-14 00:00:00,4.8032,4.8637,4.7354,4.8008,111383200
1547562600,2019-01-15 00:00:00,4.8637,5.0990,4.8542,5.0669,145125600
1547649000,2019-01-16 00:00:00,5.1049,5.2106,5.0705,5.0740,135892800
1547735400,2019-01-17 00:00:00,5.0253,5.2594,4.9968,5.1928,142040000
1547821800,2019-01-18 00:00:00,5.3128,5.4186,5.2095,5.3354,166908800
1548167400,2019-01-22 00:00:00,5.2285,5.2368,4.9089,5.0408,181734400
1548253800,2019-01-23 00:00:00,5.1025,5.1679,4.8733,5.0455,166093600
1548340200,2019-01-24 00:00:00,5.0871,5.1584,5.0301,5.1346,128115200
1548426600,2019-01-25 00:00:00,5.2582,5.3663,5.2059,5.3176,139513600
1548685800,2019-01-28 00:00:00,5.1097,5.1215,4.9909,5.1215,140359200
1548772200,2019-01-29 00:00:00,5.1311,5.1334,4.9220,4.9766,122530400
1548858600,2019-01-30 00:00:00,5.1441,5.4079,5.0954,5.3496,175824000
1548945000,2019-01-31 00:00:00,5.4435,5.6692,5.4269,5.5849,160575200
1549031400,2019-02-01 00:00:00,5.5053,5.6336,5.4720,5.5136,141561600
1549290600,2019-02-04 00:00:00,5.5207,5.7215,5.5053,5.7156,110976800
1549377000,2019-02-05 00:00:00,5.7464,5.8926,5.7381,5.8664,128916800
1549463400,2019-02-06 00:00:00,5.8783,5.9080,5.7405,5.8201,145420000
1549549800,2019-02-07 00:00:00,5.6633,5.7061,5.4518,5.5825,209793600
1549636200,2019-02-08 00:00:00,5.4304,5.6134,5.4174,5.6110,144722400
1549895400,2019-02-11 00:00:00,5.6752,5.7156,5.5552,5.5979,121196800
1549981800,2019-02-12 00:00:00,5.7179,5.8676,5.6894,5.8403,128226400
1550068200,2019-02-13 00:00:00,5.9235,5.9734,5.8355,5.8522,127609600
1550154600,2019-02-14 00:00:00,5.7856,5.9342,5.7286,5.8736,153369600
1550241000,2019-02-15 00:00:00,6.0007,6.0019,5.8641,5.9437,142496000
1550586600,2019-02-19 00:00:00,5.8878,6.0339,5.8878,5.9793,103572800
1550673000,2019-02-20 00:00:00,5.9936,6.0625,5.8795,5.9745,171065600
1550759400,2019-02-21 00:00:00,5.9246,5.9745,5.8130,5.9068,128493600
1550845800,2019-02-22 00:00:00,5.9472,6.0494,5.9365,6.0351,119637600
1551105000,2019-02-25 00:00:00,6.1789,6.2228,6.0898,6.1017,124102400
1551191400,2019-02-26 00:00:00,6.0541,6.1777,6.0256,6.1207,105356800
1551277800,2019-02-27 00:00:00,6.0387,6.1278,5.9151,6.1017,115844000
1551364200,2019-02-28 00:00:00,6.0482,6.1278,6.0114,6.0636,92063200
1551450600,2019-03-01 00:00:00,6.1920,6.2121,6.0613,6.1848,140156800
1551709800,2019-03-04 00:00:00,6.2929,6.3357,5.9817,6.1860,213088000
1551796200,2019-03-05 00:00:00,6.1991,6.2585,6.1088,6.2015,100348800
1551882600,2019-03-06 00:00:00,6.2169,6.2228,6.0660,6.0945,123468800
1551969000,2019-03-07 00:00:00,6.0446,6.0518,5.8011,5.8724,169306400
1552055400,2019-03-08 00:00:00,5.6716,5.8474,5.6502,5.8391,174936800
1552311000,2019-03-11 00:00:00,5.9080,6.2145,5.9080,6.2038,128468000
1552397400,2019-03-12 00:00:00,6.2525,6.3523,6.2074,6.3048,151606400
1552483800,2019-03-13 00:00:00,6.3999,6.5448,6.3749,6.4414,145129600
1552570200,2019-03-14 00:00:00,6.4533,6.4771,6.4034,6.4129,95443200
1552656600,2019-03-15 00:00:00,6.4878,6.6458,6.4699,6.5721,138845600
1552915800,2019-03-18 00:00:00,6.5781,6.6933,6.5389,6.6315,148994400
1553002200,2019-03-19 00:00:00,6.7171,6.8050,6.6161,6.6980,164380800
1553088600,2019-03-20 00:00:00,6.6969,6.8989,6.6065,6.7753,183522400
1553175000,2019-03-21 00:00:00,6.7123,7.1188,6.7087,7.0890,151957600
1553261400,2019-03-22 00:00:00,6.9963,7.0534,6.6006,6.6256,267601600
1553520600,2019-03-25 00:00:00,6.5435,6.6517,6.4390,6.5840,210369600
1553607000,2019-03-26 00:00:00,6.7373,6.8549,6.5733,6.6743,175872000
1553693400,2019-03-27 00:00:00,6.7016,6.7480,6.3997,6.5435,176810400
1553779800,2019-03-28 00:00:00,6.5923,6.6588,6.4687,6.5851,128437600
1553866200,2019-03-29 00:00:00,6.7301,6.7527,6.6172,6.7337,126980000
1554125400,2019-04-01 00:00:00,6.9286,7.0237,6.8573,6.9987,122364800
1554211800,2019-04-02 00:00:00,7.0225,7.0974,6.9678,7.0760,106728800
1554298200,2019-04-03 00:00:00,7.1948,7.3315,7.1318,7.1984,151384000
1554384600,2019-04-04 00:00:00,7.1996,7.2828,7.0629,7.1877,143620800
1554471000,2019-04-05 00:00:00,7.2566,7.3089,7.2233,7.2958,104654400
1554730200,2019-04-08 00:00:00,7.2590,7.3671,7.1734,7.3529,103460000
1554816600,2019-04-09 00:00:00,7.2780,7.3481,7.2257,7.2721,104121600
1554903000,2019-04-10 00:00:00,7.3042,7.3945,7.2768,7.3897,99244000
1554989400,2019-04-11 00:00:00,7.4171,7.4194,7.2923,7.3339,111770400
1555075800,2019-04-12 00:00:00,7.4277,7.4396,7.3362,7.4242,95228000
1555335000,2019-04-15 00:00:00,7.4242,7.4539,7.2804,7.4301,83369600
1555421400,2019-04-16 00:00:00,7.5050,7.5525,7.4384,7.5026,94287200
1555507800,2019-04-17 00:00:00,7.6488,7.6726,7.5121,7.5775,114422400
1555594200,2019-04-18 00:00:00,7.6155,7.6191,7.4717,7.6013,91903200
1555939800,2019-04-22 00:00:00,7.5050,7.6761,7.4872,7.6654,75756800
1556026200,2019-04-23 00:00:00,7.7260,7.9863,7.6928,7.9566,104954400
1556112600,2019-04-24 00:00:00,7.9744,8.0077,7.8758,7.8794,95075200
1556199000,2019-04-25 00:00:00,8.0541,8.0636,7.8473,7.9673,119690400
1556285400,2019-04-26 00:00:00,7.9400,7.9982,7.7367,7.9958,110516800
1556544600,2019-04-29 00:00:00,7.9934,8.0778,7.9554,8.0386,83797600
1556631000,2019-04-30 00:00:00,7.8437,7.8924,7.6856,7.8544,127595200
1556717400,2019-05-01 00:00:00,8.0006,8.0707,7.7558,7.7641,125916000
1556803800,2019-05-02 00:00:00,7.7665,7.8829,7.5169,7.6690,141288800
1556890200,2019-05-03 00:00:00,7.8603,8.0517,7.8187,8.0303,108889600
1557149400,2019-05-06 00:00:00,7.5240,7.9174,7.4824,7.8865,161715200
1557235800,2019-05-07 00:00:00,7.6310,7.7272,7.2067,7.4277,237529600
1557322200,2019-05-08 00:00:00,7.3529,7.5335,7.2721,7.3624,161237600
1557408600,2019-05-09 00:00:00,7.1259,7.3196,6.9250,7.2459,220417600
1557495000,2019-05-10 00:00:00,7.1592,7.3719,6.8026,7.2661,227858400
1557754200,2019-05-13 00:00:00,6.7123,6.8252,6.4497,6.5150,234920800
1557840600,2019-05-14 00:00:00,6.6101,6.8430,6.5400,6.7194,140192000
1557927000,2019-05-15 00:00:00,6.5911,7.0581,6.5828,6.9987,176160000
1558013400,2019-05-16 00:00:00,7.0118,7.3469,6.9892,7.2174,174026400
1558099800,2019-05-17 00:00:00,6.9987,7.2899,6.9726,6.9928,182510400
1558359000,2019-05-20 00:00:00,6.7004,6.7777,6.5661,6.6422,184368800
1558445400,2019-05-21 00:00:00,6.8062,6.8977,6.7420,6.8418,114487200
1558531800,2019-05-22 00:00:00,6.7242,6.8668,6.7218,6.7527,128912800
1558618200,2019-05-23 00:00:00,6.5198,6.5222,6.3118,6.4342,207680800
1558704600,2019-05-24 00:00:00,6.5447,6.6077,6.4033,6.4247,137225600
1559050200,2019-05-28 00:00:00,6.4818,6.5851,6.3498,6.3558,116903200
1559136600,2019-05-29 00:00:00,6.2381,6.2987,6.0919,6.1965,177921600
1559223000,2019-05-30 00:00:00,6.2429,6.3201,6.1609,6.2702,136428000
1559309400,2019-05-31 00:00:00,6.0456,6.1098,5.9588,5.9683,140600800
1559568600,2019-06-03 00:00:00,5.9208,5.9660,5.4823,5.5869,241812800
1559655000,2019-06-04 00:00:00,5.7520,6.0468,5.6938,6.0397,163869600
1559741400,2019-06-05 00:00:00,6.2144,6.2179,5.9862,6.1728,152316800
1559827800,2019-06-06 00:00:00,6.2037,6.3641,6.1217,6.3154,100302400
1559914200,2019-06-07 00:00:00,6.4176,6.7646,6.3962,6.6755,151548000
1560173400,2019-06-10 00:00:00,6.8169,7.1092,6.8169,6.9191,183272000
1560259800,2019-06-11 00:00:00,7.1378,7.1746,6.8751,6.9452,137447200
1560346200,2019-06-12 00:00:00,6.8846,6.9286,6.7860,6.8276,110176000
1560432600,2019-06-13 00:00:00,6.9084,6.9916,6.8668,6.9393,98559200
1560519000,2019-06-14 00:00:00,6.8300,6.9048,6.7729,6.8490,77144800
1560778200,2019-06-17 00:00:00,6.8918,7.0320,6.8739,6.9738,75050400
1560864600,2019-06-18 00:00:00,7.2198,7.4266,7.1675,7.2756,141829600
1560951000,2019-06-19 00:00:00,7.3125,7.4111,7.1782,7.3612,136979200
1561037400,2019-06-20 00:00:00,7.6642,7.6690,7.3957,7.5632,119355200
1561123800,2019-06-21 00:00:00,7.5240,7.6702,7.4812,7.5288,104646400
1561383000,2019-06-24 00:00:00,7.5692,7.5929,7.5121,7.5264,68938400
1561469400,2019-06-25 00:00:00,7.5086,7.5204,7.1045,7.1413,139623200
1561555800,2019-06-26 00:00:00,7.2756,7.4135,7.2019,7.2317,94115200
1561642200,2019-06-27 00:00:00,7.3101,7.3671,7.2554,7.3101,75270400
1561728600,2019-06-28 00:00:00,7.3660,7.3909,7.2626,7.3410,98932800
1561987800,2019-07-01 00:00:00,7.7605,7.7902,7.5335,7.6334,144820800
1562074200,2019-07-02 00:00:00,7.6250,7.7260,7.5632,7.7260,81248800
1562160600,2019-07-03 00:00:00,7.7748,7.8972,7.7558,7.8972,67127200
1562333400,2019-07-05 00:00:00,7.7356,7.8901,7.6429,7.8461,116844800
1562592600,2019-07-08 00:00:00,7.6999,7.7011,7.5846,7.6809,105787200
1562679000,2019-07-09 00:00:00,7.5668,7.8223,7.5502,7.7962,88595200
1562765400,2019-07-10 00:00:00,7.9388,8.0921,7.8912,8.0267,154109600
1562851800,2019-07-11 00:00:00,8.0659,8.1170,7.9281,8.0053,127849600
1562938200,2019-07-12 00:00:00,8.0279,8.1420,8.0077,8.1396,89192800
1563197400,2019-07-15 00:00:00,8.1955,8.2228,8.1301,8.2086,73394400
1563283800,2019-07-16 00:00:00,8.1824,8.2097,8.0148,8.0921,111992000
1563370200,2019-07-17 00:00:00,8.0957,8.1325,7.9673,7.9721,92508000
1563456600,2019-07-18 00:00:00,7.8544,8.0410,7.7760,8.0065,135568000
1563543000,2019-07-19 00:00:00,8.1646,8.1646,7.7926,7.8128,140779200
1563802200,2019-07-22 00:00:00,7.8722,8.0493,7.8699,7.9970,95506400
1563888600,2019-07-23 00:00:00,8.1301,8.1551,7.9673,8.1515,116049600
1563975000,2019-07-24 00:00:00,8.0624,8.3250,8.0576,8.3250,109244800
1564061400,2019-07-25 00:00:00,8.2406,8.2418,8.0386,8.0873,150075200
1564147800,2019-07-26 00:00:00,8.2359,8.3654,8.2264,8.3274,111478400
1564407000,2019-07-29 00:00:00,8.3143,8.3143,8.0897,8.2502,113275200
1564493400,2019-07-30 00:00:00,8.0600,8.2335,8.0410,8.1396,111504000
1564579800,2019-07-31 00:00:00,8.2038,8.2181,7.5704,7.7962,196340800
1564666200,2019-08-01 00:00:00,7.8389,8.2715,7.5632,7.6868,298384800
1564752600,2019-08-02 00:00:00,7.5109,7.5383,7.2019,7.3351,246920000
1565011800,2019-08-05 00:00:00,6.8858,6.8858,6.3795,6.5649,302484800
1565098200,2019-08-06 00:00:00,6.7408,6.8906,6.5958,6.8347,213540800
1565184600,2019-08-07 00:00:00,6.6089,6.9678,6.4532,6.9345,307908800
1565271000,2019-08-08 00:00:00,7.0403,7.3957,6.9750,7.3933,219056000
1565357400,2019-08-09 00:00:00,7.2804,7.3588,7.0082,7.1746,221366400
1565616600,2019-08-12 00:00:00,7.0451,7.1104,6.8359,6.9345,213311200
1565703000,2019-08-13 00:00:00,6.9215,7.5335,6.8930,7.3897,239259200
1565789400,2019-08-14 00:00:00,7.0296,7.0997,6.6862,6.7278,304930400
1565875800,2019-08-15 00:00:00,6.7622,6.8121,6.5447,6.6992,208939200
1565962200,2019-08-16 00:00:00,6.8668,7.0700,6.8668,7.0082,164405600
1566221400,2019-08-19 00:00:00,7.3053,7.3969,7.2459,7.3362,120044000
1566307800,2019-08-20 00:00:00,7.2982,7.3743,7.1794,7.1853,125264000
1566394200,2019-08-21 00:00:00,7.3719,7.4384,7.2935,7.3683,101481600
1566480600,2019-08-22 00:00:00,7.4111,7.4622,7.1223,7.2970,152629600
1566567000,2019-08-23 00:00:00,7.1461,7.3446,6.5459,6.6291,302350400
1566826200,2019-08-26 00:00:00,6.8323,6.9001,6.7099,6.8977,146585600
1566912600,2019-08-27 00:00:00,7.0415,7.0783,6.7741,6.8561,154579200
1566999000,2019-08-28 00:00:00,6.7872,6.9607,6.6850,6.9250,127824800
1567085400,2019-08-29 00:00:00,7.1806,7.3006,7.0997,7.2400,141523200
1567171800,2019-08-30 00:00:00,7.3588,7.3600,7.0665,7.1889,136103200
1567517400,2019-09-03 00:00:00,7.0463,7.1520,6.9060,6.9797,128785600
1567603800,2019-09-04 00:00:00,7.1758,7.2935,7.1211,7.2733,100464800
1567690200,2019-09-05 00:00:00,7.5133,7.7379,7.5014,7.6749,126744000
1567776600,2019-09-06 00:00:00,7.7070,7.7201,7.6013,7.6536,115038400
1568035800,2019-09-09 00:00:00,7.7213,7.7332,7.4836,7.6048,112312800
1568122200,2019-09-10 00:00:00,7.4800,7.5442,7.3303,7.5418,136765600
1568208600,2019-09-11 00:00:00,7.5763,7.7593,7.5264,7.7451,111400800
1568295000,2019-09-12 00:00:00,7.8889,8.0196,7.8069,7.8413,139931200
1568381400,2019-09-13 00:00:00,7.8081,7.8603,7.7249,7.7581,107610400
1568640600,2019-09-16 00:00:00,7.6048,7.6987,7.5822,7.6512,97124000
1568727000,2019-09-17 00:00:00,7.6488,7.7593,7.6036,7.7522,90796000
1568813400,2019-09-18 00:00:00,7.7082,7.7569,7.4575,7.7474,142063200
1568899800,2019-09-19 00:00:00,7.7878,7.9257,7.7367,7.7819,132770400
1568986200,2019-09-20 00:00:00,7.8152,7.8378,7.4563,7.5371,123512800
1569245400,2019-09-23 00:00:00,7.5204,7.6108,7.4515,7.5442,89409600
1569331800,2019-09-24 00:00:00,7.6476,7.6940,7.1473,7.2459,203765600
1569418200,2019-09-25 00:00:00,7.2210,7.5395,7.0391,7.4777,152304000
1569504600,2019-09-26 00:00:00,7.4551,7.4705,7.2328,7.4028,136214400
1569591000,2019-09-27 00:00:00,7.4337,7.4456,6.9714,7.1342,188492000
1569850200,2019-09-30 00:00:00,7.2019,7.3588,7.1639,7.3244,117103200
1569936600,2019-10-01 00:00:00,7.4064,7.5288,7.1092,7.1473,158454400
1570023000,2019-10-02 00:00:00,7.0035,7.0035,6.6576,6.7812,270824000
1570109400,2019-10-03 00:00:00,6.7765,7.0082,6.5257,7.0047,240521600
1570195800,2019-10-04 00:00:00,7.0962,7.3303,7.0819,7.2994,168977600
1570455000,2019-10-07 00:00:00,7.2328,7.4075,7.1948,7.2317,162530400
1570541400,2019-10-08 00:00:00,7.0879,7.1877,6.8930,6.9025,235405600
1570627800,2019-10-09 00:00:00,7.0831,7.2031,7.0189,7.1116,152269600
1570714200,2019-10-10 00:00:00,7.1128,7.3529,7.0926,7.2673,176239200
1570800600,2019-10-11 00:00:00,7.5133,7.7249,7.5038,7.5395,222509600
1571059800,2019-10-14 00:00:00,7.5169,7.6191,7.4943,7.5478,91493600
1571146200,2019-10-15 00:00:00,7.6155,7.8853,7.6024,7.8342,140721600
1571232600,2019-10-16 00:00:00,7.7510,7.8330,7.6999,7.7760,117193600
1571319000,2019-10-17 00:00:00,7.9103,7.9459,7.7415,7.8294,121839200
1571405400,2019-10-18 00:00:00,7.7985,7.8473,7.4860,7.6048,154444000
1571664600,2019-10-21 00:00:00,7.7284,7.8223,7.6571,7.8057,94176000
1571751000,2019-10-22 00:00:00,7.8865,7.9305,7.6155,7.6250,125023200
1571837400,2019-10-23 00:00:00,7.5716,7.6666,7.5347,7.6607,96905600
1571923800,2019-10-24 00:00:00,7.8283,7.8960,7.7213,7.8805,122484800
1572010200,2019-10-25 00:00:00,7.7593,8.0802,7.7546,8.0600,129177600
1572269400,2019-10-28 00:00:00,8.1836,8.3393,8.1836,8.3060,111596000
1572355800,2019-10-29 00:00:00,8.2656,8.3013,8.1087,8.1147,107028000
1572442200,2019-10-30 00:00:00,8.1574,8.2692,8.0184,8.2288,118984800
1572528600,2019-10-31 00:00:00,8.2917,8.3096,8.0945,8.2347,123296000
1572615000,2019-11-01 00:00:00,8.3440,8.4605,8.3060,8.4581,115052800
1572877800,2019-11-04 00:00:00,8.6293,8.6720,8.5710,8.6091,99926400
1572964200,2019-11-05 00:00:00,8.6483,8.6732,8.5437,8.6198,103229600
1573050600,2019-11-06 00:00:00,8.5984,8.6019,8.4439,8.5651,115329600
1573137000,2019-11-07 00:00:00,8.7006,8.8182,8.5770,8.6518,125719200
1573223400,2019-11-08 00:00:00,8.6007,8.7576,8.5366,8.7540,81607200
1573482600,2019-11-11 00:00:00,8.6245,8.7303,8.5865,8.7172,76092800
1573569000,2019-11-12 00:00:00,8.7374,8.8800,8.6994,8.7885,128692000
1573655400,2019-11-13 00:00:00,8.7029,8.8218,8.6827,8.7754,111758400
1573741800,2019-11-14 00:00:00,8.6982,8.7909,8.6174,8.7731,106651200
1573828200,2019-11-15 00:00:00,8.9264,8.9537,8.8491,8.9383,90586400
1574087400,2019-11-18 00:00:00,8.9264,9.0298,8.8158,8.9846,96696000
1574173800,2019-11-19 00:00:00,9.0880,9.0880,8.9240,9.0214,112120000
1574260200,2019-11-20 00:00:00,8.9549,9.0357,8.6542,8.8634,150380000
1574346600,2019-11-21 00:00:00,8.8325,8.8479,8.7172,8.7945,90659200
1574433000,2019-11-22 00:00:00,8.8610,8.8788,8.6720,8.8182,83668000
1574692200,2019-11-25 00:00:00,8.9276,9.1296,8.9252,9.1237,80078400
1574778600,2019-11-26 00:00:00,9.1403,9.2116,9.1034,9.1783,83690400
1574865000,2019-11-27 00:00:00,9.2437,9.3673,9.2128,9.3637,81556800
1575037800,2019-11-29 00:00:00,9.2948,9.3376,9.2223,9.2389,53796000
1575297000,2019-12-02 00:00:00,9.2389,9.2449,8.7980,8.9418,151815200
1575383400,2019-12-03 00:00:00,8.5924,8.7505,8.4510,8.7410,156052000
1575469800,2019-12-04 00:00:00,8.8765,8.9335,8.8349,8.8705,87659200
1575556200,2019-12-05 00:00:00,8.9632,8.9644,8.7909,8.9169,89080800
1575642600,2019-12-06 00:00:00,9.1130,9.2247,9.0963,9.1926,92941600
1575901800,2019-12-09 00:00:00,9.1617,9.2853,9.0702,9.0797,77928800
1575988200,2019-12-10 00:00:00,9.0856,9.1843,8.9941,9.0595,112048000
1576074600,2019-12-11 00:00:00,9.1130,9.2259,9.0749,9.1961,90596000
1576161000,2019-12-12 00:00:00,9.1664,9.5075,9.1296,9.4065,183164000
1576247400,2019-12-13 00:00:00,9.3839,9.5931,9.3245,9.4909,160996000
1576506600,2019-12-16 00:00:00,9.6763,9.8129,9.6691,9.7630,99388000
1576593000,2019-12-17 00:00:00,9.8129,9.8391,9.7452,9.7761,84548800
1576679400,2019-12-18 00:00:00,9.8225,9.8973,9.7856,9.7987,71408000
1576765800,2019-12-19 00:00:00,9.8236,10.0043,9.8236,9.9983,83384800
1576852200,2019-12-20 00:00:00,10.1291,10.1635,10.0542,10.1172,99548000
1577111400,2019-12-23 00:00:00,10.2230,10.2420,10.1695,10.1921,72427200
1577197800,2019-12-24 00:00:00,10.2183,10.2326,10.1351,10.2053,39898400
1577370600,2019-12-26 00:00:00,10.2516,10.4751,10.2516,10.4704,64258400
1577457000,2019-12-27 00:00:00,10.5821,10.5881,10.3610,10.4395,99750400
1577716200,2019-12-30 00:00:00,10.4300,10.4454,10.0816,10.2314,112905600
1577802600,2019-12-31 00:00:00,10.1411,10.3146,10.0887,10.2897,84380000
1577975400,2020-01-02 00:00:00,10.5465,10.7997,10.4882,10.7997,131072000
1578061800,2020-01-03 00:00:00,10.3776,10.6998,10.3717,10.5060,145180000
1578321000,2020-01-06 00:00:00,10.2564,10.7093,10.2183,10.7058,128095200
1578407400,2020-01-07 00:00:00,10.7165,10.7926,10.6000,10.6927,107699200
1578493800,2020-01-08 00:00:00,10.6951,11.0898,10.6440,10.9388,159164800
1578580200,2020-01-09 00:00:00,11.2027,11.2776,11.0232,11.2146,145423200
1578666600,2020-01-10 00:00:00,11.3406,11.3501,11.0719,11.1231,137604000
1578925800,2020-01-13 00:00:00,11.2622,11.5178,11.2122,11.5118,116558400
1579012200,2020-01-14 00:00:00,11.4821,11.5499,11.3204,11.3775,145737600
1579098600,2020-01-15 00:00:00,11.3870,11.5475,11.2729,11.3846,133003200
1579185000,2020-01-16 00:00:00,11.5451,11.7092,11.4762,11.7020,121100800
1579271400,2020-01-17 00:00:00,11.8542,11.9053,11.6818,11.8768,144402400
1579617000,2020-01-21 00:00:00,11.7734,11.9493,11.7651,11.8709,138882400
1579703400,2020-01-22 00:00:00,12.0349,12.1609,11.9101,11.9517,136148800
1579789800,2020-01-23 00:00:00,11.9279,12.0777,11.7662,12.0623,143588800
1579876200,2020-01-24 00:00:00,12.2335,12.2703,11.5927,11.7496,239374400
1580135400,2020-01-27 00:00:00,10.9673,11.2170,10.7212,11.0232,198626400
1580221800,2020-01-28 00:00:00,11.2527,11.6117,11.1730,11.5356,171862400
1580308200,2020-01-29 00:00:00,11.7258,11.7651,11.4345,11.5772,137877600
1580394600,2020-01-30 00:00:00,11.3656,11.7223,11.2527,11.7080,200249600
1580481000,2020-01-31 00:00:00,11.8507,11.8590,11.0268,11.1326,220384000
1580740200,2020-02-03 00:00:00,11.3073,11.7294,11.2859,11.6438,173688000
1580826600,2020-02-04 00:00:00,12.1265,12.5129,12.0100,12.4391,140248800
1580913000,2020-02-05 00:00:00,12.9064,12.9087,12.3512,12.5830,174612000
1580999400,2020-02-06 00:00:00,12.6627,12.9040,12.5319,12.8897,113132800
1581085800,2020-02-07 00:00:00,12.7185,12.9361,12.6163,12.7233,154052000
1581345000,2020-02-10 00:00:00,12.5996,13.1858,12.5901,13.1822,123248800
1581431400,2020-02-11 00:00:00,13.3986,13.5377,13.0871,13.1917,193770400
1581517800,2020-02-12 00:00:00,13.4212,13.5947,13.3272,13.5781,121608000
1581604200,2020-02-13 00:00:00,13.2904,13.6839,13.2416,13.5258,155282400
1581690600,2020-02-14 00:00:00,13.5793,13.6708,13.4437,13.6173,113969600
1582036200,2020-02-18 00:00:00,13.4247,13.7231,13.3855,13.6411,130167200
1582122600,2020-02-19 00:00:00,13.8872,14.1238,13.8384,14.0358,105627200
1582209000,2020-02-20 00:00:00,13.9454,14.0263,13.1239,13.6363,227657600
1582295400,2020-02-21 00:00:00,13.4414,13.5032,12.6888,12.8564,207107200
1582554600,2020-02-24 00:00:00,11.4464,11.8388,11.1314,11.3751,269674400
1582641000,2020-02-25 00:00:00,11.6426,11.7591,10.3360,10.4549,300793600
1582727400,2020-02-26 00:00:00,10.6142,11.1433,10.3610,10.5988,335736000
1582813800,2020-02-27 00:00:00,9.7844,10.2730,8.9855,9.0140,425116000
1582900200,2020-02-28 00:00:00,8.1331,9.2054,8.0249,9.1543,494222400
1583159400,2020-03-02 00:00:00,9.4242,10.4311,9.0318,10.4038,363518400
1583245800,2020-03-03 00:00:00,10.5060,10.8782,9.1400,9.4242,548126400
1583332200,2020-03-04 00:00:00,9.9318,10.5988,9.6655,10.5679,315827200
1583418600,2020-03-05 00:00:00,9.7773,10.3146,9.4028,9.6405,386972000
1583505000,2020-03-06 00:00:00,8.6467,9.2827,8.4410,9.1353,393519200
1583760600,2020-03-09 00:00:00,7.3151,8.2210,7.2521,7.2794,406964800
1583847000,2020-03-10 00:00:00,8.0819,8.4327,7.2521,8.4124,456252800
1583933400,2020-03-11 00:00:00,7.8204,7.9928,7.0143,7.3306,430928000
1584019800,2020-03-12 00:00:00,5.8849,6.8360,5.2786,5.3214,618225600
1584106200,2020-03-13 00:00:00,6.2107,6.8134,5.3570,6.7575,556290400
1584365400,2020-03-16 00:00:00,4.8102,5.7779,4.3976,4.4285,658290400
1584451800,2020-03-17 00:00:00,4.6818,5.3666,4.2502,5.1502,762020800
1584538200,2020-03-18 00:00:00,4.3156,4.9338,3.8912,4.6734,848999200
1584624600,2020-03-19 00:00:00,4.6188,5.2405,4.2799,4.7816,804808800
1584711000,2020-03-20 00:00:00,5.1110,5.2072,4.1729,4.2217,782255200
1584970200,2020-03-23 00:00:00,4.2716,4.5177,3.8365,4.2348,820073600
1585056600,2020-03-24 00:00:00,4.9017,5.2001,4.7709,5.1787,829824000
1585143000,2020-03-25 00:00:00,5.2548,5.6876,4.8839,5.0586,834874400
1585229400,2020-03-26 00:00:00,5.2108,5.9443,5.1918,5.8825,649240000
1585315800,2020-03-27 00:00:00,5.4248,5.7458,5.2061,5.2714,557143200
1585575000,2020-03-30 00:00:00,5.4189,5.8706,5.3499,5.8255,416621600
1585661400,2020-03-31 00:00:00,5.7791,6.1262,5.5710,5.6638,731904000
1585747800,2020-04-01 00:00:00,5.1835,5.4355,4.8292,4.9612,535589600
1585834200,2020-04-02 00:00:00,4.8981,5.2714,4.8470,5.2548,467531200
1585920600,2020-04-03 00:00:00,5.2144,5.3475,4.8577,5.0432,554484000
1586179800,2020-04-06 00:00:00,5.6008,6.2047,5.5116,6.0989,518616800
1586266200,2020-04-07 00:00:00,6.6458,6.6921,6.0632,6.0870,658009600
1586352600,2020-04-08 00:00:00,6.2642,6.5388,6.0965,6.4758,518180000
1586439000,2020-04-09 00:00:00,6.6493,6.7433,6.3331,6.4996,553297600
1586784600,2020-04-13 00:00:00,6.4199,6.7623,6.3093,6.7254,426961600
1586871000,2020-04-14 00:00:00,7.1392,7.6563,7.0607,7.5981,490049600
1586957400,2020-04-15 00:00:00,7.2414,7.5362,7.0928,7.3460,431688000
1587043800,2020-04-16 00:00:00,7.5862,7.8549,7.3650,7.7395,562920000
1587130200,2020-04-17 00:00:00,8.0451,8.0962,7.6123,7.9333,463564800
1587389400,2020-04-20 00:00:00,7.7502,8.0261,7.6635,7.6765,386998400
1587475800,2020-04-21 00:00:00,7.4495,7.5053,6.6945,6.8277,519489600
1587562200,2020-04-22 00:00:00,7.2557,7.5683,7.1701,7.4316,274185600
1587648600,2020-04-23 00:00:00,7.5172,7.7978,7.3377,7.3829,424868000
1587735000,2020-04-24 00:00:00,7.4352,7.7752,7.2771,7.7395,317981600
1587994200,2020-04-27 00:00:00,7.9868,8.0356,7.8037,7.8905,304741600
1588080600,2020-04-28 00:00:00,8.1105,8.1117,7.4435,7.4637,386247200
1588167000,2020-04-29 00:00:00,7.9714,8.3661,7.8572,8.2401,346104000
1588253400,2020-04-30 00:00:00,8.3708,8.3780,8.0784,8.2947,380544800
1588339800,2020-05-01 00:00:00,7.7657,8.0023,7.4304,7.5505,346245600
1588599000,2020-05-04 00:00:00,7.4352,7.8382,7.3793,7.8168,200756000
1588685400,2020-05-05 00:00:00,8.0522,8.3482,7.9904,8.0665,288714400
1588771800,2020-05-06 00:00:00,8.2674,8.4564,8.1307,8.2258,311880800
1588858200,2020-05-07 00:00:00,8.5397,8.6490,8.3899,8.5468,289489600
1588944600,2020-05-08 00:00:00,8.7441,8.9106,8.6217,8.8916,262202400
1589203800,2020-05-11 00:00:00,8.7346,9.2613,8.7085,9.1127,269384000
1589290200,2020-05-12 00:00:00,9.2102,9.2886,8.5634,8.5706,339363200
1589376600,2020-05-13 00:00:00,8.6300,8.8511,7.9369,8.2460,491119200
1589463000,2020-05-14 00:00:00,8.0891,8.5230,7.8596,8.5194,402999200
1589549400,2020-05-15 00:00:00,8.1687,8.6906,8.1188,8.6657,357806400
1589808600,2020-05-18 00:00:00,9.0354,9.2970,8.9427,9.1674,296474400
1589895000,2020-05-19 00:00:00,9.1995,9.4598,9.0830,9.0972,261430400
1589981400,2020-05-20 00:00:00,9.4170,9.6905,9.4170,9.6298,285416000
1590067800,2020-05-21 00:00:00,9.6584,9.7392,9.2649,9.3338,322693600
1590154200,2020-05-22 00:00:00,9.2839,9.4503,9.1602,9.4182,209664800
1590499800,2020-05-26 00:00:00,9.8736,9.9057,9.3184,9.3790,245202400
1590586200,2020-05-27 00:00:00,9.2863,9.5157,8.7239,9.5110,347291200
1590672600,2020-05-28 00:00:00,9.3445,9.8926,9.3386,9.4503,303992800
1590759000,2020-05-29 00:00:00,9.5157,9.9057,9.3112,9.8403,358492800
1591018200,2020-06-01 00:00:00,9.7559,10.0150,9.7047,9.9615,209881600
1591104600,2020-06-02 00:00:00,10.0150,10.1708,9.7059,10.1601,250714400
1591191000,2020-06-03 00:00:00,10.2421,10.4014,10.1304,10.2980,215033600
1591277400,2020-06-04 00:00:00,10.2516,10.4478,9.9104,10.0887,266408800
1591363800,2020-06-05 00:00:00,10.2124,10.7628,10.1648,10.6867,281394400
1591623000,2020-06-08 00:00:00,10.6511,10.9471,10.4502,10.9245,218544800
1591709400,2020-06-09 00:00:00,10.8056,11.2919,10.7878,11.1682,213179200
1591795800,2020-06-10 00:00:00,11.4084,11.7960,11.3394,11.5713,302911200
1591882200,2020-06-11 00:00:00,11.0066,11.2003,9.8462,9.8676,383332000
1591968600,2020-06-12 00:00:00,10.4965,10.6582,9.5621,10.0816,411876800
1592227800,2020-06-15 00:00:00,9.6394,10.5429,9.5181,10.4371,398184800
1592314200,2020-06-16 00:00:00,11.1029,11.1896,10.4989,10.9887,383217600
1592400600,2020-06-17 00:00:00,11.1956,11.3490,10.9852,11.0957,258858400
1592487000,2020-06-18 00:00:00,11.0494,11.2182,10.9424,11.1813,212785600
1592573400,2020-06-19 00:00:00,11.5285,11.5594,10.9328,11.1659,289950400
1592832600,2020-06-22 00:00:00,11.1647,11.5974,11.1171,11.5629,220133600
1592919000,2020-06-23 00:00:00,11.8138,12.2002,11.7294,11.8649,234898400
1593005400,2020-06-24 00:00:00,11.7579,11.9446,10.9198,11.1659,392821600
1593091800,2020-06-25 00:00:00,11.1647,11.4987,10.7878,11.4619,301703200
1593178200,2020-06-26 00:00:00,11.4155,11.4488,10.5691,10.6380,375940800
1593437400,2020-06-29 00:00:00,10.6059,10.9887,10.2576,10.9780,259609600
1593523800,2020-06-30 00:00:00,10.9756,11.7080,10.9531,11.6093,251388800
1593610200,2020-07-01 00:00:00,11.6343,12.1823,11.5606,12.0242,252137600
1593696600,2020-07-02 00:00:00,12.3987,12.5866,12.2144,12.2798,228152000
1594042200,2020-07-06 00:00:00,12.7566,13.2654,12.7554,13.1822,211984000
1594128600,2020-07-07 00:00:00,13.1430,13.5721,12.8683,12.9230,246099200
1594215000,2020-07-08 00:00:00,13.1287,13.4271,12.8980,13.4200,239931200
1594301400,2020-07-09 00:00:00,13.7207,13.8705,13.0609,13.7552,317596000
1594387800,2020-07-10 00:00:00,13.7219,14.0822,13.3023,14.0465,242789600
1594647000,2020-07-13 00:00:00,14.5102,14.9738,13.0407,13.1786,374584800
1594733400,2020-07-14 00:00:00,12.7910,13.5198,12.2917,13.4580,459751200
1594819800,2020-07-15 00:00:00,13.6554,13.8170,13.0050,13.5246,367544000
1594906200,2020-07-16 00:00:00,13.0823,13.3581,12.7197,13.2345,299972000
1594992600,2020-07-17 00:00:00,13.3344,13.4390,12.9587,13.2963,231003200
1595251800,2020-07-20 00:00:00,13.4105,14.5316,13.2072,14.4281,251621600
1595338200,2020-07-21 00:00:00,14.6932,14.7028,13.8384,13.9668,294313600
1595424600,2020-07-22 00:00:00,14.0489,14.2819,13.7493,14.1285,227788800
1595511000,2020-07-23 00:00:00,14.0655,14.1761,12.7887,13.0217,336648800
1595597400,2020-07-24 00:00:00,12.4249,12.8588,12.0088,12.6365,357218400
1595856600,2020-07-27 00:00:00,12.9099,13.3807,12.7780,13.3153,267624000
1595943000,2020-07-28 00:00:00,13.2060,13.2809,12.7649,12.8148,238702400
1596029400,2020-07-29 00:00:00,13.0407,13.3879,12.9765,13.2511,194280800
1596115800,2020-07-30 00:00:00,12.9468,13.5495,12.7637,13.4663,302200000
1596202200,2020-07-31 00:00:00,14.1856,14.2070,13.4200,14.1927,359815200
1596461400,2020-08-03 00:00:00,14.5339,14.8763,14.5113,14.7218,217868000
1596547800,2020-08-04 00:00:00,14.6611,14.9346,14.5446,14.9132,211008000
1596634200,2020-08-05 00:00:00,14.9976,15.1070,14.8502,15.0321,162381600
1596720600,2020-08-06 00:00:00,14.9928,15.6848,14.8870,15.6075,192064000
1596807000,2020-08-07 00:00:00,15.5290,15.6717,14.7051,15.0975,296708000
1597066200,2020-08-10 00:00:00,15.1307,15.1712,14.2866,14.8942,254311200
1597152600,2020-08-11 00:00:00,14.6897,14.9144,13.9561,14.0489,310273600
1597239000,2020-08-12 00:00:00,14.3972,15.2603,14.3972,15.0998,221247200
1597325400,2020-08-13 00:00:00,15.2270,15.5956,15.0428,15.2056,234281600
1597411800,2020-08-14 00:00:00,15.2960,15.3590,14.9096,15.1617,199737600
1597671000,2020-08-17 00:00:00,15.4399,15.7359,15.4149,15.6622,126664800
1597757400,2020-08-18 00:00:00,15.8631,16.2162,15.6087,16.1223,149313600
1597843800,2020-08-19 00:00:00,16.1199,16.3125,15.7276,15.8072,205847200
1597930200,2020-08-20 00:00:00,15.6634,16.5479,15.5944,16.4575,152774400
1598016600,2020-08-21 00:00:00,16.4849,16.8831,16.3814,16.8011,164280000
1598275800,2020-08-24 00:00:00,17.3825,17.5430,16.6965,17.1126,251384000
1598362200,2020-08-25 00:00:00,16.9806,17.5299,16.8903,17.5121,172556800
1598448600,2020-08-26 00:00:00,17.7463,18.6712,17.7237,18.6332,219663200
1598535000,2020-08-27 00:00:00,18.8531,19.0065,18.0209,18.4643,302602400
1598621400,2020-08-28 00:00:00,18.6997,18.8709,18.4453,18.7497,198145600
1598880600,2020-08-31 00:00:00,18.8483,19.5617,18.7627,19.1836,180398400
1598967000,2020-09-01 00:00:00,19.7257,20.2072,19.3726,20.1799,193147200
1599053400,2020-09-02 00:00:00,20.8623,20.8849,19.5771,20.7493,289369600
1599139800,2020-09-03 00:00:00,19.8220,19.9017,16.9794,17.5632,443024800
1599226200,2020-09-04 00:00:00,17.2838,17.8687,14.7253,16.8392,561480800
1599571800,2020-09-08 00:00:00,14.8549,15.9273,14.3925,14.4590,426824800
1599658200,2020-09-09 00:00:00,15.3400,16.0735,14.9405,15.7014,290352000
1599744600,2020-09-10 00:00:00,16.2304,16.4528,14.4733,14.7931,465936800
1599831000,2020-09-11 00:00:00,15.0986,15.2401,13.8872,14.4697,385797600
1600090200,2020-09-14 00:00:00,15.0986,15.5516,14.8704,15.2152,269032800
1600176600,2020-09-15 00:00:00,15.8512,16.0997,15.5694,15.8619,300889600
1600263000,2020-09-16 00:00:00,15.9939,16.0878,15.0499,15.0998,306141600
1600349400,2020-09-17 00:00:00,13.9347,14.7372,13.7968,14.4043,446844800
1600435800,2020-09-18 00:00:00,14.6065,14.6766,13.1679,13.8480,463042400
1600695000,2020-09-21 00:00:00,13.2238,14.0227,12.8517,14.0120,375314400
1600781400,2020-09-22 00:00:00,14.4091,14.8763,13.8456,14.7777,315066400
1600867800,2020-09-23 00:00:00,14.7242,14.7598,13.2809,13.4093,405507200
1600954200,2020-09-24 00:00:00,13.0407,14.1131,12.9789,13.6054,375036000
1601040600,2020-09-25 00:00:00,13.6803,14.6897,13.4402,14.5589,324478400
1601299800,2020-09-28 00:00:00,15.3709,15.4553,14.9286,15.4220,273331200
1601386200,2020-09-29 00:00:00,15.3935,15.5552,15.1617,15.2603,221805600
1601472600,2020-09-30 00:00:00,15.2877,16.1116,15.2473,15.5623,338768000
1601559000,2020-10-01 00:00:00,16.2364,16.4147,15.9047,16.2911,278676000
1601645400,2020-10-02 00:00:00,15.2318,15.8869,14.7812,14.9477,399553600
1601904600,2020-10-05 00:00:00,15.2734,15.9427,15.2473,15.8904,210790400
1601991000,2020-10-06 00:00:00,15.7394,16.0640,14.8787,15.0368,345648800
1602077400,2020-10-07 00:00:00,15.4755,15.9439,15.3816,15.8274,225088800
1602163800,2020-10-08 00:00:00,16.2221,16.2412,15.8762,16.0604,197893600
1602250200,2020-10-09 00:00:00,16.3517,16.8094,16.2828,16.7750,195271200
1602509400,2020-10-12 00:00:00,17.6428,18.8709,17.4597,18.3395,294116800
1602595800,2020-10-13 00:00:00,18.6890,18.8234,18.0886,18.3419,283861600
1602682200,2020-10-14 00:00:00,18.5059,18.6890,17.5537,17.8889,296589600
1602768600,2020-10-15 00:00:00,17.0032,17.6416,16.8748,17.5192,249076800
1602855000,2020-10-16 00:00:00,17.8414,18.1029,17.1792,17.2505,228096800
1603114200,2020-10-19 00:00:00,17.6000,17.7748,16.2114,16.3933,277555200
1603200600,2020-10-20 00:00:00,16.5229,17.0484,16.2388,16.4991,274710400
1603287000,2020-10-21 00:00:00,16.5360,17.0020,16.3731,16.4563,242572800
1603373400,2020-10-22 00:00:00,16.6085,16.7631,15.8678,16.4647,239163200
1603459800,2020-10-23 00:00:00,16.5740,16.5764,16.0367,16.5610,191088000
1603719000,2020-10-26 00:00:00,16.1413,16.6418,15.1569,15.8060,317113600
1603805400,2020-10-27 00:00:00,15.9630,16.3113,15.7549,16.1793,223860000
1603891800,2020-10-28 00:00:00,15.3864,15.4838,14.2427,14.2807,369440000
1603978200,2020-10-29 00:00:00,14.4971,15.5100,14.4139,15.0071,276374400
1604064600,2020-10-30 00:00:00,14.6885,14.8288,13.4996,13.9633,461622400
1604327400,2020-11-02 00:00:00,14.2415,14.5149,13.5067,13.9680,302272000
1604413800,2020-11-03 00:00:00,14.2641,15.0285,14.1000,14.6707,269938400
1604500200,2020-11-04 00:00:00,16.1199,16.9580,15.8500,16.6537,338375200
1604586600,2020-11-05 00:00:00,17.7926,18.1362,17.5465,17.9389,300264800
1604673000,2020-11-06 00:00:00,17.8176,18.1386,17.1269,17.9995,270302400
1604932200,2020-11-09 00:00:00,18.5083,18.8293,16.8201,16.9010,331731200
1605018600,2020-11-10 00:00:00,16.3042,16.5550,15.4969,15.9891,337333600
1605105000,2020-11-11 00:00:00,16.4147,17.1423,16.3446,17.0638,253661600
1605191400,2020-11-12 00:00:00,17.2208,17.4669,16.6109,16.8142,286687200
1605277800,2020-11-13 00:00:00,17.0936,17.3670,16.7226,17.2553,209495200
1605537000,2020-11-16 00:00:00,17.2089,17.7153,17.0888,17.6523,213748800
1605623400,2020-11-17 00:00:00,17.6904,17.7570,17.3730,17.4895,182704000
1605709800,2020-11-18 00:00:00,17.3884,17.6844,17.0841,17.0841,154341600
1605796200,2020-11-19 00:00:00,16.9901,17.5584,16.8772,17.5073,159341600
1605882600,2020-11-20 00:00:00,17.4823,17.6274,17.1340,17.1518,129993600
1606141800,2020-11-23 00:00:00,17.3361,17.5644,16.7345,17.1554,179060800
1606228200,2020-11-24 00:00:00,17.3361,17.9555,17.0092,17.8568,156015200
1606314600,2020-11-25 00:00:00,18.0375,18.3098,17.8865,18.1933,128677600
1606487400,2020-11-27 00:00:00,18.5511,18.9113,18.4905,18.6902,92927200
1606746600,2020-11-30 00:00:00,18.7509,18.8769,17.9020,18.7865,184622400
1606833000,2020-12-01 00:00:00,19.2347,19.8482,19.0338,19.5248,169989600
1606919400,2020-12-02 00:00:00,19.2847,19.6687,18.9244,19.6033,146129600
1607005800,2020-12-03 00:00:00,19.6508,19.9956,19.5391,19.6829,157461600
1607092200,2020-12-04 00:00:00,19.6877,19.9540,19.5581,19.9243,127088000
1607351400,2020-12-07 00:00:00,19.9611,20.3321,19.9255,20.2619,124028000
1607437800,2020-12-08 00:00:00,20.1692,20.5294,19.8078,20.4474,133925600
1607524200,2020-12-09 00:00:00,20.4295,20.4795,18.8578,19.0778,244878400
1607610600,2020-12-10 00:00:00,18.6700,19.5296,18.4584,19.3120,173346400
1607697000,2020-12-11 00:00:00,18.9803,19.2038,18.5345,19.1765,169819200
1607956200,2020-12-14 00:00:00,19.4059,19.9790,19.3988,19.5854,146684800
1608042600,2020-12-15 00:00:00,20.0420,20.2120,19.6068,20.1941,157417600
1608129000,2020-12-16 00:00:00,20.3023,20.7161,20.0895,20.5330,137590400
1608215400,2020-12-17 00:00:00,20.8825,21.0049,20.6376,20.9538,139275200
1608301800,2020-12-18 00:00:00,21.1096,21.1512,20.2738,20.7256,168756000
1608561000,2020-12-21 00:00:00,20.1597,20.7600,19.5783,20.6483,203596800
1608647400,2020-12-22 00:00:00,20.8409,21.0085,20.2322,20.8112,160330400
1608733800,2020-12-23 00:00:00,20.8100,20.8956,20.4700,20.4973,119434400
1608820200,2020-12-24 00:00:00,20.5567,20.8575,20.5342,20.7636,77065600
1609165800,2020-12-28 00:00:00,21.2998,21.4900,20.9277,21.3866,117052800
1609252200,2020-12-29 00:00:00,21.6790,21.8039,21.2582,21.4496,121142400
1609338600,2020-12-30 00:00:00,21.6909,21.7563,21.3129,21.4460,104807200
1609425000,2020-12-31 00:00:00,21.4318,21.6945,21.2011,21.6137,106708000
1609770600,2021-01-04 00:00:00,21.8847,21.9216,19.8339,20.6685,197472000
1609857000,2021-01-05 00:00:00,20.4818,21.2285,20.4818,21.1868,118712800
1609943400,2021-01-06 00:00:00,20.1989,21.2023,19.9992,20.3106,210730400
1610029800,2021-01-07 00:00:00,20.8492,21.9525,20.8468,21.7777,123695200
1610116200,2021-01-08 00:00:00,22.2687,22.6931,21.8039,22.6218,152815200
1610375400,2021-01-11 00:00:00,21.9715,22.2247,21.4960,21.6220,140325600
1610461800,2021-01-12 00:00:00,21.6517,21.8764,20.9717,21.5281,146031200
1610548200,2021-01-13 00:00:00,21.5863,22.1356,21.4591,21.9465,108750400
1610634600,2021-01-14 00:00:00,22.0535,22.2723,21.5138,21.6125,118236000
1610721000,2021-01-15 00:00:00,21.5673,21.7718,20.8147,21.0870,141692000
1611066600,2021-01-19 00:00:00,21.5720,22.1213,21.3521,22.0012,120967200
1611153000,2021-01-20 00:00:00,22.7918,23.7500,22.7145,23.5349,121736000
1611239400,2021-01-21 00:00:00,23.8368,24.2862,23.5396,24.1198,92168400
1611325800,2021-01-22 00:00:00,23.8749,24.1388,23.7489,23.9010,81878800
1611585000,2021-01-25 00:00:00,24.6714,24.9829,23.0165,24.5644,153170400
1611671400,2021-01-26 00:00:00,24.6619,24.8664,24.2957,24.5906,90968800
1611757800,2021-01-27 00:00:00,24.0770,24.0865,22.1130,22.6075,188900800
1611844200,2021-01-28 00:00:00,22.8001,24.0152,22.6717,22.9404,90021600
1611930600,2021-01-29 00:00:00,22.5647,22.8073,21.1024,21.5114,184278400
1612189800,2021-02-01 00:00:00,22.2438,23.3090,21.8134,23.0926,105659600
1612276200,2021-02-02 00:00:00,23.7512,24.4812,23.7203,24.2101,92746400
1612362600,2021-02-03 00:00:00,24.7118,24.7832,23.9319,23.9319,95172000
1612449000,2021-02-04 00:00:00,24.2625,24.7998,23.9557,24.7784,72808800
1612535400,2021-02-05 00:00:00,25.0138,25.2730,24.6262,25.0376,86615200
1612794600,2021-02-08 00:00:00,25.4323,25.5726,25.0495,25.5274,76994800
1612881000,2021-02-09 00:00:00,25.3182,25.8151,25.3182,25.5155,65768800
1612967400,2021-02-10 00:00:00,25.8650,25.9649,24.6001,25.3348,123548000
1613053800,2021-02-11 00:00:00,25.7176,25.8555,25.1945,25.7438,98860000
1613140200,2021-02-12 00:00:00,25.5797,26.2265,25.3087,26.1813,77471600
1613485800,2021-02-16 00:00:00,26.3834,26.5974,25.6986,25.9625,88663600
1613572200,2021-02-17 00:00:00,25.2587,25.6653,24.7309,25.6011,105986800
1613658600,2021-02-18 00:00:00,24.7428,25.4323,24.3195,25.2563,110202000
1613745000,2021-02-19 00:00:00,25.5940,25.6035,24.6952,24.9235,93377200
1614004200,2021-02-22 00:00:00,23.9058,24.2054,22.9452,22.9927,132734800
1614090600,2021-02-23 00:00:00,21.8229,23.1497,20.5484,22.7883,199274800
1614177000,2021-02-24 00:00:00,22.1700,23.4136,21.6137,23.3375,123042000
1614263400,2021-02-25 00:00:00,22.7359,23.3185,20.5556,20.9003,237792000
1614349800,2021-02-26 00:00:00,21.4924,22.1510,20.5080,21.2142,209318400
1614609000,2021-03-01 00:00:00,22.1986,23.1378,21.9204,23.0641,133707200
1614695400,2021-03-02 00:00:00,23.1925,23.2281,21.8990,21.9584,151693200
1614781800,2021-03-03 00:00:00,21.7254,21.9228,20.0325,20.0539,231542400
1614868200,2021-03-04 00:00:00,19.9659,20.6007,18.2801,19.0623,432037200
1614954600,2021-03-05 00:00:00,19.5664,20.0848,17.8402,19.9159,336656400
1615213800,2021-03-08 00:00:00,19.8018,20.1751,18.1350,18.2135,235731600
1615300200,2021-03-09 00:00:00,19.6092,20.7220,19.4808,20.3582,173429200
1615386600,2021-03-10 00:00:00,21.2237,21.2808,20.0467,20.1846,203371200
1615473000,2021-03-11 00:00:00,21.1666,21.9370,20.9574,21.5851,158935600
1615559400,2021-03-12 00:00:00,20.7268,21.0834,20.2274,21.0478,166590000
1615815000,2021-03-15 00:00:00,21.1167,21.7587,20.7767,21.7206,126701600
1615901400,2021-03-16 00:00:00,22.1938,22.8239,21.7801,22.0773,168770400
1615987800,2021-03-17 00:00:00,21.4282,22.7621,21.0692,22.3555,196370800
1616074200,2021-03-18 00:00:00,21.3069,21.5185,20.1989,20.3035,228253600
1616160600,2021-03-19 00:00:00,20.2702,20.8171,19.8303,20.5627,193286400
1616419800,2021-03-22 00:00:00,20.9931,22.0821,20.9931,21.6588,141101200
1616506200,2021-03-23 00:00:00,21.8871,22.1677,21.2023,21.3759,187780800
1616592600,2021-03-24 00:00:00,21.6588,21.6660,20.2702,20.2964,190483600
1616679000,2021-03-25 00:00:00,19.9302,20.4914,19.4142,20.1870,239874400
1616765400,2021-03-26 00:00:00,20.1442,21.1547,19.8613,21.0787,215060400
1617024600,2021-03-29 00:00:00,20.9812,21.2903,20.3820,21.0668,190589200
1617111000,2021-03-30 00:00:00,20.6744,20.8742,20.2013,20.7672,148349600
1617197400,2021-03-31 00:00:00,21.1119,22.0179,21.0454,21.6992,161968800
1617283800,2021-04-01 00:00:00,22.5029,22.8334,22.4506,22.8025,145087200
1617629400,2021-04-05 00:00:00,23.3518,24.3433,23.2947,24.1721,130539600
1617715800,2021-04-06 00:00:00,24.1008,24.5573,23.9462,24.1150,120606800
1617802200,2021-04-07 00:00:00,24.0223,24.4860,23.8012,24.2934,98987200
1617888600,2021-04-08 00:00:00,24.9472,25.0947,24.7523,25.0519,113619200
1617975000,2021-04-09 00:00:00,24.7332,25.5512,24.5668,25.5060,129438400
1618234200,2021-04-12 00:00:00,25.2754,25.4989,24.9615,25.4061,109632000
1618320600,2021-04-13 00:00:00,25.7699,26.3929,25.7081,26.2764,115022000
1618407000,2021-04-14 00:00:00,26.3430,26.3763,25.1470,25.3538,161227600
1618493400,2021-04-15 00:00:00,26.0053,26.5760,25.9744,26.4737,120798000
1618579800,2021-04-16 00:00:00,26.6093,26.6283,26.1314,26.5855,117488000
1618839000,2021-04-19 00:00:00,26.1908,26.4809,25.3824,25.8603,159168000
1618925400,2021-04-20 00:00:00,25.6915,25.9934,24.8212,25.2944,158283600
1619011800,2021-04-21 00:00:00,24.9663,25.9721,24.7332,25.9340,111057200
1619098200,2021-04-22 00:00:00,25.8389,26.0672,24.7142,24.9900,174848400
1619184600,2021-04-23 00:00:00,25.1375,26.2312,25.1375,25.9316,107686000
1619443800,2021-04-26 00:00:00,25.9911,26.5047,25.8104,26.4452,99976800
1619530200,2021-04-27 00:00:00,26.5047,26.5522,25.8627,26.0981,119312800
1619616600,2021-04-28 00:00:00,26.0101,26.2502,25.6725,25.8294,118950000
1619703000,2021-04-29 00:00:00,26.5974,26.6854,25.3419,26.0886,148124400
1619789400,2021-04-30 00:00:00,25.5108,26.1076,25.3681,25.5987,118440400
1620048600,2021-05-03 00:00:00,25.8603,26.0339,25.0685,25.1803,134222000
1620135000,2021-05-04 00:00:00,24.5977,24.6548,22.9333,23.8535,211234000
1620221400,2021-05-05 00:00:00,24.2624,24.4550,23.3970,23.5753,136429200
1620307800,2021-05-06 00:00:00,23.5087,24.1293,23.0141,24.0913,169663200
1620394200,2021-05-07 00:00:00,24.7214,25.2231,24.4360,24.6809,158706800
1620653400,2021-05-10 00:00:00,24.3695,24.4099,22.7692,22.8263,184214800
1620739800,2021-05-11 00:00:00,21.5399,22.8834,21.3997,22.7122,228806800
1620826200,2021-05-12 00:00:00,21.6422,22.1486,20.7624,20.9836,236158000
1620912600,2021-05-13 00:00:00,21.5423,22.0345,20.9408,21.4258,208602000
1620999000,2021-05-14 00:00:00,22.0844,23.0379,21.9751,22.8192,144263200
1621258200,2021-05-17 00:00:00,22.4720,22.6266,21.8110,22.4340,138542400
1621344600,2021-05-18 00:00:00,22.6385,22.8929,21.9204,21.9632,131684000
1621431000,2021-05-19 00:00:00,20.8409,22.1106,20.7648,22.0440,191889600
1621517400,2021-05-20 00:00:00,22.3674,23.5063,22.3103,23.3185,139226400
1621603800,2021-05-21 00:00:00,23.6680,23.7608,22.8525,22.9333,128133200
1621863000,2021-05-24 00:00:00,23.4326,24.3338,23.3542,24.0817,92181600
1621949400,2021-05-25 00:00:00,24.4313,24.5953,23.9272,24.1982,106728800
1622035800,2021-05-26 00:00:00,24.3385,24.5478,24.1864,24.4432,78034800
1622122200,2021-05-27 00:00:00,24.3409,24.5288,24.1198,24.1578,83216800
1622208600,2021-05-28 00:00:00,24.4384,24.7523,24.3243,24.3932,81857200
1622554200,2021-06-01 00:00:00,24.6928,24.7998,23.8463,24.1555,103863600
1622640600,2021-06-02 00:00:00,24.2411,24.4836,23.9034,24.2815,83178800
1622727000,2021-06-03 00:00:00,23.6561,23.9367,23.1544,23.5182,121032000
1622813400,2021-06-04 00:00:00,23.9272,24.8212,23.9034,24.7237,91175200
1623072600,2021-06-07 00:00:00,24.5930,24.9591,24.4455,24.9425,62193200
1623159000,2021-06-08 00:00:00,25.3419,25.5417,24.5930,24.9710,92944400
1623245400,2021-06-09 00:00:00,25.2896,25.4703,24.9496,24.9996,77803600
1623331800,2021-06-10 00:00:00,25.0685,25.7985,24.9663,25.7652,117206800
1623418200,2021-06-11 00:00:00,25.7795,25.9744,25.6225,25.9697,68338800
1623677400,2021-06-14 00:00:00,26.0695,26.7187,25.7985,26.6973,90823200
1623763800,2021-06-15 00:00:00,26.6354,26.7115,26.0267,26.2027,90108000
1623850200,2021-06-16 00:00:00,26.3026,26.5522,25.0899,25.9221,157778000
1623936600,2021-06-17 00:00:00,25.6701,27.1253,25.6629,26.8899,144323600
1624023000,2021-06-18 00:00:00,26.4904,26.7686,26.0790,26.2479,142894400
1624282200,2021-06-21 00:00:00,26.3049,26.8209,25.7723,26.7282,107708400
1624368600,2021-06-22 00:00:00,26.7044,27.5937,26.6235,27.4748,103578800
1624455000,2021-06-23 00:00:00,27.4795,27.8100,27.3274,27.5223,93996800
1624541400,2021-06-24 00:00:00,27.9955,28.4116,27.8647,28.0288,93672400
1624627800,2021-06-25 00:00:00,28.1738,28.2357,27.7839,27.9408,86993200
1624887000,2021-06-28 00:00:00,28.2404,28.9799,28.2333,28.9300,88787600
1624973400,2021-06-29 00:00:00,28.9038,29.2652,28.6922,29.2557,74560000
1625059800,2021-06-30 00:00:00,29.2200,29.3175,28.9728,29.1273,80546800
1625146200,2021-07-01 00:00:00,29.0274,29.2795,28.6874,29.1416,83834800
1625232600,2021-07-02 00:00:00,29.6361,30.2330,29.5743,30.1307,93502000
1625578200,2021-07-06 00:00:00,30.3043,30.6158,29.6029,30.5349,109599600
1625664600,2021-07-07 00:00:00,31.1246,31.2007,30.2211,30.7299,115275600
1625751000,2021-07-08 00:00:00,29.4103,30.4018,29.0655,30.1973,152524400
1625837400,2021-07-09 00:00:00,30.0261,30.8631,29.8715,30.7085,92875600
1626096600,2021-07-12 00:00:00,31.1008,31.2173,30.6871,31.0937,87126000
1626183000,2021-07-13 00:00:00,31.0010,31.8783,30.8654,31.0770,119450000
1626269400,2021-07-14 00:00:00,31.7095,31.8807,31.0414,31.2459,136042800
1626355800,2021-07-15 00:00:00,31.2459,31.2863,30.0689,30.5991,137192800
1626442200,2021-07-16 00:00:00,30.8298,31.0794,29.7622,29.8478,127402800
1626701400,2021-07-19 00:00:00,28.9632,29.2462,28.4544,29.1321,202286400
1626787800,2021-07-20 00:00:00,29.3508,30.5064,28.9014,30.0927,121544800
1626874200,2021-07-21 00:00:00,30.0332,30.8131,29.9595,30.7798,81763200
1626960600,2021-07-22 00:00:00,30.8749,31.4337,30.8726,31.4266,94957600
1627047000,2021-07-23 00:00:00,31.7904,32.6012,31.4551,32.4704,103898400
1627306200,2021-07-26 00:00:00,32.3420,32.7106,32.1090,32.6059,85977600
1627392600,2021-07-27 00:00:00,32.5346,32.5346,30.3946,31.5407,178782000
1627479000,2021-07-28 00:00:00,31.8284,32.3040,31.2126,31.8855,143940400
1627565400,2021-07-29 00:00:00,31.7381,32.3658,31.7357,32.0424,88638400
1627651800,2021-07-30 00:00:00,30.9938,31.7072,30.9748,31.5621,113118800
1627911000,2021-08-02 00:00:00,31.9901,32.1447,31.3909,31.5526,109120000
1627997400,2021-08-03 00:00:00,31.7286,32.1470,30.8749,32.1019,126835600
1628083800,2021-08-04 00:00:00,32.1209,32.5180,31.8142,32.2612,96856800
1628170200,2021-08-05 00:00:00,32.4704,32.9269,32.2897,32.8675,77340400
1628256600,2021-08-06 00:00:00,32.5251,32.7962,32.1375,32.4395,86306000
1628515800,2021-08-09 00:00:00,32.5536,32.7605,32.2612,32.6131,68421600
1628602200,2021-08-10 00:00:00,32.7581,32.8390,31.7951,32.1256,106162400
1628688600,2021-08-11 00:00:00,32.4561,32.5869,31.5859,31.9521,93188000
1628775000,2021-08-12 00:00:00,31.8165,32.3848,31.4432,32.2850,79490800
1628861400,2021-08-13 00:00:00,32.3800,32.7201,32.2493,32.6083,73289600
1629120600,2021-08-16 00:00:00,32.3230,32.6773,31.2673,32.6654,122458400
1629207000,2021-08-17 00:00:00,31.9116,32.1827,31.1413,31.8070,166395200
1629293400,2021-08-18 00:00:00,31.6477,32.0329,30.7941,30.8821,130084800
1629379800,2021-08-19 00:00:00,30.3732,31.7666,30.3043,31.3220,163247600
1629466200,2021-08-20 00:00:00,31.6120,32.4015,31.5241,32.2897,125082400
1629725400,2021-08-23 00:00:00,32.5822,33.9303,32.5750,33.7282,96532400
1629811800,2021-08-24 00:00:00,33.9089,34.2252,33.7805,34.0611,72686800
1629898200,2021-08-25 00:00:00,34.1182,34.3346,33.9137,34.0992,76127200
1629984600,2021-08-26 00:00:00,33.9232,34.1229,33.3930,33.5214,107004800
1630071000,2021-08-27 00:00:00,33.6902,34.6199,33.5594,34.5010,92320000
1630330200,2021-08-30 00:00:00,34.7150,35.7897,34.7031,35.6447,91270400
1630416600,2021-08-31 00:00:00,35.7184,35.7374,35.1168,35.5448,91796000
1630503000,2021-09-01 00:00:00,35.8634,36.3366,35.6827,35.7398,95568000
1630589400,2021-09-02 00:00:00,36.1297,36.2225,35.3332,35.6899,95038400
1630675800,2021-09-03 00:00:00,35.3570,36.1274,35.3475,36.0109,93201200
1631021400,2021-09-07 00:00:00,36.0346,36.3509,35.7041,36.1583,90370800
1631107800,2021-09-08 00:00:00,36.0965,36.1060,35.1216,35.7874,126846000
1631194200,2021-09-09 00:00:00,35.8397,36.1654,35.3308,35.4045,110573600
1631280600,2021-09-10 00:00:00,35.9039,36.1060,34.5034,34.6080,138435600
1631539800,2021-09-13 00:00:00,35.2595,35.3760,33.9446,34.5295,155549200
1631626200,2021-09-14 00:00:00,34.9409,35.1573,33.9589,34.2323,119258400
1631712600,2021-09-15 00:00:00,34.3560,35.0859,33.7068,34.9908,111785200
1631799000,2021-09-16 00:00:00,34.6080,35.2215,34.0587,35.0598,105230800
1631885400,2021-09-17 00:00:00,34.9290,34.9361,33.5166,33.8210,154650400
1632144600,2021-09-20 00:00:00,32.1993,32.6844,30.4351,31.7404,243827200
1632231000,2021-09-21 00:00:00,32.1898,32.5156,31.5264,31.7809,143401200
1632317400,2021-09-22 00:00:00,32.0662,33.1053,31.7690,32.7106,175338800
1632403800,2021-09-23 00:00:00,33.0292,33.8994,32.8532,33.6189,138739200
1632490200,2021-09-24 00:00:00,32.9840,33.8233,32.8841,33.7140,109550400
1632749400,2021-09-27 00:00:00,32.8627,33.1457,32.1946,32.9008,156710800
1632835800,2021-09-28 00:00:00,31.6572,31.8356,29.9762,30.1569,297646000
1632922200,2021-09-29 00:00:00,30.4256,30.9796,29.7931,29.9571,195061200
1633008600,2021-09-30 00:00:00,30.3827,30.8012,29.5030,29.6195,234624000
1633095000,2021-10-01 00:00:00,29.7812,30.4374,28.7326,30.1592,208708000
1633354200,2021-10-04 00:00:00,29.7455,29.8383,27.6935,28.3046,257236000
1633440600,2021-10-05 00:00:00,28.5257,29.9595,28.4663,29.3936,162612800
1633527000,2021-10-06 00:00:00,28.5947,30.0356,28.3569,29.9738,234990800
1633613400,2021-10-07 00:00:00,30.7489,31.4670,30.6086,30.7846,150815200
1633699800,2021-10-08 00:00:00,31.0699,31.1294,30.1902,30.3114,157132000
1633959000,2021-10-11 00:00:00,29.9262,30.8369,29.6124,29.6385,136215200
1634045400,2021-10-12 00:00:00,29.9999,30.1069,29.1535,29.3365,174403600
1634131800,2021-10-13 00:00:00,29.9072,30.1854,29.3889,30.0237,140921200
1634218200,2021-10-14 00:00:00,30.9368,31.7309,30.7679,31.6810,121750000
1634304600,2021-10-15 00:00:00,32.0044,32.3016,31.7238,32.2683,102858000
1634563800,2021-10-18 00:00:00,31.9212,33.2931,31.7618,33.2360,100876400
1634650200,2021-10-19 00:00:00,33.5356,34.0088,33.3549,33.9660,106450800
1634736600,2021-10-20 00:00:00,34.1182,34.2918,33.4500,33.8590,118709600
1634823000,2021-10-21 00:00:00,33.6307,34.5272,33.5570,34.4653,92100400
1634909400,2021-10-22 00:00:00,34.1134,34.3964,33.1362,33.5927,140248400
1635168600,2021-10-25 00:00:00,33.9993,34.8886,33.4596,34.6009,118951600
1635255000,2021-10-26 00:00:00,35.2666,35.9514,34.6318,34.9242,167975600
1635341400,2021-10-27 00:00:00,35.0859,36.0751,35.0146,35.2001,145068000
1635427800,2021-10-28 00:00:00,35.7398,36.4389,35.5234,36.3556,130737600
1635514200,2021-10-29 00:00:00,35.4735,36.9501,35.3760,36.8930,134514400
1635773400,2021-11-01 00:00:00,37.0452,37.3139,36.4222,37.2568,130045600
1635859800,2021-11-02 00:00:00,37.0999,37.8940,37.0832,37.7537,120171200
1635946200,2021-11-03 00:00:00,37.8869,39.0710,37.5849,38.9521,145210400
1636032600,2021-11-04 00:00:00,39.3349,40.7426,39.1685,40.4049,160879600
1636119000,2021-11-05 00:00:00,41.0065,41.2918,40.1196,40.5547,170505600
1636381800,2021-11-08 00:00:00,40.5405,40.8733,40.1981,40.3883,112919600
1636468200,2021-11-09 00:00:00,40.7188,40.8472,39.1305,39.5561,176237600
1636554600,2021-11-10 00:00:00,38.6906,39.5656,37.2116,37.8227,193953600
1636641000,2021-11-11 00:00:00,38.6977,38.7548,38.0201,38.1294,115438000
1636727400,2021-11-12 00:00:00,38.4742,39.4871,37.9844,39.3397,127640800
1636986600,2021-11-15 00:00:00,39.6869,39.7820,38.5408,39.3278,139458400
1637073000,2021-11-16 00:00:00,39.0639,40.2813,39.0092,40.1410,103181600
1637159400,2021-11-17 00:00:00,40.2337,40.8234,39.8961,40.1885,115936000
1637245800,2021-11-18 00:00:00,40.8210,41.5867,40.1291,41.4178,173683200
1637332200,2021-11-19 00:00:00,41.9505,42.5306,41.6865,42.1193,129214400
1637591400,2021-11-22 00:00:00,42.6305,43.5982,40.6261,40.6593,179044800
1637677800,2021-11-23 00:00:00,40.2908,40.9375,38.7072,40.1053,226025600
1637764200,2021-11-24 00:00:00,39.3064,40.5547,38.5978,40.4763,198241600
1637937000,2021-11-26 00:00:00,39.6559,40.0982,37.7395,38.2436,177682400
1638196200,2021-11-29 00:00:00,39.5180,40.9352,39.3112,40.6189,158932000
1638282600,2021-11-30 00:00:00,40.3455,41.0849,38.2126,38.8737,302586000
1638369000,2021-12-01 00:00:00,40.1505,40.8068,36.7289,36.8787,302551200
1638455400,2021-12-02 00:00:00,36.4793,38.1675,36.0584,37.5730,396432800
1638541800,2021-12-03 00:00:00,38.0438,38.3482,34.4606,35.6851,480573600
1638801000,2021-12-06 00:00:00,35.8064,36.9215,34.6032,36.5197,304828000
1638887400,2021-12-07 00:00:00,38.4647,40.0126,38.4576,39.8129,270578400
1638973800,2021-12-08 00:00:00,39.9199,40.4216,39.3445,40.3669,205243600
1639060200,2021-12-09 00:00:00,39.9817,40.5428,38.5194,38.6240,212802000
1639146600,2021-12-10 00:00:00,39.4158,39.9056,38.4671,39.8200,203075200
1639405800,2021-12-13 00:00:00,39.8200,39.9199,37.9915,38.1080,179145200
1639492200,2021-12-14 00:00:00,36.6457,37.4637,35.6257,36.9738,230933600
1639578600,2021-12-15 00:00:00,36.8455,39.5347,35.6732,39.4205,269061200
1639665000,2021-12-16 00:00:00,39.7106,39.8557,35.8920,36.4127,296220000
1639751400,2021-12-17 00:00:00,35.3879,37.0428,34.9528,35.8563,300020800
1640010600,2021-12-20 00:00:00,34.4820,35.0122,33.8828,34.7840,241866000
1640097000,2021-12-21 00:00:00,35.7041,37.1997,34.6460,37.1094,219124800
1640183400,2021-12-22 00:00:00,36.9929,38.5194,36.8122,38.4338,177222800
1640269800,2021-12-23 00:00:00,38.5598,39.7772,38.5122,39.3468,131308400
1640615400,2021-12-27 00:00:00,39.7296,41.2609,39.7082,41.2276,125963200
1640701800,2021-12-28 00:00:00,41.5534,41.6057,40.4287,40.7426,144825200
1640788200,2021-12-29 00:00:00,40.7331,41.1325,39.9341,40.6784,115494800
1640874600,2021-12-30 00:00:00,40.6047,41.2918,40.1291,40.2979,113271600
1640961000,2021-12-31 00:00:00,40.0958,40.5167,39.4015,39.5489,120497200
1641220200,2022-01-03 00:00:00,39.9056,40.7640,39.2612,40.6903,153010400
1641306600,2022-01-04 00:00:00,40.8567,40.8710,38.1366,39.1090,213296400
1641393000,2022-01-05 00:00:00,38.6097,38.9283,35.4283,35.5115,266490400
1641479400,2022-01-06 00:00:00,34.9599,36.3342,34.3393,35.4141,308453200
1641565800,2022-01-07 00:00:00,35.4045,35.8896,33.7639,34.2561,285426800
1641825000,2022-01-10 00:00:00,32.8960,34.4630,31.4099,34.3821,358434800
1641911400,2022-01-11 00:00:00,34.1039,35.9110,33.5356,35.8944,308653600
1641997800,2022-01-12 00:00:00,36.6100,37.0761,35.6376,36.3033,276742400
1642084200,2022-01-13 00:00:00,36.6790,36.8787,33.2979,33.6688,173531800
1642170600,2022-01-14 00:00:00,32.8556,34.2727,32.8128,34.1776,178451600
1642516200,2022-01-18 00:00:00,32.5703,33.1552,31.4147,31.7143,155320000
1642602600,2022-01-19 00:00:00,32.0329,32.6749,30.5112,30.6110,183284400
1642689000,2022-01-20 00:00:00,31.3957,32.4229,29.2462,29.4269,172197000
1642775400,2022-01-21 00:00:00,28.8277,29.4982,26.8685,26.9493,342054600
1643034600,2022-01-24 00:00:00,25.6083,27.4629,22.9071,27.3392,510169200
1643121000,2022-01-25 00:00:00,25.7509,26.7781,24.6096,25.3229,347498000
1643207400,2022-01-26 00:00:00,27.1015,27.9860,24.4289,25.2754,415676200
1643293800,2022-01-27 00:00:00,26.3454,26.7448,24.2720,24.5192,323528200
1643380200,2022-01-28 00:00:00,24.9187,26.8494,23.8250,26.8066,334032400
1643639400,2022-01-31 00:00:00,27.1300,29.5125,26.7353,29.4031,227502200
1643725800,2022-02-01 00:00:00,29.6837,30.1260,28.4045,29.9643,203691600
1643812200,2022-02-02 00:00:00,31.0152,31.0866,29.6504,30.6728,201630400
1643898600,2022-02-03 00:00:00,28.2095,29.0417,26.6877,26.9826,211150000
1643985000,2022-02-04 00:00:00,27.0444,28.7278,26.5784,27.9147,193068800
1644244200,2022-02-07 00:00:00,28.0906,28.6613,26.9731,27.2822,153912200
1644330600,2022-02-08 00:00:00,27.0111,28.4520,26.7401,28.2095,158593200
1644417000,2022-02-09 00:00:00,29.2747,29.9976,28.8943,29.9595,151075400
1644503400,2022-02-10 00:00:00,28.2047,29.9167,27.4867,27.9717,254286600
1644589800,2022-02-11 00:00:00,27.9527,28.3189,24.9948,25.3372,268511200
1644849000,2022-02-14 00:00:00,25.1565,26.1409,24.5858,25.4085,190125000
1644935400,2022-02-15 00:00:00,26.5498,27.3155,26.3216,27.2489,163444600
1645021800,2022-02-16 00:00:00,26.7591,27.4867,26.0125,27.2441,186181000
1645108200,2022-02-17 00:00:00,26.4595,26.6545,24.7142,24.8284,157671200
1645194600,2022-02-18 00:00:00,25.0091,25.1042,23.4493,23.9866,226165400
1645540200,2022-02-22 00:00:00,23.3209,24.4907,22.4506,23.2448,262876200
1645626600,2022-02-23 00:00:00,23.8915,24.0770,21.3854,21.4662,260920400
1645713000,2022-02-24 00:00:00,19.3833,23.7061,19.3120,23.5682,389734800
1645799400,2022-02-25 00:00:00,23.7774,24.7332,22.9452,24.6857,238372200
1646058600,2022-02-28 00:00:00,23.9961,25.2944,23.7393,24.9472,243401000
1646145000,2022-03-01 00:00:00,24.6904,25.1898,23.2305,23.7964,248145000
1646231400,2022-03-02 00:00:00,24.0960,25.2278,23.5016,24.9330,219495800
1646317800,2022-03-03 00:00:00,25.5607,25.5750,23.4778,23.8915,223888600
1646404200,2022-03-04 00:00:00,23.3827,23.6823,22.3508,22.8691,231391000
1646663400,2022-03-07 00:00:00,22.8501,23.0831,20.2726,20.3154,249752600
1646749800,2022-03-08 00:00:00,20.1585,21.8752,19.3881,20.0348,355936000
1646836200,2022-03-09 00:00:00,21.5899,22.4459,21.0905,22.1796,219074200
1646922600,2022-03-10 00:00:00,21.3521,21.6945,20.5389,21.4662,225574800
1647009000,2022-03-11 00:00:00,22.0369,22.0987,20.0158,20.1347,197814800
1647264600,2022-03-14 00:00:00,19.8827,20.5104,18.8127,18.9553,246265200
1647351000,2022-03-15 00:00:00,19.4356,20.8718,19.1360,20.7101,211407200
1647437400,2022-03-16 00:00:00,21.4757,23.0546,20.7767,23.0355,326175000
1647523800,2022-03-17 00:00:00,22.6313,23.8677,22.3698,23.8059,192061600
1647610200,2022-03-18 00:00:00,23.5206,25.3990,23.2686,25.2849,201569600
1647869400,2022-03-21 00:00:00,25.1375,25.6463,24.1436,25.1042,221094600
1647955800,2022-03-22 00:00:00,25.2373,26.7924,25.1422,26.5879,186689200
1648042200,2022-03-23 00:00:00,25.9459,26.7591,25.4418,25.4656,205499400
1648128600,2022-03-24 00:00:00,25.8841,27.1490,25.3990,27.1157,171150600
1648215000,2022-03-25 00:00:00,27.1252,27.3725,26.0838,27.0729,198789400
1648474200,2022-03-28 00:00:00,27.0682,28.3474,26.7876,28.3046,183407400
1648560600,2022-03-29 00:00:00,29.2557,29.9405,28.5995,29.7550,204013400
1648647000,2022-03-30 00:00:00,29.3318,29.7408,28.4378,28.8610,167818800
1648733400,2022-03-31 00:00:00,28.8372,28.9276,27.5342,27.6674,168098800
1648819800,2022-04-01 00:00:00,27.7863,27.9717,26.8209,27.5485,176162600
1649079000,2022-04-04 00:00:00,27.7625,29.2700,27.6912,29.2700,137515000
1649165400,2022-04-05 00:00:00,28.9228,29.0845,27.0397,27.3345,172097600
1649251800,2022-04-06 00:00:00,26.0695,26.3311,24.9187,25.5369,296859800
1649338200,2022-04-07 00:00:00,25.3134,26.1979,24.5288,25.7034,229654000
1649424600,2022-04-08 00:00:00,25.3087,25.4846,24.4907,24.6524,204182400
1649683800,2022-04-11 00:00:00,23.6965,23.9058,22.8025,22.9024,185914600
1649770200,2022-04-12 00:00:00,23.8535,24.2434,22.2984,22.6075,247928200
1649856600,2022-04-13 00:00:00,22.6646,24.1769,22.5077,23.9629,190084600
1649943000,2022-04-14 00:00:00,23.9771,24.0865,22.2699,22.3507,167843600
1650288600,2022-04-18 00:00:00,22.0987,22.8311,21.7896,22.4126,175525400
1650375000,2022-04-19 00:00:00,22.2224,23.9771,22.0226,23.8535,172372600
1650461400,2022-04-20 00:00:00,24.0485,24.1293,22.5600,22.7787,215629400
1650547800,2022-04-21 00:00:00,23.6062,24.1436,21.2047,21.4425,268626400
1650634200,2022-04-22 00:00:00,21.4234,21.6707,19.6306,19.7400,248824800
1650893400,2022-04-25 00:00:00,19.4071,20.5246,19.1693,20.4723,332878800
1650979800,2022-04-26 00:00:00,20.0776,20.1109,18.1184,18.1707,332263200
1651066200,2022-04-27 00:00:00,18.1517,19.1265,17.7712,18.0898,316698600
1651152600,2022-04-28 00:00:00,18.9411,20.3202,18.2040,20.0015,344698400
1651239000,2022-04-29 00:00:00,19.2074,19.8636,17.2148,17.3718,320116800
1651498200,2022-05-02 00:00:00,17.2386,18.2040,16.7060,18.1897,311905600
1651584600,2022-05-03 00:00:00,18.1612,18.6272,17.7379,18.2325,285565600
1651671000,2022-05-04 00:00:00,18.3038,20.1870,17.3718,20.0396,438806800
1651757400,2022-05-05 00:00:00,19.2597,19.2644,16.4159,17.0531,455552600
1651843800,2022-05-06 00:00:00,16.6870,17.3718,15.7406,16.4587,466794400
1652103000,2022-05-09 00:00:00,15.4838,15.8928,14.2712,14.5137,420419800
1652189400,2022-05-10 00:00:00,15.5599,15.7311,14.3996,15.0130,463579600
1652275800,2022-05-11 00:00:00,14.6707,15.5029,13.5388,13.6768,529531800
1652362200,2022-05-12 00:00:00,13.0443,14.2141,12.6924,13.5674,590993000
1652448600,2022-05-13 00:00:00,14.1951,15.2175,13.9716,15.0416,395948000
1652707800,2022-05-16 00:00:00,14.8038,15.1129,14.3520,14.5755,318388000
1652794200,2022-05-17 00:00:00,15.4220,15.7311,14.8561,15.6741,307981400
1652880600,2022-05-18 00:00:00,14.9607,15.0701,13.1679,13.3867,328105200
1652967000,2022-05-19 00:00:00,13.0966,13.8004,12.8588,13.1156,392015600
1653053400,2022-05-20 00:00:00,13.6244,13.7148,11.8554,13.0015,458111200
1653312600,2022-05-23 00:00:00,13.1489,13.7100,12.8208,13.6435,341040600
1653399000,2022-05-24 00:00:00,12.9111,13.0110,12.0932,12.7922,366488600
1653485400,2022-05-25 00:00:00,12.5735,13.6007,12.5497,13.3058,361283800
1653571800,2022-05-26 00:00:00,13.2012,14.6374,13.1632,14.4186,337131600
1653658200,2022-05-27 00:00:00,14.8846,15.8548,14.8704,15.8310,315035800
1654003800,2022-05-31 00:00:00,15.8357,16.1686,15.0891,15.7169,369158600
1654090200,2022-06-01 00:00:00,16.0307,16.3731,15.0035,15.3507,398894200
1654176600,2022-06-02 00:00:00,15.1795,16.6347,14.9560,16.5966,336861400
1654263000,2022-06-03 00:00:00,15.7597,15.9927,15.1034,15.2841,324723800
1654522200,2022-06-06 00:00:00,15.9879,16.2305,15.2175,15.4743,300958600
1654608600,2022-06-07 00:00:00,14.9417,15.9784,14.7658,15.8500,274886600
1654695000,2022-06-08 00:00:00,15.7311,16.1401,15.3745,15.5266,225706000
1654781400,2022-06-09 00:00:00,15.2508,15.7216,14.2331,14.2617,275959400
1654867800,2022-06-10 00:00:00,13.4390,13.6102,12.6829,12.7399,343352200
1655127000,2022-06-13 00:00:00,11.5415,11.8792,10.8520,10.9756,426731400
1655213400,2022-06-14 00:00:00,11.2420,11.3513,10.7093,11.0470,393201000
1655299800,2022-06-15 00:00:00,11.4417,12.3262,11.0993,11.8411,549823000
1655386200,2022-06-16 00:00:00,10.9328,10.9947,10.1387,10.3955,424284400
1655472600,2022-06-17 00:00:00,10.4953,11.0708,10.2956,10.7807,441181000
1655818200,2022-06-21 00:00:00,11.3276,11.8792,11.3085,11.5939,318408200
1655904600,2022-06-22 00:00:00,11.2752,12.1027,11.1992,11.5511,388973600
1655991000,2022-06-23 00:00:00,11.8602,12.1598,11.4940,12.0456,365372800
1656077400,2022-06-24 00:00:00,12.4166,13.3344,12.3880,13.3058,303635000
1656336600,2022-06-27 00:00:00,13.4818,13.5531,12.8398,12.9920,338262000
1656423000,2022-06-28 00:00:00,13.0585,13.4152,11.7746,11.8079,373741600
1656509400,2022-06-29 00:00:00,11.7841,12.0266,11.4607,11.8316,380182200
1656595800,2022-06-30 00:00:00,11.4417,11.8364,10.8187,11.4131,512407800
1656682200,2022-07-01 00:00:00,11.2229,11.6509,10.9852,11.5986,417200800
1657027800,2022-07-05 00:00:00,11.1326,12.2121,10.9376,12.1978,441108000
1657114200,2022-07-06 00:00:00,12.2549,12.7066,12.0219,12.4308,412245800
1657200600,2022-07-07 00:00:00,12.5450,13.3153,12.5402,13.2012,275732600
1657287000,2022-07-08 00:00:00,12.8350,13.4628,12.7019,13.2630,319458400
1657546200,2022-07-11 00:00:00,12.9349,12.9682,12.2977,12.4166,258448200
1657632600,2022-07-12 00:00:00,12.5735,12.8303,11.8459,12.0551,319233000
1657719000,2022-07-13 00:00:00,11.3371,12.2834,11.2657,11.9791,361151000
1657805400,2022-07-14 00:00:00,11.6367,12.2121,11.2324,12.1027,351647000
1657891800,2022-07-15 00:00:00,12.4926,12.7685,12.2739,12.7399,308760400
1658151000,2022-07-18 00:00:00,13.1299,13.3153,12.2786,12.4451,319900400
1658237400,2022-07-19 00:00:00,12.9111,13.6102,12.6924,13.5341,298643400
1658323800,2022-07-20 00:00:00,13.6292,14.3853,13.5246,14.2141,377126200
1658410200,2022-07-21 00:00:00,14.2712,14.8276,13.8955,14.8181,319381800
1658496600,2022-07-22 00:00:00,14.6849,14.9940,13.7671,14.0429,298800800
1658755800,2022-07-25 00:00:00,14.0429,14.1095,13.5103,13.8337,220897600
1658842200,2022-07-26 00:00:00,13.5484,13.5864,12.8636,12.9967,231755600
1658928600,2022-07-27 00:00:00,13.6007,14.8609,13.5198,14.6183,341919000
1659015000,2022-07-28 00:00:00,14.5898,15.1319,14.0382,15.0368,324071800
1659101400,2022-07-29 00:00:00,15.2794,16.0022,15.0606,15.8643,292146400
1659360600,2022-08-01 00:00:00,15.5885,16.3684,15.4268,15.8405,285283000
1659447000,2022-08-02 00:00:00,15.4743,16.3351,15.3174,15.6931,325375000
1659533400,2022-08-03 00:00:00,15.9546,17.0959,15.8405,16.9485,294213800
1659619800,2022-08-04 00:00:00,16.9723,17.2481,16.6252,17.1911,253567200
1659706200,2022-08-05 00:00:00,16.3731,17.1102,16.2400,16.7821,283898600
1659965400,2022-08-08 00:00:00,16.9295,17.5144,16.3779,16.6109,267787800
1660051800,2022-08-09 00:00:00,16.3018,16.3446,15.7834,16.0402,218406000
1660138200,2022-08-10 00:00:00,17.1863,17.4241,16.7916,17.3575,271554400
1660224600,2022-08-11 00:00:00,17.7522,18.0803,16.9628,17.0959,273361000
1660311000,2022-08-12 00:00:00,17.4051,18.0946,17.2339,18.0613,211187000
1660570200,2022-08-15 00:00:00,17.9044,18.5844,17.8996,18.4941,196308400
1660656600,2022-08-16 00:00:00,18.3371,18.7271,17.8473,18.3752,220755800
1660743000,2022-08-17 00:00:00,17.8378,18.2278,17.3813,17.7379,262838400
1660829400,2022-08-18 00:00:00,17.7189,18.0518,17.4479,17.8568,192140800
1660915800,2022-08-19 00:00:00,17.3480,17.4526,16.6775,16.8106,224256600
1661175000,2022-08-22 00:00:00,16.1163,16.1544,15.3412,15.4886,224975400
1661261400,2022-08-23 00:00:00,15.4220,15.8595,15.3126,15.4363,219509800
1661347800,2022-08-24 00:00:00,15.3602,15.8357,15.2651,15.5552,187005600
1661434200,2022-08-25 00:00:00,15.8262,16.3779,15.6645,16.3731,222052600
1661520600,2022-08-26 00:00:00,16.3351,16.5205,14.3615,14.3806,366276600
1661779800,2022-08-29 00:00:00,13.9573,14.3235,13.7719,13.9383,248441000
1661866200,2022-08-30 00:00:00,14.1666,14.2427,13.1061,13.4723,327014800
1661952600,2022-08-31 00:00:00,13.8670,13.9811,13.2060,13.2250,341030600
1662039000,2022-09-01 00:00:00,12.8778,13.2821,12.3738,13.2393,397320400
1662125400,2022-09-02 00:00:00,13.6197,13.8099,12.4451,12.6876,454463000
1662471000,2022-09-06 00:00:00,12.7257,12.8493,12.1074,12.3975,361083400
1662557400,2022-09-07 00:00:00,12.4498,13.2678,12.4166,13.1299,331569600
1662643800,2022-09-08 00:00:00,12.8541,13.5151,12.6686,13.3439,410799800
1662730200,2022-09-09 00:00:00,13.6387,14.2759,13.6292,14.1903,298735800
1662989400,2022-09-12 00:00:00,14.4091,14.7563,14.3568,14.7087,273141200
1663075800,2022-09-13 00:00:00,13.4295,13.6054,12.1550,12.2882,391296600
1663162200,2022-09-14 00:00:00,12.4261,12.6829,12.1930,12.5640,309291800
1663248600,2022-09-15 00:00:00,12.3072,12.6258,11.7223,11.9315,393730600
1663335000,2022-09-16 00:00:00,11.5130,11.7603,11.2562,11.6985,392143600
1663594200,2022-09-19 00:00:00,11.3846,11.9981,11.3751,11.9791,302692600
1663680600,2022-09-20 00:00:00,11.6652,11.9791,11.4036,11.6937,322118600
1663767000,2022-09-21 00:00:00,11.7983,12.3262,11.0470,11.0517,591115200
1663853400,2022-09-22 00:00:00,10.8663,10.9899,10.4953,10.6428,431084000
1663939800,2022-09-23 00:00:00,10.3669,10.3955,9.7250,10.1339,561304000
1664199000,2022-09-26 00:00:00,10.0626,10.5619,9.9057,9.9960,490607800
1664285400,2022-09-27 00:00:00,10.3765,10.6285,9.7487,10.0055,543921200
1664371800,2022-09-28 00:00:00,10.0008,10.7426,9.8343,10.5905,512039000
1664458200,2022-09-29 00:00:00,10.1339,10.1720,9.3302,9.6964,540195600
1664544600,2022-09-30 00:00:00,9.5870,10.0293,9.1686,9.1876,513197600
1664803800,2022-10-03 00:00:00,9.3683,9.9913,9.2066,9.8248,447222600
1664890200,2022-10-04 00:00:00,10.4145,10.8282,10.4097,10.7379,463323600
1664976600,2022-10-05 00:00:00,10.3051,10.9376,9.9913,10.7379,458399000
1665063000,2022-10-06 00:00:00,10.6047,10.9661,10.4240,10.4668,475087200
1665149400,2022-10-07 00:00:00,9.9294,9.9437,9.1115,9.2732,501945200
1665408600,2022-10-10 00:00:00,9.2827,9.3255,8.7025,8.9831,412999600
1665495000,2022-10-11 00:00:00,8.8071,9.1020,8.4362,8.6264,529747000
1665581400,2022-10-12 00:00:00,8.6692,8.8642,8.5266,8.6074,401483800
1665667800,2022-10-13 00:00:00,7.8561,9.3302,7.7609,9.1828,829507200
1665754200,2022-10-14 00:00:00,9.4396,9.5014,8.3031,8.3554,670132600
1666013400,2022-10-17 00:00:00,8.9451,9.2732,8.9403,9.1781,460050800
1666099800,2022-10-18 00:00:00,9.9247,9.9865,9.1163,9.4063,692553800
1666186200,2022-10-19 00:00:00,9.2304,9.6251,9.0402,9.2922,519702200
1666272600,2022-10-20 00:00:00,9.1923,9.7345,9.0164,9.1353,529703000
1666359000,2022-10-21 00:00:00,9.0259,9.8391,8.9070,9.7820,627458000
1666618200,2022-10-24 00:00:00,9.8106,10.2100,9.4158,10.1149,549244000
1666704600,2022-10-25 00:00:00,10.2148,10.7664,10.2100,10.7236,476799600
1666791000,2022-10-26 00:00:00,10.0721,10.6998,9.9532,10.0150,558931800
1666877400,2022-10-27 00:00:00,9.8866,10.0436,9.4016,9.4634,513258800
1666963800,2022-10-28 00:00:00,9.3921,10.3717,9.3730,10.3194,510777200
1667223000,2022-10-31 00:00:00,10.0721,10.1625,9.7440,9.9627,419122200
1667309400,2022-11-01 00:00:00,10.3384,10.4002,9.6108,9.6536,430464800
1667395800,2022-11-02 00:00:00,9.6441,9.9770,8.6455,8.6550,662952600
1667482200,2022-11-03 00:00:00,8.3934,8.5361,8.1033,8.1556,424463600
1667568600,2022-11-04 00:00:00,8.6217,8.7263,8.0130,8.5361,764740400
1667831400,2022-11-07 00:00:00,8.6360,8.8642,8.4220,8.8071,401886800
1667917800,2022-11-08 00:00:00,8.9641,9.3302,8.6027,8.9974,592112600
1668004200,2022-11-09 00:00:00,8.8119,8.8927,8.3364,8.3696,431138200
1668090600,2022-11-10 00:00:00,9.5823,10.2433,9.3683,10.2005,656884800
1668177000,2022-11-11 00:00:00,10.1910,10.8568,10.0436,10.7807,614268400
1668436200,2022-11-14 00:00:00,10.5429,10.9186,10.3765,10.4953,428451800
1668522600,2022-11-15 00:00:00,11.2467,11.3894,10.5477,10.9186,636531400
1668609000,2022-11-16 00:00:00,10.6998,10.7379,10.3765,10.4763,383358800
1668695400,2022-11-17 00:00:00,9.9627,10.5619,9.9437,10.3955,426924400
1668781800,2022-11-18 00:00:00,10.7284,10.7379,10.1197,10.3860,389577000
1669041000,2022-11-21 00:00:00,10.2338,10.3669,9.9722,10.0721,288222600
1669127400,2022-11-22 00:00:00,10.1434,10.5096,9.9057,10.4953,292477200
1669213800,2022-11-23 00:00:00,10.4858,10.8758,10.4668,10.8092,357567000
1669386600,2022-11-25 00:00:00,10.6237,10.6998,10.5334,10.5857,134753000
1669645800,2022-11-28 00:00:00,10.3669,10.5904,10.0150,10.1197,262765200
1669732200,2022-11-29 00:00:00,10.1387,10.1862,9.7345,9.8771,275805400
1669818600,2022-11-30 00:00:00,9.9152,11.2467,9.8201,11.2039,545469800
1669905000,2022-12-01 00:00:00,11.2705,11.4940,10.9424,11.2657,411007200
1669991400,2022-12-02 00:00:00,10.6760,11.2372,10.6475,11.1326,363310000
1670250600,2022-12-05 00:00:00,10.8805,11.0327,10.3955,10.5714,301980000
1670337000,2022-12-06 00:00:00,10.5477,10.5619,9.7487,9.9009,339801000
1670423400,2022-12-07 00:00:00,9.7773,10.0008,9.5966,9.7820,347335800
1670509800,2022-12-08 00:00:00,9.9247,10.2243,9.6964,10.1292,377840200
1670596200,2022-12-09 00:00:00,10.0103,10.3146,9.8771,9.9342,354007800
1670855400,2022-12-12 00:00:00,9.9437,10.3004,9.8296,10.2956,225655000
1670941800,2022-12-13 00:00:00,11.4987,11.5225,10.3289,10.6190,695385600
1671028200,2022-12-14 00:00:00,10.5619,10.9328,10.0245,10.3669,578911000
1671114600,2022-12-15 00:00:00,9.9199,10.0008,9.2019,9.3398,428053200
1671201000,2022-12-16 00:00:00,9.2637,9.4206,8.8975,9.0639,351284200
1671460200,2022-12-19 00:00:00,9.0830,9.0972,8.5504,8.6883,310533000
1671546600,2022-12-20 00:00:00,8.5599,8.8262,8.4029,8.6502,345762400
1671633000,2022-12-21 00:00:00,8.7548,9.1543,8.6692,9.0259,326374600
1671719400,2022-12-22 00:00:00,8.7142,8.7238,7.9255,8.3844,460900400
1671805800,2022-12-23 00:00:00,8.2267,8.4704,8.0450,8.4083,330134600
1672151400,2022-12-27 00:00:00,8.3462,8.3557,7.9924,8.0498,263200600
1672237800,2022-12-28 00:00:00,8.0068,8.2219,7.6961,7.7247,364869200
1672324200,2022-12-29 00:00:00,7.9685,8.3653,7.9016,8.2697,306109800
1672410600,2022-12-30 00:00:00,8.0115,8.2697,7.8873,8.2697,301941200
1672756200,2023-01-03 00:00:00,8.4800,8.6234,7.8729,8.0833,359851800
1672842600,2023-01-04 00:00:00,8.2840,8.3605,7.9064,8.2075,435272800
1672929000,2023-01-05 00:00:00,8.0354,8.0546,7.7821,7.8203,362504000
1673015400,2023-01-06 00:00:00,7.9590,8.5565,7.6961,8.4322,466895200
1673274600,2023-01-09 00:00:00,8.6425,9.0632,8.5517,8.6091,372042800
1673361000,2023-01-10 00:00:00,8.5182,8.8385,8.4609,8.8385,328723000
1673447400,2023-01-11 00:00:00,8.9293,9.2879,8.8529,9.2783,302550000
1673533800,2023-01-12 00:00:00,9.3309,9.5221,8.8863,9.4217,561852600
1673620200,2023-01-13 00:00:00,9.1636,9.6416,9.1301,9.6081,319566000
1673965800,2023-01-17 00:00:00,9.5890,9.8041,9.4695,9.6607,279515800
1674052200,2023-01-18 00:00:00,9.8376,9.9953,9.2687,9.3022,373300200
1674138600,2023-01-19 00:00:00,9.1158,9.2305,8.8815,9.0106,332741400
1674225000,2023-01-20 00:00:00,9.1683,9.7754,9.0632,9.7467,322650400
1674484200,2023-01-23 00:00:00,9.8232,10.5164,9.7420,10.3873,388084200
1674570600,2023-01-24 00:00:00,10.2104,10.4542,10.1531,10.3251,290013000
1674657000,2023-01-25 00:00:00,9.8280,10.3204,9.5508,10.2487,436167200
1674743400,2023-01-26 00:00:00,10.6215,10.8605,10.3251,10.8414,406837800
1674829800,2023-01-27 00:00:00,10.6884,11.3863,10.6741,11.1521,376822200
1675089000,2023-01-30 00:00:00,10.7793,10.9466,10.4447,10.4829,347816000
1675175400,2023-01-31 00:00:00,10.4877,10.9561,10.4686,10.9513,316513800
1675261800,2023-02-01 00:00:00,10.9274,11.9265,10.6884,11.6588,543277600
1675348200,2023-02-02 00:00:00,12.4093,13.1215,12.3089,12.8634,535770200
1675434600,2023-02-03 00:00:00,12.0508,12.9734,12.0030,12.1990,534808400
1675693800,2023-02-06 00:00:00,11.8787,12.1655,11.7210,11.8883,323632400
1675780200,2023-02-07 00:00:00,11.8691,12.7582,11.7305,12.6244,519789200
1675866600,2023-02-08 00:00:00,12.4523,12.5718,11.8596,11.9456,362514400
1675953000,2023-02-09 00:00:00,12.4523,12.4714,11.4389,11.6253,395196800
1676039400,2023-02-10 00:00:00,11.3577,11.5967,11.0995,11.3863,367863400
1676298600,2023-02-13 00:00:00,11.5393,11.9982,11.4007,11.9265,279739800
1676385000,2023-02-14 00:00:00,11.7305,12.3041,11.4963,12.1846,511474400
1676471400,2023-02-15 00:00:00,11.9600,12.4762,11.8787,12.4571,275527400
1676557800,2023-02-16 00:00:00,11.8691,12.3663,11.7257,11.7449,388993000
1676644200,2023-02-17 00:00:00,11.4867,11.5823,11.1378,11.4915,389804800
1676989800,2023-02-21 00:00:00,11.0422,11.2095,10.6550,10.6837,300937600
1677076200,2023-02-22 00:00:00,10.7315,10.9227,10.5068,10.6932,334677400
1677162600,2023-02-23 00:00:00,11.0852,11.1043,10.4924,10.9609,359540000
1677249000,2023-02-24 00:00:00,10.3968,10.5307,10.2056,10.4064,345563600
1677508200,2023-02-27 00:00:00,10.7458,10.8988,10.5642,10.6311,277508800
1677594600,2023-02-28 00:00:00,10.5546,10.8605,10.5164,10.5785,254631600
1677681000,2023-03-01 00:00:00,10.5450,10.6167,10.2152,10.3204,308773800
1677767400,2023-03-02 00:00:00,10.0431,10.6598,10.0144,10.5689,315874600
1677853800,2023-03-03 00:00:00,10.7554,11.2477,10.6980,11.2143,303353200
1678113000,2023-03-06 00:00:00,11.3577,11.7018,11.2334,11.2621,303699800
1678199400,2023-03-07 00:00:00,11.2621,11.3672,10.7649,10.8414,352663000
1678285800,2023-03-08 00:00:00,10.8749,11.0613,10.6741,10.9896,290985600
1678372200,2023-03-09 00:00:00,11.0470,11.3338,10.3204,10.4112,393667400
1678458600,2023-03-10 00:00:00,10.4303,10.5928,9.8567,9.9810,629715200
1678714200,2023-03-13 00:00:00,9.7850,10.5881,9.6225,10.1961,659081400
1678800600,2023-03-14 00:00:00,10.5737,10.9513,10.4781,10.8892,434325800
1678887000,2023-03-15 00:00:00,10.5976,11.0995,10.4351,11.0470,549118800
1678973400,2023-03-16 00:00:00,10.9370,11.9647,10.8605,11.9217,456714200
1679059800,2023-03-17 00:00:00,11.9169,12.1942,11.5202,11.7449,403540600
1679319000,2023-03-20 00:00:00,11.6779,11.9122,11.4198,11.8691,328356000
1679405400,2023-03-21 00:00:00,12.0986,12.4284,11.9169,12.3711,270290200
1679491800,2023-03-22 00:00:00,12.3614,12.9624,11.8518,11.8662,475836200
1679578200,2023-03-23 00:00:00,12.3086,12.7942,11.9624,12.2893,392994400
1679664600,2023-03-24 00:00:00,12.2316,12.4239,11.9431,12.4143,338830200
1679923800,2023-03-27 00:00:00,12.4961,12.6259,12.0489,12.1595,273591200
1680010200,2023-03-28 00:00:00,12.0874,12.0874,11.6787,11.9576,236041400
1680096600,2023-03-29 00:00:00,12.3855,12.6788,12.2941,12.6115,238730600
1680183000,2023-03-30 00:00:00,12.8951,13.0249,12.7365,12.9528,260300000
1680269400,2023-03-31 00:00:00,12.9817,13.6163,12.9384,13.5875,254044200
1680528600,2023-04-03 00:00:00,13.3086,13.5202,13.1403,13.4913,250232600
1680615000,2023-04-04 00:00:00,13.5394,13.6692,13.1836,13.3567,232180800
1680701400,2023-04-05 00:00:00,13.2077,13.2317,12.6980,12.9288,258274000
1680787800,2023-04-06 00:00:00,12.7220,13.2509,12.5538,13.1884,241920600
1681133400,2023-04-10 00:00:00,12.8086,13.1644,12.5826,13.1596,237057600
1681219800,2023-04-11 00:00:00,13.1548,13.1596,12.8374,12.9047,208521600
1681306200,2023-04-12 00:00:00,13.1451,13.2173,12.5009,12.5634,348038600
1681392600,2023-04-13 00:00:00,12.7557,13.3375,12.7365,13.2846,247523000
1681479000,2023-04-14 00:00:00,13.0826,13.4288,12.8374,13.2077,285332200
1681738200,2023-04-17 00:00:00,13.1500,13.2798,12.8903,13.2221,228617800
1681824600,2023-04-18 00:00:00,13.4961,13.5490,13.0778,13.2317,212829800
1681911000,2023-04-19 00:00:00,12.9192,13.3375,12.9047,13.2028,191850600
1681997400,2023-04-20 00:00:00,12.8230,13.2605,12.7268,12.8951,273695200
1682083800,2023-04-21 00:00:00,12.8374,13.0249,12.6211,12.9192,228888000
1682343000,2023-04-24 00:00:00,12.8903,13.0634,12.5682,12.8422,215290800
1682429400,2023-04-25 00:00:00,12.6355,12.7172,12.1018,12.1162,276576000
1682515800,2023-04-26 00:00:00,12.5105,12.6884,12.2653,12.3182,249724600
1682602200,2023-04-27 00:00:00,12.7701,13.3807,12.6884,13.3134,255631200
1682688600,2023-04-28 00:00:00,13.2894,13.5971,13.1403,13.5827,261072200
1682947800,2023-05-01 00:00:00,13.5298,13.7173,13.4000,13.5442,178002600
1683034200,2023-05-02 00:00:00,13.5298,13.5683,12.9624,13.1836,249312000
1683120600,2023-05-03 00:00:00,13.2221,13.5586,12.8999,12.9240,340267600
1683207000,2023-05-04 00:00:00,12.8759,13.0201,12.6355,12.7797,242621600
1683293400,2023-05-05 00:00:00,13.0394,13.6836,12.9961,13.5634,195603200
1683552600,2023-05-08 00:00:00,13.5106,13.7221,13.3759,13.6740,151477000
1683639000,2023-05-09 00:00:00,13.4577,13.5683,13.3711,13.4096,129681400
1683725400,2023-05-10 00:00:00,13.7125,13.9529,13.4000,13.8423,303102000
1683811800,2023-05-11 00:00:00,13.9000,14.0346,13.6981,13.9577,194683000
1683898200,2023-05-12 00:00:00,14.0298,14.0875,13.5442,13.8135,210763400
1684157400,2023-05-15 00:00:00,13.8712,14.0635,13.6692,14.0250,172935200
1684243800,2023-05-16 00:00:00,13.9337,14.2991,13.9240,14.0779,159327000
1684330200,2023-05-17 00:00:00,14.2077,14.6549,14.0539,14.5827,202209200
1684416600,2023-05-18 00:00:00,14.6164,15.4049,14.6164,15.3665,271867600
1684503000,2023-05-19 00:00:00,15.4001,15.5011,15.1212,15.2607,198058400
1684762200,2023-05-22 00:00:00,15.2318,15.5588,15.2270,15.4193,166624800
1684848600,2023-05-23 00:00:00,15.1741,15.3376,14.7751,14.8232,212630000
1684935000,2023-05-24 00:00:00,14.5539,14.7606,14.3135,14.5827,235945000
1685021400,2023-05-25 00:00:00,15.5588,15.8040,15.2318,15.6357,261747000
1685107800,2023-05-26 00:00:00,15.7751,16.9483,15.7655,16.8185,252784400
1685453400,2023-05-30 00:00:00,17.4579,17.6310,16.8473,17.0541,270612800
1685539800,2023-05-31 00:00:00,16.8137,17.1118,16.5396,16.7079,210289000
1685626200,2023-06-01 00:00:00,16.7031,17.5156,16.5444,17.3137,216759200
1685712600,2023-06-02 00:00:00,17.5782,17.8811,17.3137,17.7032,216505600
1685971800,2023-06-05 00:00:00,17.6743,18.1263,17.5781,17.7416,206261800
1686058200,2023-06-06 00:00:00,17.6407,17.8666,17.4339,17.7224,159509000
1686144600,2023-06-07 00:00:00,17.7609,18.0590,16.7175,16.8185,228485400
1686231000,2023-06-08 00:00:00,16.8377,17.4916,16.8041,17.3954,188153800
1686317400,2023-06-09 00:00:00,17.6358,18.0878,17.4051,17.6070,207944000
1686576600,2023-06-12 00:00:00,17.8618,18.5157,17.7128,18.5061,154857400
1686663000,2023-06-13 00:00:00,18.9292,19.0542,18.4244,18.9196,266534200
1686749400,2023-06-14 00:00:00,18.9196,19.3764,18.4724,19.3235,305313000
1686835800,2023-06-15 00:00:00,19.1071,20.2370,18.9965,20.0014,255874000
1686922200,2023-06-16 00:00:00,20.3908,20.4053,19.5446,19.6168,224810400
1687267800,2023-06-20 00:00:00,19.3715,19.7514,19.0398,19.5206,168249800
1687354200,2023-06-21 00:00:00,19.3315,19.3990,18.5695,18.7383,199266600
1687440600,2023-06-22 00:00:00,18.5067,19.3846,18.4440,19.3605,210199200
1687527000,2023-06-23 00:00:00,18.7286,19.1531,18.5116,18.7865,225152400
1687786200,2023-06-26 00:00:00,18.6949,19.1338,18.0100,18.0437,216900000
1687872600,2023-06-27 00:00:00,18.2559,19.0518,18.1354,18.9360,195354000
1687959000,2023-06-28 00:00:00,18.6514,19.3605,18.6322,19.0518,217352600
1688045400,2023-06-29 00:00:00,18.9842,19.0807,18.6514,18.9215,198266400
1688131800,2023-06-30 00:00:00,19.4859,19.9441,19.4328,19.7753,184308800
1688391000,2023-07-03 00:00:00,19.8717,20.0116,19.6981,19.9103,79868000
1688563800,2023-07-05 00:00:00,19.6402,20.1804,19.6354,19.8958,139007400
1688650200,2023-07-06 00:00:00,19.2785,19.4955,18.9505,19.4280,170473400
1688736600,2023-07-07 00:00:00,19.3846,19.9007,19.1868,19.2302,168624800
1688995800,2023-07-10 00:00:00,19.1772,19.3460,18.7768,19.2447,172013600
1689082200,2023-07-11 00:00:00,19.3026,19.5920,18.9553,19.5196,162478600
1689168600,2023-07-12 00:00:00,20.1756,20.4698,19.8476,20.2431,230335400
1689255000,2023-07-13 00:00:00,20.7496,21.3959,20.6579,21.2512,164773200
1689341400,2023-07-14 00:00:00,21.3283,21.8782,21.0872,21.2319,186056400
1689600600,2023-07-17 00:00:00,21.3573,21.9795,21.2753,21.8203,145525200
1689687000,2023-07-18 00:00:00,21.7142,22.5920,21.3717,22.3412,196113200
1689773400,2023-07-19 00:00:00,22.5390,22.7367,22.1001,22.3412,200573800
1689859800,2023-07-20 00:00:00,21.7817,22.0422,20.5904,20.7737,233862800
1689946200,2023-07-21 00:00:00,21.1644,21.3091,20.5036,20.5904,205108600
1690205400,2023-07-24 00:00:00,20.7303,20.8894,20.3540,20.6724,126429200
1690291800,2023-07-25 00:00:00,20.7785,21.3573,20.7785,21.0872,138199200
1690378200,2023-07-26 00:00:00,20.8942,21.1499,20.4698,20.8701,205764600
1690464600,2023-07-27 00:00:00,21.7576,22.0374,20.4746,20.6917,261103200
1690551000,2023-07-28 00:00:00,21.3669,21.9891,21.2849,21.8107,204487600
1690810200,2023-07-31 00:00:00,21.8637,22.0470,21.6177,21.8541,159009200
1690896600,2023-08-01 00:00:00,21.6033,21.8155,21.3235,21.6853,153056600
1690983000,2023-08-02 00:00:00,21.0727,21.0775,20.0309,20.2672,258044000
1691069400,2023-08-03 00:00:00,19.8283,20.4794,19.7994,20.1225,201340200
1691155800,2023-08-04 00:00:00,20.4457,20.8219,19.7608,19.8428,247452800
1691415000,2023-08-07 00:00:00,20.1274,20.3540,19.7463,20.3348,149792200
1691501400,2023-08-08 00:00:00,19.9151,19.9151,19.2929,19.8138,188780000
1691587800,2023-08-09 00:00:00,19.8524,19.8765,19.0277,19.1531,199430600
1691674200,2023-08-10 00:00:00,19.6113,20.1370,18.9891,19.2399,260554200
1691760600,2023-08-11 00:00:00,18.8251,19.1338,18.6177,18.8540,201573800
1692019800,2023-08-14 00:00:00,18.7286,19.5052,18.6177,19.4810,142553600
1692106200,2023-08-15 00:00:00,19.3267,19.4569,18.7527,18.8830,162553600
1692192600,2023-08-16 00:00:00,18.7720,19.0132,18.2415,18.2559,190222000
1692279000,2023-08-17 00:00:00,18.4489,18.5019,17.5710,17.6386,210232800
1692365400,2023-08-18 00:00:00,17.1369,17.7543,17.0598,17.5566,247002000
1692624600,2023-08-21 00:00:00,17.7833,18.5116,17.7061,18.4055,191487200
1692711000,2023-08-22 00:00:00,18.7961,18.8010,18.2174,18.3235,180368000
1692797400,2023-08-23 00:00:00,18.4971,19.3508,18.4633,19.1868,175454000
1692883800,2023-08-24 00:00:00,19.7174,19.7319,17.8942,17.9231,232397200
1692970200,2023-08-25 00:00:00,18.0534,18.5984,17.5325,18.3476,278289400
1693229400,2023-08-28 00:00:00,18.7865,18.8926,18.3669,18.7576,182641000
1693315800,2023-08-29 00:00:00,18.7141,20.0261,18.6611,19.9537,187495600
1693402200,2023-08-30 00:00:00,19.9827,20.3926,19.8138,20.2865,185958200
1693488600,2023-08-31 00:00:00,20.2769,20.7303,20.2672,20.4698,162242800
1693575000,2023-09-01 00:00:00,20.8412,20.9135,20.1370,20.3975,165058400
1693920600,2023-09-05 00:00:00,20.2431,20.6531,20.0936,20.4505,123778600
1694007000,2023-09-06 00:00:00,20.3251,20.3733,19.5727,19.9103,148058200
1694093400,2023-09-07 00:00:00,19.1675,19.5823,18.9939,19.4762,168623000
1694179800,2023-09-08 00:00:00,19.4425,19.8910,19.3749,19.5341,149541600
1694439000,2023-09-11 00:00:00,20.0116,20.3010,19.6981,20.1997,141712800
1694525400,2023-09-12 00:00:00,19.9392,20.1659,19.4859,19.5534,155524200
1694611800,2023-09-13 00:00:00,19.5727,20.0116,19.3846,19.7463,170849400
1694698200,2023-09-14 00:00:00,20.0164,20.3733,19.6788,20.2093,152379800
1694784600,2023-09-15 00:00:00,19.9923,20.0598,19.0180,19.1724,179839600
1695043800,2023-09-18 00:00:00,19.0180,19.3990,18.9698,19.2158,124798200
1695130200,2023-09-19 00:00:00,19.0084,19.2109,18.6177,19.1000,148741400
1695216600,2023-09-20 00:00:00,19.2496,19.3125,18.2476,18.2718,196038400
1695303000,2023-09-21 00:00:00,17.6910,17.8023,17.2167,17.2312,216821200
1695389400,2023-09-22 00:00:00,17.4877,17.8023,17.1925,17.2457,188181200
1695648600,2023-09-25 00:00:00,17.0908,17.4926,16.9456,17.4732,162538400
1695735000,2023-09-26 00:00:00,17.0908,17.1731,16.5390,16.6939,210679400
1695821400,2023-09-27 00:00:00,16.8488,17.0715,16.2777,16.7956,256871600
1695907800,2023-09-28 00:00:00,16.6455,17.5071,16.5197,17.2022,268145800
1695994200,2023-09-29 00:00:00,17.7055,17.9088,17.0521,17.2409,286858200
1696253400,2023-10-02 00:00:00,17.2651,17.8604,17.1731,17.6523,236463200
1696339800,2023-10-03 00:00:00,17.2844,17.6136,16.4761,16.7181,266539000
1696426200,2023-10-04 00:00:00,16.8343,17.5168,16.7665,17.3958,252759200
1696512600,2023-10-05 00:00:00,17.3716,17.4248,16.6988,17.2118,218006200
1696599000,2023-10-06 00:00:00,16.7714,18.2428,16.6552,18.0782,294897400
1696858200,2023-10-09 00:00:00,17.7201,18.4364,17.4926,18.3444,210966000
1696944600,2023-10-10 00:00:00,18.3977,19.0560,18.3202,18.6445,216109600
1697031000,2023-10-11 00:00:00,18.8478,19.0753,18.5865,19.0414,191710800
1697117400,2023-10-12 00:00:00,19.1044,19.3851,18.4509,18.8188,236509200
1697203800,2023-10-13 00:00:00,18.9204,19.0124,17.8943,18.1073,259511000
1697463000,2023-10-16 00:00:00,18.3057,18.8769,18.2815,18.7171,173152200
1697549400,2023-10-17 00:00:00,18.1605,18.7897,17.8362,18.5381,210387000
1697635800,2023-10-18 00:00:00,18.1363,18.4800,17.5845,17.7539,263165200
1697722200,2023-10-19 00:00:00,17.9814,18.1557,17.1537,17.2796,370050400
1697808600,2023-10-20 00:00:00,17.1925,17.2796,16.4664,16.5003,277722800
1698067800,2023-10-23 00:00:00,16.2970,17.1392,16.0018,16.6455,263599000
1698154200,2023-10-24 00:00:00,16.8924,17.2264,16.6504,17.1150,245074600
1698240600,2023-10-25 00:00:00,16.7617,16.7859,15.7694,15.8614,328363200
1698327000,2023-10-26 00:00:00,15.6726,15.7985,14.7482,14.9369,374047400
1698413400,2023-10-27 00:00:00,15.2854,15.6000,14.9805,15.1499,294702200
1698672600,2023-10-30 00:00:00,15.4645,15.8227,15.2854,15.6388,264305600
1698759000,2023-10-31 00:00:00,15.6436,15.9195,15.2951,15.8663,222923600
1698845400,2023-11-01 00:00:00,15.9727,16.7617,15.9582,16.6842,332635600
1698931800,2023-11-02 00:00:00,17.3086,17.6087,17.1344,17.5700,234134000
1699018200,2023-11-03 00:00:00,17.7636,18.3832,17.7297,18.1896,228661200
1699281000,2023-11-06 00:00:00,18.3009,18.4945,18.0637,18.3977,183599600
1699367400,2023-11-07 00:00:00,18.5623,19.0560,18.3783,18.9156,204502200
1699453800,2023-11-08 00:00:00,18.9737,19.0850,18.6010,18.9495,187960200
1699540200,2023-11-09 00:00:00,19.0414,19.2205,18.4219,18.4993,258365200
1699626600,2023-11-10 00:00:00,18.7559,19.7626,18.6736,19.7336,248927600
1699885800,2023-11-13 00:00:00,19.4819,19.7142,19.2399,19.5545,180430400
1699972200,2023-11-14 00:00:00,20.5564,20.9485,20.4693,20.7839,233552400
1700058600,2023-11-15 00:00:00,21.1131,21.1905,20.6194,20.8420,218432600
1700145000,2023-11-16 00:00:00,20.6968,20.9146,20.4887,20.8759,178045000
1700231400,2023-11-17 00:00:00,20.7549,21.0550,20.6048,20.8904,157517000
1700490600,2023-11-20 00:00:00,20.8856,21.7568,20.8807,21.6358,165655600
1700577000,2023-11-21 00:00:00,21.3405,21.3744,20.9533,21.2437,148275200
1700663400,2023-11-22 00:00:00,21.5729,21.9843,21.3212,21.4906,171446400
1700836200,2023-11-24 00:00:00,21.4180,21.5148,21.2244,21.3841,63975400
1701095400,2023-11-27 00:00:00,21.3018,21.6552,21.1857,21.3212,121856400
1701181800,2023-11-28 00:00:00,21.2002,21.5874,21.1373,21.4906,158349000
1701268200,2023-11-29 00:00:00,21.8972,22.1343,21.3599,21.4132,177523200
1701354600,2023-11-30 00:00:00,21.4422,21.5196,20.7355,21.2341,186394600
1701441000,2023-12-01 00:00:00,21.0501,21.5100,20.7742,21.4132,172937600
1701700200,2023-12-04 00:00:00,20.7694,20.8468,20.1983,20.8033,181143600
1701786600,2023-12-05 00:00:00,20.4790,21.1518,20.4548,20.9533,167540400
1701873000,2023-12-06 00:00:00,21.4325,21.4519,20.5274,20.5806,163000600
1701959400,2023-12-07 00:00:00,21.0453,21.5584,20.8662,21.4422,162755400
1702045800,2023-12-08 00:00:00,21.1276,21.7810,21.0985,21.6987,181789000
1702305000,2023-12-11 00:00:00,21.6213,22.3038,21.5874,22.2505,151540000
1702391400,2023-12-12 00:00:00,22.2553,22.7975,22.0569,22.7878,142899400
1702477800,2023-12-13 00:00:00,22.9330,23.7510,22.7975,23.5913,230081400
1702564200,2023-12-14 00:00:00,23.8381,24.0704,23.0153,23.5525,202697800
1702650600,2023-12-15 00:00:00,23.6881,24.0995,23.5719,23.8333,156731000
1702909800,2023-12-18 00:00:00,23.9543,24.4915,23.8962,24.3318,116436000
1702996200,2023-12-19 00:00:00,24.4044,24.7142,24.3754,24.6948,120349600
1703082600,2023-12-20 00:00:00,24.5407,24.9248,23.5587,23.5976,176165000
1703169000,2023-12-21 00:00:00,24.2539,24.4386,23.7920,24.3803,149089400
1703255400,2023-12-22 00:00:00,24.5990,24.7643,24.1323,24.4775,132420000
1703601000,2023-12-26 00:00:00,24.6185,25.0414,24.6088,24.9248,87371200
1703687400,2023-12-27 00:00:00,24.9637,25.1144,24.8032,25.0560,111495600
1703773800,2023-12-28 00:00:00,25.2408,25.2845,24.9248,24.9928,85768200
1703860200,2023-12-29 00:00:00,24.9782,25.0463,24.3074,24.6477,134245400
1704205800,2024-01-02 00:00:00,23.9914,24.0303,22.9802,23.3983,176270600
1704292200,2024-01-03 00:00:00,22.9316,23.1114,22.5718,22.6496,167812200
1704378600,2024-01-04 00:00:00,22.2996,22.8343,22.2315,22.2704,143735400
1704465000,2024-01-05 00:00:00,22.2947,22.8100,22.1051,22.3531,170481600
1704724200,2024-01-08 00:00:00,22.5524,23.7726,22.5232,23.6997,135374200
1704810600,2024-01-09 00:00:00,23.1698,24.0205,23.1455,23.8552,148431600
1704897000,2024-01-10 00:00:00,23.9039,24.5067,23.7434,24.3268,147621000
1704983400,2024-01-11 00:00:00,24.5261,24.7789,23.5295,24.4435,190228400
1705069800,2024-01-12 00:00:00,24.6331,24.7838,24.2296,24.4727,128214000
1705415400,2024-01-16 00:00:00,24.2490,24.7498,23.9816,24.4581,145874000
1705501800,2024-01-17 00:00:00,23.8552,24.1080,23.2719,24.0351,166554600
1705588200,2024-01-18 00:00:00,24.5942,25.1435,24.3608,25.0657,182140800
1705674600,2024-01-19 00:00:00,25.4352,26.5534,25.3283,26.5145,186359400
1705933800,2024-01-22 00:00:00,26.9374,27.1853,26.4999,26.6214,149656600
1706020200,2024-01-23 00:00:00,26.7430,26.9714,26.3881,26.9374,112172000
1706106600,2024-01-24 00:00:00,27.6861,28.1479,27.2826,27.3798,179718600
1706193000,2024-01-25 00:00:00,27.8368,27.9680,26.9909,27.4576,151395200
1706279400,2024-01-26 00:00:00,27.0687,27.4138,26.8256,26.9520,128382600
1706538600,2024-01-29 00:00:00,27.0346,27.8076,26.9034,27.7444,115977200
1706625000,2024-01-30 00:00:00,27.5597,27.6715,27.0298,27.1902,119554400
1706711400,2024-01-31 00:00:00,26.3443,26.7284,25.5616,25.5908,203451600
1706797800,2024-02-01 00:00:00,25.9068,26.5631,25.7220,26.4950,162261400
1706884200,2024-02-02 00:00:00,26.8256,28.0410,26.6360,27.8271,198505000
1707143400,2024-02-05 00:00:00,27.8028,27.9146,27.0152,27.6861,139947800
1707229800,2024-02-06 00:00:00,27.8951,28.0215,27.0492,27.5257,140124200
1707316200,2024-02-07 00:00:00,28.0458,28.5174,27.7930,28.3472,131823400
1707402600,2024-02-08 00:00:00,28.3472,28.6292,28.2063,28.4639,98922200
1707489000,2024-02-09 00:00:00,28.6973,29.4654,28.5417,29.3001,110222000
1707748200,2024-02-12 00:00:00,29.2709,29.7230,28.8188,28.9549,116255000
1707834600,2024-02-13 00:00:00,27.3409,28.1333,26.9520,27.5840,188933000
1707921000,2024-02-14 00:00:00,28.0993,28.5611,27.6423,28.4591,156151400
1708007400,2024-02-15 00:00:00,28.5903,28.7848,28.0653,28.6973,130057200
1708093800,2024-02-16 00:00:00,28.7605,28.7848,27.7639,27.9097,151933000
1708439400,2024-02-20 00:00:00,27.5062,27.7979,26.5193,27.2631,163321000
1708525800,2024-02-21 00:00:00,26.7235,26.9423,26.1644,26.9228,152898600
1708612200,2024-02-22 00:00:00,28.5757,29.4605,28.4348,29.2515,179279200
1708698600,2024-02-23 00:00:00,29.5723,29.7619,28.7896,28.9841,140390800
1708957800,2024-02-26 00:00:00,29.1397,29.3487,28.8917,28.9452,109875400
1709044200,2024-02-27 00:00:00,29.1494,29.2126,28.6195,29.1251,109399800
1709130600,2024-02-28 00:00:00,28.6973,28.9403,28.4639,28.6535,123503400
1709217000,2024-02-29 00:00:00,29.2077,29.5821,28.5757,29.3438,136959800
1709303400,2024-03-01 00:00:00,29.5334,30.8752,29.5237,30.6905,140959600
1709562600,2024-03-04 00:00:00,30.6710,30.7634,30.2918,30.3259,120418600
1709649000,2024-03-05 00:00:00,29.7036,29.7036,28.2063,28.7021,193207000
1709735400,2024-03-06 00:00:00,29.5286,29.8640,28.8528,29.2320,181677400
1709821800,2024-03-07 00:00:00,29.9224,30.7828,29.6112,30.5349,142370800
1709908200,2024-03-08 00:00:00,30.5884,31.1766,29.0570,29.1980,296451200
1710163800,2024-03-11 00:00:00,28.8820,29.1105,28.4688,28.8577,146770000
1710250200,2024-03-12 00:00:00,29.3098,30.1606,28.6632,30.0828,170560000
1710336600,2024-03-13 00:00:00,29.8689,29.8786,29.1543,29.3827,143779800
1710423000,2024-03-14 00:00:00,29.5918,29.7036,28.5806,29.1445,162480400
1710509400,2024-03-15 00:00:00,28.5320,28.6438,27.8514,28.0799,140883800
1710768600,2024-03-18 00:00:00,29.1105,29.5577,28.8237,28.8723,129193800
1710855000,2024-03-19 00:00:00,28.4591,29.1591,28.0410,29.0716,118810000
1710941400,2024-03-20 00:00:00,29.3082,30.1669,28.9618,30.1035,156556000
1711027800,2024-03-21 00:00:00,31.1037,31.2013,30.4548,30.4938,126541800
1711114200,2024-03-22 00:00:00,30.3816,30.8207,30.2011,30.5573,91574800
1711373400,2024-03-25 00:00:00,29.9962,30.5573,29.7913,30.2450,86669400
1711459800,2024-03-26 00:00:00,30.5475,30.7427,29.8986,29.9620,93986000
1711546200,2024-03-27 00:00:00,30.5280,30.5573,29.6205,30.2255,111388600
1711632600,2024-03-28 00:00:00,30.1962,30.3621,29.9571,30.0352,87023400
1711978200,2024-04-01 00:00:00,30.2108,30.7329,29.8205,30.2206,112290600
1712064600,2024-04-02 00:00:00,29.2107,29.4790,28.7862,29.4107,109672800
1712151000,2024-04-03 00:00:00,28.9813,29.9864,28.9716,29.6059,111683800
1712237400,2024-04-04 00:00:00,30.4206,30.5475,28.1714,28.2105,167520400
1712323800,2024-04-05 00:00:00,28.4934,29.7278,28.3276,29.2058,154897200
1712583000,2024-04-08 00:00:00,29.3765,29.5961,28.9374,29.2253,89725400
1712669400,2024-04-09 00:00:00,29.6693,29.7327,28.5813,29.5278,119965000
1712755800,2024-04-10 00:00:00,28.4739,28.9228,28.3276,28.7520,202080600
1712842200,2024-04-11 00:00:00,29.0838,30.2792,28.6300,30.1035,146931200
1712928600,2024-04-12 00:00:00,29.2155,29.4448,28.3568,28.6496,172589800
1713187800,2024-04-15 00:00:00,29.3717,29.3863,27.0493,27.2103,203656200
1713274200,2024-04-16 00:00:00,27.1712,27.7177,26.9517,27.2151,163766200
1713360600,2024-04-17 00:00:00,27.5859,27.5908,26.0295,26.2052,171026400
1713447000,2024-04-18 00:00:00,26.2930,26.6199,25.6197,25.7368,172781600
1713533400,2024-04-19 00:00:00,25.5075,25.6002,23.8340,24.1414,250807600
1713792600,2024-04-22 00:00:00,24.5805,25.2587,23.9901,24.8439,142604800
1713879000,2024-04-23 00:00:00,25.1855,26.1613,25.1220,25.9515,151835000
1713965400,2024-04-24 00:00:00,26.5028,26.7907,25.7758,26.2052,144316800
1714051800,2024-04-25 00:00:00,24.8342,25.9515,24.6293,25.7856,172827200
1714138200,2024-04-26 00:00:00,26.3613,27.2590,26.2345,26.9712,135994600
1714397400,2024-04-29 00:00:00,27.3615,27.4835,26.7760,27.2932,102355000
1714483800,2024-04-30 00:00:00,26.9809,27.2493,25.7270,25.7319,125248600
1714570200,2024-05-01 00:00:00,25.4441,26.7370,25.0147,25.1757,208076800
1714656600,2024-05-02 00:00:00,25.8197,26.2735,24.9805,26.1076,124829800
1714743000,2024-05-03 00:00:00,27.4835,27.8640,27.1907,27.6640,150878000
1715002200,2024-05-06 00:00:00,28.0153,28.5910,27.8689,28.5715,82530800
1715088600,2024-05-07 00:00:00,28.6496,28.8984,28.4349,28.5715,93320400
1715175000,2024-05-08 00:00:00,28.0543,28.7959,28.0299,28.5178,78027200
1715261400,2024-05-09 00:00:00,28.5422,28.7862,28.1763,28.6740,81439200
1715347800,2024-05-10 00:00:00,28.9618,29.3082,28.5617,28.8691,92669600
1715607000,2024-05-13 00:00:00,29.2350,29.2594,28.7764,29.0594,67722000
1715693400,2024-05-14 00:00:00,28.9618,29.7132,28.9228,29.6010,92952800
1715779800,2024-05-15 00:00:00,30.0986,31.0403,29.7913,30.9671,130481400
1715866200,2024-05-16 00:00:00,30.9134,31.3233,30.7329,30.7768,87715200
1715952600,2024-05-17 00:00:00,30.7817,30.9134,30.2596,30.7085,70099600
1716211800,2024-05-20 00:00:00,30.7475,31.4843,30.7134,31.3428,74539000
1716298200,2024-05-21 00:00:00,30.9525,31.5526,30.9085,31.5038,62314000
1716384600,2024-05-22 00:00:00,31.5623,31.7136,30.9427,31.4843,80039400
1716471000,2024-05-23 00:00:00,32.4454,32.4503,30.6402,31.0159,130877800
1716557400,2024-05-24 00:00:00,31.3477,32.1478,31.1964,31.8844,82558000
1716903000,2024-05-28 00:00:00,32.1332,32.2503,31.6160,32.2308,83186400
1716989400,2024-05-29 00:00:00,31.3428,31.9283,31.3233,31.5575,79282200
1717075800,2024-05-30 00:00:00,31.3477,31.3721,30.2450,30.5426,84703600
1717162200,2024-05-31 00:00:00,30.5426,30.6841,28.7667,30.5085,143746400
1717421400,2024-06-03 00:00:00,31.0940,31.2989,29.7425,30.8061,111435000
1717507800,2024-06-04 00:00:00,30.7378,31.2891,30.3816,31.0354,88491800
1717594200,2024-06-05 00:00:00,31.7721,32.9236,31.5428,32.9089,104871400
1717680600,2024-06-06 00:00:00,33.0504,33.1187,32.6162,32.8699,73031200
1717767000,2024-06-07 00:00:00,32.7479,33.3383,32.5040,32.7479,89943400
1718026200,2024-06-10 00:00:00,32.4894,33.2066,32.4357,33.0944,72041800
1718112600,2024-06-11 00:00:00,32.8455,33.8213,32.5235,33.7774,71386800
1718199000,2024-06-12 00:00:00,34.6459,35.6265,34.5044,35.1094,124402600
1718285400,2024-06-13 00:00:00,35.8949,36.0510,35.1630,35.6705,87285000
1718371800,2024-06-14 00:00:00,35.5924,36.2072,35.4851,36.1876,71555000
1718631000,2024-06-17 00:00:00,36.2413,37.9197,35.9437,37.5001,93354600
1718717400,2024-06-18 00:00:00,37.4855,37.6806,37.1098,37.5196,66433200
1718890200,2024-06-20 00:00:00,37.7928,37.8904,36.2120,36.6365,105455000
1718976600,2024-06-21 00:00:00,36.5438,36.8512,35.9681,36.2999,77341800
1719235800,2024-06-24 00:00:00,36.0169,36.4121,35.0313,35.0703,93754600
1719322200,2024-06-25 00:00:00,35.5143,36.3145,35.3094,36.2413,77675000
1719408600,2024-06-26 00:00:00,36.0469,36.5856,35.9538,36.4681,72549600
1719495000,2024-06-27 00:00:00,36.3995,37.0754,36.2036,36.7325,74115400
1719581400,2024-06-28 00:00:00,36.8746,37.9717,35.9734,36.1546,107803000
1719840600,2024-07-01 00:00:00,36.3211,36.8746,35.4689,36.7472,86557400
1719927000,2024-07-02 00:00:00,36.3848,37.8982,36.3603,37.8737,74950200
1720013400,2024-07-03 00:00:00,37.6876,38.8435,37.6876,38.8043,56150400
1720186200,2024-07-05 00:00:00,38.9708,40.0875,38.9022,39.9797,79624600
1720445400,2024-07-08 00:00:00,40.0679,40.3911,39.8083,40.2442,73365600
1720531800,2024-07-09 00:00:00,40.6115,40.8907,39.9748,40.3323,72033600
1720618200,2024-07-10 00:00:00,40.8074,41.7282,40.4891,41.5959,77554800
1720704600,2024-07-11 00:00:00,41.6155,41.6596,38.5447,38.8630,149329000
1720791000,2024-07-12 00:00:00,38.9414,40.6213,38.8386,39.4948,101019800
1721050200,2024-07-15 00:00:00,39.9013,40.9543,39.2940,39.7887,109900400
1721136600,2024-07-16 00:00:00,40.1315,40.3323,39.0540,39.8181,83637600
1721223000,2024-07-17 00:00:00,37.8737,37.9913,36.2869,36.3162,142840000
1721309400,2024-07-18 00:00:00,37.1293,37.1831,35.0428,35.7726,131678400
1721395800,2024-07-19 00:00:00,35.6551,36.2281,34.4992,34.8029,118249600
1721655000,2024-07-22 00:00:00,36.0714,36.5513,35.3220,36.3211,112808600
1721741400,2024-07-23 00:00:00,36.1106,36.7962,35.8216,35.9293,87127000
1721827800,2024-07-24 00:00:00,34.3964,34.4698,31.8594,32.0553,159575200
1721914200,2024-07-25 00:00:00,32.1091,32.9809,30.4292,30.9876,188128000
1722000600,2024-07-26 00:00:00,31.8349,32.4912,31.2374,31.8741,137407000
1722259800,2024-07-29 00:00:00,32.4569,32.9075,31.5998,32.0602,115640800
1722346200,2024-07-30 00:00:00,32.4618,32.6136,30.0423,30.7525,143063600
1722432600,2024-07-31 00:00:00,32.8046,33.7939,32.5107,33.4413,173408400
1722519000,2024-08-01 00:00:00,33.5882,34.3915,30.2186,31.0317,210693200
1722605400,2024-08-02 00:00:00,29.2146,29.7387,27.9167,28.7689,209844000
1722864600,2024-08-05 00:00:00,24.1602,27.5200,23.9006,26.2613,287924400
1722951000,2024-08-06 00:00:00,26.5111,28.2841,26.0262,26.9176,192909400
1723037400,2024-08-07 00:00:00,28.1959,28.6563,25.9577,26.0507,182751600
1723123800,2024-08-08 00:00:00,27.1576,28.5779,26.4523,28.4359,152879200
1723210200,2024-08-09 00:00:00,28.1322,29.1558,27.9167,28.8228,125592400
1723469400,2024-08-12 00:00:00,29.0089,29.5819,28.4604,29.0187,108972600
1723555800,2024-08-13 00:00:00,29.8562,31.2031,29.8268,31.1296,108962800
1723642200,2024-08-14 00:00:00,31.3402,31.6586,30.3019,31.1835,124710600
1723728600,2024-08-15 00:00:00,32.3883,33.6127,32.3197,33.5295,106424800
1723815000,2024-08-16 00:00:00,33.1181,33.9213,32.9075,33.6176,89675200
1724074200,2024-08-19 00:00:00,33.6372,34.9449,33.2503,34.9204,91599800
1724160600,2024-08-20 00:00:00,34.7245,35.2926,34.3278,34.7049,97859000
1724247000,2024-08-21 00:00:00,34.8616,35.5865,34.4894,35.1800,103000800
1724333400,2024-08-22 00:00:00,35.6844,35.8314,33.2650,33.4903,127496400
1724419800,2024-08-23 00:00:00,34.3817,35.1261,33.5491,34.5433,128753200
1724679000,2024-08-26 00:00:00,34.4159,34.6119,33.0740,33.5295,84981400
1724765400,2024-08-27 00:00:00,33.1719,34.0388,32.7409,33.8135,71532600
1724851800,2024-08-28 00:00:00,33.6960,33.8527,31.9132,32.6675,118625800
1724938200,2024-08-29 00:00:00,33.0348,34.0045,32.2218,32.4961,120033600
1725024600,2024-08-30 00:00:00,33.3629,33.7303,32.4128,33.6029,92946800
1725370200,2024-09-03 00:00:00,32.9418,32.9711,30.0178,30.5370,147572600
1725456600,2024-09-04 00:00:00,29.8954,31.0366,29.7044,30.2774,96798400
1725543000,2024-09-05 00:00:00,29.9444,31.2080,29.7387,30.3754,110171600
1725629400,2024-09-06 00:00:00,30.1746,30.3509,27.7796,27.9118,169904600
1725888600,2024-09-09 00:00:00,28.6857,29.1363,28.0833,28.9501,110835000
1725975000,2024-09-10 00:00:00,29.2783,29.8366,28.5045,29.7289,91582400
1726061400,2024-09-11 00:00:00,29.9640,31.8104,28.2939,31.6243,163475200
1726147800,2024-09-12 00:00:00,31.6537,32.7605,31.2912,32.5597,109802600
1726234200,2024-09-13 00:00:00,32.3981,33.2405,32.3491,32.9858,87966600
1726493400,2024-09-16 00:00:00,32.5303,32.6724,31.8496,32.5450,82331000
1726579800,2024-09-17 00:00:00,33.1573,33.4315,32.0651,32.5646,103114400
1726666200,2024-09-18 00:00:00,32.8242,33.6764,32.0259,32.1385,166396200
1726752600,2024-09-19 00:00:00,34.4306,35.1653,33.9948,34.5678,114801400
1726839000,2024-09-20 00:00:00,34.3572,34.6168,33.4560,34.3474,96759600
1727098200,2024-09-23 00:00:00,34.5874,34.8469,34.3033,34.6021,69837000
1727184600,2024-09-24 00:00:00,34.9106,35.3073,33.9801,35.0918,81259600
1727271000,2024-09-25 00:00:00,34.9543,35.6176,34.9149,35.2147,64724800
1727357400,2024-09-26 00:00:00,36.8115,36.8852,35.1705,35.9615,107003200
1727443800,2024-09-27 00:00:00,36.1728,36.1924,35.0771,35.3424,82930600
1727703000,2024-09-30 00:00:00,35.1115,35.6814,34.4826,35.6176,85862800
1727789400,2024-10-01 00:00:00,35.5144,35.5881,33.2640,34.1091,134760200
1727875800,2024-10-02 00:00:00,33.9077,34.6595,33.3476,34.2369,79119400
1727962200,2024-10-03 00:00:00,33.7701,34.7921,33.6031,34.1583,97749400
1728048600,2024-10-04 00:00:00,35.3768,35.4554,34.2860,35.3621,110700400
1728307800,2024-10-07 00:00:00,34.9100,35.1704,33.9323,34.1976,82403400
1728394200,2024-10-08 00:00:00,34.7184,35.8583,34.5464,35.6814,77914000
1728480600,2024-10-09 00:00:00,35.6323,36.6690,35.4063,36.5413,78696200
1728567000,2024-10-10 00:00:00,36.0254,36.8263,35.7306,36.4135,86060600
1728653400,2024-10-11 00:00:00,35.9517,36.7526,35.8190,36.5069,70735200
1728912600,2024-10-14 00:00:00,37.0670,37.7451,36.9540,37.4405,67691200
1728999000,2024-10-15 00:00:00,37.5142,37.6616,35.4456,35.9468,106307600
1729085400,2024-10-16 00:00:00,35.9861,36.1089,35.2147,35.9271,70784200
1729171800,2024-10-17 00:00:00,37.1358,37.1456,35.9910,36.0352,97697800
1729258200,2024-10-18 00:00:00,36.5855,36.9245,36.4234,36.6740,64151600
1729517400,2024-10-21 00:00:00,36.3890,37.0572,35.9566,36.8754,74995800
1729603800,2024-10-22 00:00:00,36.2661,37.3176,36.0942,36.9835,76308000
1729690200,2024-10-23 00:00:00,36.4430,36.5904,34.5317,35.2736,118172200
1729776600,2024-10-24 00:00:00,36.0745,36.2612,35.4947,36.1138,78612800
1729863000,2024-10-25 00:00:00,36.7034,37.8335,36.5511,36.7231,114826000
1730122200,2024-10-28 00:00:00,37.4355,37.4355,36.6838,36.7575,69162200
1730208600,2024-10-29 00:00:00,36.8164,38.0595,36.3939,37.7746,78545200
1730295000,2024-10-30 00:00:00,37.6124,37.8237,36.8214,36.9344,80473200
1730381400,2024-10-31 00:00:00,36.0205,36.0303,34.1140,34.1239,138905200
1730467800,2024-11-01 00:00:00,34.4334,35.5537,34.3794,34.8511,96678800
1730730600,2024-11-04 00:00:00,34.7086,35.2589,34.1534,34.5268,82214400
1730817000,2024-11-05 00:00:00,34.8609,35.9861,34.8462,35.8387,79352600
1730903400,2024-11-06 00:00:00,37.6665,38.9243,37.4355,38.7474,118794200
1730989800,2024-11-07 00:00:00,39.3862,40.7472,39.3567,40.5605,99545200
1731076200,2024-11-08 00:00:00,40.3984,40.8356,40.2460,40.6588,70060000
1731335400,2024-11-11 00:00:00,40.9437,40.9929,39.8874,40.5851,70806000
1731421800,2024-11-12 00:00:00,40.5556,40.7669,39.6269,40.3640,68286000
1731508200,2024-11-13 00:00:00,40.2215,40.8258,39.6417,40.1871,74989000
1731594600,2024-11-14 00:00:00,40.0888,40.3050,39.1209,39.3370,77651400
1731681000,2024-11-15 00:00:00,37.9662,38.0546,36.0106,36.4922,120601600
1731940200,2024-11-18 00:00:00,36.8164,37.7058,36.5118,37.2292,77551200
1732026600,2024-11-19 00:00:00,36.6297,38.1038,36.5659,37.9760,80088200
1732113000,2024-11-20 00:00:00,37.9072,37.9760,36.4136,37.9318,101260600
1732199400,2024-11-21 00:00:00,38.5951,38.7573,36.6346,38.3052,109865600
1732285800,2024-11-22 00:00:00,38.1480,38.6246,37.7746,38.4477,79934800
1732545000,2024-11-25 00:00:00,39.3862,39.7350,38.0989,38.6246,91515800
1732631400,2024-11-26 00:00:00,38.9587,39.4304,38.7622,39.2240,69747200
1732717800,2024-11-27 00:00:00,38.9587,38.9685,37.5043,38.2757,78463600
1732890600,2024-11-29 00:00:00,38.3887,39.3911,38.2512,39.2535,40865800
1733149800,2024-12-02 00:00:00,39.5434,40.7570,39.4501,40.5261,73638200
1733236200,2024-12-03 00:00:00,40.1920,40.9437,40.0593,40.8848,84810800
1733322600,2024-12-04 00:00:00,41.7004,42.4374,41.5235,42.3785,69992600
1733409000,2024-12-05 00:00:00,42.3785,42.5701,41.9313,42.0296,54020400
1733495400,2024-12-06 00:00:00,42.1475,43.1745,42.1181,43.1106,62740600
1733754600,2024-12-09 00:00:00,42.8698,43.0713,41.8036,42.1033,69577600
1733841000,2024-12-10 00:00:00,42.3785,42.8059,41.2975,41.6464,71541600
1733927400,2024-12-11 00:00:00,42.6880,44.0343,42.5897,43.8722,74897800
1734013800,2024-12-12 00:00:00,43.3022,43.6167,42.8846,43.0025,66348400
1734100200,2024-12-13 00:00:00,43.9360,44.5993,43.1646,43.9262,79663600
1734359400,2024-12-16 00:00:00,44.5748,46.0832,44.5502,45.8375,69967600
1734445800,2024-12-17 00:00:00,45.3658,45.6508,44.7959,45.2234,69168200
1734532200,2024-12-18 00:00:00,45.0317,45.4838,39.9414,40.3345,134849200
1734618600,2024-12-19 00:00:00,41.4056,41.5334,39.6761,39.7645,113317600
1734705000,2024-12-20 00:00:00,38.8457,42.1868,38.5706,40.7963,145241000
1734964200,2024-12-23 00:00:00,41.1390,42.0214,40.3403,41.9327,83645800
1735050600,2024-12-24 00:00:00,42.3714,43.6186,42.2186,43.5989,48139600
1735223400,2024-12-26 00:00:00,43.1947,43.9144,42.6869,43.5052,59062000
1735309800,2024-12-27 00:00:00,42.5785,42.6869,40.5622,41.7355,102139000
1735569000,2024-12-30 00:00:00,40.0298,40.9467,39.1473,40.0593,102844000
1735655400,2024-12-31 00:00:00,40.3255,40.5030,38.7875,39.0093,105177600
1735828200,2025-01-02 00:00:00,39.7044,40.2319,37.7276,38.7628,141370600
1735914600,2025-01-03 00:00:00,39.4333,40.8728,39.2509,40.6213,92431600
1736173800,2025-01-06 00:00:00,41.8883,42.8151,41.4249,42.0066,92050000
1736260200,2025-01-07 00:00:00,42.2580,42.3418,39.2952,39.7438,111021000
1736346600,2025-01-08 00:00:00,39.7143,40.1333,38.6691,39.7734,96021200
1736519400,2025-01-10 00:00:00,38.8466,38.8565,37.0867,37.8754,145651600
1736778600,2025-01-13 00:00:00,36.5050,37.5649,36.1550,37.4811,113382000
1736865000,2025-01-14 00:00:00,38.1959,38.4818,36.5740,37.3480,125271000
1736951400,2025-01-15 00:00:00,39.0980,40.1629,38.7480,39.8720,106919200
1737037800,2025-01-16 00:00:00,40.4291,40.4488,39.0438,39.0586,93055400
1737124200,2025-01-17 00:00:00,41.2573,41.3805,40.3453,40.9861,87352200
1737469800,2025-01-21 00:00:00,41.6319,41.9770,40.5868,41.6664,83451800
1737556200,2025-01-22 00:00:00,42.8102,43.8306,42.7461,43.2834,86265400
1737642600,2025-01-23 00:00:00,42.6623,43.5693,42.5292,43.5496,60481000
1737729000,2025-01-24 00:00:00,43.5940,43.7912,42.4010,42.7658,72479200
1737988200,2025-01-27 00:00:00,38.2452,39.9459,38.0480,39.0142,161821600
1738074600,2025-01-28 00:00:00,39.2311,41.0009,38.4522,40.7446,101033400
1738161000,2025-01-29 00:00:00,40.8728,40.9073,39.5664,40.4932,118481200
1738247400,2025-01-30 00:00:00,41.1488,41.7009,39.8621,41.0009,115171000
1738333800,2025-01-31 00:00:00,41.8636,42.9334,40.5129,40.7791,118146600
1738593000,2025-02-03 00:00:00,38.7135,40.4192,38.1269,39.7931,153257000
1738679400,2025-02-04 00:00:00,39.8868,41.3805,39.7981,41.2376,84634600
1738765800,2025-02-05 00:00:00,40.5967,41.8143,40.3058,41.7749,79694800
1738852200,2025-02-06 00:00:00,41.8834,42.4601,41.5038,42.4010,76431000
1738938600,2025-02-07 00:00:00,42.5242,42.9827,40.5967,40.7840,110870400
1739197800,2025-02-10 00:00:00,41.7700,42.4946,41.6566,42.2186,65594200
1739284200,2025-02-11 00:00:00,41.4446,42.3911,41.4150,41.9179,62602800
1739370600,2025-02-12 00:00:00,40.5622,42.2038,40.4734,42.0017,96986600
1739457000,2025-02-13 00:00:00,42.3862,43.8553,42.1890,43.7715,92920200
1739543400,2025-02-14 00:00:00,43.7813,44.4567,43.6778,44.2842,76057400
1739889000,2025-02-18 00:00:00,44.6785,44.7377,43.7517,44.5602,68825200
1739975400,2025-02-19 00:00:00,44.3680,44.9201,43.8355,44.5651,68515800
1740061800,2025-02-20 00:00:00,44.3926,44.4813,42.8348,44.0229,80266000
1740148200,2025-02-21 00:00:00,44.2546,44.2644,41.1488,41.2671,118627200
1740407400,2025-02-24 00:00:00,41.6566,41.9277,39.6847,39.7833,106467400
1740493800,2025-02-25 00:00:00,39.6009,39.6255,37.3578,38.2649,151194400
1740580200,2025-02-26 00:00:00,38.7382,39.6600,37.8064,38.5114,126351400
1740666600,2025-02-27 00:00:00,39.3002,39.5220,35.2380,35.3169,206751000
1740753000,2025-02-28 00:00:00,35.2282,37.0571,34.5479,36.9339,186358000
1741012200,2025-03-03 00:00:00,37.6487,37.9839,33.7394,34.5478,183891600
1741098600,2025-03-04 00:00:00,33.8971,35.8740,32.5414,34.1683,261673800
1741185000,2025-03-05 00:00:00,34.2866,35.8345,33.2710,35.4993,201266600
1741271400,2025-03-06 00:00:00,33.7147,34.7549,32.1273,32.5562,245645400
1741357800,2025-03-07 00:00:00,32.3196,33.5274,31.0033,33.2316,270354600
1741613400,2025-03-10 00:00:00,31.5506,31.6442,28.5335,29.4850,312271600
1741699800,2025-03-11 00:00:00,29.2829,30.4906,28.2821,29.1399,278978600
1741786200,2025-03-12 00:00:00,30.5350,30.8900,29.1645,30.1357,283837200
1741872600,2025-03-13 00:00:00,29.9730,29.9977,28.1194,28.4892,242454600
1741959000,2025-03-14 00:00:00,29.4357,30.6780,29.3322,30.5104,198217000
1742218200,2025-03-17 00:00:00,30.5054,31.6886,30.1456,31.1019,180300800
1742304600,2025-03-18 00:00:00,30.4512,30.4561,29.0906,29.5343,175652400
1742391000,2025-03-19 00:00:00,29.9139,31.5062,29.5491,30.6829,185186400
1742477400,2025-03-20 00:00:00,29.9040,31.3682,29.7610,30.3674,176818200
1742563800,2025-03-21 00:00:00,29.3469,30.7716,29.1202,30.6533,160982000
1742823000,2025-03-24 00:00:00,32.0731,32.7978,31.9548,32.6006,126823000
1742909400,2025-03-25 00:00:00,32.7731,33.2119,32.5809,33.1823,111139400
1742995800,2025-03-26 00:00:00,32.9489,33.1220,31.0305,31.3371,157006400
1743082200,2025-03-27 00:00:00,30.9514,31.7574,30.5312,30.8031,144736000
1743168600,2025-03-28 00:00:00,30.4273,30.5608,28.1678,28.3507,207264200
1743427800,2025-03-31 00:00:00,27.0553,28.4941,26.2247,28.3309,213709000
1743514200,2025-04-01 00:00:00,28.0244,29.1665,27.5003,28.9836,194196400
1743600600,2025-04-02 00:00:00,27.7821,30.2592,27.7327,29.6313,246174800
1743687000,2025-04-03 00:00:00,25.9231,26.6153,24.7760,24.8699,280231400
1743773400,2025-04-04 00:00:00,22.7389,23.1295,20.2865,20.3162,516053400
1744032600,2025-04-07 00:00:00,18.1704,23.1542,17.3051,20.3953,791455200
1744119000,2025-04-08 00:00:00,22.4423,23.1444,18.3434,19.2334,502295400
1744205400,2025-04-09 00:00:00,19.1642,26.4076,19.1493,26.0121,713864000
1744291800,2025-04-10 00:00:00,24.0689,24.3953,20.5535,22.8131,563385400
1744378200,2025-04-11 00:00:00,22.5807,24.2618,22.0615,24.0195,358585800
1744637400,2025-04-14 00:00:00,25.6610,25.7352,23.7673,24.5238,294861400
1744723800,2025-04-15 00:00:00,24.7018,25.3198,24.3211,24.6178,209340200
1744810200,2025-04-16 00:00:00,23.1542,23.7377,21.3397,22.3928,269148800
1744896600,2025-04-17 00:00:00,22.7884,22.8872,21.9280,22.3285,202191600
1745242200,2025-04-21 00:00:00,21.4435,21.5770,19.8959,20.6969,229539400
1745328600,2025-04-22 00:00:00,21.4880,22.7340,21.3100,22.2791,260222800
1745415000,2025-04-23 00:00:00,24.3458,25.1320,23.5498,23.7574,303995400
1745501400,2025-04-24 00:00:00,24.0986,25.8489,23.9997,25.7797,240615400
1745587800,2025-04-25 00:00:00,25.7302,26.7339,25.4533,26.6301,226103200
1745847000,2025-04-28 00:00:00,26.7092,27.0157,25.5325,26.6103,191356800
1745933400,2025-04-29 00:00:00,26.2247,27.2778,26.1208,27.1295,169808000
1746019800,2025-04-30 00:00:00,25.6907,27.4014,24.8798,27.1344,268446600
1746106200,2025-05-01 00:00:00,28.4595,29.1171,27.9997,28.0689,205481600
1746192600,2025-05-02 00:00:00,28.9935,29.7598,28.6919,29.3841,195097800
1746451800,2025-05-05 00:00:00,28.6276,29.4187,28.5287,28.8748,138579000
1746538200,2025-05-06 00:00:00,27.7178,28.6968,27.4756,28.0541,165885800
1746624600,2025-05-07 00:00:00,28.1628,28.8056,27.2382,28.3804,207867200
1746711000,2025-05-08 00:00:00,29.2704,30.0170,28.5089,29.2259,197621600
1746797400,2025-05-09 00:00:00,29.5670,29.7994,28.8402,29.1566,146818800
1747056600,2025-05-12 00:00:00,32.5583,32.7116,31.5695,32.6869,202490000
1747143000,2025-05-13 00:00:00,32.9638,34.5410,32.8105,34.1850,170595400
1747229400,2025-05-14 00:00:00,34.4174,34.9118,34.2196,34.7882,161184800
1747315800,2025-05-15 00:00:00,34.3531,35.4458,34.0812,34.8970,161694800
1747402200,2025-05-16 00:00:00,35.1590,35.3618,34.4372,35.3271,127627200
1747661400,2025-05-19 00:00:00,33.8537,35.5299,33.8340,35.4211,143794200
1747747800,2025-05-20 00:00:00,34.8970,35.1887,34.3136,35.0503,134069400
1747834200,2025-05-21 00:00:00,34.2345,35.5941,33.2159,33.5917,219255200
1747920600,2025-05-22 00:00:00,33.7005,34.4866,33.4335,33.7647,173542000
1748007000,2025-05-23 00:00:00,32.1826,33.2950,32.0688,32.7907,214220800
1748352600,2025-05-27 00:00:00,34.1108,35.1788,33.8142,35.0750,130539600
1748439000,2025-05-28 00:00:00,35.2728,35.5694,34.5014,34.6251,132542600
1748525400,2025-05-29 00:00:00,36.0935,36.1232,34.2790,34.7932,193248800
1748611800,2025-05-30 00:00:00,34.6745,34.9069,33.1467,34.6102,187118200
1748871000,2025-06-02 00:00:00,34.2147,35.4606,33.9625,35.4063,137925400
1748957400,2025-06-03 00:00:00,35.4804,36.5286,35.3024,36.2320,128728400
1749043800,2025-06-04 00:00:00,36.3803,36.7462,35.9501,36.5237,128889000
1749130200,2025-06-05 00:00:00,36.8104,37.4038,35.2530,35.6733,198008800
1749216600,2025-06-06 00:00:00,36.7214,37.0873,36.3605,36.6918,131215400
1749475800,2025-06-09 00:00:00,36.7412,37.2010,36.5088,36.8549,100363800
1749562200,2025-06-10 00:00:00,36.9390,37.7202,36.4693,37.5669,122693000
1749648600,2025-06-11 00:00:00,37.8685,38.1108,36.6967,37.1813,181652000
1749735000,2025-06-12 00:00:00,36.8846,37.6411,36.8451,37.4235,126110000
1749821400,2025-06-13 00:00:00,36.1430,37.0280,35.7326,36.0095,210666200
1750080600,2025-06-16 00:00:00,36.6967,37.7004,36.6967,37.4779,116668600
1750167000,2025-06-17 00:00:00,36.9242,37.2703,36.1331,36.3704,135418200
1750253400,2025-06-18 00:00:00,36.5484,37.0626,36.0144,36.3210,142661400
1750426200,2025-06-20 00:00:00,36.9637,37.2455,35.4606,35.8216,163355000
1750685400,2025-06-23 00:00:00,35.9600,37.0478,35.3123,36.9341,167572800
1750771800,2025-06-24 00:00:00,38.0267,38.8178,37.9031,38.6151,113191600
1750858200,2025-06-25 00:00:00,39.1099,39.3777,38.5348,38.9116,101438200
1750944600,2025-06-26 00:00:00,39.3777,40.0867,38.9810,39.9776,100144200
1751031000,2025-06-27 00:00:00,40.1759,40.7808,39.5909,40.3693,146023600
1751290200,2025-06-30 00:00:00,41.0535,41.3957,40.5726,41.1527,113721400
1751376600,2025-07-01 00:00:00,40.7164,40.9246,39.5711,40.1065,140390000
1751463000,2025-07-02 00:00:00,39.8933,40.9494,39.8785,40.9048,100285000
1751549400,2025-07-03 00:00:00,41.3957,42.2881,41.3957,42.0501,83484600
1751895000,2025-07-07 00:00:00,41.4502,41.6336,40.5577,41.1130,139674800
1751981400,2025-07-08 00:00:00,41.3907,41.5394,40.8899,41.1676,115515400
1752067800,2025-07-09 00:00:00,41.6336,42.3377,41.3262,42.0204,117976200
1752154200,2025-07-10 00:00:00,42.1592,42.2534,41.2221,41.8270,110317800
1752240600,2025-07-11 00:00:00,41.3114,41.8716,41.0288,41.5097,106937600
1752499800,2025-07-14 00:00:00,41.4651,42.1146,40.9296,41.9510,97311400
1752586200,2025-07-15 00:00:00,42.8534,42.9723,42.0452,42.0600,123257600
1752672600,2025-07-16 00:00:00,42.1741,42.3179,40.8751,42.1790,166357600
1752759000,2025-07-17 00:00:00,42.3278,43.2946,42.1443,43.1608,97330800
1752845400,2025-07-18 00:00:00,43.4533,43.5029,42.7344,43.0120,98496200
1753104600,2025-07-21 00:00:00,43.2103,44.1177,43.1955,43.6665,87720400
1753191000,2025-07-22 00:00:00,43.6962,43.7111,42.3774,42.9872,108345200
1753277400,2025-07-23 00:00:00,43.2252,43.5723,42.5906,43.5525,118025200
1753363800,2025-07-24 00:00:00,43.8549,44.1078,43.4335,43.8400,90378200
1753450200,2025-07-25 00:00:00,43.7855,44.4152,43.6219,44.0879,79003200
1753709400,2025-07-28 00:00:00,44.4201,44.7176,44.2168,44.5193,95592000
1753795800,2025-07-29 00:00:00,45.1143,45.4316,44.1177,44.3160,116251200
1753882200,2025-07-30 00:00:00,44.4945,45.0597,43.7607,44.4697,145527600
1753968600,2025-07-31 00:00:00,45.9671,45.9869,43.4632,43.7359,178874600
1754055000,2025-08-01 00:00:00,42.2683,42.3030,40.5875,41.1130,219781200
1754314200,2025-08-04 00:00:00,42.2534,43.4186,42.2237,43.3640,108586000
1754400600,2025-08-05 00:00:00,43.6566,43.9342,42.3526,42.4617,152088400
1754487000,2025-08-06 00:00:00,42.6550,44.1623,42.5459,44.0483,128995200
1754573400,2025-08-07 00:00:00,45.0647,45.4514,43.5425,44.4945,169239200
1754659800,2025-08-08 00:00:00,44.7424,45.7539,44.6730,45.6944,104522600
1754919000,2025-08-11 00:00:00,45.7291,46.2299,44.9804,45.2928,94617000
1755005400,2025-08-12 00:00:00,45.8233,47.0479,45.1837,46.9637,119469600
1755091800,2025-08-13 00:00:00,47.6231,47.7570,46.6959,47.0331,96058600
1755178200,2025-08-14 00:00:00,46.5273,47.3950,46.4282,46.9042,106385800
1755264600,2025-08-15 00:00:00,46.8397,46.8595,45.8233,46.2398,96167400
1755523800,2025-08-18 00:00:00,46.0117,46.3389,45.7291,46.1803,73371400
1755610200,2025-08-19 00:00:00,45.9968,46.0415,44.0384,44.2962,111118600
1755696600,2025-08-20 00:00:00,44.0433,44.0731,41.8369,43.4880,164404200
1755783000,2025-08-21 00:00:00,43.1112,43.6070,42.3377,42.8831,119920000
1755869400,2025-08-22 00:00:00,43.1459,45.2779,42.8236,44.8118,132726400
1756128600,2025-08-25 00:00:00,44.4350,45.1093,44.1425,44.4201,80452600
1756215000,2025-08-26 00:00:00,44.2813,45.0052,44.0483,44.9358,84374600
1756301400,2025-08-27 00:00:00,44.6928,45.3374,44.3953,45.1391,90055200
1756387800,2025-08-28 00:00:00,45.2581,46.1654,44.8763,45.9621,90658000
1756474200,2025-08-29 00:00:00,45.3275,45.4118,43.8747,44.3061,121887000
1756819800,2025-09-02 00:00:00,42.1989,43.2550,41.7725,43.1756,166668000
1756906200,2025-09-03 00:00:00,43.9937,44.5639,43.4285,44.1821,119929800
1756992600,2025-09-04 00:00:00,44.3259,45.4465,43.9392,45.3771,101759600
1757079000,2025-09-05 00:00:00,46.5769,46.7257,44.4697,45.5258,172625800
1757338200,2025-09-08 00:00:00,46.0662,46.6563,45.9324,46.1753,101696800
1757424600,2025-09-09 00:00:00,46.3588,46.6612,45.7340,46.5521,94620800
1757511000,2025-09-10 00:00:00,47.3256,47.3306,46.0811,46.6017,120818800
1757597400,2025-09-11 00:00:00,47.1967,47.5884,46.8100,47.3851,91247200
1757683800,2025-09-12 00:00:00,47.5785,48.2776,47.3653,47.9751,92235200
1757943000,2025-09-15 00:00:00,48.4114,49.2196,48.3767,49.1998,78114400
1758029400,2025-09-16 00:00:00,49.4180,49.4874,48.8924,49.0659,77137200
1758115800,2025-09-17 00:00:00,49.0312,49.1849,47.3554,48.7536,147697200
1758202200,2025-09-18 00:00:00,49.9584,50.7567,49.4775,50.0675,123401600
1758288600,2025-09-19 00:00:00,50.5137,51.2128,50.1518,51.0591,84365400
1758547800,2025-09-22 00:00:00,50.7814,52.1003,50.7814,51.9218,81054600
1758634200,2025-09-23 00:00:00,51.9565,52.0111,50.5633,50.8757,99930600
1758720600,2025-09-24 00:00:00,51.2221,51.2965,49.6240,50.3287,101055600
1758807000,2025-09-25 00:00:00,49.3312,50.0607,48.3882,49.6538,122820600
1758893400,2025-09-26 00:00:00,49.8275,50.3138,49.0036,50.2493,124097400
1759152600,2025-09-29 00:00:00,51.0136,51.7531,50.5918,50.9193,92393200
1759239000,2025-09-30 00:00:00,50.8250,51.4007,50.2344,51.3164,92323800
1759325400,2025-10-01 00:00:00,50.4876,52.1799,50.2741,52.0409,93996400
1759411800,2025-10-02 00:00:00,53.0087,53.0236,51.9417,52.6762,89158600
1759498200,2025-10-03 00:00:00,52.8251,53.0385,51.4950,51.9615,103096400
1759757400,2025-10-06 00:00:00,53.3015,53.5397,52.6712,53.1229,82476800
1759843800,2025-10-07 00:00:00,53.4504,53.6291,51.8722,52.2643,100185800
1759930200,2025-10-08 00:00:00,52.4677,54.1204,52.4380,54.0360,86931000
1760016600,2025-10-09 00:00:00,54.0360,54.0757,52.9839,53.8226,87956200
1760103000,2025-10-10 00:00:00,53.9616,54.4231,48.0557,48.1748,238009400
1760362200,2025-10-13 00:00:00,50.6513,51.4553,50.0508,51.2320,114511200
1760448600,2025-10-14 00:00:00,49.4950,51.3809,48.1748,50.1898,147230000
1760535000,2025-10-15 00:00:00,51.6836,52.3635,49.6488,51.2171,127069400
1760621400,2025-10-16 00:00:00,51.9516,52.7705,49.5049,50.6464,159344000
1760707800,2025-10-17 00:00:00,50.0856,51.9963,49.6885,51.6092,142274000
1760967000,2025-10-20 00:00:00,52.4132,53.8574,52.3834,53.5447,79928800
1761053400,2025-10-21 00:00:00,53.5497,53.8375,52.9392,53.4851,79811400
1761139800,2025-10-22 00:00:00,53.3263,53.4703,50.4131,51.9119,134380800
1761226200,2025-10-23 00:00:00,51.7481,53.4157,51.6538,53.2122,91245000
1761312600,2025-10-24 00:00:00,54.5869,55.2172,54.3586,54.8698,84387600
1761571800,2025-10-27 00:00:00,56.8351,57.9120,56.7110,57.7830,77489400
1761658200,2025-10-28 00:00:00,58.3885,59.5945,58.0957,59.1031,92239400
1761744600,2025-10-29 00:00:00,59.8376,60.2347,58.3339,59.8575,133060800
1761831000,2025-10-30 00:00:00,58.8550,59.2272,57.0882,57.1180,127234200
1761917400,2025-10-31 00:00:00,59.3017,59.3017,57.2619,57.9269,122666800
1762180200,2025-11-03 00:00:00,59.5548,59.7632,58.1056,58.7210,83598000
1762266600,2025-11-04 00:00:00,56.2594,57.2768,54.9095,55.1279,124762800
1762353000,2025-11-05 00:00:00,54.9293,57.0733,54.5621,56.1998,109730000
1762439400,2025-11-06 00:00:00,55.7681,55.8326,52.6663,53.0484,156461400
1762525800,2025-11-07 00:00:00,52.1203,52.5273,49.6091,52.4975,183589400
1762785000,2025-11-10 00:00:00,54.8053,56.2048,54.2991,55.9368,119878800
1762871400,2025-11-11 00:00:00,55.2222,55.7929,54.3934,55.4753,102665600
1762957800,2025-11-12 00:00:00,56.3438,56.3487,54.4579,55.3611,125708400
1763044200,2025-11-13 00:00:00,54.3785,54.5323,51.3164,51.9417,201264400
1763130600,2025-11-14 00:00:00,49.6190,53.1477,49.0185,51.9814,222397600
1763389800,2025-11-17 00:00:00,51.3213,52.9194,49.6836,50.6464,186327000
1763476200,2025-11-18 00:00:00,49.6141,50.2940,47.5446,48.8151,267348000
1763562600,2025-11-19 00:00:00,48.9590,51.1923,48.3535,49.6538,184263600
1763649000,2025-11-20 00:00:00,52.5571,53.1427,45.8869,46.1053,178246300
1763735400,2025-11-21 00:00:00,46.5023,48.7356,44.9043,47.1277,179618600
1763994600,2025-11-24 00:00:00,48.3386,51.0682,48.3088,50.7010,93894200
1764081000,2025-11-25 00:00:00,50.2642,51.9715,48.7158,51.6241,101851900
1764167400,2025-11-26 00:00:00,52.5174,53.4603,51.9814,52.9740,75598100
1764340200,2025-11-28 00:00:00,53.4206,54.2048,53.2320,54.1353,34381600
1764599400,2025-12-01 00:00:00,52.7159,54.2445,52.4280,53.6489,66359600
1764685800,2025-12-02 00:00:00,54.2246,55.3462,53.7382,54.8896,79504400
1764772200,2025-12-03 00:00:00,54.2544,55.4653,53.8276,55.2767,69844900
1764858600,2025-12-04 00:00:00,55.6242,55.6341,54.2048,55.0981,63958000
1764945000,2025-12-05 00:00:00,55.4455,56.6564,55.2668,55.7333,73206000
1765204200,2025-12-08 00:00:00,56.1502,56.6167,54.7110,55.3859,69700000
1765290600,2025-12-09 00:00:00,55.0385,55.8028,54.6812,55.5944,48736000
1765377000,2025-12-10 00:00:00,55.2370,56.6664,54.4827,56.2296,100261100
1765463400,2025-12-11 00:00:00,55.2172,55.7433,53.5794,55.6936,99683900
1765549800,2025-12-12 00:00:00,54.7010,55.1080,51.8424,52.4280,138448500
1765809000,2025-12-15 00:00:00,53.6588,53.6588,51.3362,51.6340,98696300
1765895400,2025-12-16 00:00:00,51.0484,52.3784,50.7208,51.9417,105953700
1765981800,2025-12-17 00:00:00,52.2593,52.4082,49.0036,49.0334,125606200
1766068200,2025-12-18 00:00:00,51.2866,52.0707,50.6017,51.1278,109222100
1766154600,2025-12-19 00:00:00,51.8126,53.2420,51.8027,53.1229,72957800
1766413800,2025-12-22 00:00:00,54.4033,54.4827,53.4802,53.8474,64783100
1766500200,2025-12-23 00:00:00,53.5695,54.6613,53.4603,54.6018,48197100
1766586600,2025-12-24 00:00:00,54.5481,55.1247,54.4586,55.0352,25855000
1766759400,2025-12-26 00:00:00,55.1943,55.4229,54.7867,54.9855,37244200
1767018600,2025-12-29 00:00:00,53.9715,54.6674,53.6037,54.1703,50635300
1767105000,2025-12-30 00:00:00,53.8820,54.4984,53.7230,53.7826,38976800
1767191400,2025-12-31 00:00:00,53.8125,53.8820,52.3312,52.4107,57199400
1767364200,2026-01-02 00:00:00,53.8522,54.5581,51.3072,52.0429,107226600
1767623400,2026-01-05 00:00:00,53.6335,54.0113,52.9774,53.2856,77968000
1767709800,2026-01-06 00:00:00,53.6037,54.8464,53.4247,54.6873,68915800
1767796200,2026-01-07 00:00:00,54.5680,55.8604,54.4487,54.8464,65588300
1767882600,2026-01-08 00:00:00,54.5481,54.6575,53.1861,53.8721,83760300
1767969000,2026-01-09 00:00:00,54.0709,55.7709,53.4744,55.4329,78706300
1768228200,2026-01-12 00:00:00,54.2797,56.0095,54.2598,55.5621,59673900
1768314600,2026-01-13 00:00:00,55.5820,56.1685,54.6376,55.2738,88611000
1768401000,2026-01-14 00:00:00,54.2300,54.5581,52.1920,53.5142,117421500
1768487400,2026-01-15 00:00:00,55.3235,55.5025,53.8125,54.0610,90483000
1768573800,2026-01-16 00:00:00,54.9955,55.1347,53.2657,53.8224,75855900
1768919400,2026-01-20 00:00:00,51.0885,52.2517,50.1839,50.4324,129209100
1769005800,2026-01-21 00:00:00,50.7704,53.4844,50.3727,52.4207,150230100
1769092200,2026-01-22 00:00:00,54.0013,54.0113,52.8382,53.5838,90992300
1769178600,2026-01-23 00:00:00,53.2756,54.7469,53.0072,54.0610,78066100
1769437800,2026-01-26 00:00:00,54.1505,55.3037,53.8920,54.7569,58084300
1769524200,2026-01-27 00:00:00,55.6516,56.4668,55.2341,56.2083,51981200
1769610600,2026-01-28 00:00:00,57.3615,57.6697,56.3972,56.7253,76172100
1769697000,2026-01-29 00:00:00,56.6159,56.8744,52.7487,55.7112,122642300
1769783400,2026-01-30 00:00:00,54.6972,55.3832,53.0072,53.6832,110170700
1770042600,2026-02-02 00:00:00,52.8481,55.3832,52.8382,54.7768,74665800
1770129000,2026-02-03 00:00:00,55.3136,55.4329,50.7803,52.2119,129992200
1770215400,2026-02-04 00:00:00,51.8341,51.8441,48.1459,49.4681,142536200
1770301800,2026-02-05 00:00:00,48.1061,49.2394,46.7839,47.3605,158712900
1770388200,2026-02-06 00:00:00,48.0564,50.7108,47.7184,50.2932,117934600
1770647400,2026-02-09 00:00:00,49.7663,51.9634,49.1500,51.4365,71272700
1770733800,2026-02-10 00:00:00,51.6651,52.0926,50.5915,50.7207,70660900
1770820200,2026-02-11 00:00:00,51.9037,52.1920,49.7464,51.0985,92393800
1770906600,2026-02-12 00:00:00,51.4961,51.7645,47.7085,47.9769,131150000
1770993000,2026-02-13 00:00:00,47.8675,49.2991,46.9032,48.1857,123216600
1771338600,2026-02-17 00:00:00,47.3605,48.6927,46.1477,48.0664,117089700
1771425000,2026-02-18 00:00:00,48.2453,50.0646,47.9172,49.1003,81370800
1771511400,2026-02-19 00:00:00,48.3845,49.1102,47.8775,48.5435,83447500
1771597800,2026-02-20 00:00:00,47.6786,50.1540,47.4798,49.7663,118813800
1771857000,2026-02-23 00:00:00,49.2394,49.5874,47.3804,47.9570,91951800
1771943400,2026-02-24 00:00:00,48.1658,49.7464,47.5395,49.4880,71023300
1772029800,2026-02-25 00:00:00,50.2535,51.6552,50.2336,51.5657,54217200
1772116200,2026-02-26 00:00:00,51.3271,51.3371,48.4243,49.7564,105583800
1772202600,2026-02-27 00:00:00,48.1658,49.4780,47.9769,49.2295,93802200
1772461800,2026-03-02 00:00:00,47.1816,49.8558,46.9529,49.4084,108545900
1772548200,2026-03-03 00:00:00,46.5354,48.3845,45.4518,47.8178,163365500
1772634600,2026-03-04 00:00:00,48.4044,50.4920,48.2354,49.9652,99738400
1772721000,2026-03-05 00:00:00,49.1500,50.4622,47.8874,49.5079,129713200
1772807400,2026-03-06 00:00:00,47.3804,48.7623,46.9032,47.2611,141012200
1773063000,2026-03-09 00:00:00,45.9190,49.4780,45.2331,49.1003,159005500
1773149400,2026-03-10 00:00:00,49.1201,50.4423,48.5435,49.1102,115057200
1773235800,2026-03-11 00:00:00,49.3886,50.2236,48.4441,49.0605,91104300
1773322200,2026-03-12 00:00:00,47.8675,48.2055,46.4757,46.5553,130823900
1773408600,2026-03-13 00:00:00,47.0722,47.9670,45.4021,45.6606,141952500
1773667800,2026-03-16 00:00:00,47.0921,47.9868,46.9032,47.1816,81421500
1773754200,2026-03-17 00:00:00,47.8377,48.4740,47.5295,47.8775,74570100
1773840600,2026-03-18 00:00:00,47.4401,47.8278,45.7798,45.8296,105059300
1773927000,2026-03-19 00:00:00,44.6068,46.0483,44.0401,45.4220,138384900
1774013400,2026-03-20 00:00:00,44.9150,44.9448,42.0519,42.8273,137952500
1774272600,2026-03-23 00:00:00,44.8454,45.8793,43.8711,44.3085,139354300
1774359000,2026-03-24 00:00:00,43.5828,44.2887,42.9366,43.3641,105505200
1774445400,2026-03-25 00:00:00,44.5112,45.0290,43.7644,44.2026,79294400
1774531800,2026-03-26 00:00:00,43.0475,43.4956,40.9762,41.0559,117558900
1774618200,2026-03-27 00:00:00,40.3887,40.4186,38.3972,38.6162,124795700
1774877400,2026-03-30 00:00:00,39.5821,39.7415,37.1624,37.7300,111446500
1774963800,2026-03-31 00:00:00,38.9249,41.8226,38.9050,41.5040,149516200
1775050200,2026-04-01 00:00:00,42.4500,43.7943,42.2309,43.0475,116135500
1775136600,2026-04-02 00:00:00,40.7074,43.3661,40.2692,43.1470,111377300
1775482200,2026-04-06 00:00:00,43.4159,44.4017,43.0873,43.9138,69245100
1775568600,2026-04-07 00:00:00,43.2665,44.0233,41.6633,43.9636,131796200
1775655000,2026-04-08 00:00:00,48.4346,48.7134,46.9509,47.7973,102015100
1775741400,2026-04-09 00:00:00,47.8172,48.8827,47.1102,48.7533,78953600
1775827800,2026-04-10 00:00:00,49.1516,49.5997,48.6138,48.9624,65481600
1776087000,2026-04-13 00:00:00,48.5740,50.5257,48.2554,50.4461,67169100
1776173400,2026-04-14 00:00:00,51.1730,53.2044,51.1630,53.1845,72362300
1776259800,2026-04-15 00:00:00,53.3438,55.5046,53.1048,55.4150,83244000
1776346200,2026-04-16 00:00:00,55.8930,56.6796,54.8673,56.1917,86398100
1776432600,2026-04-17 00:00:00,57.5360,58.6911,57.1277,58.3426,103604000
1776691800,2026-04-20 00:00:00,58.1534,58.3326,56.6697,57.8347,67652800
1776778200,2026-04-21 00:00:00,58.2331,58.7210,56.5801,57.1576,91775200
1776864600,2026-04-22 00:00:00,58.6812,60.0454,58.2430,59.9557,73399800
1776951000,2026-04-23 00:00:00,59.5475,60.4736,57.3468,58.9699,92856900
1777037400,2026-04-24 00:00:00,60.8221,62.4751,60.3043,62.2958,80250700
1777296600,2026-04-27 00:00:00,62.1465,62.4352,61.3797,62.3755,56615000
1777383000,2026-04-28 00:00:00,60.4636,61.0710,59.4280,60.4835,80631600
1777469400,2026-04-29 00:00:00,60.7424,61.6087,60.1947,61.5988,77081400
1777555800,2026-04-30 00:00:00,62.6244,63.5306,60.4437,63.2717,81042700
1777642200,2026-05-01 00:00:00,63.6202,65.5620,63.5406,65.0243,67762900
1777901400,2026-05-04 00:00:00,65.1637,65.7711,63.5107,64.6359,60813800
1777987800,2026-05-05 00:00:00,66.0897,67.4838,65.9702,67.1054,54098800
1778074200,2026-05-06 00:00:00,68.9675,71.3574,68.5891,71.2678,70169000
1778160600,2026-05-07 00:00:00,71.5665,72.9905,70.0828,71.0387,93509100
1778247000,2026-05-08 00:00:00,72.5125,75.9878,72.3930,75.9579,68713700
1778506200,2026-05-11 00:00:00,75.6791,77.0333,75.2310,76.6350,60475000
1778592600,2026-05-12 00:00:00,74.9820,75.6094,71.2479,74.6435,90651600
1778679000,2026-05-13 00:00:00,75.4899,77.6109,73.8767,76.9138,64416400
1778765400,2026-05-14 00:00:00,76.9636,79.3435,76.8342,78.6166,58472800
1778851800,2026-05-15 00:00:00,75.4102,77.0433,73.9166,75.0219,81260600
1779111000,2026-05-18 00:00:00,75.8085,75.9479,71.7955,74.0062,87710100
1779197400,2026-05-19 00:00:00,72.1042,74.1854,70.6603,72.6220,85973700
1779283800,2026-05-20 00:00:00,73.7771,76.2068,73.3091,76.1869,70647500
1779370200,2026-05-21 00:00:00,74.8625,77.4615,74.1555,76.6251,74958100
1779456600,2026-05-22 00:00:00,77.7105,78.9950,77.0035,77.5113,58330500
1779802200,2026-05-26 00:00:00,80.2497,81.9226,79.6423,81.6039,62579600
1779888600,2026-05-27 00:00:00,82.5201,82.5599,79.9908,81.3251,66221000
1779975000,2026-05-28 00:00:00,81.3948,83.6951,80.3194,83.3266,55265900
1780061400,2026-05-29 00:00:00,84.0536,85.3381,83.1773,84.2029,67644100
1780320600,2026-06-01 00:00:00,83.7947,86.6924,83.3964,85.6767,57216000
1780407000,2026-06-02 00:00:00,85.5771,86.9513,84.4718,86.8517,48355000
1780493400,2026-06-03 00:00:00,87.3097,87.7180,85.0493,86.1945,62154500
1780579800,2026-06-04 00:00:00,83.1175,85.8858,82.1317,84.8601,59614600
1780666200,2026-06-05 00:00:00,81.2256,81.7334,72.3731,72.7415,118961300
1780925400,2026-06-08 00:00:00,76.5354,78.1386,75.0617,75.9479,77319000
1781011800,2026-06-09 00:00:00,78.1486,79.0050,66.5080,73.4087,132485700
1781098200,2026-06-10 00:00:00,71.3773,74.3846,68.7086,68.9775,91465200
1781184600,2026-06-11 00:00:00,70.5907,76.2765,69.2961,75.6890,116288800
1781271000,2026-06-12 00:00:00,76.0176,78.0291,73.9763,77.1926,94070700
1781530200,2026-06-15 00:00:00,82.5300,84.6709,82.2910,84.2328,59758000
1781616600,2026-06-16 00:00:00,83.8345,84.4718,79.5228,79.5925,67086700
1781703000,2026-06-17 00:00:00,81.3251,81.4645,76.6151,77.2126,78089600
1781789400,2026-06-18 00:00:00,81.7533,83.2470,80.2895,82.5201,61063000
1782135000,2026-06-22 00:00:00,83.5955,84.7506,81.0463,82.2313,61888900
1782221400,2026-06-23 00:00:00,74.8028,77.4117,73.5979,74.1257,82341800
1782307800,2026-06-24 00:00:00,74.6457,76.0330,71.2123,73.1585,72009700
1782394200,2026-06-25 00:00:00,77.8095,78.0890,71.4618,74.8053,105261200
1782480600,2026-06-26 00:00:00,71.9509,74.5458,70.5835,71.6914,70427700
1782739800,2026-06-29 00:00:00,73.9769,77.2307,71.3121,77.0410,79128400
1782826200,2026-06-30 00:00:00,77.0909,81.3826,77.0011,80.8437,58466200
1782912600,2026-07-01 00:00:00,78.5681,79.4863,77.0809,77.3105,63348200
1782999000,2026-07-02 00:00:00,77.3005,78.9873,71.5816,73.2084,87308500
1783344600,2026-07-06 00:00:00,75.3942,77.3005,74.9650,76.2725,54545100
1783431000,2026-07-07 00:00:00,73.5578,74.2464,70.6234,72.0906,70992900
1783517400,2026-07-08 00:00:00,70.6634,72.8791,69.4357,72.5797,70748500
1783603800,2026-07-09 00:00:00,74.7055,76.5420,73.7474,76.1927,51726600
1783690200,2026-07-10 00:00:00,75.3842,77.1708,74.1865,76.8813,46034400
1783949400,2026-07-13 00:00:00,74.3961,74.7055,71.9509,72.4998,63317500
1784035800,2026-07-14 00:00:00,75.0549,75.7036,73.2683,74.8752,58097300
1784122200,2026-07-15 00:00:00,76.1428,76.3224,71.9209,74.2963,68547800
1784208600,2026-07-16 00:00:00,72.4699,72.9789,69.5555,70.6035,66953300
1784295000,2026-07-17 00:00:00,66.2519,69.4257,64.7847,67.3997,75465200
1784554200,2026-07-20 00:00:00,69.3359,70.3739,67.3697,67.5194,50076700
1784640600,2026-07-21 00:00:00,70.5735,71.5816,69.4757,71.2323,37772500
1784727000,2026-07-22 00:00:00,69.6353,71.4518,69.6353,70.1444,36062100
1784813400,2026-07-23 00:00:00,66.9805,68.1382,64.8945,66.1720,80277500
1784899800,2026-07-24 00:00:00,65.6530,66.2718,63.3675,63.8765,69267700
1785159000,2026-07-27 00:00:00,65.9325,66.1022,61.5210,63.2776,70531600
1785245400,2026-07-28 00:00:00,61.6508,62.4892,59.2854,61.4412,73235900
1785331800,2026-07-29 00:00:00,61.3913,62.6189,57.4789,57.6385,103582900
1785418200,2026-07-30 00:00:00,61.0120,63.7168,60.6228,63.1778,75877800
1785504600,2026-07-31 00:00:00,65.6131,66.6411,62.2696,64.4953,86709900
1785763800,2026-08-03 00:00:00,64.5851,68.2780,63.8665,67.8288,62223600
1785850200,2026-08-04 00:00:00,70.1743,75.2645,70.0046,74.6756,73728500
1785936600,2026-08-05 00:00:00,75.4641,76.1827,72.5996,72.6994,70885800
1786023000,2026-08-06 00:00:00,70.7133,73.3082,70.0246,71.8910,60887200
1786109400,2026-08-07 00:00:00,73.5178,74.5259,72.3800,74.3263,59409800
1786368600,2026-08-10 00:00:00,74.1267,74.8353,73.4979,73.6576,44224500
1786455000,2026-08-11 00:00:00,74.3961,74.3961,72.1006,72.9190,43674100
1786541400,2026-08-12 00:00:00,75.4741,75.5439,74.2364,74.4560,46867300
1786627800,2026-08-13 00:00:00,74.8952,77.6199,74.5658,77.0011,49822600
1786714200,2026-08-14 00:00:00,77.4203,77.6998,75.7934,76.6418,36616800
1786973400,2026-08-17 00:00:00,77.2307,77.7497,76.0629,76.2525,39828100
1787059800,2026-08-18 00:00:00,73.2184,73.8173,71.8710,72.3900,51330500
1787146200,2026-08-19 00:00:00,73.2284,73.5578,70.8630,71.9209,49118200
1787232600,2026-08-20 00:00:00,70.6933,71.5516,69.6254,70.3440,56681700
1787319000,2026-08-21 00:00:00,71.5616,71.6914,69.7751,71.0326,47654300
1787578200,2026-08-24 00:00:00,69.8649,69.9148,67.7989,68.8768,46660700
1787664600,2026-08-25 00:00:00,70.2841,71.1324,69.2162,70.1344,44163200
1787751000,2026-08-26 00:00:00,69.4257,70.8031,69.3060,70.3340,40461400
1787837400,2026-08-27 00:00:00,71.9509,73.2384,71.2422,73.1585,48782800
1787923800,2026-08-28 00:00:00,72.7094,74.0368,71.2921,71.7113,58068000
1788183000,2026-08-31 00:00:00,71.3021,72.0107,70.6833,71.7812,42308100
1788269400,2026-09-01 00:00:00,68.9367,70.4138,68.1183,69.0165,57328900
1788355800,2026-09-02 00:00:00,68.8369,69.6254,68.2580,69.4657,38887400
1788442200,2026-09-03 00:00:00,69.9248,72.2802,69.5755,71.8910,46695100
1788528600,2026-09-04 00:00:00,72.3501,73.0986,71.5117,72.2303,47352200
1788874200,2026-09-08 00:00:00,72.8092,73.0687,71.1824,72.0207,48309000
1788960600,2026-09-09 00:00:00,71.4119,72.4100,70.7033,71.4119,38220500
1789047000,2026-09-10 00:00:00,68.7670,70.0945,68.5474,69.0764,55675900
1789133400,2026-09-11 00:00:00,71.0526,71.6215,70.4737,70.8430,49070100
1789392600,2026-09-14 00:00:00,67.3997,70.2541,67.2100,69.1363,49910300
1789479000,2026-09-15 00:00:00,68.9966,69.1962,67.4795,67.7690,38753600
1789565400,2026-09-16 00:00:00,68.7171,69.8350,66.4216,67.7989,61725800
1789651800,2026-09-17 00:00:00,70.9927,71.5816,70.2342,71.2422,41937900
1789738200,2026-09-18 00:00:00,71.7812,72.6395,70.6733,72.4998,41007900
1789997400,2026-09-21 00:00:00,74.6856,79.3366,74.6856,78.7577,54999600
1790083800,2026-09-22 00:00:00,78.6180,80.9634,78.6180,80.6740,45285000
1790170200,2026-09-23 00:00:00,80.5300,80.5700,77.6900,78.6600,52118700
